chr,start,stop,strand,Cluster,pca_x,pca_y,umap_x,umap_y,tsne_x,tsne_y
chr1,3619776,3620647,+,0,20.7531,12.632173,12.224974,0.35841483,-4.880542,33.436573
chr1,3621643,3622155,+,0,11.321955,6.8863688,8.757077,0.91122115,9.827038,8.684144
chr1,13847845,13849381,+,0,35.153114,19.25266,13.76568,-4.2258844,32.92927,31.015388
chr1,13855067,13856679,+,0,38.0016,20.7386,11.693248,-3.981135,16.280287,39.39532
chr1,30075699,30077009,+,0,29.752028,18.903828,12.144909,-3.196537,9.995629,32.816917
chr1,34314697,34314831,-,2,2.3484638,-1.0838822,3.5674276,5.7848263,-17.856155,-1.627868
chr1,34678742,34679076,-,2,7.067747,-3.871463,3.794672,2.7368438,-28.582499,-22.921526
chr1,40893495,40895081,-,1,36.88219,-19.995018,-1.5790929,-4.0369787,30.38012,-28.915443
chr1,46999863,47000000,+,0,3.1550505,3.2569914,7.4917564,2.4531646,-0.7193386,10.559429
chr1,47607781,47609398,-,1,34.890823,-18.369387,-1.9526012,-3.9001236,24.10614,-30.0517
chr1,48408957,48410530,-,1,35.981457,-21.455294,-3.7587228,-3.4271338,19.901667,-50.06048
chr1,49502407,49503988,+,0,37.15469,21.093481,14.224718,-4.3441176,36.650417,29.237825
chr1,53205002,53205900,+,0,20.9324,12.052937,12.2569,0.2912262,-4.5875583,31.805199
chr1,53206203,53206920,+,0,16.575031,8.092057,9.336454,0.27032208,13.643876,8.898912
chr1,55864768,55865024,+,0,5.792112,4.2276793,7.790899,2.0516796,2.4253237,9.491165
chr1,56622814,56624073,+,0,29.082748,15.342603,10.448192,-1.0427573,17.652006,22.647385
chr1,56624370,56624493,+,-1,2.799406,2.1402411,7.3521166,2.6398218,-2.3123558,11.329343
chr1,57840860,57842468,-,1,36.685505,-21.107128,-1.8157238,-4.150605,32.81303,-31.196917
chr1,58370976,58372602,+,0,38.29099,20.72445,11.932943,-4.0846963,20.223595,39.930305
chr1,61894720,61896016,+,0,30.687843,17.12384,12.198381,-0.7573678,1.9764524,32.436054
chr1,61896309,61896632,+,0,7.3707085,4.7446704,8.102001,1.6564087,4.9455323,8.711912
chr1,63830672,63832316,-,1,37.665794,-20.286392,-1.457668,-3.6894653,27.782242,-26.738567
chr1,65737384,65737850,+,0,9.973709,7.0811357,12.282806,2.408872,-14.489992,29.111654
chr1,65744683,65745482,+,0,18.161055,6.614031,11.322598,0.08414983,-1.9991236,25.698078
chr1,66461820,66462786,+,0,21.946386,11.791348,12.172086,0.1810041,-4.3445716,31.860855
chr1,68619937,68621021,-,2,24.835056,-13.621577,0.19654723,0.626609,6.700788,-17.439724
chr1,69330852,69332492,-,1,36.45515,-18.857023,-1.4595308,-3.7753303,28.506147,-23.965633
chr1,70459988,70460424,+,2,9.917681,3.115804,6.8243804,5.800688,-35.337906,10.839507
chr1,70461399,70461632,+,2,4.9359746,1.7608198,5.790685,6.015216,-33.85809,5.5051584
chr1,70461829,70462205,+,0,8.8966465,7.74815,12.2372465,2.8367162,-17.669441,30.143372
chr1,70462514,70463607,+,0,23.905243,11.231144,10.549356,-0.808509,15.012583,17.897741
chr1,70464257,70464363,-,2,2.399577,-2.0871093,2.0610936,5.225149,-12.256758,-1.277063
chr1,70627622,70627762,-,2,3.1607044,-3.2560537,1.484225,4.4851236,-9.238385,-2.238839
chr1,71146069,71147669,+,0,36.230843,20.715492,13.786786,-4.151406,37.92533,28.34457
chr1,71714353,71715965,-,1,35.179535,-19.353592,-3.3097594,-2.773522,25.453165,-47.38991
chr1,73268943,73270539,+,0,35.412292,19.598444,13.857987,-3.6610973,29.221012,26.399326
chr1,74861711,74862519,-,2,17.458174,-6.9966793,3.4001834,4.0047536,-24.02301,-15.536089
chr1,75484093,75485687,-,1,36.59868,-20.71457,-1.7006116,-3.923254,29.279673,-28.209637
chr1,75486615,75486790,-,2,3.8532622,-1.775558,3.377884,5.459548,-16.991697,-3.9831903
chr1,79239228,79240677,-,1,32.585514,-17.174725,-4.141596,-3.5536187,16.22281,-48.749153
chr1,79463915,79465236,-,1,29.76341,-14.954627,-2.735712,-3.6342394,16.01418,-33.254303
chr1,79718535,79720141,-,1,35.333656,-19.483187,-3.2998078,-2.877601,22.663517,-44.81377
chr1,80685623,80686714,-,2,24.651379,-11.22111,0.38911825,0.5984221,10.140779,-17.007523
chr1,80686739,80687262,-,1,12.511378,-8.862951,-3.2099278,1.6845567,-8.480639,-35.951904
chr1,83599012,83599945,-,1,21.523285,-11.145571,-2.9493303,0.24542806,-1.6228504,-37.434055
chr1,86026687,86028296,+,0,36.24916,19.34164,14.127195,-3.2961612,30.97525,23.709356
chr1,86376885,86378486,-,1,36.2883,-20.673315,-3.1933148,-3.0129263,22.11509,-45.073284
chr1,86981298,86982518,-,2,27.321598,-13.647687,0.33775795,0.43568248,11.614274,-17.039022
chr1,86982813,86983239,-,1,9.278775,-5.538589,-3.1952724,2.2938623,-11.967058,-33.904648
chr1,88617859,88619466,-,1,36.067303,-19.169712,-1.5503384,-3.6047747,24.987328,-27.519106
chr1,90348624,90350245,+,0,37.232143,21.699806,12.24016,-4.1115756,18.648844,44.239258
chr1,93262205,93263806,-,1,37.029804,-21.866123,-1.3155712,-3.690688,28.574736,-25.08855
chr1,93263885,93263973,-,2,1.5559912,-0.5200694,3.7380593,5.8808174,-26.5579,-5.219713
chr1,93401543,93401944,+,0,9.195655,7.25219,12.290519,2.5642753,-15.914484,30.583385
chr1,93408109,93409160,+,0,23.883677,9.701085,10.297611,-0.7679536,14.938839,17.100616
chr1,93949413,93951025,-,1,36.47807,-21.44257,-1.5231346,-4.00195,29.480703,-27.861729
chr1,95878864,95880080,-,2,28.439564,-12.778507,0.45298684,0.46899995,11.826923,-17.02233
chr1,95880340,95880763,-,1,9.219791,-6.0503545,-3.1568635,2.1676223,-12.065674,-34.807747
chr1,100564735,100565586,+,0,19.941092,10.036906,11.619246,0.13030757,-2.6504335,27.583899
chr1,100889424,100890927,-,1,34.910244,-19.18675,-3.5174723,-3.4572237,18.565945,-44.17606
chr1,101979605,101980308,+,0,15.986676,9.196278,9.460135,0.09825021,14.230644,10.650052
chr1,102295182,102296726,+,0,33.335995,17.025904,13.584884,-4.308752,35.14575,37.26863
chr1,102367459,102369078,+,0,36.08915,17.235285,11.9762945,-3.6885161,20.65079,36.99861
chr1,102536517,102538097,-,1,33.54563,-15.965689,-1.7174957,-3.3408775,21.098232,-24.462692
chr1,104076111,104076380,-,2,6.34408,-4.8511453,0.9941822,3.582278,-4.1878815,-4.6261115
chr1,104582951,104584577,-,1,35.469093,-17.004057,-1.5493126,-3.367979,25.95218,-21.057894
chr1,104947026,104947665,+,2,13.277776,4.9382353,6.774823,5.708027,-34.262276,11.0237
chr1,104948732,104948794,+,2,1.4149837,-0.100122176,4.4848676,6.2558575,-27.493786,0.967256
chr1,105800309,105801936,-,1,35.04001,-17.652212,-1.7734182,-3.7563035,33.10868,-35.867077
chr1,105838509,105840183,+,0,36.926826,18.266697,14.086443,-3.200911,30.953114,22.423985
chr1,106372131,106373731,-,1,34.576912,-20.124643,-1.665205,-3.5901108,24.78611,-27.614689
chr1,106808864,106809874,-,2,22.223677,-10.281257,0.2538581,0.8390345,7.3528986,-17.871986
chr1,106810237,106810809,-,1,13.036533,-8.805962,-3.1088579,1.2921302,-6.1551948,-35.108517
chr1,106882526,106884081,-,1,35.179592,-19.116991,-3.8892713,-3.2931652,13.689227,-45.837708
chr1,106904254,106904601,-,2,8.221362,-6.793003,0.7757283,3.1165931,-1.0947343,-5.5600376
chr1,106904598,106904790,-,2,4.703838,-3.184242,3.8178525,2.6972609,-29.412823,-22.755121
chr1,107352364,107352508,-,2,2.9526262,-0.97789544,3.8787546,5.6860337,-26.047525,-7.0155177
chr1,107699022,107699729,-,2,15.532218,-8.487645,0.7051472,1.6927519,4.433158,-11.513356
chr1,107701211,107702050,-,1,19.350866,-12.494615,-2.9841697,0.39877272,-1.6796011,-36.057335
chr1,112148675,112150292,+,0,36.85233,18.547594,11.505595,-3.9741051,16.257488,40.560772
chr1,157674763,157676290,+,0,35.00962,18.428993,12.815476,-3.5762424,26.706635,39.06984
chr1,159717507,159719143,+,0,38.06999,20.453436,11.820459,-3.6408348,13.345734,36.864086
chr1,160729022,160729082,-,2,1.049318,-0.10974006,4.2941165,6.1274943,-26.164015,-2.758266
chr1,163227575,163229123,-,1,36.25964,-20.91667,-3.9127471,-3.4715703,18.847729,-46.887894
chr1,163293578,163295218,-,1,38.081264,-21.34257,-1.8427887,-4.0468373,26.126366,-32.07317
chr1,168119791,168120591,+,0,18.569702,11.30181,9.507725,0.015749058,14.145203,12.153019
chr1,169340475,169342094,+,0,37.55972,19.9592,11.93431,-3.9010882,20.208776,37.864613
chr1,171826520,171828050,-,1,35.280754,-20.825518,-4.0411487,-3.4160168,13.981415,-46.31913
chr1,179474285,179475804,+,0,35.004406,20.255814,12.240865,-3.8274968,22.498682,35.85052
chr1,186244597,186245242,-,2,14.86406,-8.738815,0.71730506,1.8613203,2.656728,-11.51321
chr1,186245836,186246747,-,1,20.851204,-12.272918,-2.9741452,0.2546981,-0.8528765,-37.557438
chr1,186522944,186524560,+,0,37.644062,22.572073,14.146504,-3.3229623,32.59576,23.390358
chr1,189252939,189253306,-,2,8.569539,-6.2742662,0.88509196,3.1946862,-2.3035326,-6.6800194
chr1,189905577,189905778,-,2,4.3417535,-2.75974,1.3737484,4.306916,-8.159547,-3.17707
chr1,189905790,189906232,-,1,10.765946,-8.539034,-3.2154195,1.9222722,-9.585543,-32.877785
chr1,192429891,192431513,+,0,34.798157,18.391973,12.040262,-3.9570498,19.88683,38.077824
chr1,193388728,193388988,-,2,5.7814507,-2.1918192,3.797429,3.4856348,-28.450588,-18.574974
chr1,194509740,194511341,+,0,34.600677,16.216349,12.026965,-3.5543358,13.979861,32.434357
chr1,194538859,194538920,-,2,1.5410489,-1.3931506,2.3166614,5.456826,-14.276738,-0.15084592
chr1,195127958,195129568,-,1,35.518528,-18.653496,-3.2723553,-2.9318461,26.268255,-45.766376
chr1,195207634,195209156,+,0,32.915165,16.3492,13.940318,-4.183341,33.70784,35.440197
chr1,195384305,195385932,+,0,36.84756,21.036781,12.046186,-4.194458,20.891209,40.898937
chr1,195799515,195800092,+,0,12.684252,7.737431,12.2828665,1.9896686,-12.69282,30.520157
chr1,196668844,196670352,+,0,34.558346,18.36591,12.998293,-3.7163377,26.455225,34.386093
chr1,196954175,196955495,-,1,29.311083,-13.473974,-2.8252993,-0.63514966,4.0356903,-37.71924
chr1,197022122,197023723,+,0,37.383125,19.997133,11.664276,-3.8458078,10.483994,39.593227
chr1,198009596,198011107,-,1,34.27011,-19.03045,-3.3840985,-3.4296486,18.994696,-42.79998
chr1,198599892,198600491,+,0,12.362571,6.5837917,9.040793,0.6090059,11.681664,8.846098
chr1,198796297,198797882,-,1,36.75291,-20.31751,-1.4919212,-3.9945138,26.795479,-34.193874
chr1,218883250,218884878,-,1,36.129074,-19.591326,-2.0599663,-4.0634947,24.601389,-33.423042
chr1,218972273,218973738,+,0,32.813644,19.001308,13.170295,-3.8269494,28.252928,34.176037
chr1,224909905,224911423,-,1,34.338245,-17.657389,-2.4401538,-3.972377,22.031837,-34.100765
chr1,230721456,230722946,+,0,35.48401,19.510735,13.226194,-3.8658028,28.32631,33.894917
chr1,231428773,231429277,-,2,11.986208,-8.456258,0.7608394,2.401841,0.8944524,-9.538469
chr1,231429575,231429923,-,2,7.9953218,-3.3780894,3.65727,4.601044,-25.617476,-12.149594
chr1,231431339,231431859,-,2,12.082686,-5.8218203,3.7259278,2.7969265,-27.570435,-23.142021
chr1,232993035,232994635,+,0,37.509388,22.673307,11.7213745,-4.183794,19.772457,41.78663
chr1,238074771,238076373,-,1,35.893066,-20.419365,-2.1256196,-4.2442884,29.37101,-33.87552
chr1,238213744,238215218,-,1,32.726147,-17.255083,-2.881444,-3.8420415,19.690874,-36.286686
chr1,239038817,239038977,+,2,2.8089125,0.82948816,5.0421433,5.842425,-19.050879,4.0233445
chr1,239943483,239944914,-,1,31.68099,-17.431404,-3.104007,-1.9686524,6.8863893,-40.299335
chr1,245903731,245904066,-,2,7.6376796,-2.7593875,3.768741,3.2686627,-28.414196,-19.551502
chr1,246192316,246192413,-,2,2.0836666,0.3909485,4.775132,6.430487,-19.865469,0.49544623
chr1,247047560,247048596,-,1,23.505741,-12.904806,-2.9426763,0.18269664,-1.4625585,-38.593258
chr1,248776479,248778108,+,0,38.05766,21.700523,12.2029085,-3.7714295,21.377472,34.920174
chr1,248778527,248778825,-,2,5.817002,-2.6985476,3.6516593,5.070346,-24.298645,-9.96356
chr1,248778821,248779329,-,1,10.984799,-6.6509132,-3.1340013,1.9433419,-10.065136,-35.50292
chr10,94982,95299,-,2,7.3700085,-5.764226,0.85902476,3.3115146,-2.3450377,-5.654597
chr10,96021,97446,-,1,33.216236,-15.132194,-2.127732,-2.5266047,6.2676425,-34.96461
chr10,17266728,17267013,+,2,6.2300644,2.425886,6.7585278,5.8384223,-35.414066,11.438158
chr10,17281891,17283437,+,0,36.13226,21.740961,13.5128565,-4.0072026,31.61813,30.619919
chr10,20311313,20312174,-,2,19.714764,-10.684251,0.5933563,1.3379763,7.0861874,-12.569196
chr10,20312176,20312390,-,1,4.7064967,-3.7195308,-2.884345,3.9082394,-14.511196,-24.559723
chr10,26700824,26702320,+,0,34.582737,19.65588,13.05248,-3.703488,25.783182,32.01436
chr10,31954317,31955889,+,0,35.459415,19.353712,11.382823,-3.9685771,14.977327,41.26578
chr10,31956113,31956155,+,2,0.779322,0.6070976,4.9381847,6.0053754,-21.974686,3.91611
chr10,32097850,32099470,-,1,37.885475,-21.513584,-3.248756,-2.7262516,25.10648,-45.36464
chr10,38658678,38659187,-,2,11.042711,-5.591661,3.6978056,3.064789,-26.573973,-21.568153
chr10,38668010,38668374,-,1,7.430102,-6.345318,-3.4068565,2.6167333,-13.814273,-31.638565
chr10,42254747,42255110,+,0,8.092151,7.2529235,12.2549715,3.0340288,-18.80256,30.346445
chr10,42263925,42264434,+,2,11.248201,5.7694936,7.350265,5.790164,-33.430458,14.732875
chr10,52014526,52016147,-,1,36.41116,-19.818874,-1.7006071,-3.9802344,26.078205,-30.618446
chr10,52867932,52869434,+,0,34.01631,20.719307,14.101918,-4.1059628,33.265034,32.443794
chr10,54341550,54343157,+,0,36.52134,20.22497,11.406951,-4.131349,14.707813,44.668076
chr10,54949426,54950095,-,1,15.489488,-9.4333725,-3.1090806,1.2357082,-6.0299435,-36.34596
chr10,55861270,55862888,+,0,36.82611,22.998512,14.229558,-3.4091306,32.944942,25.1426
chr10,55906593,55908182,-,1,35.41546,-16.90182,-1.5690899,-3.9207237,23.035828,-27.737192
chr10,56163906,56165495,+,0,35.67322,19.145172,11.626703,-3.770682,14.340111,37.994965
chr10,56568439,56568523,-,2,2.029341,-1.919896,2.1302023,5.3160887,-13.200201,-0.43863928
chr10,56569917,56570733,-,2,18.083475,-7.3928485,0.6119102,1.3698504,5.852575,-13.424367
chr10,56934034,56935333,+,0,28.117895,15.112213,10.892281,-1.2576327,20.632011,20.798677
chr10,57211223,57211303,+,2,1.5383016,1.6432387,5.1547575,5.6594543,-20.38304,5.926977
chr10,57211319,57212842,-,1,33.925503,-19.759468,-3.1442254,-3.7053998,18.31486,-40.121956
chr10,57237733,57239326,+,0,34.843815,19.451899,14.068436,-4.384449,38.366707,33.36999
chr10,64463993,64465459,-,1,33.44632,-16.177906,-3.640775,-3.1980133,9.841006,-40.727806
chr10,65078724,65080263,+,0,33.73865,16.76569,13.849865,-4.157929,34.00977,34.871952
chr10,65278415,65280040,+,0,36.08083,18.59676,11.545071,-3.6586342,12.359417,37.74078
chr10,81232236,81233712,+,0,33.9646,19.416986,13.698678,-4.399914,39.029037,29.778687
chr10,83752145,83753725,-,1,34.957592,-18.507452,-3.8575835,-3.4356275,16.311895,-42.23749
chr10,88326133,88326698,+,0,12.647775,8.9258,12.295011,1.9346797,-12.757758,31.244461
chr10,88326688,88327255,+,0,12.853547,6.487205,8.978233,0.68006516,10.416447,9.894546
chr10,90106825,90107350,+,0,12.413849,8.939024,12.218825,2.0278215,-11.267437,31.70853
chr10,90107357,90107651,+,0,6.2167163,3.2597961,7.7344394,2.136171,2.1168964,10.840888
chr10,98438187,98439782,+,0,36.536312,19.625565,14.111121,-3.2281966,31.782707,23.523287
chr10,105936649,105936851,+,0,4.1642566,2.460702,7.591991,2.3199158,0.33573347,8.809242
chr10,106788278,106789788,-,1,34.674324,-19.89859,-3.341992,-3.4956193,22.326431,-41.206314
chr10,108183756,108185256,+,0,35.124226,19.995293,12.932827,-3.6139863,25.19991,34.592598
chr10,108554669,108556260,+,0,36.24662,18.941832,14.010003,-4.1697173,35.39083,35.084953
chr10,111488151,111489744,+,0,36.17191,18.868036,11.906764,-3.7202694,15.201345,36.671825
chr10,111620722,111622310,+,0,35.789745,21.122337,14.231555,-3.4049485,34.169155,24.017065
chr10,131151121,131152689,-,1,36.080715,-22.404705,-4.0694113,-3.588708,18.385387,-48.05541
chr10,131541553,131541971,-,2,9.575247,-5.665304,0.72030175,2.9329972,-0.08665657,-6.4288583
chr11,6851637,6851944,-,2,7.292979,-4.636087,0.9094075,3.3627756,-3.5021296,-6.091191
chr11,7473192,7473233,-,2,0.5629661,-0.4084329,4.059753,6.4459963,-23.935461,0.07037876
chr11,10828486,10829605,-,2,25.357271,-11.179617,0.33518246,0.65375257,9.247571,-17.539953
chr11,10829903,10830380,-,1,11.3831215,-8.972077,-3.207217,1.9434545,-10.194668,-34.758537
chr11,12015664,12015719,-,2,0.8500375,-0.22777134,4.4721107,6.3278575,-23.687597,1.5202348
chr11,14128091,14129705,-,1,37.377457,-19.272642,-1.4736445,-3.5893602,24.522814,-25.802773
chr11,14568883,14569234,-,2,8.799309,-2.9169705,3.7619164,3.1083481,-28.156425,-19.9514
chr11,19004856,19006457,+,0,36.95122,20.414717,12.301909,-4.0034246,22.501783,40.98868
chr11,20723147,20724815,-,1,37.091446,-19.007725,-1.647339,-3.7231398,27.816383,-23.427284
chr11,21478337,21478519,-,2,4.0657096,-3.0770516,1.424022,4.3709016,-8.371883,-1.9210242
chr11,23786995,23787442,-,2,10.289015,-6.14117,0.68969774,2.948586,-0.20489873,-5.5202017
chr11,23825459,23826174,-,2,16.16899,-9.046944,0.7059404,1.6465522,4.9531646,-11.45747
chr11,24106154,24107624,+,0,32.08404,16.766712,12.929298,-3.6697009,31.508257,34.917267
chr11,24309495,24311113,+,0,36.52403,18.828548,11.83998,-3.7521372,17.42361,30.574425
chr11,24443577,24445157,+,0,35.29361,18.567915,11.489173,-3.6260045,17.434088,33.274788
chr11,24909807,24911346,+,0,35.25821,20.660696,14.064171,-4.271228,35.59779,29.054106
chr11,26783400,26784798,+,0,31.084225,17.003983,12.390843,-0.71271425,-0.6927957,35.884453
chr11,26785113,26785424,+,0,6.672295,4.8566065,7.973822,1.7428482,5.1056437,10.122616
chr11,26881365,26881852,+,2,10.989857,4.6924415,7.2972946,5.786234,-33.69452,15.082378
chr11,26881854,26882194,+,2,7.038415,2.2439826,5.8312397,5.9732127,-33.96567,5.7983694
chr11,27074779,27075008,-,2,4.607554,-1.6654037,3.7842574,5.359049,-23.735435,-7.5348144
chr11,30176921,30177775,-,2,19.077703,-11.279397,0.58309704,1.484179,4.6568975,-14.072056
chr11,36981395,36982949,-,1,35.276474,-19.70449,-3.8322332,-3.2090037,15.0473,-44.281136
chr11,38110026,38111063,+,0,22.855307,11.762996,12.248399,0.17522344,-3.636596,31.834127
chr11,38117548,38118101,+,0,12.447025,6.2798777,9.054615,0.58561695,11.594658,9.008
chr11,39254625,39256177,-,1,32.816708,-15.953169,-1.6684933,-3.601565,22.04709,-24.532978
chr11,39256248,39257065,-,2,16.879345,-5.945402,3.6306918,3.152381,-26.628757,-20.096779
chr11,39547593,39547878,+,0,5.871331,5.004813,12.014455,3.8932977,-20.681938,26.252848
chr11,39547878,39547982,+,2,1.8958187,1.3953807,4.815816,7.1192603,-24.307281,9.100009
chr11,39742774,39744286,+,0,33.904236,18.015429,11.74254,-3.791161,13.443286,39.027206
chr11,40653159,40654756,+,0,36.375523,20.376146,14.139015,-3.5930698,33.063053,27.12896
chr11,41624819,41626336,-,1,34.65962,-18.931637,-3.1174834,-3.7960727,21.920029,-38.947197
chr11,42333287,42334873,-,1,36.477386,-20.170877,-3.1633222,-2.9023664,25.223537,-44.3796
chr11,42503045,42503186,-,2,3.2726657,-3.1844227,1.5804259,4.613828,-10.105641,-2.2671108
chr11,42503186,42504680,-,1,33.01096,-19.301237,-2.7739294,-3.8510892,19.112427,-35.35904
chr11,45635112,45636640,+,0,35.51042,20.048115,13.684794,-4.438124,39.336376,29.957523
chr11,48506728,48506872,+,-1,2.9660008,1.8626616,7.2436028,2.7593496,-2.4504106,10.400941
chr11,48595330,48596191,-,2,17.527102,-8.100947,0.886116,1.5341569,2.0612113,-14.370796
chr11,49904652,49904796,-,2,2.9121177,-2.0641098,1.775081,4.846292,-11.0093975,-2.6940215
chr11,50165813,50167290,+,0,34.25867,17.70302,11.34839,-4.060771,10.208441,41.547714
chr11,52128401,52128450,+,2,0.9052256,0.13728325,4.7646074,6.100495,-23.655443,2.2525659
chr11,54677277,54677421,+,-1,2.9736793,2.2699342,7.4108505,2.5587523,-2.1505265,10.39612
chr11,56323961,56324842,+,0,19.008034,9.334008,12.16982,0.81268525,-6.28559,30.341917
chr11,56324837,56325309,+,0,10.293102,3.7926414,8.299137,1.4127611,7.987966,7.0460987
chr11,56409035,56410640,+,0,35.05744,16.953012,12.355978,-3.7799182,16.805447,31.903658
chr11,57586495,57586542,+,2,1.0609231,0.6574598,5.002818,6.229423,-30.192541,3.9780803
chr11,57587172,57588049,+,0,20.39996,11.300316,9.578224,-0.045841247,13.718922,12.641049
chr11,60677494,60679121,-,1,38.77165,-21.45279,-1.5110117,-3.743118,30.192802,-25.256935
chr11,71827117,71827459,+,2,7.4013367,2.0873897,7.066275,5.836548,-35.016655,13.896545
chr11,71827793,71828085,+,2,6.397329,2.2398548,5.8747168,5.9958935,-35.131184,6.715468
chr11,73027034,73028659,+,0,38.83032,20.898554,11.376508,-4.085832,13.7937355,42.29506
chr11,74826504,74827592,-,2,24.044725,-11.0008745,0.16731173,0.64014924,7.894543,-19.16188
chr11,81729772,81729933,+,0,3.3298383,3.1596766,11.747834,4.5349884,-24.09082,22.935654
chr11,81730258,81731112,+,0,17.856813,7.7611165,11.830113,0.37269998,-5.327888,28.501974
chr11,81791733,81793294,-,1,33.571133,-17.211868,-3.1168146,-3.0312617,22.674511,-44.08914
chr11,81800059,81801655,+,0,34.70367,19.318735,14.224254,-3.4291935,33.876186,22.866749
chr11,84002284,84003391,-,1,24.275362,-11.792855,-2.8872986,-0.17277741,0.7923188,-37.973923
chr11,87542555,87544091,-,1,35.635498,-20.435398,-4.065821,-3.4490242,17.340233,-46.805565
chr11,89526831,89528426,+,0,35.73005,18.706299,14.286204,-3.2685523,33.403133,22.464111
chr11,89531729,89532706,+,0,22.800137,9.956128,10.182201,-0.7600587,15.959191,15.837411
chr11,90744079,90745732,+,0,35.773666,14.516595,11.7232,-3.2330327,15.750218,32.776367
chr11,91533672,91535185,+,0,34.776535,17.0523,14.066605,-4.39051,38.099426,31.990232
chr11,91636863,91637237,+,0,8.141678,5.3038516,8.033534,1.6759063,6.3959594,10.566411
chr11,95943995,95945631,+,0,37.0298,19.422773,14.181698,-3.2819011,32.882782,22.178055
chr11,96850999,96852608,+,0,36.439022,18.8852,12.208434,-3.7438257,21.385906,36.09686
chr11,97569126,97570637,-,1,32.902695,-18.668568,-1.763811,-3.6881018,22.9538,-30.159908
chr11,98144813,98146027,-,2,26.73982,-11.222101,0.4258718,0.44664687,11.257673,-18.526907
chr11,98690429,98690516,+,2,1.8308438,0.98708045,4.5985527,5.9030323,-30.901218,-2.021363
chr11,98692489,98693996,+,0,34.27631,20.503777,11.931883,-3.9037087,19.682875,35.946472
chr11,99975209,99975409,+,2,4.3266387,1.8240552,5.1053534,5.8617015,-18.278421,4.33272
chr11,99996990,99997087,-,2,1.9717723,-1.9074426,2.3186533,5.441649,-14.337765,-1.1847225
chr11,100000180,100001175,-,2,21.616966,-8.529589,0.5123451,0.595548,10.955251,-16.025652
chr11,100024418,100026033,+,0,37.178726,20.860035,14.144362,-3.2604759,31.959608,25.067862
chr11,102568169,102569669,-,1,35.202564,-21.822609,-2.7260613,-3.8995256,23.394915,-36.86693
chr11,103374415,103375929,+,0,34.5406,18.694267,14.108232,-4.043487,33.458214,30.632689
chr11,103723833,103725374,-,1,34.119892,-18.56274,-3.9943302,-3.2141294,13.480277,-44.8443
chr11,105129905,105131560,-,1,35.82998,-17.348276,-3.2519097,-2.675324,25.367191,-46.71611
chr11,106165081,106166125,-,1,23.003212,-13.092057,-2.8946197,-0.22966927,0.9044927,-37.292503
chr11,107081680,107083038,-,1,31.863203,-18.45473,-3.2918708,-3.1450737,21.388166,-45.13528
chr11,109290039,109291649,-,1,37.442165,-19.626675,-1.3564484,-3.5161412,27.570354,-24.898851
chr11,109381866,109382265,-,2,9.633574,-6.713718,0.7731199,2.9552755,-0.6539779,-7.2209306
chr11,116389778,116390074,-,1,6.800216,-4.99319,-3.193374,3.0217922,-12.741197,-28.806072
chr12,8166025,8166317,-,2,6.1762457,-2.4103115,3.64052,5.0189586,-24.697784,-9.976557
chr12,8166651,8166993,-,2,7.3124847,-1.9272112,3.843579,3.3610299,-28.846819,-18.44304
chr12,8197147,8197346,-,2,4.284314,-3.4288003,1.4343212,4.5054784,-7.8824472,0.88985395
chr12,9657048,9657157,+,2,2.3055165,0.7590112,5.5058284,6.145942,-31.62013,4.3351884
chr12,10233840,10235377,-,1,36.57853,-20.27892,-3.9564652,-3.5247726,15.807342,-48.100452
chr12,13219308,13219561,-,1,5.65525,-4.716476,-3.088335,3.4528012,-13.896002,-27.380032
chr12,13438464,13439800,-,1,30.738094,-17.135101,-2.7339525,-1.0048227,5.55397,-37.01258
chr12,15299236,15300783,-,1,35.609932,-16.638124,-4.08876,-3.514636,14.634491,-48.722134
chr12,16013638,16015241,+,0,35.79851,22.559559,14.036236,-3.4051352,31.027048,26.132738
chr12,18102531,18104142,-,1,36.594784,-18.286692,-1.5306367,-3.5734396,29.84335,-24.07389
chr12,19032092,19033499,-,1,30.981972,-15.3356695,-1.621268,-3.1655548,19.502962,-23.066284
chr12,19033866,19034093,-,1,5.2737513,-4.5382385,-3.1263268,3.3937452,-13.317369,-26.996183
chr12,19582585,19584204,+,0,37.539215,19.806755,11.716001,-4.2467165,17.391705,42.363018
chr12,26081318,26082925,-,1,37.57078,-20.415432,-1.8290342,-4.0563793,26.219193,-32.49161
chr12,28369034,28370651,-,1,35.07152,-18.923813,-1.5603372,-3.5032678,23.238016,-22.71073
chr12,39556660,39556704,+,2,0.6291659,0.3769363,4.8742495,6.7540994,-25.207266,4.458272
chr12,39556997,39558432,+,0,33.46974,19.490906,14.438542,-3.953836,35.390076,25.939888
chr12,40581208,40582740,-,1,34.598713,-18.094263,-3.8157403,-3.2664926,16.647268,-45.826782
chr12,41147543,41149230,-,1,37.053116,-17.319069,-3.9720695,-3.324403,12.443488,-46.966362
chr12,41756256,41757836,-,1,35.5218,-20.745735,-1.7465496,-4.0427356,32.00733,-29.694525
chr12,41945670,41947295,-,1,37.221367,-20.999535,-1.7719105,-4.0883837,31.426226,-32.841972
chr12,45510864,45512500,-,1,38.028362,-22.354738,-2.0404756,-4.3195252,30.387503,-34.476208
chr12,46647452,46649054,-,1,36.9872,-21.782488,-4.1107426,-3.4719927,14.691339,-46.813267
chr12,50833271,50834901,+,0,37.391922,21.330853,14.307296,-3.1628668,32.92671,22.376572
chr12,52479678,52480704,+,0,22.933506,12.2717085,12.273023,0.22138485,-3.1571348,33.412495
chr12,58032568,58032651,-,2,1.6613569,-1.1889652,2.2523386,5.3747234,-13.757687,-1.501772
chr12,58035169,58036720,-,1,34.519012,-17.979961,-1.8057092,-3.5662203,23.998785,-29.267874
chr12,58165583,58165933,+,0,8.023419,4.8630595,8.383831,1.3153145,7.0920553,8.844181
chr12,60289773,60291384,+,0,35.508286,18.037352,11.8526325,-3.4926121,16.401855,34.486126
chr12,60455461,60455640,-,-1,4.0131106,-3.3977594,-2.7326152,4.101322,-14.253671,-22.996775
chr12,60680262,60681902,-,1,37.155846,-20.900616,-1.3709171,-3.640309,28.076801,-21.956985
chr12,61897756,61899328,-,1,36.368603,-21.637968,-2.8610816,-3.7905483,17.336067,-38.63574
chr12,66512209,66512405,+,0,5.0602455,5.0363264,12.006737,4.0172963,-22.428854,25.746077
chr12,68083163,68084768,-,1,38.606586,-21.171772,-3.8283644,-3.1592274,19.324846,-46.194176
chr12,68592241,68592307,-,2,1.1843295,-0.13223094,4.3326993,6.169467,-26.625582,-3.4520137
chr12,73653624,73653679,-,2,0.5562709,-0.25269163,4.269588,6.28985,-24.919035,1.6924479
chr12,73820726,73822258,-,1,32.707752,-17.014494,-2.6429641,-3.4536977,17.699963,-30.378023
chr12,74558966,74560618,-,1,37.213684,-20.06464,-1.8074821,-4.18685,33.17379,-31.80074
chr12,74599433,74600727,+,0,28.259218,14.128844,12.260784,-0.6258158,1.5040534,34.316532
chr12,74601179,74601526,+,0,7.955797,5.1923404,8.20319,1.5222406,6.2696123,8.489604
chr12,75360215,75360938,-,2,16.58418,-8.913086,0.712,1.6523904,4.7223415,-12.081682
chr12,75361484,75361564,-,2,1.721938,-0.43947145,4.5051455,6.042835,-28.345577,0.33215076
chr12,75427986,75429616,+,0,38.290066,22.114496,11.597096,-4.274523,16.6234,43.18986
chr12,80002345,80002404,-,2,1.2990986,-1.4784088,2.2983284,5.4297094,-14.061007,-0.6305397
chr12,80002686,80002804,-,2,2.3411243,-0.14897001,7.107734,6.5900316,-19.058596,9.853176
chr12,80003101,80004601,-,1,34.75909,-19.521774,-1.7928684,-4.257802,30.679533,-32.0411
chr12,82017990,82019532,+,0,35.534733,17.948645,11.856254,-3.8605182,19.735853,38.40284
chr12,82285782,82286318,-,1,12.090821,-8.814746,-3.1221473,1.6634994,-8.856839,-35.836773
chr12,84451211,84451420,+,2,4.020285,1.2376893,5.1434865,5.7763767,-18.458303,4.1877475
chr12,84828086,84829577,+,0,31.863634,16.632526,13.860275,-4.173202,37.33054,36.009865
chr12,85004616,85006236,+,0,36.45665,22.273668,13.998581,-4.2286544,34.215332,32.790512
chr12,85673618,85674489,-,2,18.90284,-8.699068,0.6512254,1.3688738,6.9421906,-13.257082
chr12,86911575,86913084,+,0,34.110043,16.638802,12.735783,-3.5569155,28.219315,38.392155
chr12,87165285,87166886,-,1,35.10423,-19.377417,-3.284549,-2.8113692,26.957954,-46.518845
chr12,87460128,87460368,-,2,4.9890957,-3.940345,1.3414588,4.219374,-6.609311,-2.737197
chr12,87936151,87936550,+,0,8.920476,6.7622075,12.260916,2.7376566,-16.577387,30.071287
chr12,87936846,87938004,+,0,26.96361,13.047574,10.298201,-0.6842156,19.605085,15.371661
chr12,88226546,88227225,-,1,14.8213215,-10.058316,-3.0623424,0.97176576,-4.8832593,-35.41808
chr12,88761429,88762901,-,1,34.011032,-21.185879,-3.3270495,-3.6947427,16.427298,-41.952827
chr12,88838246,88839860,-,1,36.84933,-18.4092,-3.4333465,-3.55751,22.968855,-42.022717
chr12,89785763,89787310,+,0,36.594803,19.785637,12.933421,-3.6951952,27.90725,36.22919
chr12,90734271,90735894,-,1,34.517967,-18.137749,-1.6961607,-3.952782,25.875439,-29.265493
chr12,90913358,90914961,-,1,36.40045,-19.966444,-3.35603,-2.5797646,24.35464,-46.75706
chr12,91394559,91395952,+,0,31.14492,14.735728,10.894094,-1.3028432,20.705933,19.549866
chr12,91842748,91844366,+,0,36.72752,21.064325,11.71271,-4.0454125,19.373913,39.539757
chr12,91900370,91901616,+,0,28.360802,17.099615,11.929255,-2.9794369,9.89609,32.79387
chr12,92599628,92601212,-,1,37.815105,-21.351522,-1.3367366,-3.8307576,29.448433,-26.690786
chr12,93632558,93633159,+,0,14.10538,8.833268,9.00834,0.62942004,11.227747,10.443819
chr12,96086367,96086877,+,0,11.661224,7.4025736,12.242669,2.5079806,-17.49069,32.50113
chr12,96087184,96088408,+,0,28.45625,14.99637,10.297219,-0.8413365,18.10565,18.073439
chr12,98134019,98134421,+,0,9.125239,5.6721396,8.01625,1.6849787,5.801528,10.623757
chr12,99690291,99691815,-,1,35.087406,-19.74248,-3.9170713,-3.5045972,17.636837,-46.736633
chr12,105438396,105440239,-,1,40.046413,-21.792295,-3.947377,-3.5396266,15.7103405,-50.381386
chr12,105534342,105535844,-,1,34.73622,-20.338266,-2.5598404,-4.0657206,23.025639,-36.792664
chr12,107281530,107282079,-,2,11.481352,-6.748756,0.6605277,2.754303,1.3456886,-5.7321057
chr12,107282081,107282619,-,1,12.794918,-9.045963,-3.1439579,1.4932605,-6.7296424,-34.584373
chr12,112600565,112600791,-,1,5.5363092,-4.35427,-3.0646393,3.6192484,-12.899541,-25.673517
chr12,114599641,114599976,+,0,8.178625,6.1874833,12.154974,3.1821098,-18.706018,28.421085
chr12,114600509,114601661,+,0,27.195734,13.445509,10.390574,-0.83667475,19.011244,17.439396
chr12,120337891,120337963,-,2,2.0911381,-0.9126671,2.7712915,6.677938,-28.36095,-7.634932
chr12,125748185,125749778,+,0,35.036938,19.75414,11.692232,-4.0623775,15.955354,38.373177
chr12,126683290,126684629,-,1,31.80587,-18.08311,-2.8458335,-3.9100873,21.071798,-36.041786
chr12,131396784,131396797,-,2,0.10844976,-0.11638301,4.469823,6.267171,-24.53396,1.724337
chr12,131397092,131398681,-,1,37.708164,-22.080748,-1.7816497,-4.1431866,28.783287,-31.535757
chr13,18447684,18447756,+,2,0.9752878,0.48021054,4.8720026,6.744594,-24.76163,4.8923936
chr13,18447749,18448895,+,0,25.585373,11.365188,11.198729,-0.44762382,10.686821,20.163252
chr13,18746724,18746968,+,-1,4.82307,1.106357,11.558865,11.704025,-67.11928,10.064188
chr13,18746956,18747012,-,2,1.1249554,-0.55465204,2.5410924,6.992034,-31.924143,-6.5051785
chr13,18749338,18749478,+,2,3.0565252,1.1923825,7.636034,6.681255,-36.12951,23.954449
chr13,18749789,18750033,+,-1,5.3281536,1.7898071,11.658709,11.75605,-68.6649,9.299927
chr13,18752455,18752564,+,-1,2.1356847,0.64474124,8.703878,6.373298,-42.10096,21.093382
chr13,18752892,18753143,+,-1,5.7132406,0.71595705,11.00837,11.349452,-61.873947,9.885368
chr13,18755979,18756131,+,-1,3.15723,1.0975674,8.667891,6.2753787,-42.374763,19.968493
chr13,18756435,18756668,+,-1,4.5452075,1.5157686,11.149557,11.410425,-64.10197,9.36795
chr13,18756666,18756722,-,2,1.1239054,-0.42285612,2.6583724,6.8742223,-30.318283,-5.8398604
chr13,18758846,18758997,+,-1,3.0279996,0.9201046,8.191925,7.191022,-39.86432,25.52966
chr13,18759316,18759557,+,-1,4.8308306,1.6063879,11.593864,11.611084,-67.76776,7.2289987
chr13,18762266,18762421,+,-1,2.7418988,1.0868208,8.183073,6.670736,-39.097263,22.341215
chr13,18762732,18763011,+,-1,5.36471,0.5892676,11.203038,11.516511,-64.78586,10.955673
chr13,18765531,18765683,+,-1,2.9969742,1.1206496,16.012304,8.45749,-43.607918,24.932364
chr13,18765993,18766224,+,-1,4.211933,1.4699441,10.840868,12.049898,-64.27216,5.53781
chr13,18766226,18766281,-,2,1.115052,-0.40435082,2.6684077,6.8293123,-30.12514,-6.6528172
chr13,18768712,18768857,+,2,3.1158342,1.0255628,7.628564,6.7268763,-36.105694,23.960558
chr13,18769164,18769408,+,-1,5.2617254,1.7466857,11.635033,11.74564,-68.61544,9.228242
chr13,18771817,18771926,+,-1,2.2326663,0.3764566,8.682325,6.396373,-41.73195,21.089642
chr13,18772256,18772507,+,-1,5.6625075,0.9764338,11.0087385,11.37838,-62.14692,10.016755
chr13,18775287,18775439,+,-1,2.91554,0.92335147,8.602217,6.2608495,-41.900303,19.679377
chr13,18775744,18775977,+,-1,4.27582,1.3943545,11.099914,11.414985,-63.995136,9.157259
chr13,18775975,18776028,-,2,1.1077138,-0.41403487,2.7081525,6.825902,-30.290586,-5.831863
chr13,18778146,18778297,+,-1,3.1784244,0.96478003,8.222868,7.1236978,-40.01178,25.641714
chr13,18778616,18778857,+,-1,5.061343,1.7389061,11.582023,11.613964,-67.802055,7.262478
chr13,18781569,18781704,+,-1,2.3184695,0.8126951,8.208365,6.6745553,-39.660915,22.275791
chr13,18782036,18782266,+,-1,4.0754514,0.9097511,11.005064,11.344667,-64.200195,10.886703
chr13,18784850,18785004,+,-1,3.0068057,1.1152478,16.015444,8.457707,-43.611477,24.932928
chr13,18785312,18785543,+,-1,4.287692,1.3568333,10.84039,12.04255,-64.308136,5.560834
chr13,18785545,18785600,-,2,1.0850207,-0.3690441,2.7369156,6.761028,-30.049732,-6.628158
chr13,18788026,18788174,+,2,3.207736,0.8916462,7.6517754,6.6932335,-36.14946,23.953789
chr13,18788481,18788725,+,-1,5.229048,1.6841606,11.683276,11.784608,-68.60734,9.231672
chr13,18791133,18791248,+,-1,2.1970847,0.5920771,8.688088,6.340696,-41.84297,21.13049
chr13,18791575,18791810,+,-1,4.879922,1.0027145,11.0473,11.369818,-62.38541,9.941522
chr13,18794736,18794887,+,-1,3.18462,0.8163542,8.222684,7.135651,-39.986,25.675982
chr13,18795207,18795447,+,-1,4.9780326,1.4818449,11.578709,11.627398,-67.82765,7.1896033
chr13,18798157,18798309,+,-1,2.7411041,0.6795913,8.197517,6.743833,-39.655346,22.569645
chr13,18798620,18798853,+,-1,4.615799,1.304516,11.383076,11.564326,-65.977066,8.647489
chr13,18799888,18801445,-,-1,30.99802,-12.159523,-4.9213877,-0.29275686,11.952221,-27.867474
chr13,18801439,18801593,+,-1,3.0068057,1.1152478,16.012838,8.45762,-43.611477,24.932928
chr13,18801901,18802132,+,-1,4.147902,1.4417614,10.847741,12.022522,-64.04943,5.4005966
chr13,18802134,18802189,-,2,1.0850207,-0.3690441,2.6954846,6.7851768,-30.049732,-6.628158
chr13,18803000,18804560,-,-1,30.452528,-11.137892,-4.8993773,-0.29869092,12.549341,-27.95017
chr13,18804557,18804689,+,-1,2.811285,0.7409469,8.285388,6.9675484,-40.948692,23.883364
chr13,18805012,18805254,+,-1,5.043988,1.2897161,10.981584,11.334897,-62.32897,7.6527176
chr13,18805508,18805657,+,2,3.1020625,0.83966136,7.8317814,6.1328583,-39.268665,18.45786
chr13,21943929,21945436,-,1,35.492493,-19.027803,-4.2170687,-3.3513572,16.413534,-46.765766
chr13,22456796,22457573,-,1,17.57715,-9.980794,-2.9713218,0.4641274,-2.8549168,-36.56997
chr13,30285631,30287205,+,0,36.10742,21.956516,14.215534,-3.5902007,31.646376,26.556019
chr13,32372681,32372996,-,2,7.175938,-4.693637,1.030874,3.5178568,-4.4350457,-5.629038
chr13,32373535,32374878,-,1,29.21013,-14.428257,-2.6603565,-1.4981183,5.8942947,-36.77295
chr13,33947473,33949063,+,0,36.37895,19.682255,14.046343,-4.3288393,36.895046,31.553637
chr13,34087475,34088918,+,0,33.87147,19.171707,13.025049,-3.9411342,29.262152,33.610683
chr13,34332817,34334399,-,1,35.182285,-18.944273,-2.7395082,-3.5916183,25.256414,-38.86845
chr13,39295789,39297326,+,0,36.66209,21.036375,12.001743,-3.4164038,13.065258,33.87167
chr13,51175008,51175663,+,0,13.413523,7.6764765,9.033723,0.60531557,11.983421,8.574488
chr13,53662644,53663571,+,0,21.390877,11.948108,12.237781,0.3315229,-4.626137,31.620747
chr13,53699172,53700796,+,0,38.735107,22.52491,11.713969,-4.2661333,17.760296,42.548065
chr13,55769179,55770679,+,0,32.851177,18.393147,13.129666,-3.7104945,26.319357,29.655584
chr13,55806666,55808173,-,1,33.43047,-19.184847,-2.1327512,-3.9896982,29.062897,-28.71616
chr13,56341549,56343078,-,1,33.626827,-19.213697,-3.338156,-2.9280813,23.177036,-43.987125
chr13,59106733,59108370,+,0,36.763706,20.792652,13.951533,-4.231214,35.782543,30.070574
chr13,60552027,60553489,-,1,34.281494,-18.452713,-1.5644356,-3.9620697,26.356821,-29.80134
chr13,61724937,61726460,-,1,33.716274,-17.432335,-3.6517625,-3.2270525,11.78059,-41.362225
chr13,62963535,62965122,+,0,34.715637,18.512363,14.130249,-3.3179417,32.160744,21.568071
chr13,63146283,63147809,-,1,35.13357,-20.611238,-3.0072768,-3.964282,19.436071,-38.95996
chr13,63529693,63529759,+,2,1.1122829,0.0689086,4.851756,6.079195,-22.643663,3.2280123
chr13,63556316,63557855,+,0,32.92808,16.051397,13.03641,-3.8303819,29.807884,35.520184
chr13,64262873,64263214,+,0,8.271948,6.189345,12.171244,3.2092893,-19.35364,28.802336
chr13,64263225,64264331,+,0,23.313578,9.576376,10.287848,-0.7416595,18.484085,15.904331
chr13,64836352,64837902,+,0,35.12842,18.097223,12.859737,-4.138048,16.907232,31.491903
chr13,66233465,66235146,+,0,36.846954,18.984169,11.893358,-3.460105,16.099405,34.46025
chr13,66245259,66246847,+,0,34.664017,20.039087,13.869084,-4.3445654,34.77788,32.351246
chr13,70489919,70491403,+,0,33.274254,18.511496,13.184848,-3.6548796,26.268467,34.24762
chr13,71063792,71064161,-,1,8.024873,-6.533362,-3.1809487,2.2404208,-11.511947,-33.539433
chr13,72447406,72448802,+,0,32.05379,17.135775,12.268677,-0.9820215,2.462632,34.834995
chr13,73742577,73742624,-,2,1.0845588,-1.1330186,2.37591,5.4815803,-14.765916,-0.3190693
chr13,74610003,74611515,+,0,33.22697,18.416628,13.721705,-4.5623984,37.61276,35.188316
chr13,76086293,76087912,-,1,37.344738,-19.064837,-1.574942,-3.706148,27.463724,-28.914267
chr13,80263494,80264176,-,1,15.932893,-10.50671,-3.0733235,0.9736442,-5.274303,-36.597
chr13,80712830,80713833,-,1,23.845827,-12.645131,-2.9253902,0.03413548,0.95014274,-36.036335
chr13,81008212,81008447,+,0,5.6298666,4.6361804,11.993172,4.0276804,-22.101685,25.651997
chr13,81008444,81009044,+,0,13.486403,7.787525,9.123845,0.50053734,12.602302,8.738442
chr13,81842063,81842273,-,2,4.1923475,-1.8869814,3.2464254,5.432114,-16.454378,-4.036093
chr13,81884811,81885404,-,1,14.208702,-9.296851,-3.1474454,1.6790712,-9.17337,-37.56776
chr13,82301127,82301675,+,0,12.322881,8.239795,12.192826,1.8097233,-10.5607815,30.157818
chr13,82302071,82302085,+,2,0.11937528,0.011745587,4.5607414,6.308131,-24.445505,1.8070505
chr13,82881638,82883247,+,0,35.015713,18.274088,11.731183,-3.634355,14.41591,36.630733
chr13,83371418,83372851,-,1,32.107864,-16.055973,-2.2911315,-3.2896883,17.388409,-33.501038
chr13,83668444,83670006,+,0,36.328873,21.763231,14.004132,-4.1452374,32.22311,29.161509
chr13,85034534,85036053,+,0,32.835354,17.465849,12.929027,-3.4744442,23.730543,31.363346
chr13,85098165,85098758,+,0,13.966511,8.99446,12.28071,1.9339843,-12.172493,32.04861
chr13,85219790,85221313,+,0,33.440784,17.186153,12.940812,-3.6947312,24.805641,34.99685
chr13,85891783,85893351,+,0,34.57403,17.010153,12.43667,-3.7450023,24.003424,40.730038
chr13,86062271,86063712,+,0,25.689339,6.8118467,10.876219,-0.76227516,13.48192,24.314606
chr13,87145493,87147035,+,0,35.599163,19.671797,13.876899,-4.374751,36.75369,34.54977
chr13,88095326,88095486,-,2,3.56158,-1.8562554,3.7288733,5.4089146,-25.907726,-8.355445
chr13,88505746,88507240,+,0,32.957306,16.97381,13.8617525,-4.125426,31.775553,34.735077
chr13,90826027,90827322,-,2,26.640024,-9.14474,0.5370101,0.74851775,11.010465,-14.316323
chr13,90979825,90980481,-,2,14.276881,-6.459822,3.3862784,4.17629,-23.297504,-13.834112
chr13,90980479,90980733,+,0,5.338086,3.6563327,7.729801,2.129077,1.9620706,8.00606
chr13,91426915,91427737,+,0,18.951124,10.014418,9.620553,-0.092142075,15.745074,11.438054
chr13,91527053,91528666,-,1,35.84551,-18.594784,-1.4694064,-3.6674156,26.761446,-27.782825
chr13,91916957,91917615,-,2,14.703867,-9.322638,0.72403383,2.0083401,2.2859037,-11.370048
chr13,91917599,91917983,-,1,8.5933695,-7.0863996,-3.264751,2.305816,-11.201729,-31.970701
chr13,92693230,92694832,+,0,35.39598,16.752449,11.7005825,-3.92062,17.491232,35.865414
chr13,95458736,95460345,-,1,36.51311,-21.805578,-3.4068558,-2.9071956,23.37455,-45.379707
chr13,104108620,104110174,+,0,35.142452,19.849052,11.591,-3.4045935,16.2259,33.156464
chr13,106584953,106586511,+,0,35.32459,19.978449,12.847347,-3.617195,26.774843,37.609398
chr13,108471601,108473074,+,0,33.18424,18.8621,12.961365,-3.5474875,24.22263,32.71061
chr13,108492194,108492251,+,2,0.97393316,0.16133334,4.9733386,6.6922555,-26.160933,4.5770082
chr13,110864717,110866185,-,1,33.33948,-18.433243,-3.737733,-3.6845424,18.441236,-47.331036
chr13,111989972,111991475,+,0,34.60524,19.998388,13.253114,-3.8008485,28.650892,32.76235
chr14,18376138,18376210,+,2,1.0791924,0.6225771,4.987023,6.844995,-24.925583,5.217425
chr14,18376210,18377348,+,0,25.04159,11.539772,11.250352,-0.4407475,10.694858,20.15809
chr14,19993181,19994565,-,2,30.300714,-15.408681,-0.12705393,0.44521692,9.133053,-21.528893
chr14,19995031,19995232,-,1,5.2306848,-4.73322,-2.96115,3.7977867,-14.574733,-25.29729
chr14,20162641,20163060,-,2,9.933982,-6.4164224,0.7026513,2.8591096,-0.5714688,-5.6014857
chr14,22678570,22679229,+,0,14.538601,6.2865577,9.077578,0.5599279,12.2373905,8.337942
chr14,25530219,25530384,-,2,3.4903276,-1.849776,3.7206783,5.4933434,-26.163029,-7.8785553
chr14,26290761,26291363,-,2,12.8854,-6.926509,0.74153537,2.0577312,1.7748611,-9.835114
chr14,27402380,27402766,+,0,8.214192,4.769064,8.170921,1.5324064,6.7042074,9.831089
chr14,29256360,29257973,-,1,36.705887,-20.10653,-1.4905883,-3.8905563,27.588495,-31.878836
chr14,29258360,29258412,-,2,1.2028655,-1.211178,2.3998225,5.4988456,-14.656819,-0.43472353
chr14,29291753,29291908,-,-1,3.3257065,-2.349745,-2.7299106,4.099094,-15.044173,-22.384098
chr14,29293194,29293689,+,0,11.0669565,7.1662254,12.29007,2.1623468,-13.773862,29.43336
chr14,29294235,29295357,+,0,23.97631,10.725062,10.162072,-0.55295634,19.797281,13.737511
chr14,31621827,31623445,+,0,35.341236,17.198177,11.791553,-3.8532703,14.740138,39.207195
chr14,31751180,31752755,-,1,36.087315,-19.839535,-1.4100968,-3.9205809,29.032007,-27.878683
chr14,38642905,38644537,+,0,36.58453,18.173365,11.503603,-4.2243166,15.105031,42.816708
chr14,40705618,40706622,-,2,22.430832,-9.35919,0.5472236,0.8096024,9.631413,-14.72003
chr14,42785436,42786927,+,0,32.41162,15.917609,13.849704,-4.309886,35.5194,35.909733
chr14,44231804,44233307,-,1,33.763447,-18.911215,-3.1311407,-3.6032338,20.828745,-39.28584
chr14,44989595,44989769,-,1,4.2730465,-3.8290968,-2.859687,3.939385,-13.799968,-23.970175
chr14,45443138,45444767,+,0,36.631283,21.745333,11.60518,-3.9654865,19.0045,37.258724
chr14,45543687,45543735,+,2,0.80006194,0.45820087,4.9587793,6.7968793,-26.082542,4.7054877
chr14,45544126,45544904,+,0,17.913816,11.075564,12.211363,0.71375203,-6.3258142,31.272823
chr14,48182445,48183903,+,0,32.126232,16.486591,12.077931,-1.2447933,3.3147547,31.799313
chr14,48183940,48184117,+,-1,3.6729717,2.796842,7.4494286,2.4955392,-0.38636804,10.415555
chr14,49326675,49327649,+,0,22.910772,11.026559,12.266416,0.23579717,-4.396637,32.040127
chr14,54458475,54459957,+,0,34.095844,19.125906,13.143854,-3.6432824,28.104923,35.671337
chr14,55311405,55311715,-,2,6.8782616,-4.068593,1.0011927,3.634687,-4.7905083,-5.4025955
chr14,55312225,55313513,-,1,28.92562,-17.028147,-3.0198646,-1.4715507,6.6738467,-40.11876
chr14,57707624,57707776,+,0,3.703475,3.7674417,11.83848,4.382566,-23.74247,23.526066
chr14,57708505,57708604,+,2,2.2169404,1.6141068,4.953724,6.937196,-25.69731,6.711735
chr14,57709612,57711026,+,0,30.913511,15.822107,11.18265,-1.1932855,22.97851,21.122496
chr14,58901981,58902360,+,0,8.752598,6.8600984,12.206376,2.93132,-17.741493,28.99103
chr14,58902673,58903825,+,0,25.00069,11.833371,10.235688,-0.67447335,17.94075,15.464294
chr14,61882592,61882952,-,2,8.1815405,-6.0280814,0.76262444,3.108309,-1.2426684,-5.101072
chr14,61882953,61883713,-,1,17.977472,-9.128966,-3.0014539,0.5326976,-2.5240257,-36.629128
chr14,61975799,61977313,-,1,35.22531,-20.882874,-3.3233125,-3.6299038,18.649677,-41.52487
chr14,62386526,62388149,+,0,36.86976,21.011557,11.875787,-4.1352444,18.443674,42.742
chr14,62497102,62498567,-,1,34.444794,-18.85007,-1.6779399,-3.9838586,33.681656,-27.92813
chr14,62828738,62830369,-,1,35.706184,-18.572613,-1.4393563,-3.7483788,32.077724,-23.968813
chr14,63802410,63802593,+,-1,3.7819824,2.789895,7.47029,2.4725814,-0.88470364,8.84021
chr14,66731229,66732529,+,0,30.020437,16.152557,12.425738,-1.0550218,2.0787055,35.88162
chr14,66732814,66732993,+,0,4.0922337,3.7416546,7.5327396,2.3984601,0.16831332,10.673058
chr14,67103151,67103188,-,2,0.6485929,-0.30848306,4.2891684,6.158133,-25.062996,0.32508698
chr14,70489681,70490245,-,2,12.715259,-4.2447543,3.7203045,3.227133,-27.698479,-20.047527
chr14,70490538,70490722,-,2,3.7226627,-2.5745978,3.6464877,6.603326,-17.7074,-19.135942
chr14,70491110,70491371,-,2,5.759578,-4.2669554,1.1100345,3.8425279,-5.41113,-4.5804915
chr14,70491370,70492069,-,2,16.098911,-7.0492687,3.4250426,3.933027,-24.116209,-15.657213
chr14,70492060,70492301,-,1,5.510251,-5.1482325,-3.1313784,3.3996627,-13.645444,-27.336538
chr14,70934647,70934688,-,2,1.1827569,-1.3228625,3.8449397,6.5340834,-15.57048,-19.571558
chr14,77946936,77948414,+,0,34.226803,19.079742,13.091183,-3.707486,24.799625,33.096718
chr14,78573258,78574827,+,0,34.8246,20.495302,14.143877,-3.4577096,30.314877,24.65411
chr14,79978027,79979516,+,0,34.28252,18.915625,13.285062,-3.6738353,26.149042,31.813879
chr14,80464300,80464387,-,2,1.7978935,-1.6316782,2.1718607,5.3548756,-13.452909,-0.3242032
chr14,80473042,80474476,-,1,33.465054,-20.077818,-3.1241925,-3.8404195,19.020672,-40.460823
chr14,81789483,81791099,+,0,36.078903,18.5376,11.481,-3.932195,14.323483,38.37223
chr14,81875356,81876937,+,0,36.51666,19.684376,12.28652,-3.9715261,23.056028,41.581944
chr14,82141699,82142235,-,2,12.554362,-7.207384,0.7113257,2.5161407,1.8952992,-8.723801
chr14,82308792,82310332,+,0,35.730972,20.836805,14.282704,-4.356027,35.887356,29.651976
chr14,83888441,83888972,+,0,11.482858,7.1099734,8.753208,0.91008943,9.968042,8.442724
chr14,84083463,84084880,-,1,31.598282,-16.446213,-2.8214116,-3.5256772,18.194405,-37.243973
chr14,84311044,84311185,-,2,3.417412,-3.2380273,1.4769475,4.4382844,-8.571702,-2.2921221
chr14,86752239,86753843,-,1,36.00508,-20.738956,-3.1946208,-3.2368114,24.093985,-40.619263
chr14,86791303,86792917,+,0,35.56396,19.653875,11.692163,-4.0156236,17.648096,36.19053
chr14,87168581,87170132,-,1,36.33696,-20.49396,-2.4143577,-4.11471,23.859337,-34.240288
chr14,87256960,87258500,+,0,34.85358,15.246011,11.888921,-3.691379,16.145311,37.78932
chr14,87258799,87258860,+,2,1.4215906,1.3900585,5.17425,5.6572814,-20.47743,6.150486
chr14,87648922,87650539,+,0,35.759193,17.077991,11.964875,-3.869658,15.099774,36.366188
chr14,87761128,87762010,+,0,19.11309,9.616839,9.642732,-0.10101935,16.602291,10.896884
chr14,88674620,88676193,-,1,36.53935,-19.144789,-3.727085,-3.4988148,19.909657,-50.068485
chr14,88882911,88883562,-,2,14.12442,-7.42832,0.7274737,1.92201,2.5889506,-11.404607
chr14,88884074,88884932,-,1,20.061773,-11.792689,-2.948443,0.1532017,-0.89364254,-36.809418
chr14,93341800,93343172,-,1,31.747856,-17.943344,-2.2060447,-2.3858743,6.290888,-35.439346
chr14,95941383,95942914,+,0,35.766296,19.675846,14.090404,-3.2051072,31.936436,23.22607
chr14,97819759,97821387,+,0,37.493725,19.518393,11.576254,-3.894081,17.181593,37.412735
chr14,101740441,101742035,-,1,37.6819,-21.703808,-1.5210413,-4.2651606,30.39209,-30.394287
chr14,101742347,101742391,-,2,0.6736367,-0.35586026,4.0952926,6.433685,-23.981768,-0.31713435
chr14,105962693,105962919,+,0,5.026966,3.9141107,11.943302,4.1107726,-23.714935,25.959335
chr14,105963893,105965154,+,0,28.891823,13.658217,10.790746,-1.1873249,24.901966,17.646439
chr15,20038836,20039062,+,0,5.0643086,4.1080956,11.956059,4.101141,-23.55708,25.927738
chr15,20040050,20041309,+,0,29.413115,13.648748,10.811729,-1.2131708,24.9093,17.64968
chr15,21045477,21045703,+,0,4.916974,3.909361,11.9285965,4.1089587,-23.589249,25.82137
chr15,21046764,21048016,+,0,29.235558,13.673051,10.795577,-1.2248318,24.909962,17.650105
chr15,22246168,22246756,+,0,14.1260605,11.622829,12.262258,2.0389879,-12.66419,32.35445
chr15,22247057,22247421,+,2,7.6866755,2.982226,7.011769,5.7866297,-35.293518,13.044451
chr15,22247723,22248417,+,0,16.495195,10.039024,9.383629,0.19285597,13.610326,11.063142
chr15,22884149,22885450,-,2,29.808607,-15.267188,0.14486696,0.35551548,10.823285,-21.521795
chr15,22885757,22885920,-,1,3.9173582,-3.298462,-2.9025698,3.8800251,-13.893338,-24.410866
chr15,24589039,24589209,+,0,4.0105877,3.9499457,11.821441,4.3967795,-23.158802,23.47799
chr15,24589722,24590047,+,0,6.4214654,3.641291,10.486442,4.000087,-15.847778,21.441364
chr15,30726393,30728001,-,1,36.809616,-20.840689,-3.4448695,-2.7113078,24.040243,-47.009846
chr15,31677790,31679399,+,0,37.43918,21.160042,14.177732,-3.3265543,30.761473,24.36113
chr15,35486677,35488328,-,1,38.898987,-21.15575,-1.6881644,-4.0652447,27.995955,-31.782206
chr15,42497643,42498693,-,2,23.666336,-11.969909,0.3390568,0.6298858,9.133908,-17.266676
chr15,46844180,46845767,-,1,35.93531,-22.607893,-2.3687263,-3.9119632,22.227781,-34.061245
chr15,46862443,46862672,+,0,4.621783,2.6695788,11.8484535,4.280548,-22.262575,23.195673
chr15,47161046,47161228,-,2,4.2790813,-2.0541093,3.3364275,5.454935,-16.739712,-4.0190945
chr15,49500318,49500475,+,2,3.4070866,1.1346937,5.582202,6.0807185,-33.03567,4.4881268
chr15,49732566,49733789,-,2,28.157951,-14.298956,0.1488722,0.3294617,10.084327,-20.205774
chr15,49734255,49734561,-,1,6.898884,-5.0345707,-3.169397,3.2350636,-13.040954,-27.87946
chr15,53682520,53682857,-,1,6.3970704,-4.3966064,-3.0781925,2.4095187,-13.797481,-34.290497
chr15,72985645,72986018,-,2,8.634043,-6.624822,0.69356436,2.987077,-0.8931746,-5.948286
chr15,79149004,79150576,-,1,36.690384,-21.154299,-4.1480308,-3.5162828,14.461536,-47.830345
chr15,81917810,81918232,+,0,10.228602,8.002343,12.220536,2.6370351,-16.158552,31.19859
chr15,81918529,81919617,+,0,25.205305,13.753785,10.246077,-0.59956485,20.14058,14.69181
chr15,83933308,83934598,+,0,29.562439,13.557277,10.883677,-0.9589045,22.172852,19.533882
chr15,84029100,84030736,+,0,37.61323,22.263323,14.240211,-3.3311853,33.33049,24.584408
chr15,92353413,92354892,+,0,33.660183,19.498486,13.157333,-3.5791988,27.494743,35.250977
chr15,94934026,94935503,-,1,33.13569,-18.097586,-2.694228,-3.8629918,19.785505,-35.577953
chr15,97332039,97333585,+,0,34.792057,19.976763,14.00255,-4.328835,34.74828,32.38335
chr15,97932896,97934427,-,1,35.13589,-19.79578,-3.5434637,-3.691909,19.582716,-48.43328
chr15,99182948,99183312,+,0,8.595788,6.7188835,12.164783,3.208342,-19.052156,30.20261
chr15,99183638,99184812,+,0,26.079561,13.5723715,10.238875,-0.57505393,20.359251,15.354065
chr15,100537748,100539356,-,1,38.255962,-21.304506,-3.4333785,-2.7788482,22.877802,-46.44261
chr15,100793680,100794860,-,1,27.416883,-15.657663,-2.7291932,-0.6024421,2.9573562,-36.762005
chr16,3070275,3071172,-,2,20.391756,-9.57748,0.6270252,1.3221563,8.585159,-12.199579
chr16,3071167,3071370,-,2,4.3851843,-1.5553881,3.8848104,2.5909443,-29.27973,-22.972168
chr16,3083216,3084323,-,2,25.086369,-11.306445,0.58348256,0.9130542,9.141518,-12.263317
chr16,3084637,3085000,-,1,8.031524,-5.5366745,-3.1710725,2.5589137,-11.852705,-30.873455
chr16,10363659,10363904,-,2,5.785801,-2.7206724,1.0337541,3.6509945,-4.03673,-2.9214416
chr16,32408738,32409103,+,0,8.161162,7.4724755,12.270572,3.063592,-18.825684,30.318825
chr16,32417934,32418443,+,2,10.9241295,4.987617,7.279452,5.821682,-33.439682,14.749694
chr16,33819425,33819507,-,2,1.78702,-2.0157132,2.1191747,5.278233,-13.430123,-1.3967568
chr16,33819574,33821050,-,1,31.791185,-13.062828,-2.8909445,-3.6797392,16.328705,-37.216007
chr16,50007885,50009514,+,0,36.577087,21.120607,11.41125,-3.910334,14.53401,40.367733
chr16,54805913,54806032,-,2,2.4958973,-1.5931625,3.734791,6.620171,-17.785513,-18.858465
chr16,60015989,60017603,-,1,35.867123,-20.788961,-1.7133621,-4.0671053,30.547836,-28.898998
chr16,63001346,63002552,+,0,26.70459,12.983687,12.274046,-0.55370235,-0.6296827,33.881798
chr16,72319248,72320859,-,1,38.44298,-23.398386,-4.1129794,-3.5240114,15.547945,-49.426395
chr16,82553988,82554084,-,2,2.187888,-1.0809941,3.8789723,5.7976794,-23.508326,-6.959339
chr17,3079282,3080849,-,1,35.71753,-18.969395,-1.3852623,-3.774104,27.738785,-27.827736
chr17,3222984,3224557,+,0,36.54413,20.35753,11.321247,-4.192409,14.779126,41.676422
chr17,6821553,6822134,+,0,14.134196,8.935458,12.203042,1.3729116,-8.901083,30.286776
chr17,14167879,14169497,-,1,37.885914,-19.19065,-1.5776504,-3.8842638,27.409613,-31.841957
chr17,14401846,14403401,+,0,35.46358,19.31927,11.554338,-3.8089042,17.13681,37.175976
chr17,15762291,15762948,+,0,14.738853,8.102799,8.991833,0.65260595,11.380327,10.508481
chr17,15856440,15857791,+,0,31.11056,16.988312,12.989937,-3.252205,3.9435356,38.37504
chr17,16657793,16659309,-,1,34.404602,-19.595371,-2.2961333,-4.015089,24.585184,-35.27492
chr17,18495644,18495758,+,2,2.2403178,1.1465929,5.4370484,6.1355596,-31.296946,4.3337083
chr17,20448580,20448698,-,2,2.3836203,-1.369173,3.8449962,5.6978784,-25.793224,-7.359171
chr17,20577344,20577989,+,0,14.494818,8.371182,9.020797,0.6169432,11.398296,10.509227
chr17,20674080,20675431,+,0,30.840822,17.19054,12.991599,-3.2525642,3.9414308,38.372513
chr17,22167677,22169264,-,1,34.32507,-18.240019,-3.1196961,-2.8982797,26.30726,-44.605083
chr17,27501390,27501623,+,2,5.4655557,2.0480528,7.0055075,5.8663015,-36.442024,13.495292
chr17,32987081,32988498,-,1,33.495995,-18.925335,-2.136923,-2.6566079,7.2654114,-35.540024
chr17,39822920,39824517,+,0,37.05149,23.233242,14.100903,-4.3424373,34.589035,30.72449
chr17,52667646,52668766,-,2,23.732967,-9.889319,0.5769769,0.59778607,11.605962,-15.13457
chr17,53358759,53360248,+,0,31.961561,18.06008,13.226203,-3.6721365,27.37125,31.040253
chr17,54397836,54397911,+,2,1.5363092,0.9478939,4.990546,6.941628,-25.073004,6.403
chr17,54398455,54398594,+,0,2.8488925,2.8637557,11.727182,4.5848927,-23.932108,22.623701
chr17,54398592,54398826,+,0,5.992014,3.7534182,10.434937,4.039708,-15.531287,21.150696
chr17,55977757,55979277,-,1,34.917892,-19.705807,-2.3880777,-3.911637,22.400118,-34.91693
chr17,56145697,56145840,-,2,3.5218565,-3.1818721,1.4662702,4.447141,-8.973023,-1.8070066
chr17,56145840,56147345,-,1,34.7862,-19.7407,-3.9432986,-3.72814,17.423292,-47.935604
chr17,57019495,57019766,-,2,5.539531,-2.6314125,3.6503751,5.067983,-24.332317,-9.978607
chr17,63377006,63377747,-,1,17.97554,-10.441671,-3.031696,0.7145449,-2.8449483,-35.680405
chr17,64437914,64438605,-,2,16.143234,-6.0293303,3.4196804,3.928485,-24.061487,-15.74925
chr17,64438903,64439307,-,1,8.341887,-5.942637,-3.1340759,2.2597442,-12.806114,-34.37196
chr17,64439605,64439728,-,-1,3.012587,-2.8787217,-2.6912425,4.140198,-14.448083,-22.566332
chr17,70860481,70862032,+,0,36.50129,19.471928,11.868368,-4.0055647,20.183498,43.049732
chr17,70919339,70919535,+,2,4.551097,-0.017460162,6.959795,5.878098,-37.206047,13.409667
chr17,71387288,71388840,-,1,34.976875,-18.535439,-3.3742194,-3.5272238,20.848942,-40.655216
chr18,451298,451362,+,2,1.4713405,1.0851855,5.097005,6.76603,-27.236744,8.769177
chr18,451357,451465,+,2,2.0880635,0.5867995,4.7949905,6.9511766,-23.55878,7.434593
chr18,451761,451996,+,2,5.19935,2.3655927,7.7503138,6.356444,-37.627518,20.683372
chr18,4573217,4574826,+,0,35.10511,16.805891,11.364097,-3.8560443,13.469814,40.472614
chr18,5802624,5804206,+,0,34.55072,18.765318,11.3753,-4.090561,12.501137,42.23548
chr18,7538076,7538721,-,2,14.611331,-8.177823,0.6824734,1.7246995,4.3324018,-10.605644
chr18,11381400,11381561,-,2,4.021376,-1.0007454,4.5504537,5.738143,-28.769257,-1.5087702
chr18,11381557,11381644,-,2,1.7580377,-1.5197932,3.7653198,6.5289354,-14.570215,-19.88067
chr18,12105420,12105546,-,2,2.5325458,-0.93734753,3.8239224,5.691591,-26.083448,-5.6363363
chr18,12108560,12109458,-,2,20.20641,-9.523654,0.59052324,1.2754107,7.742051,-13.128258
chr18,14255918,14256075,-,2,3.2860398,-0.97931445,3.9164293,2.4901333,-32.268284,-22.345135
chr18,14256327,14256569,-,-1,5.1787395,-1.4269162,1.7362701,14.254631,-52.102516,-13.935279
chr18,14256874,14257025,-,-1,3.2731836,-0.6568246,3.9561787,1.4138343,-35.09772,-26.86341
chr18,14259393,14259450,+,-1,1.1581872,0.4037576,6.545455,9.796345,-41.081955,1.5573745
chr18,14259440,14259681,-,-1,4.57019,-1.2135863,2.0233233,14.770066,-56.225124,-16.844114
chr18,14259874,14259994,-,-1,2.5592637,-1.5250729,3.868047,1.4396696,-35.19304,-28.282412
chr18,14262507,14262563,+,-1,0.87935996,0.37330312,6.1254535,10.075985,-41.14811,-1.5893806
chr18,14262561,14262795,-,-1,4.128138,-1.4237201,1.6519101,14.545301,-54.37079,-16.322397
chr18,14263106,14263260,-,-1,2.6372688,-0.8939736,4.110056,1.1784236,-32.31299,-27.60376
chr18,14265907,14265964,+,-1,1.3141962,0.5046955,6.257745,10.108856,-42.17493,1.2033976
chr18,14265955,14266196,-,-1,5.17459,-1.880578,1.440587,14.622406,-54.512978,-14.71189
chr18,14268788,14268841,+,-1,1.0790783,0.39808005,6.6237555,9.717723,-39.55411,0.57640845
chr18,14268839,14269072,-,-1,4.364753,-1.220191,1.6949747,14.461434,-52.27955,-15.592154
chr18,14269377,14269529,-,-1,3.1193943,-0.75187725,4.0058126,2.1318989,-33.474743,-23.185349
chr18,14272271,14272358,+,-1,1.7764999,0.42878604,6.6311927,9.715393,-40.973568,2.8409681
chr18,14272315,14272566,-,-1,5.5663495,-0.46576393,1.6001356,14.527589,-52.874752,-17.310375
chr18,14272896,14273005,-,-1,2.1010861,-0.48891866,3.9766953,1.7993151,-33.664898,-24.96803
chr18,14275370,14275426,+,-1,1.1159033,0.20662215,6.052914,10.239046,-43.64376,-1.3212693
chr18,14275414,14275658,-,-1,4.784753,-1.6499103,1.5248967,14.525394,-53.998722,-13.194028
chr18,14275964,14276114,-,-1,3.2495153,-1.224741,4.275103,0.9973057,-33.23829,-30.894608
chr18,14278592,14278652,+,-1,1.1924152,0.42013872,6.582083,9.760343,-41.066803,1.5789721
chr18,14278642,14278883,-,-1,4.5674024,-0.8638882,2.0244555,14.776581,-56.345867,-16.868313
chr18,14279194,14279347,-,-1,3.025093,-1.2976363,3.8934815,1.3637315,-35.429493,-28.36597
chr18,14281856,14281912,+,-1,0.9630575,0.5332332,6.1392436,10.155162,-41.389908,-1.3760142
chr18,14281904,14282137,-,-1,4.920939,-1.657195,1.5659019,14.591191,-54.351875,-16.30128
chr18,14282448,14282603,-,-1,2.7436335,-0.7852952,4.1477213,1.1314228,-32.289925,-27.797508
chr18,14285308,14285365,+,-1,1.0294147,0.28514275,6.562117,9.713317,-40.286118,1.2902782
chr18,14285356,14285597,-,-1,5.0668225,-1.3475381,1.5030928,14.600506,-53.973446,-14.382188
chr18,14285916,14286075,-,-1,3.3155687,-0.5880791,3.9343638,1.3881956,-35.78402,-25.94832
chr18,14288371,14288427,+,-1,1.0360796,0.38534567,6.5844493,9.687863,-39.823868,1.3629597
chr18,14288415,14288658,-,-1,4.7267346,-1.6286904,1.6539848,14.470916,-52.61675,-15.5569
chr18,14288983,14289111,-,-1,2.47165,-1.1320276,4.02121,2.0086179,-33.605213,-23.309736
chr18,14291864,14291920,+,-1,1.2134961,0.42965132,6.625904,9.72438,-40.1979,1.5903747
chr18,14291908,14292150,-,-1,5.007235,-1.0837821,1.6382599,14.46542,-52.901394,-17.027546
chr18,14292480,14292589,-,-1,2.200087,-0.6330519,3.962098,1.7277868,-33.634277,-25.074507
chr18,14294971,14295018,+,-1,1.0815349,0.5355256,6.0224338,10.273183,-43.19593,-0.67934984
chr18,14295560,14295703,-,-1,3.0718675,-0.8115375,4.281195,0.98982275,-33.25124,-30.022491
chr18,14298129,14298186,+,-1,1.2551835,0.5716406,6.5542336,9.759716,-41.105534,1.5906097
chr18,14298176,14298417,-,-1,4.5839086,-1.2940413,1.9948152,14.748269,-56.237965,-16.756687
chr18,14298725,14298879,-,-1,3.0646315,-1.0924466,3.9630368,1.2979889,-35.395855,-28.404936
chr18,14301446,14301673,-,-1,4.539406,-1.5554512,1.5707021,14.624845,-54.452587,-15.943228
chr18,14301983,14302138,-,-1,2.695573,-0.7563805,4.1032057,1.1966444,-32.281937,-27.681324
chr18,14304821,14304879,+,-1,1.1696506,0.5404124,6.6395063,9.685413,-39.09981,2.3054292
chr18,14304870,14305111,-,-1,4.9666433,-1.395022,1.557772,14.5625515,-54.01972,-14.70832
chr18,14305430,14305589,-,-1,3.3163111,-0.8255612,3.9402835,1.4006256,-35.71602,-25.8472
chr18,14308209,14308265,+,-1,0.744481,0.31093183,6.351955,9.577438,-35.711178,0.5739888
chr18,14308263,14308495,-,-1,4.6636696,-1.2761387,1.6244549,14.467862,-52.933395,-16.735058
chr18,14308825,14308934,-,-1,2.1712093,-0.6163617,3.9760144,1.7961088,-33.71121,-24.779984
chr18,14311310,14311366,+,-1,1.3813881,0.68734974,6.037648,10.259927,-44.29996,0.35973406
chr18,14311354,14311598,-,-1,5.249428,-1.6782198,1.5393479,14.519537,-54.108727,-13.199866
chr18,14311905,14312052,-,-1,2.8793757,-0.90014327,4.303228,0.97374046,-33.23718,-30.775305
chr18,14314475,14314531,+,-1,1.2029005,0.4505066,6.0414968,10.270491,-42.759132,-0.638459
chr18,14314529,14314763,-,-1,4.4805155,-1.0643448,2.029889,14.775983,-56.2293,-16.951788
chr18,14315071,14315224,-,-1,3.060987,-1.2518528,3.9246576,1.2971594,-35.425705,-28.382488
chr18,14315218,14316748,+,0,29.844376,11.503921,12.43419,-1.9921625,8.320085,27.130404
chr18,14317732,14317788,+,-1,0.8774382,0.4254803,6.1800423,9.958924,-40.48659,-1.3626466
chr18,14317780,14318020,-,-1,4.739265,-1.0742705,1.6462413,14.624037,-54.40674,-16.439138
chr18,14318329,14318483,-,-1,2.6224022,-1.0356522,4.0695643,1.1781737,-32.570385,-27.66964
chr18,14321147,14321205,+,-1,1.312645,0.53995776,6.34641,9.994986,-42.147163,1.1947805
chr18,14321205,14321436,-,-1,4.7017074,-1.8853594,1.5491409,14.569003,-54.42109,-14.787404
chr18,14321754,14321905,-,-1,3.1306517,-0.79413944,3.9356868,1.4673511,-35.51913,-25.828909
chr18,14324033,14324083,+,-1,1.095649,0.46712068,6.646376,9.689541,-39.504257,0.57577395
chr18,14324081,14324312,-,-1,4.425344,-1.6500084,1.6878475,14.324974,-52.51371,-15.560248
chr18,14324638,14324770,-,-1,2.446114,-0.9761805,3.991489,2.0747871,-33.416386,-23.376637
chr18,14327511,14327567,+,-1,1.076761,0.5002591,6.65375,9.739407,-39.996666,0.94747746
chr18,14327565,14327806,-,-1,5.6185203,-0.7671359,1.6243122,14.50601,-52.90787,-17.479046
chr18,14328134,14328243,-,-1,2.1170042,-0.6285852,3.9971209,1.8763576,-33.721424,-24.766375
chr18,14328247,14328986,+,0,14.095659,5.4066315,11.985251,2.0009577,-11.858925,25.21427
chr18,14329014,14329837,+,0,15.838015,6.3930745,9.431097,0.3700985,13.899645,7.405075
chr18,14330614,14330670,+,-1,1.3327847,0.5239133,6.0293765,10.249678,-44.164604,0.4913841
chr18,14330658,14330902,-,-1,5.1005807,-1.5950532,1.5617024,14.4767065,-54.004574,-13.288907
chr18,14331209,14331355,-,-1,3.0842063,-1.2571307,4.2765126,0.98976403,-33.2585,-30.688087
chr18,14333659,14333743,+,-1,1.430673,0.62604856,6.1677175,10.327288,-43.253044,-1.545241
chr18,14333731,14333975,-,-1,5.012747,-1.0284438,1.4804826,14.602434,-55.002846,-13.96186
chr18,15038881,15039149,-,2,5.3387437,-3.354811,1.2605424,4.1240306,-5.998422,-1.9247104
chr18,15045218,15045231,-,2,0.1686121,0.079498634,4.5558853,6.343328,-24.499088,1.8308113
chr18,15045695,15047027,-,1,29.197527,-15.098405,-2.9367173,-0.80344725,5.002723,-41.47214
chr18,15290602,15291747,-,2,25.706161,-12.090242,-0.12567301,0.34783453,5.401062,-23.416988
chr18,15291740,15291810,-,2,0.9031868,-0.53907776,4.017518,6.509296,-22.546785,-0.53070754
chr18,29354996,29356349,+,0,29.9943,14.567003,10.325232,-1.186981,17.916853,22.11319
chr18,29362631,29362682,+,2,1.1362191,0.86402106,4.880039,6.183153,-23.012743,4.848914
chr18,30207760,30209372,-,1,35.92524,-18.281105,-1.6003572,-3.5365288,23.364784,-24.015268
chr18,33860278,33860443,-,2,3.5822654,-2.9484544,1.4348766,4.3984184,-8.952443,-2.302742
chr18,33863433,33864707,-,1,28.96136,-15.214425,-2.7409003,-2.441781,6.2631674,-37.73297
chr18,34462719,34464288,-,1,34.956783,-18.925861,-3.9755516,-3.025338,12.524267,-44.785
chr18,36235041,36235122,-,2,1.9699116,-1.8674852,2.1360729,5.318893,-13.283963,-0.32557526
chr18,36241152,36242553,-,1,31.729126,-17.780973,-2.9926708,-3.9686418,19.85936,-37.585014
chr18,38680298,38681192,-,1,20.795275,-11.318165,-2.9617243,0.26203263,-1.0494316,-36.88027
chr18,42336228,42337843,-,1,36.729607,-19.064919,-1.7105999,-4.3376694,31.139412,-31.785995
chr18,44382176,44382415,-,1,5.486262,-4.7019444,-3.0873775,3.5012693,-13.937322,-26.716965
chr18,44478616,44480209,+,0,36.248455,18.792763,12.034977,-3.916938,16.899408,38.274944
chr18,45613360,45614794,+,0,32.435246,18.465015,12.367621,-0.7657556,1.1921297,36.180683
chr18,45615096,45615279,+,0,3.9512007,2.7514384,7.493379,2.441916,-0.03509004,9.91437
chr18,53470227,53470544,-,1,7.286911,-5.943998,-3.2517064,2.74764,-12.568548,-30.041937
chr18,54768969,54769329,-,2,8.1640005,-6.104324,0.851215,3.3411613,-2.1271796,-5.2917156
chr18,60783697,60783882,-,1,4.1214957,-3.5368898,-2.8761778,3.9264011,-13.886759,-24.099281
chr18,60783905,60785317,+,0,31.198652,16.683813,11.07132,-1.2941839,22.085318,21.13329
chr18,63613184,63613599,-,2,8.63933,-5.2131534,0.7727856,2.9698796,1.0007297,-6.6634707
chr18,64504396,64505855,+,0,30.670853,13.587515,11.783597,-2.9575846,11.563934,33.726562
chr18,65121631,65123169,+,0,34.281563,17.870163,13.786337,-4.402687,36.522152,34.823162
chr18,66389943,66391484,+,0,34.070126,17.368582,11.771736,-3.3121324,12.770416,35.066757
chr18,66796914,66796959,+,2,1.1691927,1.0297996,4.7996187,7.10225,-23.877426,8.989126
chr18,67357552,67358214,+,0,14.127287,8.461193,12.204284,1.965639,-12.269188,33.255215
chr18,67358513,67359590,+,0,23.124939,11.976149,10.25506,-0.7022267,18.97595,15.194297
chr18,67853109,67853653,-,1,12.821312,-8.706822,-3.097737,1.3835914,-7.214705,-35.263382
chr18,68994829,68996030,+,0,27.14125,16.036903,12.316685,-0.6303867,-0.4026238,34.74649
chr18,68996560,68996872,+,0,7.2039185,4.85627,7.969071,1.7918191,3.995627,9.5874
chr18,70887015,70888324,+,0,29.486462,13.982712,12.318301,-0.6691612,0.5182766,34.801838
chr18,70888992,70889206,+,0,4.9507575,4.2636976,7.608186,2.297775,1.2951343,10.509724
chr18,70985443,70987032,+,0,35.189816,19.251444,11.749089,-3.6058164,14.7408905,36.893597
chr18,71574941,71575096,-,2,3.4317224,-2.9336805,1.5313097,4.5432715,-9.568313,-2.3147388
chr18,71575449,71575937,-,2,10.488728,-4.432756,3.5600555,4.857764,-23.208664,-10.780781
chr18,73025026,73026464,+,0,32.067757,18.62399,13.826549,-4.254888,34.954018,33.48855
chr18,73026752,73026830,+,2,1.6851928,1.549403,4.9746094,5.9470706,-22.368605,5.1775966
chr18,73027205,73027439,+,0,4.6571507,2.9273963,7.5319996,2.3879478,-0.22121373,8.325759
chr18,79836900,79837534,-,2,14.830977,-8.018978,0.76507413,1.8875942,3.1465936,-11.047025
chr18,79837536,79837879,-,1,7.84979,-6.2156024,-3.251881,2.6283462,-12.222637,-30.397404
chr19,15992308,15992400,+,2,1.5688938,0.7876716,4.7851686,7.08413,-24.353832,8.025933
chr19,21903411,21904517,-,2,24.0221,-9.727988,0.5579273,0.69950455,10.599374,-14.515697
chr19,21904815,21905253,-,1,10.123763,-6.8577704,-3.1441638,1.8349413,-8.876262,-34.883144
chr19,29482064,29482457,-,2,8.699799,-6.159097,0.88696456,3.2019691,-2.5414772,-7.3747454
chr19,43329385,43330434,-,2,22.53438,-9.200611,0.5657474,0.63470614,11.087108,-15.677473
chr19,54528238,54528513,-,2,6.3879623,-4.4925,1.0298175,3.664898,-4.4194794,-4.444575
chr19,55763973,55764157,-,-1,3.8575451,-3.0788362,-2.783583,4.104052,-14.720532,-23.12651
chr19,57373423,57375026,-,1,36.41486,-21.699627,-4.1692796,-3.5771937,13.81922,-48.52637
chr2,403449,405062,-,1,37.10404,-20.127876,-3.3269887,-2.903041,22.60045,-45.72569
chr2,685058,686764,+,0,37.52075,19.665747,11.449781,-4.1479635,11.8943405,43.832645
chr2,2378986,2380481,+,0,35.24785,21.084375,14.262887,-4.1204767,35.29333,29.533585
chr2,3227051,3228612,+,0,36.2358,20.79837,14.144222,-4.369437,37.640408,32.565365
chr2,4374927,4376412,-,1,34.270718,-20.129326,-2.5607052,-3.9520118,20.517004,-34.46773
chr2,4434749,4436369,-,1,35.73767,-18.977493,-1.8366221,-3.6968567,19.654438,-26.917717
chr2,4787192,4788788,-,1,36.8263,-18.344488,-2.0944793,-3.590417,22.573967,-32.2253
chr2,5543467,5545067,+,0,35.50455,18.636257,11.692764,-4.0615187,20.209143,38.87973
chr2,6208623,6210039,+,0,33.157722,18.939728,13.00843,-3.5083885,26.930468,35.923977
chr2,6980191,6981813,-,1,35.754868,-18.27876,-1.7054895,-3.6372254,27.373215,-23.708855
chr2,7530471,7532088,-,1,37.391327,-21.242126,-1.6676438,-4.3237643,30.19328,-30.926477
chr2,7800526,7802033,+,0,35.230885,19.99843,12.909529,-3.579619,27.444822,38.08444
chr2,9857946,9859386,-,1,32.301113,-17.497194,-1.559212,-3.3041058,20.493895,-22.491741
chr2,9859685,9859869,-,1,4.3925285,-3.7809432,-2.920777,3.8711321,-14.6147585,-24.601984
chr2,11797487,11797883,+,0,9.102782,6.0162306,7.9949183,1.7234955,6.781374,10.418903
chr2,13098706,13099622,-,1,20.810244,-9.990794,-2.9170165,-0.036488876,0.03301472,-37.267956
chr2,13176774,13178357,-,1,35.24871,-20.176487,-3.936582,-3.1770554,17.353508,-45.50814
chr2,13358851,13360322,-,1,31.073467,-16.50541,-2.9724438,-3.8060257,16.018583,-35.77237
chr2,13437788,13438215,-,2,8.925631,-4.900741,0.7607098,3.014152,0.9615934,-6.5560136
chr2,13896613,13897071,+,0,10.564293,7.943262,12.202529,2.0622158,-13.508124,29.406712
chr2,13897365,13898442,+,0,24.136286,11.283987,10.210579,-0.6417917,18.595953,15.093618
chr2,14028332,14028408,-,2,1.3649651,-0.2873095,4.6289473,6.1454697,-22.177927,1.9548854
chr2,15205946,15207534,+,0,35.00783,19.158463,12.037767,-3.4784436,13.06516,34.028225
chr2,15304431,15304912,+,0,10.87987,7.0867553,12.30787,2.2473297,-14.11062,30.554068
chr2,15304920,15305117,+,0,4.3607683,3.6081312,7.537572,2.388491,0.6997193,10.363553
chr2,15370590,15370983,+,0,9.403399,5.8382277,8.3364105,1.3700881,7.1960707,8.568539
chr2,17030881,17032361,-,1,33.769745,-18.839851,-3.9382887,-3.370303,12.458893,-47.001923
chr2,17992924,17994032,+,0,25.174782,12.322743,10.293537,-0.73637766,19.155022,15.958666
chr2,20927907,20929445,-,1,36.079338,-19.80141,-3.767001,-3.1989715,15.711897,-43.341537
chr2,21840878,21842504,+,0,37.106777,21.38212,11.822974,-4.266356,16.507412,44.253105
chr2,24990691,24991727,+,0,23.236229,11.725291,9.9581995,-0.38222685,17.686054,12.95574
chr2,34458188,34459827,+,0,36.730625,17.835344,11.324378,-3.9099126,13.095125,41.242702
chr2,35039701,35039952,+,0,5.777695,5.183082,12.025044,3.9357889,-21.137276,25.431839
chr2,35039945,35041003,+,0,23.357769,10.177282,10.199983,-0.7980976,16.267082,17.00929
chr2,35247432,35247973,-,2,12.284945,-6.24133,0.73686504,2.5245268,1.7990171,-8.770265
chr2,35248360,35249420,-,1,23.841887,-14.100062,-2.9469645,-0.11755224,0.050315395,-38.161415
chr2,35558261,35559849,+,0,35.148033,17.125616,14.007447,-4.1384487,38.568695,31.30795
chr2,35632309,35632655,-,1,7.4218197,-6.3360972,-3.3293881,2.5857475,-12.968587,-31.266724
chr2,39326468,39326658,+,0,4.2602267,3.2903986,7.574744,2.4230604,0.52940696,10.525738
chr2,41126677,41127307,-,1,14.472058,-9.114747,-3.0920422,1.0016067,-4.765487,-35.32598
chr2,41470646,41472074,+,0,31.922453,16.723526,12.226547,-0.9545593,2.932469,33.7339
chr2,41472074,41472145,+,2,1.6235076,1.5630265,5.154715,5.674389,-20.60135,6.2034216
chr2,44166349,44166387,+,2,0.47497243,0.2757996,4.7561507,6.1327796,-23.399364,3.042115
chr2,50938386,50938584,-,1,4.3457966,-3.870708,-2.893804,3.9009883,-14.46601,-24.882164
chr2,50941284,50942909,+,0,36.40142,20.056198,11.407372,-4.154003,16.283186,42.36176
chr2,52647579,52649141,-,1,34.884136,-18.887213,-3.111531,-3.5287027,17.076717,-38.673412
chr2,52666105,52667017,-,1,21.237543,-11.3606205,-2.9648013,0.16948599,-0.6023765,-37.796505
chr2,54324647,54326267,+,0,37.510277,20.727594,12.332517,-3.875413,24.2559,38.146717
chr2,55559791,55559839,+,2,0.78465647,0.6986602,5.050759,6.8374634,-25.93979,5.33596
chr2,55560130,55560496,+,0,8.54036,6.5731683,12.251227,2.619883,-16.275276,29.950022
chr2,55560806,55561979,+,0,25.951658,11.30062,10.302905,-0.81434846,15.720669,17.6409
chr2,57250189,57250416,+,0,5.348414,4.1683617,11.9279995,4.163416,-21.689894,23.878967
chr2,57252634,57253944,+,0,27.96817,14.419133,10.718171,-0.9167987,20.706942,18.09751
chr2,57855713,57856153,-,2,9.656445,-5.647204,0.6834827,2.8696811,0.26809907,-6.1797366
chr2,58942144,58943662,+,0,34.979553,21.89002,14.132239,-4.124726,33.939327,32.265694
chr2,59098165,59098952,-,2,17.278679,-7.877741,0.6518983,1.6251128,5.689224,-10.831371
chr2,59098948,59099565,-,1,14.079456,-9.48905,-3.1094282,1.5170217,-8.192876,-36.81346
chr2,59607344,59608949,+,0,35.837635,19.527391,11.821192,-3.8734055,16.551138,38.188984
chr2,59703897,59705478,-,1,35.161575,-19.304255,-3.4017196,-2.7726233,25.243431,-47.441578
chr2,60515992,60516033,-,2,0.62715656,-0.44251516,4.3504324,6.199417,-25.061422,0.8618119
chr2,64925137,64925192,-,2,1.3070904,-1.344934,4.1586766,6.022216,-19.944897,-0.5833549
chr2,72264964,72265239,+,0,6.0410137,4.891497,12.100636,3.5407434,-20.513573,27.677866
chr2,72267721,72267818,+,2,2.3893108,1.5369861,4.804866,7.1461277,-23.68603,9.556692
chr2,73530061,73531658,-,1,36.718807,-19.945066,-1.5317403,-4.0215707,28.236565,-31.509863
chr2,73673341,73673436,+,2,1.6948924,-0.36870727,4.3396344,6.1528883,-26.78153,2.2410302
chr2,75486872,75487132,+,0,5.6275554,3.645639,11.895477,4.2321343,-22.369492,24.065088
chr2,75854979,75856596,+,0,35.645157,21.226702,14.221964,-3.396348,33.65261,23.207054
chr2,75940479,75940533,+,2,0.81935185,0.70633,5.0886416,6.8684163,-25.66924,5.115842
chr2,75941127,75942561,+,0,32.587357,15.824691,12.098719,-1.1129403,2.9050386,32.100998
chr2,76356312,76357924,+,0,35.756042,18.5228,11.541164,-3.8973196,16.422733,40.459805
chr2,78137132,78138604,+,0,32.21752,17.506958,12.937845,-3.487429,30.512112,36.78174
chr2,81922001,81922271,-,2,5.787791,-3.9021342,1.2810222,4.1270666,-5.739994,-4.1229672
chr2,82869555,82869940,-,2,7.853064,-2.4053347,3.392476,5.3548265,-17.548092,-5.093307
chr2,82869937,82870236,-,1,6.2143807,-4.497519,-3.1180184,3.335588,-12.608286,-26.688353
chr2,83615900,83616135,+,2,5.1895537,1.5791581,6.9983373,5.8427896,-36.37358,13.245763
chr2,87898883,87900134,+,0,28.24609,18.23943,13.580316,-3.8075445,28.70157,29.28136
chr2,88814918,88816521,+,0,37.16584,20.53389,11.555452,-3.978585,18.54286,46.538464
chr2,91900847,91901356,-,2,11.121519,-5.1611004,3.667362,3.123614,-26.569628,-21.56227
chr2,91910154,91910518,-,1,8.033382,-7.4415293,-3.4506102,2.6398764,-13.98054,-31.744509
chr2,94764534,94764778,+,-1,5.2905216,1.3823823,11.559228,11.70517,-67.02082,8.798424
chr2,94764766,94764811,-,2,0.98971486,-0.6147725,2.5843863,6.9521437,-31.57371,-6.46948
chr2,94767175,94767314,+,2,3.0575054,1.4189018,7.780578,6.741847,-36.70494,23.80047
chr2,94767621,94767865,+,-1,5.00753,1.8078578,11.66612,11.764916,-68.17392,8.883803
chr2,94770306,94770439,+,-1,2.7307646,0.9724917,8.715333,6.269394,-43.077896,20.959135
chr2,94770764,94771008,+,-1,5.203939,1.5513498,11.484347,11.627962,-66.26433,8.632847
chr2,94774266,94774419,+,-1,3.0485632,0.93816006,8.249815,7.106409,-40.263885,25.102648
chr2,94774727,94774993,+,-1,5.823408,2.0747073,11.610112,11.649348,-68.450905,6.131662
chr2,94777284,94777438,+,-1,3.0421808,1.0818069,8.186039,6.911135,-39.703598,23.905628
chr2,94777749,94777992,+,-1,5.3292565,1.4633741,11.424303,11.607413,-66.17202,7.8034225
chr2,94780615,94780715,+,-1,1.7565197,0.7673723,8.403725,6.6151695,-40.4922,21.411808
chr2,94781037,94781271,+,-1,4.384587,1.4737166,10.861347,11.977118,-63.95713,5.7200785
chr2,94783709,94783848,+,-1,2.5330503,1.1151451,8.315175,6.95214,-41.225563,23.350279
chr2,94784166,94784409,+,-1,5.162634,1.5274769,10.947301,11.307654,-62.260483,7.614573
chr2,94784675,94784827,+,2,2.969458,0.94729215,7.8934617,6.1417656,-39.44286,18.50386
chr2,96437917,96439698,+,0,40.528015,21.294397,13.532876,-3.3462486,27.434532,26.129963
chr2,97064602,97065104,-,1,10.864055,-6.433982,-3.1555545,1.926392,-10.524191,-36.245914
chr2,97317460,97317962,+,0,10.803133,6.1508484,12.29401,2.244646,-14.333845,30.235039
chr2,97390542,97391044,-,1,10.774649,-6.020849,-3.2479508,2.0707903,-10.561043,-36.275307
chr2,101926638,101928238,+,0,36.613167,18.804596,11.472053,-3.7660894,17.124735,39.314613
chr2,102916458,102917975,-,1,35.22739,-18.28581,-2.8127491,-3.8026779,21.136883,-37.957184
chr2,106663157,106664648,+,0,35.75645,20.676514,12.866886,-3.7088726,25.873873,35.598473
chr2,106670348,106671960,+,0,32.79712,14.878721,11.410878,-3.1999493,15.313896,27.897364
chr2,108946867,108948447,-,1,37.682762,-22.417759,-1.8533871,-4.327739,29.87237,-31.28345
chr2,110088193,110089792,+,0,36.978985,19.8544,11.532389,-4.0729275,18.553236,46.555954
chr2,110281583,110283182,-,1,36.988647,-19.75547,-1.7111322,-3.6172452,31.184835,-25.03015
chr2,115445266,115446422,+,0,26.76335,16.427917,12.202847,-0.41543588,-0.6913001,32.701996
chr2,115446982,115447474,+,0,10.665077,5.705557,8.468496,1.2169832,8.297403,9.14096
chr2,115474458,115474995,+,2,11.049628,5.0655828,7.661032,6.4384375,-13.721029,22.03307
chr2,116193632,116195141,-,1,34.322178,-19.006994,-3.1747568,-3.6493094,23.530386,-39.934525
chr2,116541929,116543470,-,1,32.656525,-16.708948,-2.7266586,-3.5166068,17.15057,-34.6102
chr2,116695163,116695399,-,2,4.930858,-3.0443614,3.5435362,6.6077747,-17.680635,-19.733797
chr2,116894912,116894970,+,2,1.6852907,1.6255144,5.1989927,6.8254147,-27.303991,8.85521
chr2,116894973,116896526,-,1,33.62001,-17.065956,-1.6914399,-3.4806616,20.03749,-24.88416
chr2,117882066,117883639,+,0,37.287567,20.429089,14.136654,-4.171372,34.864075,30.720848
chr2,121157244,121157283,+,2,0.6876406,0.8053109,4.935349,5.96011,-22.136747,4.225412
chr2,122370994,122372625,-,1,36.8342,-21.844568,-1.9029365,-3.847631,24.995945,-30.566288
chr2,123531434,123531623,-,2,4.27436,-3.2899323,1.4211767,4.3420587,-7.8348346,-1.7680467
chr2,125379960,125380252,-,2,7.2406893,-5.0073485,0.91207653,3.3888166,-2.655265,-4.2085648
chr2,126387341,126388632,+,0,28.98587,14.994752,12.207864,-0.533205,0.5554048,32.14111
chr2,126389097,126389437,+,0,8.335968,5.7643204,8.145089,1.6024133,5.635325,8.3256645
chr2,126925578,126927106,+,0,35.28717,20.922392,13.758792,-4.2198787,35.099716,34.168575
chr2,127237926,127238816,+,0,20.157946,11.619232,12.213569,0.49348533,-5.7664895,32.096516
chr2,127239114,127239791,+,0,14.910008,7.5896397,9.350854,0.23587541,14.160177,9.775478
chr2,130054322,130054378,-,2,1.2689375,-0.09539102,2.7471814,6.7099957,-29.028189,-7.0192223
chr2,130055998,130056276,+,-1,5.502775,1.1701802,11.336186,11.617558,-66.18662,6.4646845
chr2,130058625,130058762,+,-1,3.1969545,1.339657,8.225444,7.123144,-41.231827,25.252249
chr2,130059110,130059206,+,-1,2.3210235,1.0888957,6.188051,10.154539,-45.694046,-1.564928
chr2,130444807,130445044,+,-1,5.0624504,1.6046757,11.561737,11.691539,-67.36545,8.783508
chr2,130445032,130445088,-,2,1.2689375,-0.09539102,2.752032,6.7103558,-29.028208,-7.0192738
chr2,130449340,130449477,+,-1,3.101262,1.2729774,8.261968,7.0595856,-41.238914,25.231665
chr2,130449824,130449929,+,-1,2.3290842,1.104737,6.186225,10.097597,-45.69073,-1.5800625
chr2,130671595,130671700,-,2,2.3132663,-1.0995014,2.5438542,6.975114,-32.455498,-8.346055
chr2,130672047,130672184,-,-1,3.0686574,-1.1906143,3.978245,1.3388057,-34.262466,-28.009811
chr2,130674527,130674580,+,-1,1.1382334,0.426089,6.0713882,10.204249,-42.654335,-1.9161574
chr2,130676436,130676492,+,-1,1.2000339,0.1426565,6.6531887,9.67754,-39.9,2.5783043
chr2,130676480,130676717,-,-1,5.0303583,-1.6252265,1.4942341,14.621919,-55.19922,-13.68457
chr2,131278270,131278366,-,2,2.2837627,-0.98683494,2.5366957,6.9801955,-32.46085,-8.359477
chr2,131278708,131278845,-,-1,3.1706958,-1.3369262,3.9629443,1.3708026,-34.37498,-27.835608
chr2,131281176,131281229,+,-1,1.3054029,0.56486326,6.0987344,10.213121,-42.628952,-1.8581179
chr2,131283085,131283141,+,-1,1.2854763,0.117855474,6.650356,9.681578,-39.940872,2.6571672
chr2,131869162,131869430,-,2,5.403373,-3.1948657,1.3194731,4.216528,-6.0134907,-1.8584712
chr2,132121967,132123112,-,2,25.920195,-11.701488,-0.17372306,0.32735413,5.403202,-23.411032
chr2,132123105,132123177,-,2,0.9367838,-0.5042945,4.017376,6.5117464,-22.554926,-0.5358008
chr2,137798579,137800192,+,0,36.369377,18.85195,11.390696,-3.6448855,11.521863,38.774483
chr2,138461245,138461329,-,2,1.9835703,-1.8618495,2.069305,5.2531977,-12.888203,-0.70309526
chr2,138462872,138463179,-,2,6.864974,-4.0894127,0.9076562,3.3776805,-3.098852,-3.4404316
chr2,139617669,139618365,-,1,15.348747,-8.29733,-3.0168655,0.96568114,-5.1542807,-37.987362
chr2,139853160,139853511,+,0,7.793055,5.346665,12.052276,3.7445228,-21.641685,27.735256
chr2,141174707,141176271,+,0,34.65269,16.655548,11.608687,-3.59542,16.094608,35.564045
chr2,142309852,142311445,-,1,36.69742,-18.909853,-1.370908,-3.6132028,23.949768,-22.80252
chr2,143056307,143057822,-,1,34.39384,-17.361261,-2.6386414,-3.7858434,13.0825,-39.892998
chr2,145419779,145421388,-,1,36.36455,-19.967346,-3.0585806,-3.294762,25.7446,-40.492664
chr2,146458180,146459715,-,1,34.2716,-17.874298,-3.6367292,-3.2064195,12.992835,-40.221012
chr2,146493763,146495294,-,1,35.249424,-19.329252,-2.96121,-3.7874117,20.966385,-38.446026
chr2,152058255,152059781,+,0,36.09259,20.978868,13.00881,-3.7025506,26.745237,37.46289
chr2,152786084,152787093,-,2,21.962713,-10.786316,0.39615762,0.7918621,8.4094515,-16.547586
chr2,152787540,152788042,-,1,11.754823,-7.7734084,-3.2004993,1.8794492,-8.864893,-33.74643
chr2,153266793,153267896,-,2,25.646132,-10.944106,0.46167684,0.35485876,11.148924,-17.853426
chr2,153268019,153269654,-,1,35.816746,-16.934906,-1.6913618,-3.5354378,30.48698,-22.61222
chr2,154477237,154478770,+,0,33.50837,19.23526,11.405626,-3.5337403,17.22355,33.165787
chr2,155552313,155552344,+,2,0.63917154,0.8138785,4.7067704,6.836174,-24.062077,7.1419125
chr2,155795039,155796726,-,1,38.22623,-21.6782,-3.4591641,-2.8508365,27.942633,-46.383606
chr2,155818239,155819695,+,0,33.418926,16.18272,12.22181,-0.67672956,1.0384406,33.15923
chr2,155819949,155820278,+,0,7.2952538,4.7294717,8.008028,1.780807,3.9764688,8.467802
chr2,155828903,155828971,-,2,1.6281037,-1.7470845,2.2259893,5.382002,-13.77738,-0.6056601
chr2,155828976,155829349,-,1,8.199992,-6.1992507,-3.2914326,2.5781536,-12.553987,-31.498304
chr2,160807913,160808023,+,2,2.2379825,1.410057,5.4828277,6.153687,-31.455704,4.3728447
chr2,162848131,162849012,-,1,20.188581,-10.93372,-2.8888037,-0.05419928,-0.187913,-37.28156
chr2,164413609,164415114,-,1,35.912804,-22.308712,-3.3271315,-3.6610687,18.480896,-41.51441
chr2,166596486,166596885,-,2,8.729881,-5.760602,0.66080815,2.963704,0.0021115,-4.8127713
chr2,168955630,168956004,-,2,7.8765454,-4.4816027,0.92725015,3.2763112,-3.3785431,-6.85657
chr2,175385240,175386772,+,0,35.100777,21.075901,13.978186,-4.1769466,33.679245,31.23763
chr2,178095041,178096153,-,2,25.211887,-11.483555,0.1761971,0.5677357,8.64408,-18.29837
chr2,178096472,178096889,-,1,9.085783,-6.4405174,-3.1811411,1.9966007,-11.856428,-33.80223
chr2,178097185,178097246,-,2,1.1128632,-0.85081744,3.9361703,6.411785,-23.8089,-0.7067624
chr2,180169043,180170539,-,1,34.113197,-17.15386,-1.7553885,-3.7393465,23.200111,-27.879517
chr2,183781873,183783481,+,0,35.838448,18.663134,11.707111,-3.9012299,17.843178,39.06356
chr2,184017497,184019102,+,0,35.580154,21.12847,12.30992,-3.760906,22.43599,35.11068
chr2,185264135,185265729,-,1,35.97352,-18.417278,-3.2916107,-2.892405,21.954285,-47.274532
chr2,185484165,185484852,+,0,15.689344,9.586832,12.212014,1.1580516,-8.64773,31.505255
chr2,185484882,185485572,+,0,14.8657675,7.970519,8.865702,0.7881936,10.591761,7.861935
chr2,186160151,186161777,+,0,36.79128,19.309,11.842097,-3.7368884,14.7442875,36.331337
chr2,186385333,186386954,-,1,36.665203,-19.522633,-2.0464182,-3.784821,28.118555,-30.063356
chr2,188018840,188019267,+,0,10.730523,8.607416,12.20314,2.692478,-16.96016,31.91955
chr2,188019576,188020751,+,0,26.291014,12.565043,10.30338,-0.6772417,19.962162,15.041832
chr2,188584956,188586164,-,2,26.73198,-12.465432,0.28760034,0.28354216,14.5758705,-18.243547
chr2,190014563,190016181,-,1,36.902023,-20.428783,-2.5353801,-3.5565214,28.129711,-39.645058
chr2,193918344,193919562,+,0,26.992199,11.974373,10.459725,-0.73942065,20.541483,17.06399
chr2,194978854,194980395,-,1,34.139843,-18.356201,-4.1169767,-3.5988402,16.75469,-48.016464
chr2,195113818,195115398,+,0,34.644917,19.617249,14.171584,-4.089888,36.795025,27.493048
chr2,203930530,203930687,+,2,3.2384934,1.476373,5.085996,5.832039,-18.553364,4.0844493
chr2,203931039,203931243,+,0,4.751158,4.026487,7.63172,2.285273,1.4474149,10.38865
chr2,206348684,206350202,-,1,34.83924,-18.75915,-1.5900921,-3.5614693,27.156767,-26.067501
chr2,206350378,206350495,-,-1,2.9162407,-2.8755682,-2.733897,4.098796,-14.469381,-22.290272
chr2,208562412,208563506,-,2,25.093979,-11.429907,0.13634448,0.60983485,8.197345,-18.724522
chr2,208563533,208564026,-,1,11.827379,-8.945424,-3.1480818,1.527216,-6.8044004,-34.189957
chr2,208599199,208600821,-,1,35.4646,-17.745203,-1.6263163,-3.8725307,22.550802,-26.480772
chr2,208859013,208859767,+,0,18.615393,11.350682,12.208164,0.82255596,-7.084157,32.390633
chr2,208860278,208860352,-,2,1.5669148,0.36439538,4.787725,6.1481533,-28.918274,2.6883426
chr2,208860318,208861119,+,0,17.439753,8.760793,9.6424885,-0.097239695,15.810018,11.075009
chr2,210989720,210989757,-,2,0.7006177,-0.40494776,4.4687595,6.1241217,-25.355835,0.869267
chr2,212169989,212171509,+,0,35.758926,19.956888,13.073794,-3.508921,28.345943,35.647053
chr2,213462845,213463796,+,0,22.29735,13.132003,12.23899,0.14431533,-3.3156943,33.59154
chr2,213477296,213477866,+,0,12.962185,8.350645,8.934781,0.7234301,10.748066,9.66536
chr2,213855898,213856821,-,2,20.50379,-10.460862,0.5628836,1.3865688,4.04021,-13.788833
chr2,217542743,217542825,-,2,1.929437,-1.911056,2.13494,5.3070755,-13.171465,-0.9518637
chr2,217543082,217543225,-,2,2.8238919,-2.1513913,1.4449148,4.400121,-9.221026,-3.2686462
chr2,217543223,217543732,-,1,11.078511,-8.016593,-3.1200075,1.8714521,-9.691401,-35.91432
chr2,220715621,220717200,-,1,37.116188,-21.271622,-1.3873188,-3.7752504,29.812786,-24.188307
chr2,221086695,221087290,-,1,13.646452,-8.385172,-3.0581014,1.1343554,-5.0276127,-37.011364
chr2,221127171,221128761,+,0,36.137592,20.770351,12.094757,-3.4435837,19.769688,32.105343
chr2,222491683,222493148,-,1,33.42649,-19.988405,-3.015765,-3.895573,18.560999,-38.729755
chr2,225570727,225572294,-,1,37.11809,-21.69233,-3.7560787,-3.8382373,18.203163,-47.594612
chr2,227948937,227950339,+,0,31.866207,18.588211,13.866486,-3.3794546,29.020617,25.08334
chr2,227950646,227950743,+,2,2.2449346,1.6563891,5.403969,5.616594,-19.13128,9.184414
chr2,228754000,228754330,-,2,7.807264,-5.6025014,0.92587847,3.3463194,-3.5314095,-6.604231
chr2,228998461,228998814,+,0,7.4500566,5.7598915,12.120159,3.3774846,-19.02876,27.280443
chr2,228998814,229000000,+,0,25.092606,6.364276,11.461175,0.07257507,-2.0141711,26.35825
chr2,229000000,229000447,+,0,9.777588,4.309231,8.299597,1.406828,7.88011,7.379659
chr2,230140223,230141838,+,0,36.577496,20.289669,11.496712,-3.8604367,15.035608,42.73538
chr2,236834903,236836511,-,1,37.038757,-20.642378,-1.6255606,-3.7901044,25.996412,-28.614962
chr2,240633209,240634743,+,0,35.565617,20.105879,14.154775,-3.2858143,31.961302,23.352953
chr20,7162909,7163347,+,0,10.609976,8.871891,12.194255,2.4963098,-16.035006,32.21053
chr20,7163654,7164842,+,0,26.4687,12.607521,10.28799,-0.69669276,19.507967,15.254099
chr20,15281247,15282846,-,1,37.80726,-21.353321,-3.2663703,-2.8565772,26.044336,-44.51671
chr20,19138856,19140383,-,1,36.701607,-21.462494,-4.161055,-3.5051408,15.585178,-48.215336
chr20,20829210,20830809,+,0,37.655106,21.299112,11.732463,-4.124388,18.572876,43.913155
chr20,24863938,24865018,+,0,26.35094,13.179764,12.158085,-0.22386323,-0.8319936,31.649
chr20,30632993,30633237,+,-1,5.0692015,1.3459212,11.611715,11.712375,-67.28747,9.572703
chr20,30633225,30633309,-,2,1.5306189,-0.75437737,2.540431,6.996259,-32.43491,-6.371416
chr20,30635421,30635564,+,-1,2.5765347,1.1787187,8.659524,6.298961,-41.95624,19.997639
chr20,30635880,30636112,+,-1,4.584577,1.4470983,11.133801,11.378768,-63.915253,9.250066
chr20,30636110,30636166,-,2,0.9741293,-0.38206285,2.703987,6.8277106,-30.20015,-5.7005877
chr20,30638486,30638619,+,-1,2.7256026,0.98616993,8.217988,7.1251955,-39.973488,25.2084
chr20,30638953,30639193,+,-1,4.9804974,1.3900924,11.596369,11.629232,-67.755615,6.702899
chr20,30641911,30642066,+,-1,2.7870364,0.85044247,8.18505,6.682657,-39.58992,22.702972
chr20,30642374,30642584,+,-1,4.332084,1.2455838,11.033775,11.4135895,-63.45944,8.02922
chr20,30643629,30645156,-,-1,30.397278,-12.306715,-4.919784,-0.2936207,11.980579,-27.887672
chr20,30645817,30645902,-,2,1.7846915,-0.49336395,2.5981338,6.967406,-30.99016,-7.7955647
chr20,30648301,30648432,+,-1,2.526794,0.9021338,8.315859,6.8042474,-41.05184,23.235588
chr20,30648769,30649002,+,-1,4.8118334,1.8369278,10.963174,11.314189,-62.392612,7.293381
chr20,30649270,30649422,+,2,3.1693785,0.8982159,7.84787,6.1177173,-39.35166,18.38728
chr20,31364594,31364977,-,2,8.829352,-5.8711834,0.73264086,3.034266,-0.9998824,-5.322603
chr20,37654051,37655641,-,1,37.072514,-20.976873,-3.2093394,-2.8119287,25.558947,-45.358784
chr20,38280801,38282371,-,1,37.38292,-21.181225,-4.159929,-3.5170395,15.655396,-46.493126
chr20,40059546,40059949,+,0,9.373748,6.3123417,12.1834345,2.8078287,-16.556292,29.525764
chr20,40060258,40060392,+,2,3.1191652,2.0928628,5.2276826,6.856407,-27.75441,9.428363
chr20,40060748,40061867,+,0,25.079332,11.455194,10.146793,-0.7292615,15.892096,16.89185
chr20,44037811,44038081,+,0,5.9571543,4.55237,12.033571,3.8796103,-21.520344,26.290174
chr20,52220549,52221967,-,1,34.687267,-19.960285,-3.2207398,-3.6849952,19.941578,-40.670826
chr20,55764054,55765659,-,1,34.95995,-20.518614,-1.8941841,-4.2609997,28.053474,-34.165985
chr21,13076698,13076770,+,2,0.9752878,0.48021054,4.8717003,6.7720766,-24.761618,4.892241
chr21,13076763,13077907,+,0,25.547115,11.546523,11.200794,-0.43958715,10.688734,20.161507
chr21,13322095,13323433,+,0,29.253355,15.076761,12.32276,-0.7265883,0.15810834,36.017456
chr21,13323816,13323829,+,2,0.1677911,-0.08753478,4.4655375,6.3194156,-24.447004,1.7372558
chr21,13329898,13330166,+,0,5.2731943,3.4437723,7.710423,2.1679409,1.5433487,8.725117
chr21,13851752,13851996,+,-1,4.8890624,1.3703103,11.546171,11.68082,-67.14106,10.18098
chr21,13851984,13852040,-,2,1.1846887,-0.6779719,2.4743462,7.067803,-31.984507,-6.4246216
chr21,13854388,13854533,+,2,3.0585184,1.4148792,7.7304173,6.7149277,-36.354996,23.92689
chr21,13854840,13855084,+,-1,4.8989763,1.7388066,11.616887,11.741842,-68.016335,9.261132
chr21,13857522,13857631,+,-1,2.010845,0.54320383,8.717828,6.3946824,-41.738075,21.094637
chr21,13857959,13858210,+,-1,5.9326596,0.5122997,10.959013,11.305637,-61.9408,9.903567
chr21,13861008,13861159,+,-1,2.9774306,1.0942339,8.644672,6.2849803,-42.09694,19.84337
chr21,13861464,13861707,+,-1,4.4862256,1.2084769,11.105345,11.401525,-63.85495,9.216959
chr21,13861695,13861751,-,2,1.1074301,-0.42732686,2.741332,6.734969,-29.858017,-6.7039237
chr21,13863872,13864023,+,-1,2.9265137,0.88253725,8.205247,7.1265974,-39.769264,25.625633
chr21,13864340,13864574,+,-1,4.9507604,1.5761404,11.610268,11.577986,-68.009926,7.1156383
chr21,13867287,13867442,+,2,2.4717789,1.1184908,8.155661,6.6473284,-39.06644,22.307446
chr21,13867752,13867992,+,-1,4.2445335,0.68455905,11.034017,11.3559675,-64.46595,10.607001
chr21,13869027,13870563,-,-1,30.481434,-11.873323,-4.91978,-0.2939377,11.983007,-27.863232
chr21,13870557,13870712,+,-1,3.182662,1.3161488,16.012867,8.457601,-43.623272,24.94191
chr21,13871020,13871261,+,-1,4.6522613,1.7749273,10.835567,12.05893,-64.327415,5.522376
chr21,13871251,13871308,-,2,1.1338425,-0.43293583,2.7390072,6.7365417,-29.37946,-6.4689918
chr21,13872120,13872949,-,2,15.700529,-4.035473,3.300891,4.133134,1.4630483,-14.712103
chr21,13872976,13873739,-,1,14.911004,-5.8641405,-2.989557,1.0277375,-5.7213526,-38.845203
chr21,13873735,13873878,+,2,3.169768,1.3045671,7.586026,6.676907,-35.960625,23.974497
chr21,13874191,13874431,+,-1,5.152799,1.4450885,11.652781,11.748435,-68.43238,9.511699
chr21,13876856,13876964,+,-1,2.0001884,0.44550437,8.666544,6.4393005,-41.755928,21.142921
chr21,13877294,13877526,+,-1,4.8840585,1.3541481,11.104711,11.40393,-62.519848,10.038687
chr21,13880331,13880480,+,-1,2.6965506,1.1784807,8.654157,6.2998056,-42.065353,19.951082
chr21,13880785,13881028,+,-1,4.823257,1.3287541,11.121628,11.408793,-64.115364,9.191758
chr21,13881016,13881072,-,2,1.0604119,-0.3785389,2.7131946,6.773044,-30.09753,-6.947964
chr21,13883378,13883529,+,-1,3.139541,0.31482705,8.2018385,7.209092,-39.823406,25.78899
chr21,13883847,13884088,+,-1,5.10639,1.5384258,11.585699,11.632371,-67.845215,7.279553
chr21,13886849,13887005,+,-1,2.6489124,1.0150187,8.170729,6.7114706,-39.42941,22.679453
chr21,13887316,13887556,+,-1,4.6139355,1.3301145,11.119262,11.419714,-64.59507,10.545821
chr21,13890115,13890269,+,-1,3.0068057,1.1152478,16.01304,8.457664,-43.611477,24.932928
chr21,13890577,13890818,+,-1,4.6661024,1.5811108,10.882551,12.010828,-64.4965,5.624299
chr21,13890808,13890865,-,2,0.86084765,-0.273966,2.7625947,6.7289705,-29.236776,-6.131411
chr21,13896399,13896508,+,-1,2.1617913,0.5519406,8.66897,6.4134784,-41.85665,21.330063
chr21,13896825,13897070,+,-1,4.7741833,0.6730542,11.0314245,11.360291,-62.305305,9.730838
chr21,13899874,13900028,+,-1,3.0068057,1.1152478,16.01307,8.457725,-43.611423,24.933863
chr21,13900336,13900577,+,-1,4.6787033,1.5318264,10.839567,12.058695,-64.40649,5.582763
chr21,13900567,13900618,-,2,1.1016941,-0.36519438,2.6496038,6.777915,-30.094055,-6.683221
chr21,13903005,13903155,+,-1,3.1825266,0.4108315,8.322246,6.9321284,-40.931488,23.743778
chr21,13903460,13903702,+,-1,4.8991494,1.0358658,10.929238,11.295926,-62.17782,7.69053
chr21,13903959,13904111,+,2,3.2083552,1.065364,7.891481,6.140486,-39.292137,18.494364
chr21,14228858,14230510,+,0,38.035038,22.80002,14.30338,-3.3302755,31.80665,25.303904
chr21,16694358,16695975,-,1,36.842293,-18.32013,-1.4960821,-3.5992253,23.288368,-22.21703
chr21,18391145,18392664,-,1,33.553883,-17.977406,-2.9956317,-3.603626,21.497595,-38.991554
chr21,18509751,18511152,+,0,30.280596,14.782132,12.322042,-0.7112167,0.5867399,35.502037
chr21,18711829,18713425,+,0,36.574112,19.965788,13.723672,-4.2113285,35.392437,34.340473
chr21,18848221,18848355,+,2,2.761488,1.63282,4.841503,7.1392264,-24.965857,9.0157795
chr21,18849477,18851099,+,0,36.27708,20.763626,14.116566,-3.2371473,30.860899,21.241257
chr21,19316618,19317625,-,2,22.646347,-10.613264,0.48763517,0.64594054,9.95262,-15.246994
chr21,19628214,19629760,+,0,35.09009,18.977047,12.474164,-3.7363746,20.488075,32.830917
chr21,20049348,20050846,+,0,32.36858,15.739177,13.679188,-4.2252703,35.040836,36.87997
chr21,20152909,20154668,-,1,38.604946,-20.651194,-1.7676306,-3.518568,21.183676,-27.198044
chr21,20510197,20511741,-,1,34.009335,-17.354675,-3.7624185,-3.243203,14.506418,-43.13422
chr21,20613793,20614748,+,0,21.12608,10.271929,9.961553,-0.40692052,16.620611,13.520497
chr21,20842682,20842967,+,2,5.807702,2.0025687,6.0274153,5.959646,-35.068226,7.1981273
chr21,21583269,21584829,+,0,35.903275,18.955803,14.118665,-4.1464777,36.65341,29.072716
chr21,21633586,21634743,-,1,25.197102,-14.060687,-2.880706,-0.30857632,1.6030709,-38.317944
chr21,21894071,21895369,-,2,27.978283,-13.436535,-0.102376744,0.5302993,8.490119,-21.476856
chr21,22336049,22337643,+,0,34.951485,17.794395,13.960945,-4.2917447,38.535053,29.201494
chr21,22373085,22373141,-,2,0.9293331,-0.17747183,4.482631,6.30226,-25.224941,2.4982567
chr21,22373122,22373345,+,2,4.2049446,1.2581526,5.6056514,6.1041055,-32.422894,4.9134607
chr21,22373766,22374492,-,1,16.433092,-6.815759,-2.8854344,0.6594522,-2.2749367,-34.17032
chr21,22374985,22375203,-,1,4.2948346,-3.693207,-2.8492224,3.9649417,-14.647678,-24.348198
chr21,22388584,22388932,+,0,8.149244,6.418965,12.191711,3.0957935,-18.937338,28.976273
chr21,22703879,22704590,+,0,16.829065,10.29727,12.219665,1.2588876,-8.978482,31.359236
chr21,22876925,22878446,-,1,34.734844,-19.541035,-4.0022955,-3.3779373,18.273777,-49.690483
chr21,23212500,23214113,-,1,36.301765,-17.306967,-1.4978815,-3.778711,22.592772,-22.904633
chr21,23987130,23987193,-,2,1.1245099,-0.12984541,4.444472,6.3109517,-25.697111,-1.7086474
chr21,24097998,24098282,+,0,6.4924636,5.0016127,10.476881,4.0097094,-16.13565,20.719625
chr21,24447297,24447659,-,2,8.475539,-6.1482906,0.87227577,3.153772,-2.2660742,-7.5526986
chr21,25449525,25451127,-,1,36.26266,-20.236319,-1.7550262,-4.0645695,27.20189,-32.87357
chr21,25472926,25474498,+,0,35.338413,17.426762,12.026305,-4.090782,18.71436,38.15369
chr21,25847821,25849437,+,0,37.64368,20.966358,11.811319,-4.2116323,18.645567,41.35135
chr21,27517354,27518047,+,0,15.003542,9.106998,12.266271,1.2221736,-8.835021,30.292324
chr21,28029960,28031292,-,1,29.18759,-14.380771,-2.878318,-0.74377257,4.9892383,-41.47489
chr21,28040885,28041153,+,0,5.372597,3.3879735,7.6415977,2.2436306,1.4940617,8.722793
chr21,28181823,28183234,+,0,31.93147,18.0702,13.01694,-3.7443464,26.223658,29.461851
chr21,28317100,28318637,+,0,34.14572,17.637838,13.176457,-3.8097143,27.680986,34.333748
chr21,30132287,30133888,-,1,35.69933,-18.344847,-2.1285207,-3.6145744,27.274204,-30.124743
chr21,30378465,30380074,+,0,37.089615,20.563671,11.602983,-4.2538867,17.36203,41.738358
chr21,37933789,37933952,+,0,4.117029,4.4798913,11.889892,4.2716103,-23.75339,24.272326
chr21,37934108,37934404,+,0,6.457085,3.5588942,10.483065,4.0075502,-16.163357,20.950087
chr21,38367960,38368003,-,2,0.6668398,-0.1518467,4.4537516,6.172629,-25.967846,0.95932895
chr21,40156555,40156894,+,0,7.1609464,4.6333704,12.108932,3.3207536,-19.3688,27.81278
chr21,40156895,40156939,+,2,0.69780964,0.40503746,4.8579044,6.0308404,-23.130209,3.4057171
chr21,44790795,44792312,+,0,33.767044,18.968023,12.906045,-3.845681,24.61301,35.55995
chr22,11916589,11916741,-,2,3.0737462,-0.39913,3.9487085,2.4115567,-32.116627,-22.045422
chr22,11916990,11917268,-,-1,6.067822,-1.095091,1.6983188,14.288304,-52.398777,-12.740807
chr22,11917596,11917729,-,-1,2.6345322,-0.63222766,3.9206073,1.4587986,-34.05855,-26.444208
chr22,11920069,11920125,+,-1,0.8921279,0.19625397,6.6849003,9.631224,-38.752014,2.2628698
chr22,11920116,11920357,-,-1,4.324132,-1.5696089,1.9845675,14.758663,-56.34281,-16.55944
chr22,11920665,11920819,-,-1,2.9928195,-1.0272603,3.8982542,1.249992,-35.442326,-28.275179
chr22,11920813,11922336,+,0,30.883442,12.310896,12.434272,-1.9916689,8.336505,27.140247
chr22,11923322,11923379,+,-1,1.158185,0.46656927,6.1421914,10.154959,-41.500904,-0.9661095
chr22,15306946,15307018,+,2,1.0690005,0.6261735,4.9377575,6.798638,-24.855175,5.20168
chr22,15307018,15308156,+,0,25.136177,11.680893,11.186974,-0.4726099,10.694478,20.158669
chr22,15808617,15808738,+,0,2.9769292,2.6040237,11.7328005,4.5636578,-24.174362,22.297503
chr22,16171145,16171214,+,2,0.88322026,0.56485206,4.954948,6.7464976,-24.764505,4.9845314
chr22,16171207,16172353,+,0,25.164557,10.786834,11.200226,-0.44657165,10.691247,20.159983
chr22,16446713,16447222,-,2,11.048475,-5.3299856,3.675229,3.1149805,-26.588415,-21.539724
chr22,16456036,16456402,-,1,7.8925376,-7.0992613,-3.4447064,2.6323795,-13.850794,-31.714577
chr22,17664284,17665519,-,1,27.922632,-13.463152,-2.8585265,-0.64286166,3.9312139,-38.181557
chr22,33170798,33172366,+,0,36.74885,21.442226,12.12042,-4.1149187,18.991777,40.466183
chr22,34843345,34844862,+,0,35.679752,21.213879,13.323559,-3.648998,28.396513,30.861752
chr22,34889182,34890764,+,0,35.649734,17.381483,14.218532,-3.3299806,33.630642,21.533707
chr22,42677880,42679477,+,0,36.468502,20.125383,13.865908,-4.248154,33.90108,33.417362
chr22,47787333,47787754,+,2,9.351006,4.341406,6.61472,5.792536,-34.638714,10.681579
chr3,829695,831123,-,1,30.86974,-14.618562,-3.0289338,-2.8746746,13.016953,-37.390896
chr3,5709669,5710500,-,1,19.781397,-9.579467,-2.9624934,0.424373,-1.7803112,-36.510185
chr3,5711257,5711338,-,2,1.4161751,-0.9830758,3.7827237,6.510225,-23.848776,-1.146397
chr3,6036835,6038369,-,1,34.205967,-15.5574045,-3.1803076,-2.8011112,27.157423,-44.5148
chr3,7552110,7553464,-,1,30.667217,-16.756723,-3.058174,-1.6022931,6.6672153,-39.87285
chr3,15846022,15846472,-,2,9.96897,-6.626246,0.76408565,2.7623932,0.80738765,-8.206763
chr3,16615572,16617166,+,0,36.946175,22.095087,14.175015,-3.2826762,32.087204,24.75332
chr3,19068252,19069418,+,0,26.007719,12.940099,12.085594,-0.30403858,-0.74587667,31.61848
chr3,19618475,19619347,-,2,19.131975,-10.273626,0.59801596,1.4615421,3.9551818,-13.506889
chr3,19653925,19654132,-,2,4.918388,-4.319419,1.340229,4.245528,-7.2995234,-4.1731677
chr3,19654363,19655825,-,1,33.709496,-16.564604,-2.034504,-2.9466434,8.102658,-34.68878
chr3,22030690,22032278,-,1,35.549515,-20.33519,-1.632619,-3.912699,26.996286,-29.749475
chr3,26087083,26088539,-,1,34.422047,-20.740765,-2.9465733,-3.9156024,19.399982,-38.926857
chr3,27852026,27852976,-,2,21.008125,-11.618787,0.3281762,0.6574694,8.5034895,-17.51136
chr3,27853293,27853719,-,1,10.550999,-8.988754,-3.1997871,1.8351383,-8.660394,-34.665913
chr3,30124782,30125271,-,2,11.257609,-6.772869,0.7770215,2.8403046,-0.13237022,-7.7912374
chr3,35145569,35146651,-,2,24.599667,-11.136192,0.28210235,0.6812447,8.755506,-17.04023
chr3,35146823,35147312,-,1,11.448841,-7.8251424,-3.1336977,1.5530393,-8.019622,-34.47984
chr3,35974142,35975675,-,1,35.022964,-19.845379,-3.9868815,-3.359894,13.077709,-46.406597
chr3,38431955,38432068,-,2,2.4124207,-0.73168564,4.23575,6.1175547,-18.746574,-0.24282819
chr3,40628495,40630113,+,0,38.07079,22.235256,11.89294,-3.9754617,19.657276,36.139954
chr3,42279291,42280925,+,0,37.975426,21.143097,12.510888,-3.9024513,23.088438,38.545483
chr3,42444671,42444974,+,2,6.7497253,3.3815286,5.8528934,6.0036354,-34.378143,5.9458456
chr3,42445245,42445272,+,2,0.42497724,-0.6753775,4.351841,6.347577,-23.414621,-2.4867642
chr3,42445316,42445633,+,0,6.676773,4.5002,7.988222,1.8090751,4.054187,8.364286
chr3,42454727,42455318,-,2,13.31396,-7.7447743,0.74591,1.940979,3.8536472,-10.185628
chr3,43046055,43047308,+,0,29.637934,17.266426,12.380105,-0.65028816,-1.0633812,35.720787
chr3,46822283,46822342,-,2,1.3078313,-1.0578412,2.575717,5.5867085,-15.426024,0.26275882
chr3,46822656,46824230,-,1,37.48471,-20.995527,-1.5011345,-3.8054833,30.335808,-25.382895
chr3,54116282,54117829,+,0,35.569706,20.256308,14.147741,-4.361148,36.77379,32.35582
chr3,58553321,58553636,-,2,7.7952123,-5.9551535,0.89116144,3.3105006,-2.972853,-6.1406336
chr3,58553967,58554685,-,2,16.124624,-6.878678,3.3979747,4.057188,-23.610453,-14.7077055
chr3,60480348,60481104,-,2,16.205082,-8.717805,0.67296237,1.5509834,5.5047026,-12.29459
chr3,63025958,63027579,-,1,36.37711,-20.284252,-1.3967923,-3.7958007,27.525581,-29.012768
chr3,67252924,67254492,+,0,37.120678,20.88392,11.365866,-3.8068068,12.210811,39.39111
chr3,68298886,68300632,+,0,39.408596,19.843693,14.129456,-3.2685773,29.31832,23.651512
chr3,68377138,68378652,+,0,33.215202,18.007425,12.548886,-3.519799,22.730736,34.627907
chr3,73820710,73822343,+,0,37.352444,19.851194,11.335299,-4.1871214,10.250609,41.519444
chr3,75235257,75236676,+,0,32.613297,19.682129,13.012907,-3.5320706,26.25107,34.90814
chr3,75994676,75996176,+,0,34.199818,19.358957,13.527567,-4.168939,32.30649,32.463455
chr3,79741615,79742491,+,0,19.073906,8.619369,12.181487,0.5844507,-6.043822,31.15612
chr3,79861563,79863169,+,0,35.843536,19.137665,11.594876,-3.864597,13.642599,39.16938
chr3,80291188,80292758,-,1,32.945385,-17.15435,-1.6304632,-3.3315728,24.236355,-24.448004
chr3,80920862,80922051,+,0,25.631464,12.198615,12.228006,-0.29427376,-1.9983405,32.30161
chr3,82448249,82449736,+,0,32.28458,17.220665,12.886736,-3.5305097,24.15926,30.87164
chr3,87149450,87151080,-,1,37.014244,-21.689413,-1.3318305,-3.9664931,30.136486,-26.784472
chr3,87195252,87196748,+,0,33.70972,17.90221,14.09571,-4.3958526,35.048775,30.48587
chr3,87473536,87475046,+,0,34.38396,18.350475,14.053778,-4.0774846,34.277203,29.782095
chr3,87812136,87813612,+,0,33.195023,19.177872,12.924828,-3.7183747,25.227861,32.359406
chr3,88563383,88564174,-,2,17.761536,-8.040801,3.3419151,3.995307,-23.325605,-14.930952
chr3,88779940,88781439,-,1,33.37745,-18.10737,-3.079848,-3.4621694,17.636423,-37.82647
chr3,88794791,88796414,-,1,35.364017,-17.75644,-1.6552984,-3.627749,26.475815,-28.58274
chr3,89730073,89731194,+,0,26.039417,11.965941,11.727732,-0.22596069,-1.3681238,28.393898
chr3,96410132,96411275,-,1,25.321215,-11.910176,-2.8451536,-0.56581414,2.6537988,-38.306213
chr3,96926391,96927811,-,1,31.843725,-16.725718,-2.9498305,-3.958939,19.14551,-37.37037
chr3,96929109,96929187,-,2,1.3473788,-0.2715796,4.5152493,6.15711,-27.24187,0.88520014
chr3,97218689,97220396,-,1,37.3693,-20.21422,-3.5397096,-2.839027,26.984558,-48.632095
chr3,97708018,97709638,+,0,38.454323,21.91126,11.830238,-3.671802,12.9823675,33.50402
chr3,100250405,100250906,-,2,11.472336,-7.706184,0.7679455,2.9470353,-0.38802037,-8.105407
chr3,100251199,100251603,-,1,9.054809,-5.732622,-3.1931055,2.1762395,-11.258315,-33.93727
chr3,100458096,100459619,-,1,37.239624,-21.48402,-2.8545845,-3.9987953,23.158955,-38.417377
chr3,102486164,102487670,+,0,30.564028,13.446255,10.282459,-0.8807921,17.78235,18.957073
chr3,103345347,103345379,-,2,0.49929368,-0.3425456,4.2015476,6.128969,-25.042093,0.47178677
chr3,103436958,103438587,-,1,33.86952,-13.381587,-2.6461072,-3.412719,25.51089,-37.020203
chr3,104390585,104392050,-,1,32.709797,-16.566116,-2.6649544,-3.5853472,18.743042,-33.560528
chr3,104578077,104579684,-,1,35.866714,-18.954355,-3.5084758,-3.0016174,24.187878,-48.542152
chr3,105078979,105080617,-,1,37.20719,-21.506813,-1.7612202,-3.7991922,27.123194,-35.878166
chr3,107170462,107172085,+,0,36.82802,19.36603,11.897015,-4.2365036,21.535301,41.91076
chr3,107174782,107175011,-,2,4.6171026,-1.807683,4.3659163,5.607852,-28.594109,-0.71510285
chr3,107175446,107176921,+,0,33.538506,18.519379,12.26469,-3.3755188,24.674032,34.371567
chr3,108190131,108190307,+,0,3.864418,3.0200884,7.61897,2.3060791,0.9180404,10.322451
chr3,109736753,109738301,-,1,35.64145,-20.965849,-3.9933074,-3.4288263,14.731717,-48.16103
chr3,110294195,110295662,-,1,32.916054,-17.483627,-3.19487,-3.6049855,15.969481,-39.199234
chr3,110328115,110329698,+,0,35.141033,19.580725,11.366905,-3.5369065,12.392658,38.107937
chr3,110661833,110662862,+,0,23.47786,10.977408,11.761226,-0.10012296,-2.0958602,28.208195
chr3,115515576,115515900,+,0,6.2957387,3.6735213,10.550039,4.006185,-16.22985,21.583447
chr3,118332211,118333997,+,0,39.246155,19.298985,12.27721,-3.8624043,22.67156,38.51593
chr3,118838474,118839546,-,2,24.121424,-9.426265,0.5664802,0.77244556,9.314594,-15.610249
chr3,118839834,118840340,-,1,11.4085865,-7.486705,-3.1722987,1.8819232,-8.934385,-35.915222
chr3,123590290,123591868,-,1,35.3271,-18.839031,-1.4606476,-3.924628,30.348986,-26.481773
chr3,129840883,129841305,+,0,9.643148,6.6731915,12.2633505,2.6367142,-15.71426,30.421988
chr3,129841586,129841758,+,2,4.034465,2.6519985,7.3200336,6.1658893,-27.921232,9.851011
chr3,143557361,143558873,+,0,36.760418,21.55486,14.031559,-4.4923925,37.52822,29.397299
chr3,145747714,145748213,-,2,10.913329,-5.098569,0.7924451,2.680747,0.92231196,-8.225633
chr3,146561704,146563281,-,1,35.538456,-20.61219,-3.2332444,-3.268158,22.749187,-42.901928
chr3,147170088,147170165,-,2,1.7976807,-0.4919871,4.434458,5.9314017,-27.343956,-0.47767487
chr3,148260308,148260439,+,2,3.1804118,1.17138,5.6110926,6.079777,-33.29223,4.3060274
chr3,150500201,150500451,-,2,5.7477293,-3.9663198,1.1896172,3.9627557,-5.9581842,-3.361534
chr3,150500745,150502042,-,1,30.350584,-16.741941,-2.954352,-1.4186416,6.342832,-39.321728
chr3,151716216,151717698,-,1,34.84255,-19.99656,-1.5214454,-3.4757972,27.55343,-25.70372
chr3,152079309,152080882,-,1,35.48274,-18.9328,-1.6394593,-3.7912383,33.6795,-29.391293
chr3,155003116,155003525,+,0,10.131439,7.7799335,12.219486,2.5154834,-15.8013735,30.879416
chr3,155003824,155003905,+,2,1.7294928,1.4716214,5.122646,6.8290367,-27.732336,8.0413065
chr3,155004420,155005525,+,0,25.29303,13.02786,10.178251,-0.588317,18.668943,13.636514
chr3,155532831,155533265,+,0,10.499031,8.260417,12.178824,2.3374364,-14.213694,31.915947
chr3,155533572,155534639,+,0,24.566416,12.755585,10.252434,-0.68320584,19.210566,15.018308
chr3,158559304,158559630,+,0,7.3914,5.2596316,12.157773,3.2532299,-19.462622,28.13141
chr3,159598184,159598697,-,2,11.139147,-6.469424,0.793898,2.7122326,0.43023705,-8.08915
chr3,161118994,161119859,+,0,19.169245,10.598736,9.515916,0.008409706,13.742781,12.484413
chr3,161925399,161925962,+,0,13.384689,8.935878,12.215841,1.4386553,-9.701345,30.747768
chr3,161926338,161927205,+,0,19.485378,9.804817,9.668351,-0.10856726,16.399244,11.449045
chr3,162058876,162060522,-,1,37.11033,-19.438168,-1.9168197,-4.282656,26.505453,-31.760918
chr3,162495433,162497032,-,1,34.380352,-19.177998,-3.4161897,-2.74866,24.940084,-49.160805
chr3,162605361,162606973,+,0,34.399807,19.033537,11.43992,-3.355762,11.866971,36.756313
chr3,163584178,163585792,-,1,35.394844,-18.732065,-1.5366114,-3.3107185,25.810596,-22.61612
chr3,163662388,163663611,+,0,22.463087,9.200818,11.801937,-0.07652443,-3.0787141,28.349285
chr3,163663572,163663640,-,2,1.3979616,-0.5345846,4.4512053,6.196554,-25.768738,0.21110204
chr3,163663620,163663913,-,2,6.5866494,-2.5169995,3.8316834,2.7658508,-29.43813,-21.24005
chr3,163664198,163664626,-,1,9.611027,-6.5350194,-3.1790142,2.0974226,-11.867653,-34.60198
chr3,163840567,163842088,-,1,34.17179,-18.447664,-3.3497467,-3.5762687,15.675939,-39.807663
chr3,163857549,163858790,+,0,29.418104,15.654854,10.595348,-0.9143295,20.524334,18.416933
chr3,164180581,164180644,-,2,1.3267269,-0.8514211,2.4785616,5.552964,-15.115316,0.026158024
chr3,164183027,164184589,-,1,32.776173,-16.043041,-1.7463865,-3.2333152,20.4831,-24.288898
chr3,164387522,164389056,-,1,34.76553,-19.133371,-2.8208606,-3.280352,26.883528,-42.46165
chr3,165433753,165434011,+,0,6.276287,5.0655627,12.015698,3.838023,-20.073122,25.805372
chr3,165505747,165507233,-,1,33.626736,-17.76378,-2.8862433,-3.7781432,19.059278,-35.03176
chr3,166071706,166071755,+,2,0.89017755,0.10613852,4.394986,6.3861103,-25.543758,1.7623676
chr3,166090495,166092116,-,1,35.174377,-19.65985,-2.176984,-3.4569058,23.758087,-26.700796
chr3,166764253,166765831,-,1,34.370644,-17.485455,-3.1828265,-2.7999294,27.068161,-44.83212
chr3,167010703,167012339,-,1,36.140995,-19.093174,-2.1940215,-3.8056152,27.500237,-37.724438
chr3,167309265,167310421,-,1,25.730097,-13.646009,-2.746677,-0.45160192,1.9660285,-36.58804
chr3,167594108,167594664,+,0,12.41014,6.5916057,12.23748,1.9907118,-11.83865,28.929869
chr3,167596963,167598024,+,0,24.823284,10.791934,10.229971,-0.8230262,16.411486,16.580746
chr3,167598334,167598369,+,2,0.68552583,0.6822416,4.911279,5.9925556,-22.075407,4.1421304
chr3,168255194,168256816,-,1,37.447983,-18.92541,-1.4875104,-3.9378734,29.906914,-29.547922
chr3,168896351,168897333,-,1,22.076271,-12.556361,-2.8403835,-0.1431389,0.6048995,-36.43968
chr3,170896716,170898322,+,0,36.280655,19.343403,11.4293,-3.8494163,16.985601,36.954254
chr3,172578588,172580081,+,0,35.262463,21.330057,13.003988,-3.5715678,27.190086,35.370655
chr3,173423284,173424926,-,1,37.29301,-19.483158,-1.7907175,-4.296494,28.12154,-34.162083
chr3,174043245,174044710,-,1,31.838331,-15.903981,-3.8717496,-3.2408419,12.9122305,-43.17954
chr3,174045064,174045167,-,2,2.324496,-1.9816408,3.5976925,6.514693,-14.383963,-20.442173
chr3,176098273,176098394,-,2,2.4319139,-2.253866,1.9680642,5.1223416,-11.952694,-1.5490146
chr3,178839863,178841461,-,1,37.538372,-23.33011,-1.6047801,-4.2359147,31.422443,-29.649904
chr3,178989577,178990996,-,1,33.924526,-18.25988,-2.453549,-4.1405725,23.35738,-35.84356
chr3,180635301,180635799,-,2,11.346711,-6.298458,0.7900732,2.7945242,-0.003970382,-8.729317
chr3,183418368,183419590,-,2,28.332598,-14.723986,0.34084496,0.31825492,12.273221,-19.150208
chr3,183419891,183420279,-,1,9.155905,-7.9905453,-3.233042,2.026767,-10.155477,-33.04625
chr3,187144706,187146339,-,1,38.18854,-22.982685,-1.8418379,-4.2437377,31.190588,-33.84674
chr3,190413422,190413490,-,2,1.3426913,-0.5620719,3.881312,5.7821717,-26.209375,-5.294445
chr3,190416005,190417523,-,1,35.257507,-18.199064,-2.768419,-3.9329302,21.22884,-36.939877
chr3,190835347,190835430,+,2,1.9205492,1.6764112,5.1632853,5.691606,-20.414867,6.6047025
chr3,190979208,190980750,+,0,35.523212,19.737232,13.966849,-4.2300644,35.841087,32.30937
chr3,191215360,191216985,-,1,37.520905,-18.905964,-3.252754,-2.7685027,24.577673,-45.13594
chr3,193100567,193102181,+,0,36.70157,21.140442,14.142038,-3.2542362,31.654402,23.736221
chr3,193394613,193396177,-,1,35.921947,-19.781034,-4.1357555,-3.5352547,16.082384,-47.33678
chr3,193754115,193755583,+,0,33.165394,15.925257,12.393428,-0.90528655,0.23016663,36.634342
chr3,195318264,195319889,+,0,37.20385,20.708046,12.02118,-4.2869387,21.348341,41.237602
chr3,198048297,198048541,+,-1,5.42618,1.7180455,11.627714,11.768653,-68.20426,8.839082
chr3,198051961,198052116,+,-1,3.1698377,1.2673998,8.730714,6.265777,-43.16587,21.303703
chr4,1088008,1089614,+,0,36.710857,18.897512,11.413832,-3.9444962,11.4421,39.71698
chr4,2025375,2026514,-,2,26.176598,-12.412814,0.40865272,0.46342325,10.978646,-17.205322
chr4,5177474,5179002,-,1,35.070957,-20.202848,-3.9251401,-3.2407737,19.159678,-45.619473
chr4,5201921,5202774,-,2,19.049637,-11.042658,0.6809945,1.465918,7.1166153,-12.420433
chr4,9200531,9200734,+,-1,4.1453485,2.9827545,7.4361687,2.4976094,-2.949147,8.411934
chr4,9394602,9394944,+,2,7.3139067,1.8995692,7.03452,5.8371124,-35.04139,13.966351
chr4,9395278,9395569,+,2,6.0984645,2.1350155,5.9024878,5.9902377,-35.023212,6.63991
chr4,11737472,11739088,+,0,35.90137,17.946888,12.111465,-3.3932517,18.990839,31.632067
chr4,11875365,11876982,-,1,37.102192,-18.759605,-1.821514,-3.838038,25.967318,-27.201025
chr4,11896962,11898471,+,0,33.376305,18.535257,13.096199,-3.8886738,30.586586,36.791008
chr4,11993161,11994602,+,0,31.194906,16.722986,13.703703,-3.901914,33.432304,35.702263
chr4,12155008,12155170,+,0,3.0299203,2.1240368,11.716277,4.5992656,-24.742323,22.47353
chr4,12513902,12515500,+,0,35.377674,20.65367,11.562422,-3.7854588,18.382599,35.556843
chr4,13081868,13082999,-,1,25.98894,-15.520698,-2.7872648,-0.5729783,3.1444201,-36.68297
chr4,13140672,13140893,+,0,5.2398987,4.5666056,7.8175297,2.0507483,1.9959673,9.757781
chr4,13842974,13843379,+,0,9.914073,7.142207,12.218063,2.88684,-17.746452,28.834093
chr4,14735889,14735923,-,2,0.7145131,-0.24849012,4.4091682,6.200203,-25.804558,-1.8002466
chr4,15206711,15207171,+,0,11.164007,9.065905,12.203,2.5045743,-15.636897,32.05082
chr4,15207193,15207515,+,0,7.495957,6.183846,8.024,1.6757921,5.511001,10.032439
chr4,15307674,15309280,-,1,35.919914,-18.404024,-1.7543952,-4.103283,33.456635,-32.484188
chr4,17443493,17445110,-,1,37.85241,-22.02955,-3.3574293,-2.8270793,24.189709,-45.442444
chr4,18264448,18265679,-,2,27.21302,-12.54618,0.5317776,0.30227813,12.713654,-18.314903
chr4,18265966,18266363,-,1,8.92533,-6.4887886,-3.2113636,2.1131608,-10.799204,-33.611416
chr4,18476648,18477879,-,2,29.5634,-15.747301,0.11658755,0.4927836,10.3399935,-21.260403
chr4,18912594,18913778,+,0,26.236897,15.295117,12.278924,-0.40383354,-1.6091541,34.075455
chr4,19436571,19438079,+,0,33.404114,18.164734,13.0161,-3.5425253,25.44937,33.612225
chr4,19827790,19829055,+,0,28.69875,14.630802,12.30956,-0.587421,-0.11585285,34.455185
chr4,19829067,19829115,+,2,0.9301735,0.90012646,4.934598,5.9758554,-20.184523,3.8259351
chr4,22545579,22547051,-,1,33.178898,-20.347069,-3.0858984,-3.681236,20.767847,-39.088234
chr4,25214816,25215895,-,2,25.433605,-12.114859,0.3612146,0.592925,9.606612,-16.566679
chr4,25216154,25216723,-,1,12.921624,-9.829064,-3.1138012,1.6351808,-8.3281145,-36.83089
chr4,28472397,28473992,+,0,35.281235,18.219366,14.222053,-3.3281927,32.429253,21.436573
chr4,28496600,28497493,+,0,20.18717,8.575356,12.022685,0.4402201,-4.3667192,29.907022
chr4,28567763,28569396,-,1,35.52361,-18.883228,-2.1520917,-3.6489155,30.266626,-41.488014
chr4,29705974,29707555,-,1,35.54257,-20.62666,-4.067697,-3.4917934,18.897562,-48.22754
chr4,30105059,30106581,-,1,33.48516,-18.66549,-3.2920563,-3.5283704,16.33582,-40.754734
chr4,31782910,31783092,+,0,4.324091,3.553797,11.811305,4.4060326,-23.458765,23.707008
chr4,31850418,31851935,+,0,32.677536,18.92353,13.052696,-3.6345568,24.699492,29.753513
chr4,32078633,32080064,-,1,31.140196,-15.761825,-2.10176,-3.677632,18.669167,-27.850882
chr4,32506066,32507429,+,0,28.967241,10.326417,11.754627,-2.5601208,9.032996,34.44173
chr4,32507799,32507938,+,-1,3.2215998,2.933232,7.458395,2.4891503,-0.6302743,10.118193
chr4,32543550,32545163,+,0,36.102417,19.391958,11.882334,-3.5257285,14.505532,35.09602
chr4,32809606,32811137,-,1,34.68191,-19.087275,-3.842129,-3.5581317,16.683836,-44.01591
chr4,33245296,33246878,-,1,33.679123,-17.035906,-2.0984688,-3.3791616,20.902521,-29.22242
chr4,33603921,33605523,-,1,33.394775,-15.547236,-1.8885815,-3.2737463,20.46378,-28.765678
chr4,33634177,33635823,+,0,35.3624,15.222174,12.312668,-3.3830373,21.089287,30.369164
chr4,34231132,34231478,+,0,7.8272123,5.418963,8.005408,1.6778785,5.7551255,9.836674
chr4,34492832,34493260,+,0,9.371515,6.101454,12.209867,2.7882524,-16.722116,28.10987
chr4,34493509,34494420,+,0,19.911764,9.039553,9.779844,-0.22481774,16.501356,11.75013
chr4,34742349,34743860,-,1,33.081303,-16.921642,-2.8245106,-3.571954,17.749506,-34.39235
chr4,34780154,34781487,-,2,28.313976,-12.397439,0.11737554,0.39049906,15.245078,-32.67497
chr4,34781796,34782168,-,1,8.342018,-6.126489,-3.2083497,2.634441,-11.963943,-30.042637
chr4,35333539,35335109,-,1,33.43184,-16.058245,-2.3335423,-3.4920757,20.872345,-31.626284
chr4,35430743,35432027,+,0,29.381271,14.28854,12.211954,-0.5464342,1.3358727,31.64738
chr4,35432310,35432507,+,-1,4.025877,2.9003189,7.523805,2.5266318,-1.5383601,9.996244
chr4,35950322,35950651,-,1,7.325783,-5.5700445,-3.2668374,2.6955483,-12.470387,-30.497196
chr4,36615695,36615920,-,2,5.328326,-4.053794,1.2778863,4.1010303,-6.8361692,-4.642579
chr4,36615916,36616718,-,1,16.759457,-10.031011,-3.0586944,0.9098038,-4.3169055,-36.4283
chr4,43003349,43004962,+,0,36.606255,20.133749,11.33101,-3.8779128,14.258656,41.0273
chr4,43416744,43417872,-,2,25.640734,-11.200752,0.44122472,0.7884365,7.397614,-16.729607
chr4,43418162,43418227,-,2,1.6065567,-1.0794643,3.9770577,6.5171323,-22.60983,-2.2337472
chr4,43418939,43419262,-,1,7.152588,-5.9173245,-3.1875446,2.9404318,-12.427723,-29.343851
chr4,43602372,43602949,+,0,12.737072,7.102974,8.991319,0.6642272,11.04899,9.240284
chr4,43619848,43621118,-,1,27.664547,-16.105585,-1.9436672,-3.44462,19.444416,-30.34431
chr4,49215310,49215554,+,-1,4.952312,1.5653253,11.581195,11.711374,-67.111244,9.755801
chr4,49215542,49215626,-,2,1.5687602,-0.85241365,2.5561948,6.980415,-32.491314,-6.397162
chr4,49217692,49217832,+,-1,2.4962275,1.1417886,8.591907,6.342488,-41.654438,19.881975
chr4,49218150,49218383,+,-1,4.5504565,1.8980644,11.115872,11.408837,-63.993202,9.234151
chr4,49218381,49218437,-,2,1.1319987,-0.50742507,2.756921,6.7775555,-30.260178,-5.7874904
chr4,49220761,49220892,+,-1,2.7125714,0.9639447,8.196686,7.063919,-39.46916,25.324188
chr4,49221227,49221464,+,-1,4.7653265,1.437925,11.593081,11.55681,-67.68587,6.574354
chr4,49224183,49224336,+,-1,2.6387072,0.86596316,8.2341175,6.7411866,-39.743153,22.682632
chr4,49224644,49224876,+,-1,4.869325,1.2350402,10.98957,11.353721,-63.376728,8.007185
chr4,49225914,49227441,-,-1,31.162363,-12.887638,-4.9172215,-0.2938817,12.040281,-27.912045
chr4,49227435,49227588,+,-1,3.0336554,0.7282554,16.01319,8.457768,-43.332047,24.859005
chr4,49227895,49228136,+,-1,4.4785023,1.2953391,10.819434,12.080532,-64.37414,5.6867027
chr4,49228126,49228182,-,2,1.2113802,-0.49560046,2.5479228,6.9117365,-31.135674,-6.778629
chr4,49230570,49230701,+,-1,2.5353034,0.88952005,8.285938,6.891954,-40.91887,23.546247
chr4,49231029,49231255,+,-1,4.3402715,1.4184518,10.9102545,11.30439,-62.433273,7.402365
chr4,49231523,49231675,+,2,3.110457,0.5212069,7.857271,6.119713,-39.344765,18.331522
chr4,49563762,49563914,-,2,3.1625876,-0.8998846,3.9627979,2.3997772,-32.270283,-22.291393
chr4,49564137,49564408,-,-1,5.401813,-0.8369549,1.6419564,14.365761,-52.41262,-12.715237
chr4,49564736,49564867,-,-1,2.5194628,-0.9150758,3.8783755,1.4414983,-34.150875,-26.469198
chr4,49567264,49567320,+,-1,1.2472107,0.41845623,6.0957313,10.219814,-43.517136,0.6404998
chr4,49567310,49567551,-,-1,4.4993424,-1.2791367,2.0347939,14.775326,-55.97545,-16.663538
chr4,49567859,49568012,-,-1,3.0014184,-0.746174,3.9176664,1.330858,-35.344643,-28.282234
chr4,49568006,49569532,+,0,31.023745,12.957078,12.4362545,-1.9816759,8.36926,27.144438
chr4,49570522,49570578,+,-1,1.1518031,0.46196064,6.099848,10.198386,-41.50029,-0.9706353
chr4,49570570,49570802,-,-1,4.8483486,-1.2269052,1.6770369,14.538806,-54.24265,-17.053637
chr4,49571110,49571264,-,-1,2.6458824,-0.6050981,4.205774,1.0628444,-32.259346,-27.78118
chr4,49573936,49574021,+,-1,1.7842193,0.32338318,6.602229,9.734621,-40.874947,3.2145362
chr4,49573983,49574223,-,-1,4.864839,-1.4827378,1.59888,14.587199,-54.092915,-14.663512
chr4,49576828,49576884,+,-1,1.122413,0.63005227,6.0250807,10.27419,-43.42738,-1.0319798
chr4,49576882,49577116,-,-1,4.7456455,-1.2685819,1.511878,14.616547,-55.085407,-14.203836
chr4,56190576,56190878,-,2,5.8031573,-2.6759636,3.6292672,5.0011725,-24.76829,-9.905064
chr4,57421620,57423128,+,0,36.534603,20.063896,13.847416,-4.2926154,36.503674,32.96495
chr4,57692139,57693742,+,0,36.712067,22.062122,14.278077,-3.3549104,33.148464,24.558928
chr4,58055420,58055477,+,2,1.1356786,0.9267803,5.0950365,6.845752,-27.42793,7.988923
chr4,58344173,58345674,+,0,33.421192,17.694914,13.15428,-3.8219917,28.844332,33.449116
chr4,59358960,59360589,+,0,35.625656,18.198248,12.015345,-3.6437027,19.938488,33.972336
chr4,59602474,59602961,+,0,10.25092,7.3252735,12.311762,2.2926512,-14.214701,30.340668
chr4,59603262,59604359,+,0,24.68837,13.047119,10.102839,-0.9885757,17.204615,16.764503
chr4,60333199,60334794,+,0,35.64096,19.910782,13.980742,-4.201948,32.701984,32.38799
chr4,60806229,60806334,+,2,1.6073457,0.71857196,4.9546657,5.989788,-20.272255,3.6263134
chr4,62296168,62297776,-,1,35.526604,-17.988886,-1.6621754,-3.6105404,24.188204,-28.183147
chr4,62587998,62589031,-,2,23.578613,-10.458823,0.47257406,0.68787646,10.375285,-15.674116
chr4,63042502,63044114,-,1,35.111317,-18.859196,-4.101957,-3.5577493,15.627913,-50.791645
chr4,63464155,63465758,-,1,34.939365,-18.867935,-3.376351,-2.7917523,25.114504,-49.49481
chr4,64070632,64071223,+,0,12.705878,7.512288,12.229686,1.959908,-11.828544,29.235209
chr4,64346202,64346761,-,2,11.515641,-4.457973,3.5614326,4.366707,-24.761297,-13.382206
chr4,64347839,64347906,-,2,1.224095,-1.1267571,2.5944476,5.584833,-15.743255,-0.65651727
chr4,64347908,64348083,-,-1,3.6457121,-2.9918776,-2.7867193,4.0403466,-15.161714,-23.290005
chr4,64590473,64591238,-,2,16.274544,-6.8552537,0.7224648,1.7628479,0.8598149,-12.312949
chr4,65471869,65473352,-,1,32.30096,-18.956451,-2.79059,-3.870709,20.494772,-35.267593
chr4,66882023,66883516,+,0,34.441414,19.159513,13.012616,-3.831017,25.912773,30.581856
chr4,66956157,66957682,-,1,34.71694,-19.310234,-3.7203653,-3.2178261,20.297953,-47.399254
chr4,67309797,67311235,+,0,32.55476,19.741262,12.96949,-3.5899239,22.659372,32.95853
chr4,67596418,67598017,+,0,36.77013,20.333523,11.819901,-3.9544237,17.3653,39.536808
chr4,67659681,67661264,+,0,34.329674,19.774403,13.987759,-3.219236,30.023973,24.413517
chr4,68269551,68271143,-,1,35.834194,-20.429028,-1.469717,-4.0263467,29.627768,-28.466988
chr4,68271481,68271607,-,2,2.729876,-2.3658326,2.005305,5.204147,-11.937527,-0.5614897
chr4,68277109,68278059,+,0,21.624245,12.042527,12.249472,0.34487936,-4.9426813,32.547203
chr4,68364257,68364628,+,0,8.416834,6.706878,12.171894,3.0664678,-17.770891,29.983353
chr4,68364925,68366206,+,0,27.996536,12.0239,10.311514,-0.7936991,17.268785,18.222126
chr4,68858049,68859423,+,0,29.605076,12.399483,11.441118,-2.8164668,14.988943,26.616257
chr4,68966471,68968071,-,1,32.393993,-14.719108,-2.4841127,-3.416044,20.256735,-31.960384
chr4,69738649,69740208,-,1,35.379345,-19.140879,-3.745035,-3.2485855,17.216408,-45.276497
chr4,69882955,69883025,-,2,1.4703976,-1.2271374,2.3516939,5.4856176,-14.396707,-0.4738963
chr4,69883143,69884654,-,1,33.442863,-17.16612,-3.3284755,-2.8293893,26.959747,-47.324383
chr4,72797256,72798435,-,2,26.540386,-11.556824,0.09935753,0.71453625,7.4611473,-19.672882
chr4,72802318,72802745,-,1,9.601192,-6.5114417,-3.2256212,2.2959852,-11.666172,-32.81851
chr4,73474375,73475939,-,1,35.73377,-20.745964,-4.0150766,-3.4713254,15.658954,-48.71057
chr4,81230504,81232133,+,0,36.45341,22.502888,12.148222,-4.0926714,21.32755,39.677483
chr4,81297172,81298789,+,0,36.822117,19.957264,13.928566,-3.3889487,33.36063,25.622889
chr4,84229848,84231390,-,1,35.75895,-19.503494,-3.6221485,-3.605641,20.105768,-42.7892
chr4,88026038,88027657,+,0,38.107925,21.014578,11.411485,-4.227076,17.68354,44.69011
chr4,90812978,90813444,-,2,10.240443,-6.206553,0.91809946,3.147772,-1.5715129,-8.285972
chr4,90813797,90814995,-,1,27.347567,-13.178851,-2.8130844,-0.4468529,2.2349277,-36.558636
chr4,90849059,90849507,+,0,10.616728,7.866978,12.2249365,2.4075587,-15.607813,31.770561
chr4,90849816,90850877,+,0,23.45152,8.512715,10.225038,-0.6469463,18.792263,14.621257
chr4,91692997,91694048,-,2,22.761808,-10.407881,0.11765391,0.70739764,7.780372,-19.30513
chr4,91695220,91695758,-,1,12.145361,-8.324671,-3.1771388,1.9121999,-11.500124,-35.916233
chr4,92066758,92066818,+,2,1.2538619,0.54682606,4.7826195,7.1338267,-24.315016,8.524552
chr4,92070901,92072425,-,1,34.611618,-18.185598,-3.6818333,-3.1534882,17.877436,-42.92912
chr4,92115383,92115946,+,0,12.86108,8.889175,12.304675,2.1047697,-12.98585,29.900856
chr4,92118956,92120040,+,0,24.040722,11.053591,10.092517,-0.8163777,17.23195,16.472227
chr4,96000194,96000576,-,2,8.181233,-5.185299,0.7385295,3.1414638,-1.1234807,-4.984242
chr4,96000574,96000837,-,1,7.054851,-6.4376183,-3.1901078,3.2286308,-14.450152,-28.690975
chr4,96101536,96102108,+,0,12.314195,7.567337,8.70398,0.9665637,9.798125,8.633414
chr4,97446884,97448369,+,0,33.89047,17.279423,12.862399,-3.5327573,26.08889,36.255024
chr4,100250474,100250873,-,2,8.990801,-5.159162,0.9094098,3.1518347,-2.6009665,-7.960594
chr4,102877081,102878153,-,2,24.426937,-10.967662,0.18473583,0.60467994,9.409713,-18.249323
chr4,102878428,102878857,-,1,9.9706,-7.452276,-3.164338,1.8677706,-9.014459,-34.639435
chr4,102918925,102919430,-,2,10.874943,-5.462294,3.6840453,3.1000872,-26.573698,-21.577675
chr4,102928240,102928609,-,1,8.224326,-6.810953,-3.4336925,2.6214943,-13.852679,-31.704975
chr4,102993081,102994600,-,1,34.649826,-18.811003,-3.7892642,-3.1036158,14.793468,-44.44717
chr4,103000211,103001817,-,1,35.052753,-20.820332,-3.358944,-3.5600626,20.72995,-42.156273
chr4,103419886,103420201,-,2,7.218008,-4.8409524,0.91905665,3.3427598,-3.889417,-5.6960835
chr4,103420512,103421365,-,2,19.334908,-9.667926,3.3755019,3.960931,-23.57432,-15.6608095
chr4,106446090,106447630,-,1,35.290924,-18.647903,-4.119874,-3.4570117,15.194684,-48.24121
chr4,109322671,109324271,-,1,37.685856,-19.952904,-1.4192036,-3.6263993,27.628998,-26.725729
chr4,111182255,111183774,-,1,35.209896,-19.262331,-3.1574478,-3.7034824,18.299383,-41.60375
chr4,111583793,111585399,-,1,35.922226,-20.693203,-1.6505564,-3.5492477,26.165245,-27.3035
chr4,112836395,112838026,+,0,38.81216,21.000502,11.812686,-4.184969,18.175919,42.110775
chr4,115857867,115857931,-,2,1.2440692,-0.12668274,4.5533166,6.384548,-28.416183,0.8239341
chr4,115909693,115911295,-,1,34.426407,-19.020964,-1.8084135,-3.8210268,24.271982,-29.486044
chr4,116058508,116060038,-,1,31.972607,-15.256288,-1.9935297,-3.3118188,19.626703,-28.709621
chr4,116969979,116970056,+,2,1.5199289,1.3078878,5.150746,5.685693,-20.955463,6.053125
chr4,117127171,117128760,+,0,35.157516,18.499714,14.14798,-4.1388307,34.899067,31.421144
chr4,119782937,119784479,-,1,35.252815,-20.800064,-2.7970512,-4.056091,22.060806,-37.31646
chr4,124142792,124143437,+,0,14.329324,8.506719,12.042903,1.0826204,-6.834493,28.941149
chr4,124593049,124593770,+,0,16.855793,11.239498,12.227092,1.3072225,-9.238316,31.39225
chr4,124960679,124962281,-,1,37.02753,-20.138037,-1.8163493,-3.9160244,25.809046,-30.58055
chr4,125220671,125221478,+,0,17.165255,6.95131,10.25169,0.2568385,-1.2774278,24.563425
chr4,126859678,126860721,-,2,22.677483,-10.664038,0.5522701,1.0009696,8.154468,-14.758645
chr4,126896606,126898214,-,1,34.47003,-17.662464,-1.909273,-3.5088344,22.999208,-30.046965
chr4,128376575,128378063,-,1,34.110943,-20.160831,-2.8798697,-4.0260963,21.403551,-37.221943
chr4,130190110,130190160,-,2,1.2424818,-0.6561439,4.2480655,6.2199597,-29.35553,-2.6394958
chr4,130190733,130192322,-,1,36.26436,-18.851171,-3.7716699,-3.3625011,14.582619,-43.25228
chr4,130266469,130267937,+,0,31.558168,15.900815,11.848078,-3.11784,12.0159445,33.868065
chr4,130491533,130493149,+,0,35.521538,16.691076,11.565484,-3.3931613,15.674252,34.73829
chr4,130706797,130708325,-,1,33.66182,-18.12701,-3.7811472,-3.4603846,13.5854225,-46.645226
chr4,130742773,130743241,+,0,10.090674,7.3934155,12.301314,2.3448849,-14.621563,29.121029
chr4,130869826,130871322,+,0,33.358055,17.785732,12.755695,-3.3582144,23.893045,31.22546
chr4,131494276,131494619,-,2,7.477984,-2.683309,3.7891593,2.9879794,-28.782408,-20.241148
chr4,131494924,131495405,-,1,10.777565,-6.91304,-3.1283667,1.9697114,-11.001115,-34.901226
chr4,132584814,132586149,+,0,29.51497,14.129423,10.800688,-1.2112236,20.14624,20.826565
chr4,132617636,132619219,-,1,34.880573,-16.860079,-2.1695335,-3.3494284,19.714695,-30.50249
chr4,132628364,132628787,+,0,9.597919,7.3085623,12.246859,2.8490922,-16.928144,27.734028
chr4,132630473,132631078,+,0,13.056666,5.572518,9.388221,0.32520905,15.044844,8.333499
chr4,134731810,134733330,+,0,34.134148,20.146017,13.932708,-4.161448,34.454166,33.580532
chr4,134961555,134963106,+,0,35.082817,18.710928,13.464705,-3.951334,30.1764,30.648323
chr4,135711247,135712119,+,0,19.127132,8.403653,12.145664,0.94250166,-6.8858666,30.205858
chr4,135712119,135712179,+,2,0.9101866,0.49440837,4.878992,6.076691,-22.496914,4.102772
chr4,136025091,136026718,+,0,34.696857,16.45291,11.545577,-3.3514705,11.643169,35.52942
chr4,136236594,136237779,+,0,26.799414,13.379418,12.178175,-0.31881595,-1.1883667,31.238522
chr4,136519351,136520999,-,1,35.54899,-18.720352,-1.6383462,-3.4571698,24.706594,-26.343796
chr4,136776605,136776726,+,-1,2.4736855,2.309061,7.4332147,2.5347855,-1.4499733,10.288109
chr4,136972713,136974295,-,1,35.76281,-20.155914,-3.4769933,-3.5400662,15.638307,-40.389492
chr4,137190093,137191577,-,1,34.78966,-20.38609,-3.1250741,-4.045134,18.899193,-38.878773
chr4,141691334,141692908,-,1,36.250122,-18.500448,-1.8418891,-4.240939,29.45678,-30.198238
chr4,141871696,141873319,-,1,36.813923,-20.364786,-1.4545995,-3.8497906,26.457348,-25.612785
chr4,143830742,143832335,+,0,37.6606,20.494852,14.01228,-4.474002,40.819508,33.302254
chr4,143951810,143953410,+,0,38.0425,20.349955,13.993002,-4.438266,40.82014,33.303757
chr4,144061737,144063334,+,0,37.125126,19.995821,13.969471,-4.4819555,40.81233,33.30199
chr4,147898714,147898807,-,2,2.0779123,-1.8024088,3.8172238,6.514154,-15.335285,-21.120417
chr4,150014854,150016397,-,1,36.017593,-20.870092,-3.1117158,-3.829785,20.445713,-41.512825
chr4,150026322,150027841,+,0,35.439133,21.58998,13.158148,-3.6932588,27.49849,31.564487
chr4,153880218,153881831,+,0,36.440804,20.17513,14.013148,-4.154907,31.572561,33.35511
chr4,154402642,154402782,+,0,3.3153563,2.435601,7.4843388,2.464394,-0.6783734,10.532304
chr4,155338095,155338769,+,0,15.382136,7.145632,9.336914,0.22515729,14.7260275,9.940708
chr4,156205278,156206486,-,1,27.632927,-16.406187,-2.763454,-0.56583494,3.482497,-36.25337
chr4,156466171,156467235,-,2,23.906385,-11.704998,0.30907315,0.56688625,9.546179,-17.979494
chr4,157723248,157724827,+,0,35.42158,19.140205,14.167897,-3.5296018,34.537533,24.104897
chr4,157785622,157786286,-,2,14.955264,-8.714827,0.7416202,1.7408143,0.86999094,-12.27852
chr4,159663085,159663926,-,2,18.282373,-7.9792213,0.64477557,1.4396425,5.962019,-12.580391
chr4,159664226,159665031,-,1,18.639975,-9.994967,-3.0297272,0.8686709,-4.3907857,-37.474586
chr4,161226739,161228372,-,1,35.35556,-17.968056,-1.5827295,-3.4067261,25.21138,-24.995417
chr4,162231645,162233281,-,1,37.350494,-21.703115,-3.5057805,-2.803179,23.880415,-48.01562
chr4,163486585,163488186,-,1,37.0622,-22.496855,-1.7994677,-4.243236,29.91251,-33.05068
chr4,164539981,164541337,-,1,31.268494,-14.570985,-1.5300639,-2.838319,18.983715,-22.199968
chr4,164541629,164541898,-,1,6.230266,-4.964656,-3.1125555,3.4309487,-13.079211,-26.831743
chr4,165999013,165999247,-,1,5.1528473,-3.8000917,-3.0107124,3.6335151,-13.677766,-26.049397
chr4,166190063,166190140,+,2,1.5225521,1.1019907,5.0022182,6.94724,-25.507296,6.403529
chr4,166213054,166214661,-,1,35.94372,-20.01387,-3.5651836,-2.6503928,25.148178,-48.524265
chr4,167494808,167494967,-,2,3.3977141,-1.1960522,3.338318,5.492013,-17.047565,-3.8981292
chr4,167496079,167497248,-,1,26.920416,-13.657275,-2.8345795,-0.63841814,3.5400383,-37.75976
chr4,171488678,171490173,+,0,34.2703,18.31737,13.147944,-3.6248777,27.305616,30.971514
chr4,172077178,172078213,+,0,23.396297,13.242003,12.160236,0.030252479,-3.0505378,31.566921
chr4,173661172,173662780,+,0,36.846188,19.141737,11.685508,-3.5242686,17.372187,34.850338
chr4,174941719,174943343,-,1,36.483906,-18.442799,-1.47355,-3.4881604,27.773588,-21.813051
chr4,175877729,175879328,-,1,35.388264,-20.013208,-3.289514,-2.7105699,24.288729,-45.475723
chr4,176954755,176956306,-,1,36.565548,-21.14644,-4.038358,-3.331691,15.85113,-46.3162
chr4,179718516,179719712,-,1,27.993061,-14.476462,-2.7787776,-0.87967736,5.480997,-37.613194
chr4,181404049,181405603,-,1,34.762814,-18.44564,-1.8035632,-3.2843466,21.722057,-28.826569
chr4,182810948,182812545,-,1,37.66914,-22.586966,-3.3838995,-2.7373474,23.238562,-46.49467
chr4,184276558,184278059,+,0,34.511654,19.872168,14.050482,-4.159152,33.21268,33.23742
chr4,186223238,186224828,+,0,37.070427,17.944466,11.960283,-4.074623,17.93531,38.21206
chr4,187750383,187751602,+,0,27.49911,13.959316,11.216194,-0.8029271,22.329805,19.505194
chr4,189258778,189258824,+,2,0.9794781,0.012121915,4.5243797,6.2704625,-26.154007,1.8313577
chr4,189402586,189403050,+,0,11.164907,9.053453,12.122878,2.5465345,-14.829413,32.552353
chr4,189404266,189405261,+,0,23.188599,10.788042,10.307048,-0.8073828,18.94011,16.378338
chr5,3746743,3748354,+,0,35.904095,19.671635,11.747462,-3.802912,18.261011,35.69976
chr5,4863947,4864088,-,-1,3.8129175,-3.1345162,-2.775503,4.059266,-14.420479,-23.37567
chr5,5550870,5551067,-,2,4.600312,-2.9847095,3.6528282,5.0827026,-25.40388,-9.363251
chr5,5551041,5551131,-,2,2.0663376,-1.7789677,3.6869938,6.5689945,-14.526976,-20.205122
chr5,8343857,8345467,-,1,35.21069,-17.443134,-1.4458758,-3.8902574,25.746536,-25.566296
chr5,8758730,8759301,+,0,12.741582,7.273837,12.16638,1.8863313,-11.213154,30.28878
chr5,8761617,8762581,+,0,21.702885,10.759755,9.9038,-0.345396,17.561802,12.951684
chr5,8892103,8892216,-,2,2.6686559,-2.5882952,1.913807,5.0889773,-10.695957,-0.7441863
chr5,9477306,9478884,+,0,34.14169,17.380898,11.312868,-3.8997898,13.596557,40.64221
chr5,11231247,11232799,+,0,35.230576,19.205378,14.062537,-4.2717257,34.305794,32.12893
chr5,11922820,11923171,+,0,6.3971353,2.9649575,7.548735,2.376104,0.68828887,11.656363
chr5,12027258,12028869,-,1,36.98587,-19.06459,-1.4217741,-3.3305924,25.626444,-23.985188
chr5,12030502,12031880,+,0,28.609394,13.660345,12.24263,-0.91520274,1.6900593,34.7015
chr5,12032183,12032419,+,0,4.815147,2.6040287,7.510722,2.4097006,0.052765172,8.969355
chr5,12346655,12348248,+,0,35.633007,18.544111,11.719548,-3.6695414,15.065946,37.81579
chr5,12420900,12422523,+,0,36.97999,18.617582,11.42202,-4.1342688,14.135358,44.07086
chr5,12512317,12512372,-,2,0.9459466,-0.46317923,4.1605206,6.3644514,-23.954885,0.04168487
chr5,13387117,13388732,+,0,36.831104,20.390905,11.600435,-4.073267,16.747038,40.78203
chr5,13687764,13689327,+,0,35.654415,19.45721,11.474828,-3.821388,16.894604,37.218266
chr5,15535240,15536846,+,0,36.237545,20.368736,11.665621,-3.799492,15.537925,39.225643
chr5,15583315,15584746,-,1,32.91222,-18.776134,-2.9651575,-3.9742196,20.297335,-37.33482
chr5,17842552,17843021,-,1,10.602634,-7.0718937,-3.177968,1.8115222,-8.080334,-33.900116
chr5,19309215,19310818,-,1,35.54354,-18.461056,-2.0570278,-3.9782662,23.936426,-32.685246
chr5,19511334,19512104,+,0,17.148113,9.401674,12.194091,0.96555835,-7.174823,31.639221
chr5,20198145,20199680,+,0,35.12654,19.242224,14.271864,-4.2149987,36.46091,29.370907
chr5,20544773,20546373,-,1,36.485413,-20.23996,-1.6933293,-3.703783,27.874844,-29.237864
chr5,20732541,20733729,-,2,25.783772,-12.213917,0.3894711,0.35947004,13.1345625,-17.47474
chr5,20733902,20734314,-,1,9.0021925,-7.1379037,-3.243755,2.1117718,-10.481977,-32.99308
chr5,20796582,20797986,-,1,31.155464,-15.58786,-2.688472,-0.8152853,4.2212653,-35.685806
chr5,20839544,20839891,+,2,7.2990236,3.9795637,5.88595,5.973097,-34.406857,6.8008423
chr5,21062713,21064249,+,0,32.792736,16.850233,13.769609,-4.189483,33.36271,35.70356
chr5,21947219,21948718,+,0,33.015854,14.983156,12.840596,-3.3392406,30.911007,41.190556
chr5,22580832,22581746,+,0,21.24463,7.1101594,11.504394,0.12080227,-2.635144,26.920845
chr5,22606720,22607315,+,0,13.276984,7.327366,12.207174,1.7653236,-10.765652,30.893007
chr5,22607666,22608613,+,0,20.487206,9.971537,9.91119,-0.34934452,17.052393,13.169748
chr5,22720484,22721247,+,0,18.528687,12.580565,12.251719,0.49903888,-5.5380454,33.02296
chr5,22721237,22721656,+,0,8.931047,5.6548557,8.329299,1.3761705,6.946471,8.458139
chr5,22781845,22782249,+,0,9.02879,5.0558724,8.061857,1.6942887,4.798228,8.285958
chr5,23500000,23500873,-,2,17.937065,-7.1027174,3.4013298,4.119478,-23.09508,-14.450019
chr5,23611092,23611819,-,2,16.027843,-8.034491,0.6959368,1.6049069,4.5756555,-12.591791
chr5,23749064,23750388,-,2,28.107338,-12.955202,-0.070830844,0.62969416,6.8512993,-20.901955
chr5,23879035,23879528,+,2,10.328906,4.1080217,5.838912,5.857628,11.085496,5.911559
chr5,24089412,24089659,-,1,5.061054,-3.778168,-2.8682888,3.9048488,-15.6699915,-24.319136
chr5,24121660,24123270,-,1,34.72964,-19.089077,-1.8732702,-3.6858692,24.889942,-31.351486
chr5,24248024,24249626,-,1,35.15872,-17.477276,-2.0172436,-3.597378,23.936064,-31.247194
chr5,25120996,25122622,-,1,35.09745,-17.229982,-1.989304,-3.9550154,33.018654,-25.954351
chr5,25464207,25465707,+,0,32.404793,15.912917,11.875515,-2.9935453,10.318655,34.644955
chr5,26053915,26055515,-,1,35.58882,-20.389784,-2.7679527,-3.503014,25.661638,-40.10292
chr5,26363652,26364614,+,0,21.14341,11.33767,12.204418,0.45756772,-3.3966627,31.18003
chr5,26364614,26364766,+,2,3.1987808,1.5293818,5.181644,5.828552,-17.453259,4.8464427
chr5,26365056,26365326,+,0,5.4117107,3.0514698,7.649876,2.2353725,1.3605347,9.123897
chr5,27157172,27158791,+,0,37.15679,18.94987,11.53372,-3.544553,10.944332,38.02056
chr5,27200637,27201861,-,2,25.821833,-12.8704405,0.12747066,0.46557707,9.376199,-19.137888
chr5,27204553,27204951,-,1,8.935823,-6.5651503,-3.2045991,2.2668908,-11.955326,-33.08135
chr5,27330205,27331794,+,0,35.045002,18.08938,11.524179,-3.7134337,18.655472,35.062836
chr5,27502320,27503930,-,1,34.915264,-18.150564,-2.6309583,-3.8150613,20.106882,-34.26024
chr5,28425619,28427226,+,0,36.08608,20.444345,11.656331,-4.208735,14.807766,44.878716
chr5,28528503,28529165,+,0,13.765317,7.429374,12.184168,1.7851576,-10.296219,29.83896
chr5,29034350,29034528,-,2,4.2437043,-1.7551463,1.4657116,4.5694175,-7.8930464,1.3838465
chr5,29069232,29069522,+,2,6.336707,2.327349,6.925033,5.7735615,-35.541233,11.93165
chr5,29547876,29549493,-,1,34.66087,-18.817902,-1.9693116,-4.0039024,33.12463,-34.91188
chr5,30573679,30574496,+,0,18.203018,9.414541,9.683592,-0.0003196871,15.094808,11.165762
chr5,32458213,32459487,-,2,29.699665,-14.4377365,0.4232227,0.12112333,12.369338,-19.36618
chr5,32459792,32459848,-,2,1.0971435,-1.0653343,3.9944034,6.5014534,-22.83908,-2.408904
chr5,32460140,32460466,-,1,7.3139744,-5.1757846,-3.1857684,2.9531512,-12.409619,-28.946398
chr5,32900212,32900826,-,2,14.003605,-7.5675483,0.737185,1.9027436,2.1326873,-11.121608
chr5,32900836,32901599,-,1,17.53169,-9.106637,-3.0014205,0.53218377,-2.9284742,-36.45945
chr5,33872666,33872731,+,2,1.2849228,0.001740457,4.449465,6.19505,-26.386534,2.2032406
chr5,34127164,34127576,+,0,8.862409,7.079186,12.246524,2.695813,-16.833336,31.052732
chr5,34127748,34128948,+,0,26.657185,12.516289,10.315283,-1.0791955,15.241395,20.94311
chr5,34231579,34232420,+,0,18.673689,10.546979,9.650824,-0.14132336,15.380231,11.928325
chr5,34366074,34366421,-,2,7.2769537,-3.9314406,3.6522882,4.9780574,-24.248838,-10.328933
chr5,34405937,34407341,+,0,31.387943,15.783405,12.158176,-0.73949665,0.06251016,31.472656
chr5,34426764,34427740,-,2,22.286049,-12.366407,0.6208513,1.2452377,7.640865,-14.049943
chr5,36012779,36014312,+,0,33.630272,17.949514,13.211355,-3.890174,29.991028,30.447456
chr5,38123287,38123460,-,2,4.037402,-3.1170979,1.3177687,4.1894765,-7.6204543,-2.938338
chr5,38123735,38125116,-,1,31.47764,-14.840459,-3.1041627,-1.9499172,8.812489,-40.403526
chr5,39838731,39839220,+,0,10.50165,7.000257,12.336229,2.127933,-13.270077,28.750313
chr5,42148572,42150185,+,0,36.157024,20.150024,11.434578,-4.1138177,15.451117,41.72099
chr5,42339210,42340844,-,1,36.17174,-19.504166,-1.952553,-3.9608572,25.78246,-31.872805
chr5,42391639,42391951,-,2,5.9908285,-3.5410883,1.1509433,3.9529574,-5.815166,-4.5840573
chr5,42392528,42393818,-,1,29.641136,-15.084353,-1.8149409,-2.9450889,16.850348,-25.959478
chr5,44211605,44213228,+,0,36.084908,19.00827,12.46736,-3.374415,21.123745,29.955244
chr5,44838511,44840142,+,0,37.093815,21.035923,11.421978,-3.7633321,12.576753,39.50955
chr5,45750086,45750265,-,2,4.106341,-3.7935922,1.4348978,4.4171224,-8.327057,-1.4050599
chr5,45750496,45751944,-,1,33.107178,-17.693203,-2.0381432,-2.8550305,7.1507664,-35.46072
chr5,51127511,51127557,+,2,0.68774104,-0.020932755,4.6125216,6.3423667,-24.87787,2.2559586
chr5,51127853,51129365,+,0,34.58053,19.389545,13.850584,-4.347528,36.103497,33.16364
chr5,51944059,51945596,+,0,34.465298,17.814224,13.932124,-4.4336233,38.36685,29.44612
chr5,52292502,52294042,-,1,35.39595,-20.121655,-3.9982033,-3.2789817,18.69628,-46.193012
chr5,52644267,52645854,+,0,37.326984,21.19824,11.687279,-4.264969,17.85143,40.95062
chr5,52730320,52731878,+,0,36.063507,20.986137,14.155088,-4.3698955,35.697113,32.018513
chr5,53410618,53410934,-,2,7.1984925,-4.6840177,0.9129152,3.4353251,-3.3058949,-4.5688586
chr5,56241464,56242008,+,0,13.027339,9.96307,12.279609,1.9834609,-12.692228,32.07072
chr5,56242318,56243344,+,0,22.633467,11.269789,10.152156,-0.53961,19.528584,13.295232
chr5,60778708,60780114,-,1,32.863693,-17.831718,-3.845633,-3.2161021,12.988448,-42.814472
chr5,60780419,60780554,-,-1,2.9158366,-2.555394,-2.650927,4.1690965,-14.774792,-21.810833
chr5,61554698,61555416,-,1,16.562614,-9.628,-3.0307012,0.93942356,-4.4075713,-37.54329
chr5,63032275,63032455,+,0,4.491882,4.257673,11.919946,4.22907,-23.099049,24.11305
chr5,63032453,63033445,+,0,22.586946,10.204293,10.083657,-0.63202024,15.897739,16.10467
chr5,63794237,63795778,-,1,35.190506,-19.408102,-2.9537258,-3.467426,22.588938,-40.863956
chr5,64235991,64237633,+,0,36.857178,21.27672,11.909474,-4.128337,20.518679,41.23763
chr5,65766578,65768186,-,1,37.19869,-19.917486,-2.0039337,-4.474769,29.285145,-37.1098
chr5,66136524,66136696,+,0,4.349524,3.585176,11.914185,4.210418,-22.864988,23.968826
chr5,66136681,66136957,-,1,6.727973,-5.9023795,-3.2150848,3.1058521,-13.334063,-28.59669
chr5,67668325,67668697,+,0,8.634906,6.887722,12.29471,2.824805,-16.831944,29.543175
chr5,67668817,67670042,+,0,28.037668,14.390511,10.507735,-0.8066145,20.24835,16.668346
chr5,69957358,69958855,+,0,33.113075,15.071075,12.848602,-3.3237877,30.914532,41.18853
chr5,70159313,70160810,-,1,33.25328,-15.021762,-2.9143763,-3.9984741,13.036416,-34.495342
chr5,70832430,70833927,+,0,33.095295,15.005058,12.835112,-3.3633869,30.914955,41.188843
chr5,71159640,71161137,-,1,33.316475,-15.124271,-2.9231193,-4.0374675,13.035925,-34.497635
chr5,75788779,75789505,+,0,17.431824,10.280553,12.206139,0.89498377,-7.1291113,31.690607
chr5,76184807,76186337,-,1,35.271313,-19.288479,-4.1128306,-3.539607,16.214767,-47.009056
chr5,76649568,76650143,-,2,12.211297,-4.3202806,3.5102396,4.2779093,-24.42303,-13.58141
chr5,78299848,78300085,+,0,5.618842,4.854775,12.039709,3.9134014,-21.789574,26.159742
chr5,78300445,78301618,+,0,26.816248,13.715041,10.590387,-0.8645429,19.679094,17.095528
chr5,80462582,80464173,-,1,37.45298,-21.95317,-3.441944,-2.7524166,23.048145,-46.445267
chr5,81890112,81891713,+,0,37.750458,24.015955,11.771784,-4.138059,20.11539,41.376923
chr5,82768533,82770049,+,0,33.634033,18.3612,12.840691,-3.5519416,23.422098,32.693203
chr5,85616083,85617585,-,1,32.27708,-15.418364,-3.6024318,-3.3076096,11.854053,-41.61779
chr5,85693943,85694696,-,2,17.883463,-10.555564,0.69855267,1.6929564,5.1673675,-11.451311
chr5,85739461,85741080,-,1,36.20513,-19.092321,-1.9041662,-4.2008386,29.923464,-33.474102
chr5,88430294,88431878,-,1,37.010403,-19.704819,-1.2932683,-3.6070406,28.512514,-25.397161
chr5,89789970,89790824,-,2,18.851343,-9.684974,0.6056219,1.414045,5.3585286,-13.691552
chr5,91147722,91149233,+,0,33.857506,19.368813,14.06746,-4.2419896,37.170612,30.452438
chr5,92011401,92012952,+,0,34.123585,17.964876,14.04182,-4.2530384,38.661716,31.10832
chr5,92318737,92320366,+,0,35.53455,19.247557,11.64962,-3.5667293,16.138926,35.5548
chr5,101024662,101025981,-,1,30.060112,-15.460306,-2.6305542,-3.4173405,15.552511,-33.101475
chr5,101026654,101026845,-,-1,4.1676173,-2.963357,-2.7522764,4.078528,-13.669572,-23.236078
chr5,101207764,101209210,+,0,31.963058,14.197435,12.249844,-1.0351595,3.1998122,34.904533
chr5,101209235,101209400,+,-1,3.6402402,2.6109579,7.4155254,2.5472093,-1.4130027,9.936509
chr5,103720490,103721885,-,2,30.677616,-12.739264,0.0839277,0.3980125,9.528699,-20.559164
chr5,103722196,103722574,-,1,8.64344,-6.038337,-3.231078,2.3403547,-11.170618,-32.76181
chr5,104094541,104094579,-,2,0.54407656,-0.5628624,4.2307844,6.159791,-24.120775,1.2568462
chr5,104094880,104096387,-,1,33.865097,-17.79945,-4.0469456,-3.4105542,15.512197,-44.966686
chr5,104556354,104557864,-,1,35.094463,-17.773928,-2.0239127,-3.8528714,27.454617,-29.858582
chr5,105797655,105798296,+,0,15.484406,9.927964,12.226936,1.2853713,-8.709308,31.871508
chr5,106012236,106012456,-,1,5.5861006,-4.7898703,-3.0661306,3.5871148,-13.471043,-25.996181
chr5,109917598,109919158,+,0,34.87762,18.49138,14.049896,-3.2452962,30.871565,23.29608
chr5,113882070,113882268,+,0,4.838991,4.087337,11.946952,4.1604056,-23.023537,24.893225
chr5,114091951,114093507,-,1,35.561047,-21.095026,-3.4802241,-3.448568,17.582539,-42.699448
chr5,114554463,114555912,-,1,32.547165,-17.123322,-2.717031,-3.7794812,21.204155,-33.905304
chr5,114938321,114939946,+,0,38.65518,21.409286,11.329852,-4.165895,15.59775,43.69755
chr5,115164702,115165576,-,2,19.987076,-9.199673,0.5190357,1.2276616,5.35287,-13.7306
chr5,115167168,115167819,-,1,14.715101,-10.181884,-3.0776443,1.0174689,-4.2492723,-35.108704
chr5,115762230,115763858,-,1,36.720654,-20.533123,-1.3018633,-3.7934608,25.87726,-25.5816
chr5,116755392,116756154,+,0,17.309834,9.109475,12.21349,1.0433178,-7.5808578,30.966064
chr5,116756460,116757287,+,0,18.579704,9.449519,9.587812,-0.031127952,15.216726,10.946456
chr5,118209006,118210588,+,0,36.878475,21.493378,14.234522,-3.7714725,35.74308,24.293612
chr5,118222848,118223246,-,2,8.028089,-3.9155593,3.6044183,4.6978464,-25.071583,-11.80893
chr5,118223243,118223632,-,1,8.355431,-5.9205937,-3.1644547,2.294957,-13.556054,-34.56648
chr5,118322043,118323644,-,1,36.511402,-20.502096,-2.9144688,-3.4315107,25.24635,-39.957214
chr5,118430383,118430464,-,2,1.6127299,-1.377966,3.926572,6.5733323,-21.029446,-2.1946456
chr5,118881906,118883474,-,1,36.51818,-20.944164,-1.9129498,-4.3047805,31.144402,-32.868202
chr5,119031066,119031147,-,2,1.8601896,-1.8310761,2.1138566,5.2919803,-13.308237,-1.4340557
chr5,119135880,119137493,+,0,36.58312,21.066292,11.726345,-4.3666553,19.832748,43.178143
chr5,119726714,119728326,+,0,35.824955,21.275885,11.87076,-4.051944,17.999609,37.29537
chr5,121636331,121636622,-,2,6.1377134,-2.5126507,3.6452882,5.0298505,-24.450277,-9.955398
chr5,122599826,122600236,-,2,8.635773,-5.9241967,0.82363683,3.0014803,-1.2973455,-7.4111733
chr5,122600595,122601713,-,1,24.732567,-11.980686,-2.8859353,-0.36109087,1.3815863,-37.894478
chr5,123655573,123657179,-,1,36.177002,-19.277536,-1.4681302,-3.40662,24.871721,-25.828577
chr5,124174528,124175052,-,2,10.559529,-2.3699436,3.7773952,2.8465047,-28.387724,-21.672127
chr5,124202597,124202952,+,0,8.232611,6.791512,12.193804,3.0556586,-18.2039,28.849415
chr5,124203249,124204410,+,0,25.95013,13.230029,10.35402,-0.8525509,19.096764,16.492868
chr5,125312821,125314491,-,1,37.981636,-21.66899,-1.724809,-4.267675,29.377375,-32.55289
chr5,130805497,130806889,+,0,31.940819,16.458097,10.966531,-1.2918726,21.605085,21.071693
chr5,130863870,130865382,-,1,35.95313,-20.174557,-2.8999884,-3.9968834,22.788172,-38.378784
chr5,130957479,130958783,+,0,29.757212,17.246029,12.279954,-0.63764024,1.0287675,33.496784
chr5,130959095,130959414,+,0,7.468196,4.79591,8.089245,1.7304375,4.7902093,8.091087
chr5,134263361,134263424,-,2,1.3072369,-0.94992435,3.890479,5.7337966,-25.794731,-5.950309
chr5,143327414,143329050,-,1,35.94993,-19.751772,-2.1560085,-4.44188,31.299767,-37.04939
chr5,145410767,145411072,-,2,6.3599505,-3.5547204,1.1374583,3.8574622,-4.560928,-2.7999003
chr5,145411424,145412719,-,1,27.403347,-16.439749,-2.8359976,-0.5855854,3.1014726,-38.111347
chr5,145416847,145416959,-,2,2.5476232,-1.2545055,1.9563472,5.0269103,-11.969529,-3.5363584
chr5,147127048,147128648,-,1,35.92992,-18.798677,-3.3180137,-2.7548077,24.816662,-46.08915
chr5,151417142,151418832,+,0,37.74557,20.732807,14.243622,-3.390213,31.533844,24.613558
chr5,152179438,152181024,-,1,35.277298,-19.381079,-2.1676593,-3.5444193,21.705257,-30.984207
chr5,153131264,153131342,-,2,1.2754749,-0.08593584,4.3597045,6.209096,-26.576675,0.36279336
chr5,153131343,153131923,-,1,13.320417,-8.518011,-3.1116698,1.3202637,-5.937367,-35.142616
chr5,158034771,158036321,+,0,35.65277,20.738657,12.08036,-3.922473,19.671413,40.36961
chr5,162966041,162967672,-,1,36.131622,-16.131714,-1.8421135,-3.6326964,21.78056,-27.205866
chr5,162968937,162970581,+,0,35.668896,17.477646,11.967464,-3.4598575,13.92905,34.121334
chr5,163034430,163035320,+,0,20.802855,11.156887,12.150204,0.58068144,-5.62165,31.184208
chr5,163035684,163036350,+,0,15.0479355,8.66535,9.154888,0.46966168,12.565337,10.530481
chr5,166438702,166439206,+,0,11.722251,7.3309374,12.306598,2.0739849,-13.146826,29.235842
chr5,166439482,166439681,+,2,4.2924156,2.126872,7.1563687,5.98625,-36.999527,15.308414
chr5,167231189,167232340,+,0,25.559303,14.650991,12.083194,-0.16830786,-1.7116898,33.91183
chr5,169662847,169664475,-,1,37.079693,-19.974216,-1.3856032,-3.575949,27.385937,-26.626513
chr5,174836201,174836333,+,0,3.2046344,3.130486,11.755136,4.5218587,-23.936274,23.093735
chr5,174836330,174837401,+,0,23.448423,10.901864,10.129819,-0.521982,19.024858,13.628557
chr6,1156008,1157592,+,0,36.422874,20.07845,13.7603035,-4.293266,32.598866,30.470575
chr6,1888586,1888991,-,2,9.212632,-5.4228163,0.7547698,2.9898067,-0.64726996,-6.622818
chr6,4242873,4244340,-,1,33.92456,-20.303404,-2.8787205,-4.0646214,22.06397,-36.621292
chr6,4506019,4507614,-,1,36.88643,-21.207842,-1.3873603,-4.0418296,29.026745,-26.407108
chr6,6562628,6564213,-,1,35.476288,-20.228718,-1.9244515,-3.5428963,25.566084,-26.290215
chr6,15535659,15537138,+,0,33.56082,17.14752,12.741716,-3.3339868,26.375029,39.846542
chr6,15537442,15537555,+,-1,2.7815983,2.652655,7.4414454,2.5257964,-1.4794956,10.872135
chr6,22172656,22174159,+,0,33.649117,19.51432,12.493492,-3.6264477,20.72528,33.440876
chr6,23553941,23555452,-,1,33.74477,-19.251333,-3.1005378,-3.5637276,18.67279,-40.752937
chr6,26834911,26836696,+,0,37.704388,17.988052,10.542091,-1.4753582,15.090394,21.361202
chr6,31438394,31439068,+,0,15.239647,10.08469,12.219486,1.4204273,-9.548988,31.248234
chr6,35908151,35909597,+,0,33.52321,18.692478,12.732962,-3.5494359,26.242243,39.460056
chr6,38525437,38526993,+,0,35.634686,19.746706,11.810522,-3.8405082,14.46256,39.825966
chr6,38527293,38527325,+,2,0.6825378,0.462758,4.9895053,6.159724,-23.222483,3.9916558
chr6,49365830,49367016,-,2,27.15321,-12.184125,0.43155998,0.33477032,11.281287,-18.257936
chr6,49366985,49367224,-,1,5.7782626,-4.6771307,-3.1374927,3.348894,-13.256262,-27.467585
chr6,52160949,52161657,+,0,15.847609,9.182194,9.406823,0.157076,14.220991,10.478363
chr6,53365492,53366663,-,2,26.383028,-13.123557,0.403227,0.28948164,11.210058,-17.863745
chr6,53366961,53367441,-,1,10.533127,-6.1074004,-3.0887592,1.8842212,-10.834199,-35.18851
chr6,53368589,53368685,+,2,1.8834512,0.5955434,4.921893,6.2500415,-28.799868,2.9431994
chr6,55997156,55997277,-,2,2.4567962,-1.2138168,3.893233,6.550564,-22.661055,-3.0744257
chr6,56270982,56272589,+,0,36.971615,20.166645,11.792634,-3.9006853,19.933931,39.219166
chr6,57877078,57877491,+,0,8.769764,6.3873363,12.234922,2.838959,-16.901114,30.969025
chr6,57877667,57878866,+,0,26.07685,12.149709,10.349987,-0.898637,15.25103,20.90991
chr6,62993780,62995407,-,1,35.317112,-14.131356,-1.4883088,-3.323879,22.561768,-23.844427
chr6,63144980,63146494,+,0,33.168736,19.728678,13.981671,-3.404518,29.518892,22.237011
chr6,64763580,64764728,-,2,25.979652,-13.0493765,0.3731678,0.562343,10.338267,-17.141924
chr6,64765036,64765516,-,1,10.729048,-6.8733954,-3.197971,1.940476,-9.711529,-34.17234
chr6,65088192,65089668,+,0,32.92222,16.700392,14.111317,-4.1910214,33.45357,30.218683
chr6,65089960,65089982,+,2,0.111942634,-0.006066637,4.6531887,6.4682918,-24.354877,1.9451159
chr6,65090022,65090107,+,2,1.6645584,1.2909925,4.964373,5.9929433,-22.514215,5.146368
chr6,65895610,65896918,-,2,28.511772,-12.205998,0.3629764,0.1836947,13.356922,-18.461258
chr6,65896904,65897391,-,1,11.05035,-7.7308,-3.1662538,1.8471056,-9.337877,-35.162827
chr6,67307423,67307923,+,0,10.320182,4.8987217,12.222978,2.4831502,-14.770619,27.206102
chr6,67308268,67309363,+,0,24.115326,10.660421,10.176264,-0.549373,19.742243,13.011335
chr6,67542163,67543736,+,0,33.932915,18.090069,13.905453,-4.4761496,37.858917,35.058044
chr6,68038272,68039806,-,1,33.776764,-17.464554,-1.6601576,-3.9640346,26.492994,-30.029358
chr6,68039796,68039941,-,2,3.1694949,-1.4763542,3.9144735,2.399873,-31.049927,-23.440933
chr6,68039939,68039986,-,2,0.7799961,-0.65460914,4.032531,6.411695,-23.939745,-0.48274
chr6,68402430,68402628,-,2,3.858318,-1.7486104,3.881849,2.474102,-29.387955,-23.024946
chr6,68866494,68868098,+,0,35.53525,19.34702,12.35735,-3.688675,18.528212,33.252766
chr6,70990753,70992386,+,0,37.64382,20.757603,11.87843,-4.128488,20.679193,39.25673
chr6,74622644,74624160,+,0,33.85752,18.762907,13.743189,-3.6372774,30.584726,28.056545
chr6,74799765,74800703,+,0,21.687246,12.009161,12.22358,0.28778884,-4.72291,32.044468
chr6,74801004,74801676,+,0,15.346599,7.3734183,9.33735,0.3125047,13.283914,9.93446
chr6,75058354,75059930,-,1,36.98514,-21.614737,-1.7376132,-4.3840995,29.494724,-30.932705
chr6,75565938,75566812,-,2,18.848906,-8.602794,0.64508647,1.4457283,6.281907,-12.9828005
chr6,76260702,76260807,-,2,2.0118454,-0.8345112,4.4748907,5.8108907,-28.17731,-0.8547677
chr6,76261825,76263309,+,0,34.08842,19.788033,13.121951,-3.5102804,26.158043,32.11151
chr6,77068983,77070482,-,1,34.0502,-18.169392,-3.0296779,-3.529769,21.462597,-39.95191
chr6,78045320,78045442,-,2,2.7682219,-1.5734282,2.0513153,5.205151,-12.879363,-1.9686561
chr6,78045440,78045827,-,1,9.0924635,-7.084798,-3.250014,2.214149,-10.573254,-32.043808
chr6,80421396,80423004,+,0,35.543297,17.062563,11.570181,-3.4516618,16.23188,34.426456
chr6,81500611,81502146,+,0,34.697296,18.989038,13.9298525,-4.297143,35.87776,31.340624
chr6,82941945,82943265,+,0,30.494083,16.565474,12.489672,-0.97154546,1.9171197,36.056595
chr6,84958053,84958113,-,2,0.9694861,-0.9253198,4.0754704,6.528672,-21.049858,-2.1532998
chr6,86718191,86719803,-,1,36.249535,-20.796652,-3.332436,-2.8618438,22.068167,-47.196346
chr6,90914836,90916345,+,0,34.911125,21.172955,14.327561,-4.114503,34.076626,28.263302
chr6,91551619,91553161,-,1,34.613655,-19.983059,-4.2119665,-3.374868,17.40436,-45.315937
chr6,93024883,93026485,-,1,36.31112,-19.151363,-1.8368973,-3.3984694,21.855083,-28.97043
chr6,93029134,93030722,-,1,34.565666,-16.736792,-2.8866093,-3.261823,19.427607,-32.913044
chr6,97015234,97016722,+,0,34.415836,21.358795,13.266983,-3.7865613,27.958471,32.436134
chr6,98142408,98144046,-,1,36.725216,-20.561686,-1.7630329,-4.274678,29.175913,-35.18747
chr6,98232054,98233655,-,1,35.92591,-20.051126,-1.8686415,-4.3144174,28.641434,-33.45452
chr6,99721774,99722013,+,0,5.4615755,5.023689,12.029315,3.9818566,-21.711584,25.85736
chr6,99721981,99723136,+,0,27.212486,11.836691,10.449112,-0.8349641,20.289484,16.471327
chr6,101292720,101294328,-,1,36.025703,-18.360485,-1.7784768,-3.525039,23.323412,-29.650934
chr6,101783503,101784329,+,0,18.769535,10.489666,12.226154,0.7617922,-6.258644,32.279194
chr6,101784328,101784561,+,0,4.8109035,3.8266392,7.627997,2.2704854,1.4327456,9.747153
chr6,102898809,102899557,-,2,17.014265,-8.941545,0.6703309,1.5955532,3.8666255,-12.041762
chr6,102900056,102900851,-,1,18.11519,-10.116721,-3.0114884,0.5790695,-2.8222997,-37.124386
chr6,103167244,103168852,+,0,35.297886,19.217768,11.948566,-3.4942737,13.037916,35.105057
chr6,103227667,103228860,+,0,25.823435,14.037011,10.248397,-0.5951856,18.392918,13.697749
chr6,103313917,103314327,+,0,8.327008,4.83176,12.105816,2.7741134,-15.075853,27.150932
chr6,103317098,103317937,+,0,19.187597,8.688053,11.335093,0.042239934,-2.4331172,26.179287
chr6,103318213,103318548,+,0,7.49784,4.286719,7.9750476,1.7487092,4.546803,9.768305
chr6,103385998,103387237,+,0,26.93884,11.487445,12.11804,-0.18242845,-1.3315688,30.913126
chr6,103966233,103967856,-,1,36.09182,-19.476822,-2.3601184,-3.879424,27.379183,-37.77226
chr6,107446872,107447051,-,2,4.1669645,-3.6182842,1.3138822,4.2181487,-7.151618,-3.2470787
chr6,107447354,107448735,-,1,32.234398,-18.095905,-3.216939,-1.9745647,6.9841485,-39.37805
chr6,112967243,112968876,-,1,36.734234,-20.964224,-1.7090391,-4.2605352,26.467167,-31.421677
chr6,114987717,114987805,-,2,1.9388106,-1.9679022,1.9997525,5.179771,-12.338863,-0.78207886
chr6,114988359,114988493,-,2,2.8709078,-1.9044746,1.8670775,4.87391,-11.888394,-3.612603
chr6,115197820,115199431,-,1,36.52444,-20.000116,-1.4565759,-3.6783338,24.512506,-22.666048
chr6,115502001,115503540,+,0,34.93119,19.69485,14.229393,-4.2145295,36.479294,30.50215
chr6,115735150,115736727,+,0,34.928497,18.117346,13.490763,-4.1148906,31.989939,36.32401
chr6,117231218,117231272,+,2,1.2470444,0.8532183,5.1202445,6.240342,-30.229929,4.013799
chr6,120227574,120229073,-,1,31.933674,-18.58703,-2.8551195,-3.8391938,18.535309,-36.42431
chr6,124271592,124273168,+,0,35.260235,18.374659,11.577459,-4.0307746,17.128695,40.15837
chr6,126469493,126471114,+,0,36.79805,19.86229,11.898369,-3.9609115,17.998062,39.726627
chr6,126756043,126756659,-,2,12.901227,-7.888619,0.7470133,2.0346398,3.758387,-9.71932
chr6,126756647,126756914,+,2,5.8633895,2.339984,6.700642,5.863364,-35.916363,11.204767
chr6,126756967,126757375,-,1,9.463869,-6.7994,-3.246326,2.054611,-10.100137,-33.264317
chr6,127361164,127361383,+,0,4.5156193,3.857867,11.980153,4.066619,-22.207981,25.013702
chr6,127361923,127362173,+,0,5.9424696,3.0220003,10.508471,3.980055,-16.186018,20.755968
chr6,127362465,127362496,+,2,0.7512158,0.84661263,5.0532007,6.810427,-27.253212,8.031622
chr6,127363456,127364612,+,0,27.095814,14.371657,10.274669,-0.867695,18.263674,17.16484
chr6,128702863,128704440,+,0,35.8067,21.217546,14.240938,-4.1183763,33.131916,32.1866
chr6,130337471,130339002,+,0,36.147514,20.718388,12.764427,-3.8211496,24.524153,36.33046
chr6,136831458,136833070,-,1,35.678997,-18.667542,-1.9537784,-3.7373052,24.503855,-30.058987
chr6,139233780,139235492,+,0,38.324448,18.63488,13.9406185,-4.231228,33.29412,31.333965
chr6,140312391,140314038,-,1,35.18391,-15.703846,-1.6299169,-3.777447,29.482687,-22.34867
chr6,140384589,140386219,-,1,36.08312,-18.67999,-1.9526787,-4.2629437,32.993828,-31.414677
chr6,140645781,140645836,-,2,1.2131383,-0.9336201,4.382647,6.0132766,-21.30129,1.1222326
chr6,141068478,141068745,-,2,5.5974693,-3.4030771,1.2501401,4.0861926,-6.0921044,-3.107641
chr6,141220523,141222125,-,1,34.501896,-14.553096,-1.6855136,-4.101595,22.337778,-25.758062
chr6,141952280,141953861,+,0,35.30524,18.502756,12.548704,-3.9141185,23.897528,39.107063
chr6,142534662,142534990,+,2,7.2657104,1.9976937,6.848099,5.8174267,-35.815117,11.363197
chr6,142534974,142535389,+,0,9.01139,5.842091,8.146376,1.5931458,5.912873,8.081338
chr6,142573343,142574874,+,0,34.53434,19.978241,14.00305,-4.324466,35.620285,32.877903
chr6,144047774,144049385,-,1,37.325523,-22.752201,-2.0254385,-4.27726,30.116634,-33.732334
chr6,144863121,144864731,+,0,37.081097,19.5361,11.877726,-3.6893222,13.799053,37.74144
chr6,146023193,146024803,+,0,37.354736,19.930166,12.0692215,-3.7319818,22.186415,37.192898
chr6,146248667,146250275,+,0,36.98528,21.002687,11.732428,-4.2290587,17.716831,41.37836
chr6,147400341,147401853,-,1,33.96563,-19.96281,-2.968714,-3.2850034,20.830881,-44.737225
chr6,148010211,148010459,+,0,6.1885777,5.0121665,12.12984,3.8222103,-22.438164,26.465658
chr6,148010462,148011424,+,0,22.298481,11.487914,9.767242,-0.29382652,14.867092,14.438816
chr6,151127781,151128062,+,0,6.7305665,5.9657164,12.134009,3.4799225,-20.444742,27.047188
chr6,151128531,151129379,+,0,18.349827,8.149028,11.46924,0.09918144,-2.6863663,26.891226
chr6,151129800,151130285,+,0,11.366798,5.747979,8.290521,1.3324912,8.427322,9.726049
chr6,153762315,153762939,-,2,14.86778,-9.329247,0.72549826,1.9007725,2.971839,-10.365148
chr6,156613295,156614922,-,1,38.83059,-21.107077,-2.037777,-4.159363,31.891554,-29.868368
chr6,163039366,163040993,+,0,37.90406,20.994987,11.947573,-4.1595516,20.500025,40.937256
chr6,163504998,163505875,+,0,19.065151,9.364585,9.625184,-0.12092531,14.906236,12.511964
chr6,164806719,164807538,-,2,18.52352,-9.044586,0.64333415,1.4931113,6.4853444,-11.687751
chr6,164814293,164815076,-,1,17.28338,-8.879347,-3.0451486,0.85262716,-4.161644,-36.84573
chr6,165442716,165442836,-,2,2.3487782,-1.5273453,1.9895777,5.1298943,-12.264791,-2.0722024
chr6,165443134,165444130,-,2,21.699726,-9.134341,0.5142696,0.87165767,9.212392,-13.789306
chr6,165444122,165444257,-,2,2.839776,-1.6290356,3.6480079,6.599929,-16.596987,-19.742281
chr6,168185768,168187269,-,1,35.210552,-20.656763,-3.4076636,-3.6218407,19.19545,-41.55723
chr6,169090000,169091572,+,0,36.370075,21.263527,14.050258,-3.5994341,33.86319,25.921354
chr7,7631120,7632601,+,0,34.32774,20.478949,12.804486,-3.5253055,23.502073,32.673645
chr7,7854684,7856218,-,1,34.162846,-17.72954,-4.0318184,-3.3039882,15.526396,-44.813778
chr7,9594728,9595028,+,0,6.2284656,3.9592187,11.879462,4.145598,-21.44616,23.918077
chr7,9596347,9596417,+,2,1.6376164,1.5765444,4.816758,7.1292267,-23.978113,9.179501
chr7,9596405,9597520,+,0,22.371101,11.938005,10.088952,-0.4299556,17.64794,14.426654
chr7,9895997,9896351,+,0,7.1704288,4.869554,12.034413,3.8031826,-19.729462,25.301304
chr7,9970463,9972066,+,0,35.85518,19.343174,12.21711,-3.4396653,19.791174,32.146976
chr7,10010960,10012506,+,0,33.948204,17.523533,13.7684145,-4.295925,36.30592,33.8097
chr7,10360960,10361232,+,0,6.812708,5.4405518,12.119304,3.6426005,-22.033129,28.053211
chr7,10362121,10363468,+,0,29.222986,14.38882,10.975205,-1.0227888,22.064156,19.64045
chr7,10400579,10401658,-,2,23.693954,-11.38181,0.22145961,0.68540895,7.9475164,-18.217115
chr7,10401645,10402005,-,1,7.7219815,-4.874593,-3.1770103,2.9273562,-11.415702,-28.295189
chr7,15052207,15052686,-,2,9.912807,-4.2464004,0.78346413,2.7940824,1.4344819,-7.3934684
chr7,15053000,15054168,-,1,26.094326,-12.978071,-2.8243945,-0.496385,2.295287,-36.7094
chr7,15584741,15585055,+,2,7.2035646,3.6681654,6.0600724,5.928306,-34.731068,7.4102683
chr7,16538983,16540566,+,0,35.909954,20.101036,11.818149,-3.9564078,18.015903,39.9393
chr7,19532096,19532377,+,0,6.6832213,4.219904,8.007507,1.7889442,3.9296982,7.727825
chr7,20208214,20209751,+,0,34.372612,19.55959,13.705352,-4.3936963,37.04061,33.97761
chr7,21578197,21578780,-,2,12.487208,-6.00515,3.4306164,4.4214344,-23.16946,-12.709939
chr7,22519078,22520500,+,0,32.824543,16.342886,12.089812,-1.0915066,5.7268276,35.139
chr7,22520797,22521002,+,0,4.3295283,3.5259311,7.576577,2.3208423,0.5824837,9.372674
chr7,24162959,24164582,+,0,37.522846,22.113644,11.87499,-4.3081036,19.592714,40.444534
chr7,29576743,29578340,+,0,38.68189,22.965473,14.308191,-3.2513146,32.218906,24.705431
chr7,32682387,32682678,+,0,6.4582157,5.2252603,12.115105,3.4785905,-20.147545,27.33564
chr7,32688715,32688762,+,2,1.150118,0.73641497,4.801805,7.135864,-23.856342,8.844468
chr7,32801804,32803405,-,1,37.66045,-22.37234,-1.3319169,-3.8826888,28.955975,-26.369194
chr7,34281546,34283032,-,1,33.96941,-19.771646,-3.0595326,-3.878572,20.852009,-38.046383
chr7,34376613,34377484,+,0,16.855516,5.605043,10.114709,0.30475342,-1.1749494,24.291323
chr7,35068561,35069974,+,0,32.372,17.044025,12.0153675,-1.1255999,5.7404265,35.14309
chr7,35070271,35070476,+,0,4.413565,3.630287,7.598981,2.307521,0.6138588,9.378067
chr7,38080846,38082478,-,1,36.893753,-20.800549,-1.8539852,-4.244768,33.001404,-30.978083
chr7,38098343,38099883,+,0,35.93621,19.726871,13.868787,-4.0711293,34.10342,29.64591
chr7,39842261,39843833,+,0,35.395153,19.981934,12.564178,-3.9292579,22.815586,39.855965
chr7,42975779,42976304,-,1,12.063249,-9.107498,-3.1288307,1.7192019,-8.760808,-36.18993
chr7,48987776,48988297,+,0,11.682007,8.177991,8.979914,0.6740799,10.979429,9.315453
chr7,49097299,49097493,-,2,4.608801,-2.0195816,3.3669004,5.4756446,-17.053728,-4.1506243
chr7,49097603,49097935,+,2,7.3301744,2.0153606,7.0895147,5.8140783,-35.800983,13.6154
chr7,52138362,52139901,-,1,36.195995,-19.71138,-4.1869845,-3.3868968,14.97246,-46.734673
chr7,54456857,54456976,+,0,2.8435862,2.7100782,11.729321,4.5767493,-24.089264,22.511135
chr7,54457489,54458914,+,0,31.48012,14.7364025,13.767894,-3.9341085,33.541553,36.310497
chr7,56682641,56683249,-,2,13.253003,-6.7449737,0.76646,2.28108,3.8365061,-8.79174
chr7,57114474,57115598,-,2,25.43926,-10.796625,0.6108446,0.71048194,13.260099,-14.591941
chr7,57115590,57115831,-,1,5.560022,-4.3437376,-2.9765887,3.7694724,-12.511134,-25.146696
chr7,57161552,57162179,-,2,12.939973,-5.533468,0.7751714,2.2924798,3.91293,-8.681345
chr7,57474087,57474243,+,0,3.488729,2.080884,11.668729,4.5539355,-23.080812,21.503704
chr7,57474218,57475338,+,0,25.351896,10.367742,10.072914,-1.132009,23.148718,12.936427
chr7,63286142,63287265,-,2,25.21913,-10.635323,0.55691326,0.6075905,13.259576,-14.590321
chr7,63287257,63287498,-,1,5.653575,-4.6635947,-3.002611,3.7013273,-12.514038,-25.22309
chr7,63458753,63458996,+,0,5.678563,4.7302947,12.069787,3.926826,-20.751184,25.197641
chr7,63458986,63460106,+,0,25.058498,10.44533,10.0533495,-1.1787808,23.162401,12.933186
chr7,64019848,64020090,+,0,5.648309,4.5152745,11.983594,4.027015,-20.943077,25.116339
chr7,64020091,64021196,+,0,24.10848,10.687736,10.08356,-1.1417965,23.180805,12.9249525
chr7,64222651,64222890,+,0,5.701402,4.83064,11.986001,4.023767,-20.8607,24.985806
chr7,64222858,64224004,+,0,24.897085,10.682505,10.102484,-1.1860712,23.18532,12.926024
chr7,64271084,64272418,+,0,29.879885,14.852409,10.070043,-1.1980046,23.37049,12.89296
chr7,65336641,65337107,+,0,9.534429,6.3996134,12.317911,2.444602,-14.864312,28.692211
chr7,65337639,65338337,+,0,15.163565,6.4313498,9.087863,0.55022705,12.946899,9.8232765
chr7,67351490,67351796,-,2,7.1552925,-5.179809,0.8493197,3.4460437,-3.0034869,-4.7489066
chr7,67352104,67352234,-,2,3.006326,-1.4424711,3.7332783,5.4524655,-23.557882,-7.141346
chr7,77747164,77747720,+,2,11.202051,3.130019,6.9912066,5.756578,-34.311897,12.71718
chr7,79019892,79020484,+,0,13.632945,8.235602,12.286408,1.7594177,-11.710668,31.226498
chr7,79020794,79021827,+,0,23.065756,11.12824,10.077136,-0.49366486,18.568686,14.0789385
chr7,79718955,79720489,-,1,36.21611,-20.336481,-2.0138342,-3.9882264,25.804708,-33.115166
chr7,79807163,79807280,+,2,2.3586695,1.7616343,4.9898763,6.8343606,-26.623663,5.870125
chr7,80283257,80284432,+,0,26.050869,14.279117,12.187607,-0.32387075,-0.70750123,32.16335
chr7,81046044,81046398,+,0,7.3000417,5.1431174,12.115109,3.429834,-19.362492,27.026712
chr7,81046707,81047968,+,0,27.418287,12.3383255,10.322398,-1.0121769,19.362076,20.528725
chr7,81907480,81908222,-,2,16.196089,-8.893424,0.6907963,1.7281414,3.6550639,-12.942931
chr7,82574079,82574369,-,2,6.4636645,-3.905624,1.0233244,3.6359496,-3.731678,-3.9945743
chr7,82574379,82574886,-,1,11.347354,-7.924129,-3.145481,1.7984245,-9.534311,-37.23047
chr7,84854703,84855001,-,2,7.476863,-5.022192,0.74014103,3.1701338,-2.0125594,-4.6007323
chr7,84854998,84855315,-,1,7.6347404,-6.457371,-3.2066228,3.1867495,-14.198841,-28.795464
chr7,85932120,85933665,+,0,34.124546,19.435455,13.880167,-4.396467,35.17389,33.662918
chr7,86106895,86108493,+,0,35.729214,19.10283,13.949625,-4.0502615,33.098568,29.125334
chr7,87273564,87274832,-,2,28.991442,-14.415821,0.30889302,0.15996069,12.948688,-18.499773
chr7,87275129,87275497,-,1,8.269187,-6.737948,-3.1747441,2.5637245,-11.376574,-30.75541
chr7,89011336,89012832,-,1,31.443056,-15.715051,-3.0935616,-3.2916574,21.89666,-43.477833
chr7,90135126,90135331,-,2,4.3470397,-3.5927885,1.3436309,4.258077,-7.4773045,-2.9100049
chr7,90135629,90137047,-,1,33.06615,-17.384298,-2.1269345,-2.6149936,6.9859324,-35.589104
chr7,90829225,90829540,-,2,7.0625057,-4.7022095,0.92445976,3.3928075,-3.8227568,-5.7584367
chr7,90829829,90831147,-,1,30.08604,-15.692312,-2.751598,-0.6944716,5.096554,-35.739216
chr7,91440380,91441924,+,0,36.400913,21.99051,14.152594,-4.28764,36.596104,31.104172
chr7,91680323,91681923,-,1,37.390213,-20.422855,-3.410964,-2.6371205,24.245102,-46.580254
chr7,93173710,93174092,+,0,9.316765,6.829232,12.241835,2.9230938,-17.723265,29.011557
chr7,93174388,93174518,+,2,1.8948575,0.91796225,4.915167,6.381905,-28.54605,3.9925795
chr7,93174791,93175837,+,0,23.316477,9.423992,10.206964,-0.650582,18.777029,16.339787
chr7,96749333,96750956,-,1,37.33871,-19.53961,-2.7169905,-3.1193385,26.99344,-41.003162
chr7,113272436,113274009,-,1,34.78034,-19.005907,-1.6954641,-3.9289615,25.670109,-31.040205
chr7,113958569,113960139,-,1,34.817497,-20.237404,-3.2473712,-3.5193446,21.481512,-40.618538
chr7,118289801,118289851,+,2,0.9095175,0.6633428,5.0294533,6.8638754,-25.956896,5.23263
chr7,118290141,118291672,+,0,34.55088,18.438246,13.973086,-4.1062975,32.792355,33.59329
chr7,118740066,118740265,-,1,4.75724,-4.3534813,-3.0309603,3.672884,-13.56139,-24.988758
chr7,119265631,119267259,-,1,35.631287,-18.033325,-1.2346928,-3.7142737,32.03083,-27.430597
chr7,119356564,119357875,-,1,28.664223,-12.504695,-2.7972982,-1.0508771,4.2834415,-39.528366
chr7,119434833,119436451,-,1,33.301064,-15.756992,-2.065347,-3.650267,18.97071,-27.969238
chr7,121650304,121651108,+,0,16.329264,6.5713067,9.468713,0.33201382,14.318502,8.536426
chr7,121727970,121729579,-,1,34.738815,-18.27755,-2.1607797,-3.3018167,26.188501,-34.917774
chr7,122246943,122248231,+,0,29.701422,15.625574,12.206368,-0.7918877,1.9842995,32.87938
chr7,124119147,124120742,+,0,36.101776,20.613455,14.311877,-3.4101112,33.69685,23.679611
chr7,124220780,124222333,+,0,34.87634,19.62986,14.096266,-4.1878185,34.321045,35.172787
chr7,124302680,124304293,+,0,36.839836,20.464,12.606452,-4.03645,25.017565,41.584545
chr7,124517415,124517546,+,0,2.7910101,2.666546,11.714026,4.5962267,-24.491333,22.13922
chr7,124518146,124518425,+,0,6.1108766,3.4992943,10.509969,3.9936733,-16.192402,21.473915
chr7,124518677,124519755,+,0,23.90377,10.058502,10.135357,-0.7199652,15.858338,16.18843
chr7,125229770,125231388,-,1,36.47014,-19.883032,-1.973401,-3.5817072,23.504908,-31.509377
chr7,126058981,126059076,-,2,1.8309757,-1.3236446,3.886977,5.8192925,-25.670918,-7.2992144
chr7,126275104,126276625,-,1,33.56832,-16.359575,-3.2479658,-2.8947976,13.153943,-37.61174
chr7,126316365,126317985,-,1,36.727123,-20.642317,-1.3666406,-3.9653482,27.932547,-28.03081
chr7,127545608,127547139,-,1,36.119205,-20.172102,-2.9891667,-4.0843635,19.254084,-38.902355
chr7,127547894,127548001,-,2,2.5605829,-2.304885,2.0925288,5.276959,-11.98793,-0.8149388
chr7,131306266,131307928,+,0,37.65294,19.250109,11.293423,-4.0814037,13.408903,42.883286
chr7,131855893,131856407,+,0,12.27278,9.423546,12.283316,2.110465,-13.731998,31.97071
chr7,132892054,132893581,+,0,33.87628,19.209185,13.16079,-3.7557373,27.690247,33.15061
chr7,141759824,141760827,-,2,21.941338,-10.322406,0.5306737,0.61162615,11.381666,-15.1535425
chr7,141852712,141853765,-,2,24.119772,-12.457335,0.31996047,0.5822677,7.9694977,-18.097261
chr7,141853739,141853817,-,2,1.7185935,-1.5991658,3.7606504,6.548913,-14.705977,-19.97327
chr7,143057500,143057850,-,2,7.604738,-3.2455618,3.7854888,3.6722806,-28.046291,-17.79677
chr7,143057843,143058058,-,1,5.4922576,-4.6136227,-3.0947683,3.5216148,-14.280652,-26.738544
chr7,144008844,144009974,+,0,26.604149,13.065428,12.190891,-0.17098834,-2.0210485,32.171825
chr7,144010977,144011429,+,0,10.707392,6.21759,8.340722,1.3518829,7.9913015,8.029114
chr7,144628588,144630157,+,0,35.314163,20.471882,14.151248,-4.2330966,33.907154,31.478842
chr7,146259270,146260898,+,0,35.488884,18.602242,11.750112,-3.6531937,15.467491,38.083874
chr7,151531569,151532739,-,2,26.994535,-13.177836,0.09114117,0.34128374,9.669215,-20.357548
chr7,151533008,151533386,-,1,9.211408,-7.48925,-3.2708368,2.5510812,-12.142272,-31.729803
chr7,151972007,151973174,+,0,27.360945,16.449104,12.16273,-0.71295124,0.13946621,33.120243
chr7,151973481,151973793,+,0,7.117293,4.7356386,8.035789,1.7744068,4.7414546,8.199744
chr7,153000269,153001919,-,1,38.200336,-21.878244,-1.5497733,-3.3028536,26.045954,-23.089096
chr7,156132521,156132695,-,2,3.6913168,-2.5391564,1.6543924,4.682095,-10.562166,-2.9390643
chr7,156563855,156565412,-,1,34.567688,-18.024273,-1.5293252,-3.0769653,19.419535,-22.725307
chr8,497069,498705,+,0,36.138588,18.401892,11.688301,-3.788057,14.551065,39.742092
chr8,7322268,7322469,+,-1,4.288906,3.2403615,7.4160233,2.5189874,-2.8968186,8.446294
chr8,7368581,7368923,+,2,7.394193,1.6189705,7.095599,5.8677735,-35.035458,14.014163
chr8,7369257,7369549,+,2,6.326777,2.4045908,5.8641553,5.9862785,-35.025257,6.7667203
chr8,7987900,7988101,-,2,4.153975,-3.1674669,1.4349239,4.5566845,-7.8929024,1.0489511
chr8,12148368,12148571,-,2,4.4365907,-3.307255,1.4705834,4.5950217,-7.884784,1.106081
chr8,12390689,12390891,-,2,4.4043202,-3.2418482,1.4052367,4.5490093,-7.881018,1.0933393
chr8,14366528,14366672,-,2,3.032975,-2.1883335,2.0679774,5.2543116,-11.6803465,-0.3843768
chr8,14366672,14366837,-,2,2.7410767,-1.3358394,2.0479603,5.1866713,-12.578731,-2.3070745
chr8,14366835,14367462,-,1,14.671532,-8.563367,-3.036572,1.1344261,-5.150438,-35.302933
chr8,15136840,15138438,+,0,35.6113,20.219143,14.004876,-4.3303757,35.635006,31.69276
chr8,29706435,29706706,+,0,6.088968,4.357376,7.9444346,1.843863,3.3144448,8.978427
chr8,39352689,39354214,+,0,35.7101,21.46511,14.203483,-3.3492358,30.168888,25.090912
chr8,42247023,42247564,+,0,11.478658,6.6539946,8.912975,0.7464624,10.892333,9.329213
chr8,43337085,43337892,+,0,17.26632,9.604113,12.2496195,1.4632014,-8.623901,32.765697
chr8,43400509,43401773,-,2,28.269377,-11.474585,0.37958455,0.32287055,13.435451,-17.634085
chr8,43402057,43402423,-,1,7.381975,-5.2864323,-3.1610417,2.7205558,-13.728204,-30.336407
chr8,43516054,43516203,-,2,3.2407088,-0.5821947,3.8884306,2.5236108,-32.04557,-22.344252
chr8,43516476,43516711,-,-1,4.777323,-0.8056474,1.6797713,14.415621,-52.237988,-15.731772
chr8,43517019,43517170,-,-1,3.0688214,-0.8790029,3.9332874,1.5851113,-34.35244,-25.777878
chr8,43519507,43519593,+,-1,1.3564479,0.4943625,6.667829,9.605198,-38.01204,1.7410967
chr8,43519554,43519796,-,-1,4.6465087,-1.8562379,1.7000288,14.348388,-52.677917,-14.374106
chr8,43520109,43520248,-,-1,2.938662,-1.1810856,3.9843912,1.5605817,-33.550194,-27.101597
chr8,43522012,43522068,+,-1,1.229968,0.66958857,6.222392,10.104251,-42.366444,0.44107994
chr8,43522056,43522297,-,-1,4.773476,-1.4824913,1.6999142,14.368644,-50.939632,-14.840844
chr8,43522953,43523091,-,-1,2.7289617,-1.2974733,3.9202707,1.5728142,-33.710564,-26.064018
chr8,43526406,43526456,+,-1,1.1991452,0.60393155,6.2115498,10.146459,-42.757675,0.15234871
chr8,43526458,43526687,-,-1,4.4298162,-1.1595417,1.7191757,14.333934,-51.068886,-15.2614
chr8,43527000,43527144,-,-1,2.7521846,-1.0566825,3.952252,1.5495054,-34.044907,-26.196106
chr8,43528500,43528639,-,-1,2.778272,-0.8168628,3.91127,1.4858749,-33.76709,-26.74293
chr8,47050318,47050430,+,2,2.50106,1.3051927,4.8292212,7.167583,-24.919212,8.474215
chr8,47050729,47050780,+,2,1.1615709,0.29285914,4.7196755,6.693695,-24.562967,3.4082706
chr8,47051071,47052282,+,0,26.590277,11.36352,10.239065,-0.7592982,16.994274,18.616941
chr8,47115499,47116281,-,1,16.635492,-8.51219,-3.1576166,1.0042809,-5.7538347,-36.77192
chr8,50328747,50330059,-,1,29.09496,-15.6053505,-2.6074145,-3.4261603,16.87229,-33.49202
chr8,50330417,50330608,-,-1,3.895957,-3.0623455,-2.7551448,4.0778675,-15.474316,-23.323149
chr8,57776979,57778496,+,0,35.648926,21.912676,14.256823,-4.090067,34.698437,29.309355
chr8,60096487,60096618,-,2,2.4842072,-1.4834436,3.8035107,5.5903444,-25.943266,-6.214273
chr8,60606745,60606925,-,2,3.5292723,-0.4553097,4.483121,5.7612114,-28.484095,-1.1699448
chr8,61577893,61578148,-,2,5.7427464,-3.3376305,1.1605358,3.9143984,-5.4236507,-3.4325013
chr8,61579929,61580458,-,2,11.695346,-5.771414,3.506164,4.598303,-23.23847,-12.274479
chr8,62377907,62379430,+,0,34.689735,19.038324,13.947028,-4.18198,34.106037,34.194965
chr8,62996468,62997114,-,2,14.274253,-8.723384,0.7661769,1.9744835,2.688142,-10.409564
chr8,63251423,63252641,+,0,27.155005,15.683716,12.276341,-0.6458102,0.294353,34.27131
chr8,63252940,63253057,+,2,2.580631,0.9828728,5.0731077,5.881362,-19.192223,4.033274
chr8,63816874,63818475,-,1,36.44892,-20.087675,-3.2706137,-2.7527826,27.07903,-45.931534
chr8,65903685,65905489,+,0,41.672207,20.641182,12.040906,-4.290664,20.88695,44.520676
chr8,66087408,66089016,-,1,37.24703,-22.32657,-1.7113506,-4.140543,31.14615,-30.842775
chr8,66909316,66910527,+,0,28.382622,15.583944,12.374957,-0.63166535,-1.016106,34.98589
chr8,66910824,66911130,+,0,6.8255315,4.5804443,8.016644,1.7087812,4.7983212,10.083087
chr8,68422110,68423699,-,1,37.240833,-19.489954,-4.066038,-3.1876938,16.374613,-45.44433
chr8,68477627,68478555,-,1,21.469795,-11.856593,-2.8830748,-0.16918142,0.49710062,-37.065224
chr8,68631964,68632967,+,0,22.54335,11.520995,12.28252,0.3032504,-4.205866,31.655458
chr8,70501633,70502805,+,0,27.299189,15.23649,12.325783,-0.5254559,-0.336634,34.599533
chr8,70503534,70503885,+,0,8.068443,5.6800184,8.018541,1.6948104,5.349487,9.691166
chr8,70510662,70510691,+,2,0.64963084,0.29521504,4.4872622,6.1663666,-30.68731,-2.084859
chr8,70820904,70822054,-,2,26.012701,-14.06104,-0.0066816052,0.47298002,8.546705,-19.502434
chr8,72200346,72201932,+,0,34.965862,19.44109,14.065596,-3.2093763,31.924938,22.794329
chr8,74540382,74541275,-,2,20.431316,-10.963986,0.57128775,1.1353159,7.290496,-14.642596
chr8,74619806,74621376,-,1,36.311893,-21.354008,-4.125081,-3.5363302,16.366316,-46.6318
chr8,75129759,75131552,+,0,40.965466,20.725698,11.781162,-4.3748746,20.128325,44.048256
chr8,75567275,75568807,-,1,34.920082,-18.224997,-1.6876163,-3.455806,24.062326,-28.25223
chr8,77569065,77570703,-,1,35.881504,-17.248936,-1.7205641,-3.4740667,21.32037,-27.119474
chr8,79583074,79584537,+,0,33.600594,19.026197,14.104455,-4.568002,37.749786,30.357191
chr8,80762650,80764187,-,1,34.95077,-21.060038,-3.2012017,-3.6708856,20.485712,-40.48445
chr8,81749822,81750110,+,0,6.7477407,4.264998,10.482641,4.0025096,-15.428373,21.606812
chr8,83329683,83331196,-,1,34.905323,-18.248762,-3.9380984,-3.3277543,15.993187,-44.19754
chr8,84312321,84313937,-,1,36.253635,-20.273928,-2.3171299,-4.1512537,24.673256,-36.331272
chr8,87514402,87515926,+,0,34.48364,19.66418,12.912277,-3.6004198,26.02628,35.43377
chr8,88799981,88801581,+,0,35.77261,17.35935,11.485931,-3.812639,16.113186,38.371414
chr8,96431883,96433383,+,0,34.12426,20.37222,13.217199,-3.7619119,27.97986,33.127094
chr8,98458948,98460552,+,0,36.776073,22.015818,13.697918,-3.3956368,28.811813,26.250607
chr8,100545604,100547185,+,0,37.039227,22.247677,12.060919,-3.9671352,20.767595,37.022614
chr8,104861893,104862401,+,0,11.5254135,8.172932,12.303338,2.142506,-13.100279,28.989319
chr8,104862400,104863230,+,0,18.42703,9.704415,9.5572405,-0.030678332,14.981248,11.329587
chr8,106673008,106674616,+,0,35.85325,21.011044,14.037864,-3.2664928,30.464113,23.350306
chr8,107202417,107202495,+,2,1.5033236,-0.20584007,4.3705935,6.1162267,-26.394796,-2.942278
chr8,108338585,108340103,-,1,34.70403,-19.51539,-2.1381736,-4.1712217,28.21598,-37.05164
chr8,109081659,109082440,-,2,17.398512,-9.343551,0.65490997,1.6363239,5.69359,-11.942497
chr8,109173629,109174107,+,0,10.479289,7.712919,12.294887,2.2379391,-13.766771,30.590067
chr8,110010197,110011783,+,0,33.80501,17.350168,11.502695,-3.4409447,10.733106,38.00523
chr8,111721111,111721496,-,2,8.082094,-5.4981184,0.90077114,3.1786487,-2.326723,-7.7479916
chr8,111721843,111723049,-,1,27.37756,-14.891379,-2.708191,-0.6779907,3.8544176,-35.935394
chr8,112414570,112416108,+,0,34.583435,19.87752,14.133967,-4.361405,36.208065,32.428802
chr8,113032142,113033582,+,0,31.576073,16.802776,11.738912,-2.8160985,9.872552,34.594425
chr8,113033616,113033781,+,0,3.853332,2.991215,7.496166,2.452477,-0.5384099,10.413051
chr8,117035083,117036437,-,1,31.794382,-18.265215,-2.8233173,-3.9201162,20.863409,-36.280773
chr8,117266978,117268596,-,1,35.329247,-19.16574,-1.9054015,-4.200122,32.42839,-26.358374
chr8,118840203,118840545,+,0,7.69615,5.9392934,12.162611,3.2483327,-19.349731,28.44913
chr8,118840853,118842137,+,0,29.506176,14.261551,10.317343,-0.8370014,17.923347,18.246073
chr8,119277095,119278543,-,1,31.06881,-13.9012375,-1.711534,-3.042118,18.697166,-23.158434
chr8,120853371,120853490,-,2,2.5785172,-2.422689,1.4760231,4.4603415,-9.303908,-2.585824
chr8,120913235,120913514,+,0,5.80864,4.8369484,12.126752,3.8119712,-21.769953,27.008259
chr8,121218653,121220213,-,1,36.541607,-19.381197,-3.9132135,-3.2899742,15.290273,-43.700962
chr8,126899149,126900761,+,0,36.45914,17.28529,11.363198,-4.1707797,13.34025,44.232216
chr8,129070683,129072257,+,0,36.420956,18.887547,14.203667,-4.091945,35.20015,28.256565
chr8,129132454,129132659,-,2,4.34524,-3.1457067,1.3397306,4.30741,-7.85764,-1.1873373
chr8,130750443,130752065,-,1,37.16658,-19.76264,-1.5147085,-3.7675436,24.806807,-29.395058
chr8,131008619,131009361,+,0,17.550306,10.313889,12.223826,1.0387838,-7.5377917,30.983484
chr8,131471312,131472788,+,0,34.711857,19.671856,13.231448,-3.787989,27.072802,33.27326
chr8,131473143,131473378,+,0,5.083448,4.3297095,12.065072,3.8579803,-22.660755,27.148222
chr8,131473370,131474371,+,0,22.085152,10.953067,9.876358,-0.32332104,17.47919,11.911584
chr8,132475232,132476853,+,0,36.909718,19.777323,11.979454,-3.9702022,18.606314,40.74447
chr8,134234879,134236397,-,1,34.66689,-17.96287,-4.1164927,-3.4256423,14.905335,-46.192944
chr8,135312189,135313624,-,1,32.97257,-18.708294,-2.942491,-3.9268837,19.980787,-37.748505
chr8,137047290,137047661,-,1,8.165688,-6.1693377,-3.2973154,2.5360398,-11.466753,-31.403267
chr8,137766179,137767855,+,0,37.632877,20.494852,11.436916,-4.1022577,12.566465,42.2145
chr8,138092860,138094065,-,1,27.10144,-13.163599,-2.757943,-0.48077387,2.477739,-35.364742
chr8,138550570,138552176,+,0,37.09942,20.402716,11.49246,-4.09885,15.365183,41.39498
chr8,144951782,144952054,+,0,6.275148,3.6984513,10.433678,4.0468383,-16.164965,20.743252
chr9,1622305,1623156,-,2,19.395899,-10.162834,0.6280163,1.3619728,7.02184,-12.223454
chr9,1623158,1623442,-,1,6.391912,-4.393921,-3.0814037,2.5197287,-13.74991,-33.872246
chr9,5086066,5086104,-,2,0.8791568,-0.73070914,4.152966,6.4969764,-22.359327,0.25786015
chr9,5270547,5271571,+,0,22.034374,11.192291,9.866003,-0.49503052,15.466035,15.344244
chr9,5381178,5381558,+,2,9.056232,2.7517037,6.9110355,5.7729454,-34.860893,12.062021
chr9,5408145,5409153,+,0,21.114157,7.8133855,11.904667,0.005348327,-2.528254,28.840326
chr9,5409547,5409907,+,2,7.3645544,3.3510873,5.831485,5.965224,-33.930595,5.738652
chr9,7692257,7693842,+,0,37.25021,20.598343,11.340968,-4.141356,13.622926,41.64791
chr9,7876027,7877650,+,0,36.637596,19.897747,13.870499,-3.2339113,29.023672,26.166567
chr9,10818617,10820037,-,1,31.817282,-15.588037,-2.8405125,-3.8028803,18.71498,-37.055397
chr9,10872023,10873516,-,1,34.101254,-21.086916,-3.1797564,-3.6004202,21.775444,-40.622597
chr9,10986346,10987372,-,2,21.567783,-10.21724,0.5110804,0.9328062,10.596598,-15.2104
chr9,11388177,11388253,+,2,1.496612,0.48014775,4.854388,6.406728,-28.041443,3.7604227
chr9,11626501,11627974,+,0,33.069515,16.724497,11.532307,-3.6425998,12.048695,40.200283
chr9,11629581,11629651,+,2,1.4250993,1.1638299,5.176796,5.7067876,-19.71143,6.580658
chr9,11629888,11629947,+,2,1.1904329,1.1164768,5.088629,5.7268395,-20.743677,5.7287917
chr9,11949196,11949340,-,2,2.8601599,-2.4072678,1.5288455,4.555273,-9.741598,-1.1729393
chr9,11949351,11950424,-,1,23.555779,-11.78728,-2.833947,-0.4678147,2.210517,-37.173534
chr9,12101439,12103030,-,1,35.449905,-15.186605,-1.5904349,-3.243051,17.489712,-25.835833
chr9,15492057,15493548,-,1,33.34577,-18.766697,-3.982591,-3.401972,19.471216,-45.567013
chr9,19193606,19194068,-,1,10.939293,-7.646064,-3.2026308,1.9580765,-10.243321,-34.69287
chr9,20539719,20541359,-,1,36.556137,-20.600912,-1.3127184,-3.5412128,26.58785,-25.672615
chr9,23144827,23145832,-,2,22.130352,-9.085886,0.3916328,0.74679995,9.356672,-15.0628195
chr9,23145889,23146384,-,1,11.8584,-8.109745,-3.1382377,1.5161383,-7.0897737,-34.646603
chr9,23381934,23383546,+,0,35.085487,17.01001,14.297289,-3.4657829,34.334003,22.183643
chr9,24714020,24714827,-,2,17.773401,-8.987839,0.67515177,1.7407284,3.3762302,-12.842007
chr9,25357017,25358643,-,1,35.54637,-18.82894,-1.2996291,-3.7855303,23.162563,-25.771547
chr9,25432346,25433744,-,1,30.757305,-14.900064,-1.7250764,-3.1189826,16.984188,-25.938522
chr9,25462881,25464464,-,1,35.999813,-20.724955,-1.4880556,-3.697766,27.210505,-24.578299
chr9,25501052,25502663,+,0,34.011047,20.232681,13.611284,-3.2927508,27.544596,25.948078
chr9,28612412,28612846,+,0,9.134605,4.826708,8.297367,1.3985741,7.5118465,9.3639765
chr9,28756141,28756548,+,0,8.991032,5.435389,8.303094,1.4086393,6.785471,8.043127
chr9,29562013,29563663,+,0,35.383877,20.314556,12.399193,-3.8855276,21.662666,38.167366
chr9,29809932,29811389,+,0,31.799246,16.485287,12.579301,-3.283047,21.858887,30.846899
chr9,31496035,31497707,-,1,38.47868,-21.498913,-3.5993166,-2.7613716,24.000149,-48.30866
chr9,31764767,31765473,-,2,15.404015,-5.499559,3.4191453,4.1164637,-23.489016,-14.2334
chr9,33578472,33578625,-,2,2.9723027,-0.7344485,3.9230275,2.4405162,-32.242474,-22.322618
chr9,33578889,33579018,-,2,2.5528498,-0.6338738,3.7206612,5.9834943,-27.16559,-4.8656573
chr9,33579005,33579048,-,2,1.0374196,-0.6110711,2.496008,7.0320554,-31.996853,-7.370078
chr9,33579360,33579512,-,-1,3.0757568,-0.4752227,3.938602,1.3903697,-35.071293,-26.922861
chr9,33581813,33581869,+,-1,1.1868069,0.5864472,6.1963367,10.21719,-42.630997,-0.30347088
chr9,33581857,33582105,-,-1,5.250876,-2.458705,1.4518245,14.646539,-55.456944,-14.961389
chr9,33582429,33582569,-,-1,2.639374,-0.7797244,3.9702299,1.3619696,-32.847763,-26.65354
chr9,33584915,33584971,+,-1,1.1346339,0.4855302,6.188244,10.194601,-41.56851,-0.4451854
chr9,33584959,33585203,-,-1,5.353853,-1.7233965,1.5200242,14.649829,-54.797726,-15.449653
chr9,33585508,33585659,-,-1,2.8683765,-0.9882865,4.001126,1.2433656,-34.57795,-27.222715
chr9,33588001,33588056,+,-1,1.1320095,0.573794,6.1260686,10.197834,-42.505047,-0.55904865
chr9,33588054,33588286,-,-1,4.9363303,-1.3470353,1.5339735,14.61391,-54.48612,-14.587887
chr9,33588612,33588749,-,-1,2.622076,-1.070795,3.926213,1.5344635,-34.319122,-26.445906
chr9,33591088,33591150,+,-1,1.2336568,0.7247048,6.187899,10.197569,-42.40537,-0.16540346
chr9,33591148,33591381,-,-1,4.741582,-1.6630881,1.6493105,14.485038,-53.180992,-14.769215
chr9,33591705,33591849,-,-1,2.6827002,-1.0898348,3.9549356,1.546662,-33.71744,-26.190924
chr9,33594192,33594248,+,-1,1.0315487,0.37696758,6.510027,9.816435,-40.569912,0.4455052
chr9,33594236,33594480,-,-1,4.4052024,-1.4430903,1.6334349,14.434127,-52.752003,-15.992443
chr9,33594778,33594911,-,-1,2.714261,-1.2013509,4.004974,1.8873295,-34.01561,-24.364317
chr9,33594905,33596497,+,0,32.56972,14.054827,12.4271965,-2.0275435,8.891857,27.194626
chr9,33597230,33597286,+,-1,1.2998096,0.46229482,6.0536075,10.130381,-41.760765,-2.500234
chr9,35579564,35580942,+,0,31.689087,17.232504,12.206451,-0.8571186,2.3342505,33.16603
chr9,35581250,35581504,+,0,5.666755,3.8836532,7.81396,2.0097947,2.8137815,8.753607
chr9,36698256,36699917,-,1,39.93709,-22.481043,-1.453478,-4.2487125,30.704376,-29.59998
chr9,37563320,37564947,+,0,38.142918,22.032408,14.139314,-4.3769264,37.269375,32.065605
chr9,38546953,38547009,-,2,1.2971289,-0.44089064,2.5677137,6.9511094,-31.792557,-5.4979753
chr9,38547741,38549336,-,-1,32.832092,-13.018391,-4.8900948,-0.29705065,12.446325,-28.30937
chr9,38549333,38549473,+,-1,2.921421,0.72148657,8.721349,6.2821255,-42.952023,21.058254
chr9,38549770,38550014,+,-1,5.052224,1.9561839,11.200374,11.464295,-64.71699,9.655597
chr9,38552389,38552533,+,2,2.7442174,0.923055,8.11936,6.67277,-38.88034,21.660013
chr9,38552857,38553090,+,-1,4.6168447,1.8107897,11.211209,11.492244,-64.90767,8.410147
chr9,38553088,38553150,-,2,1.2316505,-0.7281531,2.6181586,6.9181256,-31.08778,-6.459096
chr9,38555491,38555628,+,-1,2.784638,1.0332259,8.249253,7.0655546,-39.968636,24.442352
chr9,38555954,38556193,+,-1,5.0462847,1.4320843,11.497707,11.675934,-66.71447,8.62319
chr9,38558570,38558722,+,-1,2.9763846,1.0286279,8.259973,6.954935,-40.35307,24.470715
chr9,38559027,38559271,+,-1,5.3939996,1.8615186,11.487143,11.649659,-66.326195,8.00427
chr9,38561660,38561811,+,2,2.8202987,0.594564,8.131691,6.762873,-38.402103,23.706232
chr9,38562126,38562368,+,-1,5.304662,1.9434392,11.503078,11.651917,-66.624146,7.7966766
chr9,38564717,38564869,+,-1,3.2621872,0.76116264,8.30283,7.0209913,-41.067177,24.649061
chr9,38565211,38565337,+,-1,2.3712134,0.6669019,10.723915,11.165264,-38.91388,5.700188
chr9,38565604,38565757,+,2,2.932953,0.7251302,7.7501707,6.060148,-39.24378,18.193369
chr9,39832509,39832630,+,0,2.6753454,2.477594,11.7039585,4.6082582,-24.28334,22.168589
chr9,39832938,39833134,+,0,5.0240674,4.145424,12.080111,3.9512367,-20.762794,24.098204
chr9,40295562,40295714,-,2,2.959321,-1.3325142,3.956789,2.419434,-32.398518,-22.663807
chr9,40295980,40296221,-,-1,4.958573,-1.4683821,1.7111695,14.270577,-51.787052,-13.64354
chr9,40296527,40296678,-,-1,2.7776737,-0.8748722,3.8845088,1.3954488,-36.06692,-26.964134
chr9,40298699,40298755,+,-1,1.1932999,0.40757337,6.582377,9.759236,-40.908855,1.7838153
chr9,40298708,40298987,-,-1,5.756653,-1.2121304,2.0804477,14.824529,-57.158634,-15.984458
chr9,40299297,40299409,-,-1,2.1591427,-0.6507245,3.8534276,1.4159691,-32.64441,-25.96501
chr9,40299512,40301040,+,0,30.956936,12.9202795,12.4243965,-1.9956188,8.285124,27.13706
chr9,40301175,40301253,+,2,1.5096184,0.39209938,4.660129,6.2439027,-21.792416,2.3226924
chr9,40302035,40302091,+,-1,1.2614065,0.5176255,6.0337815,10.292983,-43.679516,0.14798908
chr9,40302079,40302314,-,-1,4.601635,-1.9612477,1.5831313,14.636049,-55.019676,-15.556741
chr9,40302634,40302774,-,-1,2.454258,-1.009165,4.2373185,1.0373771,-32.42121,-29.084734
chr9,40305774,40305828,+,-1,0.98946244,0.22324361,6.7535095,9.545008,-38.94154,1.8156034
chr9,40305816,40306057,-,-1,4.81574,-1.4288346,1.7714384,14.225313,-51.281025,-13.71667
chr9,40308786,40308842,+,-1,1.3235589,0.54220754,6.1067557,10.225976,-42.73356,0.8815305
chr9,40308833,40309074,-,-1,4.800988,-1.2398776,2.0358474,14.797762,-56.80102,-16.075617
chr9,40309384,40309496,-,-1,1.9967867,-0.37254018,3.8295088,1.3783258,-32.45096,-25.943878
chr9,40311979,40312033,+,-1,1.0551628,0.29825073,6.650478,9.6717825,-39.51038,1.8991289
chr9,40312021,40312262,-,-1,4.81574,-1.4288346,1.7669559,14.220776,-51.28108,-13.716692
chr9,40312575,40312716,-,-1,2.836962,-1.5981499,4.027388,1.9617306,-34.491272,-23.737656
chr9,40314923,40314980,+,-1,1.2990289,0.602244,6.008941,10.288443,-43.749935,-0.6003739
chr9,40314968,40315212,-,-1,4.9479594,-1.6583796,1.5728797,14.537644,-53.787178,-15.750036
chr9,40315512,40315666,-,-1,3.0587382,-1.4415792,4.0311675,1.9024625,-34.766113,-23.98787
chr9,40318008,40318064,+,-1,1.2089458,0.27866912,6.471816,9.652238,-37.644962,-0.31805775
chr9,40318602,40318742,-,-1,2.9747024,-1.1128024,4.3119655,0.96347106,-33.33216,-30.054781
chr9,40321068,40321124,+,-1,1.3015424,0.29357848,6.1826367,10.225503,-43.556168,1.6159395
chr9,40321112,40321355,-,-1,5.239599,-1.5585036,1.4480811,14.641574,-55.481865,-14.083791
chr9,40729419,40730580,-,2,26.216785,-12.145291,-0.100121975,0.36913103,5.4050236,-23.404114
chr9,40730558,40730630,-,2,0.9531206,-0.391345,4.0840635,6.4829082,-22.49008,-0.4596018
chr9,42925738,42925889,-,2,3.1633425,-1.0676514,3.9480245,2.445491,-32.36826,-22.47372
chr9,42926155,42926396,-,-1,5.185837,-1.3823711,1.7843612,14.180954,-51.696186,-13.510534
chr9,42926714,42926853,-,-1,2.791892,-0.97392964,3.7602582,1.3144433,-35.750492,-26.958654
chr9,42929229,42929285,+,-1,1.1932999,0.40757337,6.594479,9.746038,-40.908855,1.7838153
chr9,42929276,42929517,-,-1,4.814353,-1.7470756,2.052563,14.813852,-56.89178,-16.095947
chr9,42929840,42929940,-,-1,1.7980994,-0.7457392,3.873122,1.4913354,-32.54442,-25.884693
chr9,42932577,42932633,+,-1,1.2614065,0.5176255,6.0619426,10.25045,-43.679516,0.14798908
chr9,42933892,42934032,-,-1,2.4759872,-0.8644209,4.2463794,1.0314013,-32.38598,-28.921444
chr9,42937027,42937083,+,-1,1.16727,0.32480064,6.650476,9.683539,-39.377995,1.8710978
chr9,42937071,42937309,-,-1,4.9034586,-1.3871224,1.7689016,14.226589,-51.326176,-13.68228
chr9,42937622,42937763,-,-1,2.7171423,-1.3650657,4.049912,2.0166166,-34.38175,-23.778452
chr9,42939970,42940027,+,-1,1.2990289,0.602244,5.9903884,10.300506,-43.749935,-0.6003739
chr9,42940015,42940259,-,-1,4.774068,-1.5824423,1.6017147,14.521068,-53.623447,-16.043879
chr9,42940571,42940713,-,-1,2.9348633,-1.2829632,4.0225134,1.9311036,-34.732685,-24.015121
chr9,42943053,42943109,+,-1,1.1982976,0.27416235,6.461624,9.668307,-37.67746,-0.3229042
chr9,42943648,42943789,-,-1,2.954701,-0.9865329,4.101334,1.2025032,-33.664486,-28.810696
chr9,42946114,42946170,+,-1,1.3015424,0.29357848,6.22537,10.254311,-43.556606,1.6158555
chr9,42946158,42946401,-,-1,5.464671,-1.3611165,1.4125773,14.674521,-55.616127,-13.997046
chr9,64441787,64441938,-,2,2.9351776,-1.313556,3.9494169,2.404605,-32.433662,-22.664236
chr9,64442204,64442445,-,-1,5.064404,-1.510287,1.7392651,14.236552,-51.81077,-13.626486
chr9,64442751,64442902,-,-1,2.886695,-0.9677065,3.8931687,1.3559923,-35.987038,-26.978434
chr9,64444923,64444979,+,-1,1.3235589,0.54220754,6.123582,10.141365,-42.73356,0.8815304
chr9,64444970,64445211,-,-1,4.699535,-1.660908,2.0869887,14.858331,-56.851383,-16.14662
chr9,64445521,64445651,-,-1,2.3718688,-0.4260154,3.721614,1.4859397,-32.48931,-25.985031
chr9,64445736,64447274,+,0,31.20408,13.36327,12.434193,-1.9857492,8.29132,27.138882
chr9,64447409,64447487,+,2,1.479045,0.39492232,4.6461005,6.185122,-21.791798,2.3212137
chr9,64448268,64448324,+,-1,1.2614065,0.5176255,6.060486,10.249126,-43.679516,0.14798908
chr9,64448312,64448547,-,-1,4.6664877,-1.8914537,1.630438,14.613366,-55.017616,-15.530744
chr9,64448867,64449007,-,-1,2.454258,-1.009165,4.2267184,1.0497699,-32.42121,-29.084734
chr9,64452009,64452063,+,-1,1.0551628,0.29825073,6.6560345,9.66742,-39.510315,1.8991381
chr9,64452051,64452293,-,-1,4.646171,-1.3918577,1.7578279,14.247047,-51.336544,-14.738049
chr9,64452605,64452746,-,-1,2.7798119,-1.7121177,4.044278,1.9974076,-34.376656,-23.612837
chr9,64454953,64455010,+,-1,1.2990289,0.602244,6.042972,10.24894,-43.749935,-0.6003739
chr9,64454998,64455242,-,-1,5.108218,-1.7586027,1.4639107,14.502882,-53.69259,-15.816964
chr9,64455542,64455696,-,-1,3.058017,-1.3163735,4.034147,1.9322417,-34.816288,-24.002916
chr9,64458036,64458092,+,-1,1.2089458,0.27866912,6.517247,9.667297,-37.645145,-0.31820184
chr9,64458630,64458770,-,-1,2.9747024,-1.1128024,4.2947125,0.9785622,-33.332333,-30.054958
chr9,64461096,64461152,+,-1,1.3015424,0.29357848,6.2259784,10.270885,-43.55657,1.6158506
chr9,64461140,64461383,-,-1,5.239599,-1.5585036,1.4644343,14.655397,-55.481865,-14.083791
chr9,64853028,64854053,-,2,23.121733,-10.247581,-0.03939273,0.43202874,5.4016533,-23.384647
chr9,64854053,64854189,-,2,3.1020668,-1.8968422,3.612033,6.6517377,-17.84057,-18.787436
chr9,64854167,64854239,-,2,0.9531206,-0.391345,4.080373,6.5111556,-22.490114,-0.45959514
chr9,66054949,66055192,+,-1,5.268279,1.5177679,11.543695,11.666725,-67.209335,9.045687
chr9,66055180,66055236,-,2,1.2887344,-0.28449413,2.511442,7.009091,-31.242142,-6.989246
chr9,66060639,66060793,+,-1,3.0734754,1.4714473,8.72602,6.2581735,-43.093006,20.815903
chr9,66061093,66061337,+,-1,4.9652305,1.6257201,11.339701,11.504411,-65.86527,9.118166
chr9,66063589,66063730,+,-1,2.8568683,1.6092556,8.72023,6.266543,-43.10146,20.770863
chr9,66064043,66064284,+,-1,4.710104,1.5017526,10.918729,11.274952,-61.424572,7.929111
chr9,66064272,66064326,-,2,1.0443926,-0.29716557,2.766135,6.722383,-29.651178,-6.44178
chr9,66066809,66066921,+,-1,2.0111055,0.3598259,8.31362,6.7363696,-40.2921,21.299868
chr9,66067231,66067471,+,-1,4.716662,1.2674862,10.840618,12.060321,-64.65896,5.2371144
chr9,66069921,66070057,+,-1,2.4836156,1.1444064,8.294161,6.942633,-41.361187,23.56864
chr9,66070249,66070490,+,-1,4.879664,1.4494916,10.933195,11.29662,-61.43685,7.9315257
chr9,66073532,66073672,+,2,2.4644623,0.96379596,8.011509,6.728914,-38.017,22.927498
chr9,66073992,66074227,+,-1,4.7028522,1.8681293,11.319176,11.615029,-65.640305,7.719949
chr9,66075053,66075131,-,2,1.5021904,-0.39046293,4.4447117,6.077459,-21.670706,1.2497605
chr9,66075266,66076794,-,-1,31.17804,-13.0687,-4.916202,-0.29404062,12.123499,-27.858328
chr9,66076897,66077009,+,-1,2.1728585,0.6395715,8.319586,6.7050495,-40.40584,21.491941
chr9,66077319,66077598,+,-1,5.7786374,1.2185711,10.846352,12.0464525,-65.03831,4.8729243
chr9,66077551,66077607,-,2,1.1757743,-0.3912009,2.6510367,6.842805,-30.16807,-6.6360784
chr9,66079627,66079778,+,-1,2.7861974,0.6414282,8.280386,6.978491,-41.656445,23.796219
chr9,66080084,66080325,+,-1,5.09167,1.481794,10.957851,11.300326,-62.15799,7.7239594
chr9,66080591,66080743,+,2,2.9560654,1.310937,7.874516,6.144754,-39.497307,18.59578
chr9,73265316,73266761,+,0,26.697437,10.0153675,10.84046,-0.9368029,13.598566,24.360964
chr9,73379818,73381404,-,1,36.63094,-18.940527,-1.9146342,-4.0167894,33.037727,-34.687717
chr9,73779396,73779848,+,0,10.920031,9.086835,12.211682,2.2907355,-14.418236,32.199673
chr9,73779844,73780161,+,0,7.12334,4.5302463,7.9652667,1.8229736,3.4417977,8.961949
chr9,73989199,73989248,-,2,0.7028182,-0.31384322,4.389331,6.2828298,-23.407639,1.3668839
chr9,73989252,73990774,-,1,34.57168,-20.636515,-3.3028197,-3.399743,21.397587,-42.289658
chr9,77861347,77861720,-,2,8.43277,-5.8611155,0.7224138,2.9981413,-1.1332105,-6.006503
chr9,77862031,77862897,-,2,19.224787,-7.7857237,3.3980699,3.9145906,-24.307232,-16.217884
chr9,77863181,77863625,-,1,9.778376,-5.6905327,-3.2633455,2.6105452,-10.601874,-30.764029
chr9,78916375,78918004,+,0,36.901253,20.038645,11.348211,-3.9781446,15.285721,40.5682
chr9,86565991,86566433,-,2,9.491175,-5.369614,0.716395,2.981316,-0.4313015,-6.4069033
chr9,86566423,86566694,-,1,6.3374386,-4.8488107,-3.1030893,3.281999,-12.7170515,-27.312029
chr9,87926766,87926822,-,2,0.96580714,-0.49747196,2.7116492,6.8554068,-31.192541,-5.456766
chr9,87927555,87929147,-,-1,32.09289,-13.996448,-4.9087186,-0.30022597,12.439598,-28.258478
chr9,88123114,88123170,+,-1,1.0433829,0.26276022,6.691559,9.639008,-39.476627,2.0299482
chr9,88123683,88123820,-,-1,2.8327365,-0.7741483,4.030287,1.9323945,-34.60251,-24.519506
chr9,88123817,88125409,+,0,32.027035,13.785184,12.427105,-2.008048,8.858835,27.196106
chr9,88126142,88126198,+,-1,0.9663312,0.4997114,6.381435,9.847167,-40.389935,-0.44981885
chr9,88126200,88126430,-,-1,5.0098643,-1.4640174,1.4069645,14.78541,-55.34216,-14.113507
chr9,89275334,89276862,-,1,35.45522,-20.229755,-4.1444297,-3.4743013,15.119746,-47.935062
chr9,92888594,92888743,+,2,2.7660933,0.9957016,8.112218,6.8083134,-38.531796,23.683872
chr9,92889010,92889235,+,-1,4.4391985,1.270509,11.179559,11.594105,-64.67572,7.0738125
chr9,92889233,92889289,-,2,1.0997314,-0.58854276,2.5143242,7.0129986,-31.818481,-6.5833626
chr9,92891625,92891777,+,-1,3.0927866,1.0721866,8.347024,7.05972,-41.107456,24.993273
chr9,92892090,92892133,+,-1,1.0458707,0.60836047,6.0748873,10.207808,-44.871944,-2.1211655
chr9,92892120,92892248,+,-1,2.4401996,0.51100165,10.777163,11.190902,-38.930397,5.7115083
chr9,93337689,93339307,+,0,37.03982,21.98256,14.135591,-3.3289661,32.14649,23.393274
chr9,97134236,97134470,+,-1,5.17833,1.6052688,11.596242,11.733698,-66.992096,8.791863
chr9,97134468,97134514,-,2,0.99360913,-0.7162338,2.5701525,6.966102,-31.534775,-5.7337723
chr9,97135261,97136854,-,-1,32.429935,-12.3579645,-4.904891,-0.30258876,12.461627,-28.32658
chr9,97136848,97136991,+,-1,2.8064585,0.89917386,8.730258,6.261796,-42.8763,20.989275
chr9,97137308,97137552,+,-1,4.7662606,1.0892957,11.129232,11.426578,-64.568695,9.843075
chr9,97139947,97140093,+,-1,2.7380054,1.1401643,8.203105,6.6592665,-39.479786,21.63812
chr9,97140418,97140656,+,-1,4.66749,1.2702049,11.204897,11.493149,-65.11816,8.337468
chr9,97143049,97143200,+,-1,2.9281046,1.0725244,8.313075,6.9410014,-40.445713,24.55675
chr9,97143509,97143753,+,-1,5.2022333,1.4790652,11.385571,11.547956,-66.10391,8.204148
chr9,97146147,97146300,+,2,2.6530716,0.40711987,7.882671,6.7531424,-37.39971,23.48092
chr9,97146614,97146857,+,-1,5.1786313,1.9053687,11.4609,11.618441,-66.133316,8.4466915
chr9,97149202,97149354,+,-1,3.3595352,0.5629877,8.337977,7.0778165,-40.880127,25.530642
chr9,97149668,97149711,+,-1,0.89154875,0.5291186,6.0818768,10.194806,-44.833546,-2.2309005
chr9,97149698,97149826,+,-1,2.2957175,0.5239466,10.750876,11.188407,-38.920616,5.6990166
chr9,97150091,97150244,+,2,3.0031233,0.8635913,7.854597,6.12356,-39.360718,18.307678
chr9,103483349,103483540,+,0,4.745135,4.630186,11.911482,4.2294006,-22.950626,24.777729
chr9,103484823,103486253,+,0,31.371405,14.270618,10.765896,-1.3368211,18.34386,22.153671
chr9,104430032,104430223,+,2,4.9188843,2.423482,7.49621,6.1163754,-37.1348,15.897096
chr9,104430213,104430342,+,-1,2.868203,2.693532,7.4125705,2.5470185,-1.1667647,10.613314
chr9,110596341,110597854,-,1,33.85201,-18.986332,-2.5503695,-3.6210904,19.338974,-35.401043
chr9,112283173,112284413,+,0,28.09937,16.038902,12.246276,-0.55934715,0.9260746,33.673386
chr9,112284725,112285057,+,0,7.173154,5.300211,7.9614983,1.8118604,4.010634,9.366514
chr9,115424440,115426019,-,1,34.942844,-19.594175,-3.077313,-3.2121084,25.22352,-42.94795
chr9,115555720,115557342,-,1,35.862816,-17.661207,-1.9393806,-3.7541316,23.395224,-28.793003
chr9,116524909,116525334,+,0,9.619143,7.744963,12.223728,2.958014,-18.436937,30.439394
chr9,116528010,116529599,+,0,37.11567,20.03203,11.317572,-4.035248,13.708981,41.675648
chr9,122705788,122706416,-,2,13.088147,-5.387357,3.436498,4.222689,-23.563047,-13.560191
chrX,5623473,5624404,+,0,21.145868,10.721215,9.8793125,-0.3497814,16.292765,13.22129
chrX,8964652,8966145,-,1,35.00543,-21.099638,-2.764156,-4.0535636,22.123608,-36.762894
chrX,13155632,13155940,-,2,7.2346926,-5.0603027,0.87637824,3.3479595,-2.7076838,-4.7621922
chrX,13156242,13156289,-,2,1.059208,-0.79416084,4.3605895,6.204193,-20.036417,-0.23582819
chrX,16525363,16526862,-,1,35.085117,-21.477274,-2.268468,-4.1550617,25.062141,-34.744156
chrX,20541612,20543212,+,0,36.038708,20.18268,14.266331,-3.3695943,32.555553,24.140524
chrX,20860593,20862173,+,0,36.760036,20.58355,11.727553,-4.3637075,17.077337,42.51714
chrX,21143652,21144370,-,2,15.683933,-8.603874,0.9077554,1.8891625,2.8934088,-11.24301
chrX,21144368,21145110,-,1,15.872649,-7.7115912,-3.04705,1.2606009,-6.383547,-37.48481
chrX,21273445,21275071,-,1,36.4242,-19.304623,-1.3413588,-4.0849376,30.498749,-27.512987
chrX,25134944,25135319,+,0,8.219558,4.0937095,8.32236,1.3780378,7.039509,9.341038
chrX,25704871,25706516,+,0,38.145798,21.680874,12.336611,-4.048032,22.913439,38.90103
chrX,26155690,26157149,-,1,33.686764,-18.166265,-2.7027128,-3.724957,24.552443,-38.478756
chrX,26231212,26232724,-,1,34.266228,-20.546755,-3.4497406,-3.4996276,20.810797,-41.988148
chrX,26383183,26383968,+,0,18.08497,10.035012,9.572845,-0.095394194,14.996585,10.967482
chrX,26775666,26776549,+,0,20.811499,10.193985,12.160796,0.16060828,-4.2426567,30.457153
chrX,27545904,27547422,-,1,34.667824,-19.524984,-2.862737,-3.8130682,21.081902,-38.44751
chrX,28007533,28009159,-,1,38.34642,-21.901447,-1.7596865,-4.257517,29.32551,-32.530327
chrX,28557465,28558157,-,2,15.879241,-9.308832,0.7564043,1.690523,4.352531,-11.157798
chrX,28558447,28558824,-,2,8.772055,-2.8791728,3.7677565,3.406353,-28.247494,-19.084827
chrX,28559133,28559583,-,1,10.083179,-7.4656134,-3.2233222,1.859775,-9.57016,-33.9139
chrX,32164176,32165706,+,0,34.48753,19.946716,13.685557,-4.196523,33.291985,34.170464
chrX,32774777,32776387,-,1,36.701794,-19.156284,-1.4527608,-3.9712703,28.836155,-29.808754
chrX,33504737,33506034,+,0,29.165028,16.660126,12.378798,-0.7196187,-0.9798659,35.725952
chrX,33506336,33506663,+,0,6.7642274,5.0394516,7.995238,1.7134073,4.961588,10.032818
chrX,35306188,35306767,+,0,12.311608,6.4044538,9.015828,0.631787,11.14391,8.3178215
chrX,36043268,36044857,-,1,36.29394,-19.464403,-1.8432626,-4.324065,27.637756,-33.293514
chrX,36326358,36326846,+,0,11.0670185,8.527125,12.3441725,2.1267648,-13.378106,30.847277
chrX,37048167,37048379,+,0,5.3755536,4.942972,12.0768,3.9613101,-22.281248,26.321287
chrX,37048371,37049482,+,0,25.041859,10.857251,10.184783,-0.7262201,17.459528,16.943176
chrX,37487038,37488140,-,2,24.689186,-10.679681,0.423045,0.57810116,10.667908,-16.400068
chrX,37488132,37488246,-,2,2.3902662,-1.7132243,3.7233582,6.5783305,-16.039747,-19.748505
chrX,37865940,37867445,-,1,34.478622,-18.79741,-3.8307705,-3.270878,13.114381,-42.958622
chrX,38962756,38964304,-,1,35.798523,-20.862858,-4.2355685,-3.4969234,15.527909,-47.047558
chrX,40778390,40778578,+,0,3.7318845,2.455713,7.4896736,2.4629483,-0.96413726,10.031781
chrX,40990392,40991035,-,2,14.50934,-8.4929905,0.72005534,1.7413247,4.036519,-10.900884
chrX,42112858,42114460,-,1,37.074955,-20.15929,-1.9663954,-4.0303364,28.38977,-30.642782
chrX,45544077,45544157,+,2,1.6873182,1.5580761,5.157855,6.893396,-24.525663,20.69906
chrX,45545948,45546881,+,0,20.32145,6.878525,9.707598,-0.14697118,15.245061,13.257881
chrX,45733792,45734514,+,0,16.689003,10.739006,12.242984,1.1959056,-8.210499,32.257965
chrX,49897297,49898787,+,0,35.022583,20.555723,12.698778,-3.808621,24.064983,37.897587
chrX,50725810,50727426,+,0,37.77332,22.372726,11.456965,-4.224801,15.714083,43.009197
chrX,51385521,51387051,-,1,35.497105,-19.601397,-4.178668,-3.3282623,14.71326,-45.31254
chrX,53525916,53526833,+,0,21.34346,11.797853,12.281648,0.30013332,-4.761902,32.16104
chrX,53527133,53527870,+,0,16.615181,9.763016,9.300855,0.26610458,13.77834,9.206194
chrX,55138914,55140403,+,0,36.043167,20.253344,13.237589,-3.8328707,27.122784,33.876484
chrX,55140701,55140759,+,2,1.390757,1.3621033,6.806609,6.527068,-19.223568,9.586171
chrX,56681298,56681978,+,0,14.308059,7.3021574,9.401584,0.27790245,14.54483,9.051103
chrX,57888707,57890315,-,1,36.642403,-20.866522,-3.516136,-2.86092,23.474474,-45.556488
chrX,63604098,63605612,+,0,32.814022,15.7902155,11.5939665,-3.3487616,15.039543,34.190468
chrX,63768958,63770608,+,0,35.3357,11.583906,11.667855,-2.9269414,12.3327875,30.606377
chrX,63979721,63979833,+,2,2.117031,0.96276253,4.9665065,6.8203387,-27.91257,7.781873
chrX,64149095,64150825,-,1,39.36918,-20.39989,-1.8974345,-4.3390727,34.156963,-30.902538
chrX,64448437,64450069,-,1,37.48785,-18.84727,-3.2572892,-3.5570712,23.774717,-40.29243
chrX,64646283,64647894,+,0,34.341595,16.559008,11.520891,-3.2633247,11.819448,36.554626
chrX,65900848,65901005,+,0,3.2678847,2.6186507,11.736125,4.550508,-23.858335,22.494783
chrX,66278655,66280143,-,1,33.48662,-17.71019,-2.567928,-3.594058,18.448397,-32.717335
chrX,66981810,66983404,-,1,34.454502,-17.504375,-2.8825328,-3.1847785,24.427109,-42.017975
chrX,68558413,68558727,-,2,7.45958,-5.0943804,0.8736159,3.4053893,-3.0190854,-4.707664
chrX,68559030,68559777,-,2,16.475296,-8.6589985,3.398426,4.065536,-23.796768,-14.924452
chrX,70586749,70588262,+,0,35.526493,20.671339,13.395301,-3.6462362,27.751215,30.34022
chrX,73725037,73725920,-,1,20.01646,-10.816236,-3.0041351,0.47326168,-2.0823944,-37.62467
chrX,75541594,75541734,-,2,2.895914,-2.529419,2.0648305,5.2378974,-11.725885,-1.4121419
chrX,75541726,75542387,-,1,14.019678,-7.328893,-3.0260506,0.9771649,-5.1762633,-37.861717
chrX,76878330,76879955,-,1,34.951317,-14.914824,-1.5829345,-3.2434828,24.022633,-24.481768
chrX,77096015,77096886,+,0,19.441685,10.475975,9.560839,-0.036855508,14.764933,12.005727
chrX,77281077,77281828,+,0,16.471756,7.8737674,9.396659,0.2784915,14.716927,9.745147
chrX,78016409,78017753,-,2,31.32262,-15.499037,0.20687012,0.27846938,11.398271,-20.19253
chrX,78018075,78018222,-,2,3.0762079,-2.0681157,3.6082978,6.597222,-17.002825,-19.59383
chrX,78018524,78018694,-,-1,4.015613,-3.571947,-2.8174791,4.001875,-14.223779,-23.850145
chrX,79113870,79115117,-,2,27.713959,-10.402722,0.17247333,0.41338527,9.723901,-18.901043
chrX,79116424,79116774,-,1,8.200464,-6.042001,-3.2485647,2.662413,-12.45478,-30.597378
chrX,80220931,80221415,+,0,10.582322,6.8915143,12.197491,2.5088255,-14.972248,30.028643
chrX,80222395,80222477,+,2,1.8681254,0.6489518,6.747746,6.5766664,-19.390339,9.700561
chrX,80222474,80223052,+,0,12.22014,7.8450937,8.726399,0.94885296,10.092533,8.253701
chrX,80693463,80694958,+,0,32.562702,17.201616,12.42594,-3.6110153,22.276436,32.892353
chrX,80885789,80887010,-,2,27.443361,-11.28967,0.39259127,0.39048246,12.209657,-18.47196
chrX,81012065,81012123,+,2,1.0896453,1.0123801,5.1225753,5.681304,-20.860153,5.5041127
chrX,81906665,81908273,-,1,35.30482,-18.348402,-3.2427843,-2.9737234,26.511667,-46.594055
chrX,82699497,82699932,+,0,9.442269,5.9415174,12.248816,2.541188,-14.469996,28.697582
chrX,82974846,82975317,+,0,9.799574,5.243941,8.279057,1.4231018,7.238593,8.488616
chrX,83318148,83318245,+,0,2.0783484,2.1339545,11.653421,4.6503587,-24.475292,21.026112
chrX,83318234,83319373,+,0,25.516537,11.014251,10.254728,-0.6527016,18.0854,14.918204
chrX,84540615,84541817,+,0,28.562252,13.618535,12.27447,-0.5770894,-0.25471395,33.312233
chrX,84541787,84542414,+,0,14.050376,7.0377526,9.229991,0.5367748,12.420671,9.705491
chrX,85865507,85867097,+,0,37.424625,22.584631,12.112253,-4.0994124,20.615744,40.878696
chrX,86086444,86086953,+,0,12.040386,8.835517,12.178369,2.2083926,-14.396802,32.52767
chrX,86087259,86087290,+,2,0.5353191,0.31335402,4.5886884,6.414092,-24.477856,2.6909244
chrX,86530681,86532305,+,0,36.799145,18.655832,11.439974,-3.9416506,16.362364,37.039455
chrX,86719836,86719915,-,2,1.8181369,-1.8576678,2.4118161,5.427227,-15.169171,-1.4512068
chrX,86720236,86721705,-,1,31.875563,-14.745606,-3.9910696,-3.0509472,13.170325,-44.696617
chrX,87027139,87027325,-,2,4.175815,-3.7018034,1.4766324,4.402137,-8.003646,-2.1306047
chrX,87308826,87310443,-,1,34.830673,-18.000198,-1.3810083,-3.8244596,22.67182,-25.90722
chrX,87541719,87542463,+,0,17.206753,10.855454,12.213989,1.0534914,-7.9163747,31.949387
chrX,87542454,87542881,+,0,10.021948,6.220136,8.162016,1.5942215,5.488552,7.350231
chrX,87708219,87709842,-,1,35.75193,-20.026245,-3.4250443,-2.7382483,25.504528,-48.234917
chrX,88184727,88186237,+,0,34.146454,17.846552,13.265589,-3.7144175,25.993366,33.16159
chrX,88274640,88276271,+,0,36.2532,20.252909,11.883741,-3.722324,13.972034,35.849724
chrX,88835524,88837067,-,1,34.032143,-19.018349,-3.8882117,-3.0627937,13.596467,-45.59974
chrX,88887440,88887629,+,0,4.1006217,3.7302613,11.816491,4.4152694,-23.003927,23.418154
chrX,88914490,88916116,-,1,35.460423,-18.603027,-1.7844659,-3.4649465,25.722345,-26.69054
chrX,88969876,88971507,-,1,36.73249,-19.13078,-1.2782983,-3.4497626,26.790993,-24.956472
chrX,89038663,89039714,+,0,23.192692,9.949067,11.860773,0.014663637,-3.2399688,29.671997
chrX,89792215,89793826,-,1,37.1746,-22.278973,-2.1532898,-4.493862,31.037455,-37.220238
chrX,90129629,90131126,+,0,33.559383,17.260612,11.511701,-4.2499394,14.961854,30.38366
chrX,90244232,90245718,-,1,33.102966,-17.56274,-3.0630558,-3.7749968,15.147237,-35.70453
chrX,90563351,90564964,+,0,34.82666,19.157976,11.602905,-3.9554293,15.576344,47.574265
chrX,90938597,90938916,-,2,7.207292,-4.792214,0.9320248,3.4000373,-3.1126745,-5.4819465
chrX,90941215,90941633,-,2,8.267053,-3.4131804,3.6349905,4.8461614,-24.526678,-11.570478
chrX,91492964,91493061,+,2,1.9758265,0.43331474,5.246621,6.1580367,-33.24268,3.5188434
chrX,91599893,91600764,-,2,19.004314,-10.247846,0.5170262,1.2215344,6.1583467,-14.370906
chrX,93859239,93860722,+,0,33.420486,14.110912,10.896681,-1.2724392,20.237968,21.829796
chrX,93901396,93901877,+,0,10.76105,4.7316184,8.248544,1.4743856,6.4345937,6.8245997
chrX,94143166,94143491,-,2,7.3474274,-3.9625225,3.808078,2.6803381,-28.418344,-23.032902
chrX,94615351,94616866,-,1,34.74303,-17.353432,-2.5534253,-3.124477,8.941699,-36.713135
chrX,94672078,94672313,-,2,4.9049473,-3.9186387,1.638032,4.6356435,-8.808597,-0.57833076
chrX,94672538,94673975,-,1,31.885675,-16.097967,-1.5182692,-3.424254,20.902103,-26.594961
chrX,94729384,94730993,-,1,35.536606,-17.487062,-2.765497,-3.4966428,28.424469,-42.894302
chrX,95095520,95096017,+,0,10.4791355,5.4132485,10.456975,4.0041714,-14.202253,21.955189
chrX,95096014,95096430,+,0,8.775489,4.0767474,8.212816,1.5181122,7.2800045,7.033519
chrX,95269370,95269413,+,2,1.0110645,0.8615847,4.7915964,7.131298,-23.839165,8.918949
chrX,95271779,95273288,-,1,34.911232,-18.144444,-1.7359588,-3.6007476,23.69509,-26.799395
chrX,95336910,95338424,-,1,32.392784,-18.045267,-3.7710657,-3.573398,17.21935,-44.16207
chrX,95446661,95448128,-,1,32.722412,-17.518707,-2.7520685,-3.8992052,21.397497,-35.51643
chrX,95655320,95655443,-,2,2.8018632,-2.6019099,1.5856811,4.624956,-10.238841,-2.2007272
chrX,95696776,95698290,+,0,34.844475,19.731646,13.886882,-4.2077227,34.53456,34.09907
chrX,95956479,95957950,+,0,32.06936,14.603521,11.398185,-2.8712337,15.3202915,27.749586
chrX,96212621,96214166,-,1,34.83141,-18.100096,-4.1071877,-3.4766247,16.875744,-47.29725
chrX,98010120,98011633,+,0,35.138996,19.752172,13.675644,-3.5246193,30.75999,26.517717
chrX,99575631,99577165,+,0,34.379536,17.213093,13.6146555,-4.013641,32.24297,35.90275
chrX,100452570,100454020,+,0,33.557446,21.804544,12.812689,-3.7599134,24.489403,36.781242
chrX,102489878,102490604,-,2,15.887699,-8.279587,0.62523764,1.5825616,4.187306,-12.343317
chrX,102610667,102611557,+,0,19.907665,9.571318,9.822066,-0.19814768,16.502428,12.16448
chrX,105083966,105084787,+,0,17.685165,6.7631826,9.456374,0.1368845,15.628659,9.765489
chrX,105712684,105714438,-,1,34.503735,-14.254962,-2.0544212,-3.364285,20.785543,-29.832218
chrX,108878156,108879193,-,1,23.066616,-11.911687,-2.8730557,-0.087108485,0.92356884,-36.29862
chrX,108930918,108931120,+,2,4.641877,1.2323755,6.988079,5.8508205,-36.46548,13.393971
chrX,108955705,108957304,+,0,36.425007,22.27187,11.633706,-4.2250566,19.293848,42.759834
chrX,111828568,111829022,+,0,11.614537,9.139476,12.189746,2.2329283,-15.257803,32.17867
chrX,111829326,111830458,+,0,25.997509,13.396615,10.300257,-0.60710466,20.177023,14.807127
chrX,113138673,113139695,-,2,21.736673,-12.232895,0.39168257,0.6856033,9.316488,-16.62277
chrX,113403138,113404706,+,0,35.693237,19.506992,12.334509,-3.973982,23.201628,36.817577
chrX,113406201,113406416,-,2,4.7252064,-2.3602717,3.3264506,5.4543624,-16.849552,-4.124008
chrX,113870832,113872298,+,0,34.454727,19.809578,13.364676,-3.7912352,27.569626,33.30814
chrX,113872610,113872670,+,2,1.2953646,1.24112,5.1362476,5.666065,-20.709475,5.9190497
chrX,115203340,115204951,-,1,36.48627,-20.265585,-1.5465606,-4.027391,32.02967,-28.64394
chrX,116350768,116351620,+,0,19.008455,8.710359,9.740337,-0.2282098,15.286132,13.388098
chrX,116532105,116532460,-,2,7.1008587,-2.873646,3.7911482,3.6414466,-28.059004,-17.795721
chrX,116532761,116533397,-,1,14.981082,-11.891465,-3.0984297,1.456156,-7.293947,-36.06789
chrX,116718672,116719079,-,2,9.222329,-3.365514,3.661709,4.012215,-27.688597,-17.139587
chrX,116720060,116720308,+,0,5.3461323,4.049539,11.977659,4.0767074,-22.206839,24.894222
chrX,116726712,116727938,+,0,27.20036,13.300863,10.3980055,-0.70690703,21.14296,16.655523
chrX,120409224,120410476,-,2,29.393377,-16.053547,0.15541081,0.211042,11.172975,-20.359756
chrX,121631598,121631790,-,2,4.2788935,-3.194824,1.325923,4.219569,-7.2971563,-2.768852
chrX,121632073,121633434,-,1,30.025667,-16.167627,-3.0428996,-1.9119612,8.62393,-40.279194
chrX,121929081,121930616,+,0,35.04457,17.481611,12.821023,-3.4453826,26.690666,40.304832
chrX,121931936,121933550,-,1,35.690342,-19.517242,-3.3561225,-2.8504462,25.125565,-49.79015
chrX,122128362,122128431,-,2,1.4529521,-0.24882676,4.4173436,6.225036,-19.847376,0.20203172
chrX,122342854,122343887,-,2,22.524796,-10.133356,0.57576114,1.1608374,7.967899,-14.412138
chrX,122344966,122345573,-,1,14.701115,-9.688811,-3.0628285,1.3528644,-6.900981,-37.46342
chrX,122755259,122755655,-,2,8.753973,-6.1203284,0.65883094,2.9215276,-0.22232378,-5.2086987
chrX,122756167,122757338,-,1,26.28586,-14.329485,-2.8547184,-0.63157016,3.127465,-38.20598
chrX,125283141,125283286,-,2,3.470304,-3.3271637,1.4674863,4.4748936,-9.058803,-1.5360566
chrX,125283283,125284206,-,1,20.19332,-12.417004,-2.9671807,0.3278455,-1.6283796,-38.417988
chrX,125599778,125601253,+,0,33.13718,19.67342,13.068269,-3.44837,25.777508,33.768436
chrX,125674644,125675929,-,1,27.273445,-13.150434,-2.8400526,-0.8532891,3.731218,-39.382156
chrX,125676982,125677113,-,-1,3.1631346,-3.0475256,-2.7458098,4.0841627,-14.163265,-22.242575
chrX,125794980,125795407,+,0,8.650139,3.8682582,10.516315,3.955637,-15.3020935,22.116465
chrX,125795961,125796923,+,0,19.584661,5.759856,10.070766,0.16583884,-1.0522382,24.301382
chrX,126475332,126476943,-,1,35.01403,-17.589085,-1.3847898,-3.3816786,26.465855,-24.644667
chrX,127677100,127677464,-,2,8.201871,-6.1355114,0.8117622,3.221663,-1.6715304,-4.0249853
chrX,127722449,127722629,+,0,4.0486517,3.3765917,7.510638,2.4201918,0.07474932,9.8867
chrX,128130853,128132499,+,0,35.98881,19.818111,11.725251,-3.894872,18.571033,38.42128
chrX,128293356,128295025,+,0,38.012455,21.375677,14.278055,-4.123967,36.34942,28.354252
chrX,128310207,128311729,-,1,36.164314,-20.85908,-2.8522217,-4.0892735,22.549276,-37.825726
chrX,128363301,128363632,-,1,6.989927,-5.306162,-3.1916568,2.9293528,-12.4735565,-29.119898
chrX,135301335,135302113,-,2,16.914545,-8.4759445,0.5311664,1.3897638,5.7676873,-12.785374
chrX,135367827,135369457,-,1,36.96481,-19.588703,-1.8379631,-4.248782,27.834297,-33.07038
chrX,137203502,137204547,-,2,23.323503,-12.698413,0.21523342,0.66560394,8.710936,-17.081165
chrX,137204546,137204780,-,1,5.737081,-5.2926993,-3.1150193,3.4806948,-13.198814,-26.367327
chrX,138616053,138617098,-,2,23.473368,-12.771482,0.19484223,0.7638761,6.9691067,-17.214273
chrX,139306890,139308150,+,0,30.19829,19.502584,13.310002,-3.5648532,26.302904,32.098236
chrX,139308150,139308295,+,0,3.3322377,3.2713318,7.511018,2.4422486,-0.32865247,11.000757
chrX,140474631,140476133,+,0,35.95491,20.359823,13.728638,-3.9819157,29.96397,32.08798
chrX,141274068,141274670,-,1,13.536558,-8.305619,-3.0735517,1.038245,-4.8292365,-35.244648
chrX,141295588,141296264,-,2,14.575675,-7.53683,0.7312954,1.874926,2.7712698,-11.795704
chrX,141637805,141639347,-,1,34.90579,-18.427523,-3.096495,-3.773829,22.36735,-39.849262
chrX,141985440,141985810,+,0,8.454752,6.670648,12.233848,2.8070414,-17.359394,29.862316
chrX,141987081,141987556,+,2,10.542523,3.495056,7.2400203,5.824818,-33.770763,14.189309
chrX,141987560,141987760,+,0,3.9906344,2.8451116,7.56472,2.36612,-0.5483967,9.15742
chrX,141991441,141991588,+,2,2.8105,0.9114624,6.997209,5.9072485,-37.24096,13.963741
chrX,142011806,142012057,+,0,5.9364514,5.5311885,12.064099,3.852334,-21.832201,27.08738
chrX,142134337,142134886,+,2,12.830141,5.5521116,7.409636,5.734646,-6.362793,28.305674
chrX,143118884,143120443,-,1,34.165176,-16.541065,-3.2227893,-3.4993598,15.686447,-39.35627
chrX,143242076,143242797,-,1,17.17545,-8.360093,-3.0334697,0.7007244,-3.3772135,-36.39685
chrX,143361606,143361786,-,2,4.1926656,-3.366518,1.475395,4.415397,-8.137117,-2.4657183
chrX,143375684,143377325,-,1,35.59252,-18.201418,-1.6688818,-3.428585,25.23346,-28.552406
chrX,143497354,143498827,-,1,33.668896,-18.433784,-3.044694,-3.7291882,18.008883,-35.767673
chrX,143605071,143606646,+,0,34.891556,22.138336,12.838202,-3.7100182,26.208048,37.15309
chrX,143708698,143709273,-,2,11.565278,-4.7220135,3.7320967,3.0416021,-27.763693,-20.982687
chrX,143909945,143910744,-,1,15.581074,-5.396377,-3.1105149,1.2160752,-4.7833815,-33.945694
chrX,143954430,143956034,+,0,35.56436,20.767956,14.14953,-3.3327374,34.27252,22.843756
chrX,144014398,144014547,-,2,3.538911,-3.1433825,1.4872422,4.4669356,-8.900982,-1.9763271
chrX,144138432,144139683,-,1,28.380919,-18.346863,-4.0974665,-3.3963997,18.499994,-45.25995
chrX,144731371,144732159,-,2,18.25567,-8.328896,0.63220066,1.5082809,6.603377,-11.483037
chrX,144732153,144732558,-,2,8.442478,-3.776607,3.7182596,2.8451362,-28.302135,-23.031862
chrX,144732937,144734454,-,1,31.357893,-16.564564,-2.9202352,-3.7267306,17.342709,-37.006954
chrX,144735156,144735416,-,1,5.401821,-4.4441137,-3.0943556,3.4569907,-13.960815,-26.855003
chrX,145007140,145007572,+,0,9.749844,6.344767,12.289735,2.6051884,-15.971193,27.99297
chrX,145032360,145033507,+,0,24.731497,10.251951,10.428767,-0.7561304,15.738231,17.867172
chrX,145086967,145088490,+,0,34.42118,20.368359,13.801079,-3.5798755,28.94207,28.851593
chrX,145246415,145246671,-,2,5.472341,-1.8851093,3.6919415,5.136423,-25.944265,-9.339593
chrX,145639613,145640008,+,0,8.586399,6.067038,8.105283,1.591729,5.9707484,10.331081
chrX,146269039,146270603,+,0,36.042465,21.72751,12.405644,-4.078413,23.651602,36.22472
chrX,146399740,146401351,+,0,34.941956,17.96453,13.705626,-4.1407375,31.437721,31.641073
chrX,146746211,146747398,-,2,26.335997,-12.039816,0.06364226,0.5875344,8.227836,-20.29729
chrX,146748433,146748804,-,1,8.707884,-5.8561864,-3.2472832,2.5180857,-11.681827,-31.055616
chrX,146786802,146788424,+,0,36.397884,18.81709,12.312289,-4.0646005,22.575275,40.54161
chrX,147041552,147043023,+,0,32.64748,16.95227,13.08459,-3.6534975,26.72292,32.975285
chrX,148100369,148101997,+,0,37.556797,21.34155,14.204848,-3.6072106,31.88189,26.908194
chrX,148253768,148255307,+,0,36.362946,19.660759,13.9426155,-4.2000804,35.290474,31.084414
chrX,149171837,149173149,-,2,29.180826,-13.597281,0.4022529,0.3733277,12.947324,-20.023531
chrX,149173954,149174196,-,1,6.0256143,-5.861483,-3.207643,3.0476482,-13.281048,-28.820215
chrX,151012662,151014189,-,1,36.174355,-19.444021,-3.915487,-3.3826017,19.174913,-46.86866
chrX,151470696,151472274,-,1,34.897587,-18.117994,-1.4116367,-3.9234033,27.623255,-31.103462
chrX,152530248,152531863,-,1,39.11545,-23.087688,-1.3427321,-3.9384916,31.198374,-27.698494
chrX,153169256,153170829,+,0,34.832695,20.8531,14.24554,-3.674816,34.231308,25.12651
chrX,154661467,154661644,+,0,4.6544423,4.4316792,11.988252,4.0933137,-23.247053,24.81939
chrX,154661935,154662273,+,0,7.171031,3.5243607,10.481303,4.003971,-15.331645,21.64327
chrX,154662421,154662895,+,2,10.50325,2.8364499,6.7660418,5.804606,-35.068905,11.651558
chrX,154913357,154914929,-,1,37.409313,-22.303976,-4.2141824,-3.536168,15.440161,-47.514416
chrX,155561486,155563138,-,1,38.71569,-22.08307,-1.4056209,-3.398456,26.353283,-23.70699
chrX,155982493,155983032,+,0,12.356918,8.11805,12.331885,2.0672727,-12.793198,29.681358
chrX,155983334,155983780,+,2,10.195234,3.0355546,7.0316734,5.7633076,-34.306683,12.652772
chrX,155987249,155987286,+,-1,0.7148598,0.3656278,6.320995,9.573236,-35.305492,0.46253616
chrX,155987287,155987919,+,0,14.184387,7.695554,9.0713005,0.55717903,12.544267,7.3209934
chrY,3440000,3441611,-,1,36.8351,-22.569206,-2.1996162,-4.5162444,31.05281,-37.222576
chrY,3699722,3701217,+,0,33.446377,17.057941,11.450301,-4.1850605,14.961969,30.382963
chrY,3813535,3815022,-,1,32.574715,-17.59588,-3.08457,-3.7562346,15.144741,-35.6984
chrY,4141125,4142738,+,0,35.369614,19.843887,11.69558,-4.112735,15.578154,47.574154
chrY,4515014,4515333,-,2,7.1330514,-4.722039,0.9727849,3.433647,-3.1646311,-5.5357966
chrY,4517631,4518049,-,2,8.330601,-3.500942,3.6255665,4.8554783,-24.517279,-11.573338
chrY,4734262,4734359,+,2,1.9832983,0.5839906,5.4324923,6.2490373,-33.332886,3.4478378
chrY,4841133,4842004,-,2,18.840834,-9.969092,0.54158634,1.1681937,6.1732497,-14.306614
chrY,11358295,11358810,-,2,11.274653,-5.432257,3.6476974,3.1580174,-26.554361,-21.577385
chrY,11364955,11365323,-,1,7.880435,-6.9851217,-3.4994688,2.6551838,-13.869064,-31.715946
chrY,12203235,12203534,+,0,5.8680344,2.760352,7.502022,2.4309154,-0.3758173,7.6860337
chrY,13598505,13599930,+,0,28.127247,11.048125,11.88849,-2.5484514,9.268318,32.562298
chrY,13600213,13600311,+,2,2.1500657,1.4298308,4.980382,6.0004663,-22.01083,5.9790115
chrY,19330296,19330524,-,-1,4.2817993,-2.588077,-2.6958752,4.150119,-15.585178,-22.51022
chrY,19409223,19410147,+,0,18.32728,5.669674,12.084699,0.69438463,-9.8751745,27.454506
chrY,19650554,19650624,+,2,1.2007865,0.5729999,5.0020843,6.7716656,-26.113089,4.977936
chrY,19881529,19882549,-,2,21.183113,-7.094,0.5954138,0.92142254,10.173336,-13.973478
chrY,19908415,19909279,-,2,16.14733,-6.7033873,0.75194377,1.8996272,4.8817134,-9.238355
chrY,20571889,20573387,-,1,33.021782,-15.352174,-2.702256,-3.7885416,18.366957,-33.754025
chrY,21222436,21223191,+,0,14.444673,7.0914397,12.129167,1.7365702,-10.289713,27.618582
chrY,21271621,21271776,+,-1,2.851044,1.7530483,7.332074,2.5568125,-17.064167,5.056147
chrY,21287277,21288944,+,0,33.960896,13.166314,11.62634,-3.245055,12.49572,30.928936
chrY,23208966,23210331,+,0,30.79079,16.415308,14.193547,-3.3425777,37.1787,21.98047
chrY,24823353,24824716,+,0,30.767635,16.439562,14.192607,-3.303898,37.17874,21.980227
chrY,57169013,57169552,+,0,12.356918,8.11805,12.426249,2.0982845,-12.793214,29.681356
chrY,57169854,57170300,+,2,10.195234,3.0355546,7.042959,5.772341,-34.306683,12.652772
chrY,57173769,57173806,+,-1,0.7148598,0.3656278,6.314177,9.566229,-35.30549,0.46253645
chrY,57173807,57174439,+,0,14.184387,7.695554,9.138011,0.49077508,12.544276,7.3209743
