chr,start,stop,strand,Cluster,pca_x,pca_y,umap_x,umap_y,tsne_x,tsne_y
chr1,3076926,3077419,-,1,18.727945,-14.012883,4.5979285,2.694572,-36.575825,-13.610723
chr1,3175516,3175992,-,1,18.431442,-15.208436,3.933925,3.4748342,-30.12395,6.9860997
chr1,4712419,4712910,-,1,18.582533,-14.738772,3.5939777,2.902978,-31.956392,-8.428292
chr1,5049816,5050256,+,0,15.837321,14.582531,13.492208,13.132512,46.20395,-32.413536
chr1,5250001,5250494,-,1,20.005655,-15.778433,3.676128,2.7838378,-23.393316,-4.3830495
chr1,5255976,5256475,-,1,20.357576,-16.303997,3.6711,2.9395027,-23.283525,-4.3216133
chr1,6293216,6293266,-,0,2.7392528,-1.2455826,9.969902,7.7697167,-1.438623,-51.913803
chr1,9276885,9277325,+,0,15.579726,14.392902,13.6063795,13.329668,45.265995,-33.79755
chr1,9380225,9380719,+,0,17.516958,15.50434,17.715431,4.6107445,31.722044,1.9102906
chr1,9875241,9875722,+,0,16.861834,13.699504,17.105457,6.671773,15.554541,-21.230223
chr1,10889636,10890128,+,0,18.735767,16.47895,20.397532,5.3021555,52.240273,16.346994
chr1,10895579,10896071,+,0,18.735767,16.47895,20.411438,5.3144817,52.240696,16.349098
chr1,10975953,10976400,+,0,15.723905,14.504866,13.369211,13.310171,45.400673,-29.984777
chr1,10982321,10982768,+,0,15.723905,14.504866,13.399564,13.338907,45.400673,-29.984777
chr1,11257739,11258250,+,-1,18.594856,16.106089,15.114067,-2.4913123,8.12787,27.843054
chr1,11263662,11264173,+,-1,18.594856,16.106089,15.113634,-2.4912233,8.12787,27.843054
chr1,13207527,13208025,-,1,19.87386,-15.773758,1.7550505,4.142386,-47.73834,19.649878
chr1,13213509,13214007,-,1,19.87386,-15.773758,1.7426654,4.1422625,-47.73835,19.649878
chr1,16621937,16622429,-,-1,19.01333,-15.366902,-4.7611465,21.330564,-69.06296,-2.668784
chr1,16625589,16626081,-,-1,19.01333,-15.366902,-4.72971,21.29664,-69.06296,-2.668784
chr1,16888859,16889143,-,0,12.439129,-9.295603,10.412202,6.163664,-14.662889,-46.7827
chr1,16891899,16892391,+,-1,18.544727,16.083046,19.91382,19.429028,67.511566,-2.8277917
chr1,16897803,16898295,+,-1,18.544727,16.083046,19.913704,19.428343,67.19336,-2.846212
chr1,22838169,22838668,+,0,18.616638,16.792273,18.163103,4.3872247,19.996008,6.2997017
chr1,23661728,23662083,-,1,14.984513,-11.596277,3.553703,-1.6862599,-18.68882,-41.085
chr1,28660759,28661252,+,0,18.60469,16.274973,17.599161,3.5579965,38.30818,6.95221
chr1,29643265,29643757,-,-1,19.520523,-15.363154,-2.8887584,9.980559,-50.032173,28.131329
chr1,29649208,29649700,-,-1,19.520523,-15.363154,-2.8888638,9.98066,-50.038284,28.131672
chr1,30616437,30616930,+,0,18.124012,15.320791,17.063782,3.1941547,27.459768,19.296787
chr1,34078357,34078849,+,-1,18.460936,16.66865,27.030195,17.574781,39.595673,41.91648
chr1,34084261,34084754,+,-1,18.404404,16.497831,26.838589,17.80811,35.17252,43.592896
chr1,34358131,34358630,-,-1,19.567072,-15.299953,-0.41300666,6.7867084,-16.051865,31.628414
chr1,34644652,34645144,-,-1,19.345531,-15.638505,-4.7466135,21.37244,-70.25678,0.3802955
chr1,34650556,34651048,-,-1,19.345531,-15.638505,-4.7418537,21.380013,-69.55223,0.57574177
chr1,36031476,36031969,+,0,18.337894,16.11241,18.182728,0.19600454,32.609406,38.984676
chr1,36037420,36037913,+,0,18.264708,15.949263,18.193472,0.19996724,32.661575,39.039608
chr1,36278379,36278862,+,0,17.348976,15.536813,17.043617,7.001922,16.142603,-16.45864
chr1,36286251,36286744,+,0,17.784891,15.668185,17.162172,3.6170058,30.152521,15.451892
chr1,38456072,38456506,-,1,15.045018,-12.238766,0.087407336,1.3062891,-2.8234737,-3.5782225
chr1,43640740,43641180,-,1,16.233877,-13.018171,-1.168272,2.658071,-2.9303508,13.327346
chr1,45129614,45130060,-,1,16.086525,-13.108115,-0.2344952,1.6328402,-4.554426,1.9103862
chr1,47153136,47153630,+,0,18.343998,16.216274,17.645922,4.7048016,31.798872,1.7240955
chr1,47749165,47749652,-,1,18.514866,-13.850859,3.9739735,1.756319,-17.975414,-10.568037
chr1,48287978,48288453,+,0,17.939993,15.759248,17.33919,5.937126,26.429005,-12.384939
chr1,48428769,48429134,-,1,14.432946,-10.915812,3.5420244,-1.6646842,-18.27498,-40.756226
chr1,48507276,48507769,-,1,19.143236,-14.872114,4.959413,3.9402306,-38.859207,-1.5431176
chr1,50282783,50283223,+,0,15.705294,14.6511135,13.684918,13.148111,43.589615,-34.38625
chr1,50368269,50368763,-,1,17.046057,-12.87735,2.6766307,-0.069456905,-18.32129,-28.59694
chr1,50375052,50375180,-,0,3.1226764,-2.8135998,7.781575,7.9255037,-4.588475,-64.1164
chr1,50714379,50714887,+,0,16.949621,13.520719,14.781216,8.190623,8.592832,-23.389194
chr1,53653737,53654223,+,0,16.790781,13.357145,17.072592,6.952982,15.073392,-14.501353
chr1,54889816,54890308,+,-1,18.544727,16.083046,19.914238,19.429808,67.19336,-2.846212
chr1,54895720,54896212,+,-1,18.544727,16.083046,19.91575,19.425842,67.19336,-2.846212
chr1,55923629,55924121,+,-1,18.460936,16.66865,27.048208,17.56343,43.718422,54.622513
chr1,55929572,55930064,+,-1,18.426805,16.512117,25.876856,17.383202,36.209812,54.549713
chr1,56091227,56091720,-,1,19.191671,-15.112178,3.7307682,3.6363342,-30.617125,1.835226
chr1,56999041,56999529,-,1,18.94964,-15.108697,3.3521638,0.99792355,-17.016514,-19.766735
chr1,58767161,58767654,-,1,19.316593,-15.13202,3.6853626,1.7827766,-19.652683,-12.152522
chr1,58938216,58938710,-,1,19.094938,-14.836613,3.8004124,2.5512466,-30.913641,-13.749741
chr1,58944156,58944649,-,1,19.305046,-15.1555805,3.7828615,2.4479663,-30.916563,-13.739558
chr1,60038607,60039099,+,-1,18.605843,16.339947,19.575502,-8.507463,58.894897,15.795807
chr1,64436512,64437004,+,0,18.32184,15.892333,18.055605,2.8004417,17.907646,17.89695
chr1,70234524,70235017,+,-1,17.616873,15.32965,18.123327,14.859238,53.645424,-8.258976
chr1,73867857,73868348,-,-1,19.352253,-15.532987,-4.811808,21.280855,-74.166374,4.1857843
chr1,73873759,73874250,-,-1,19.352253,-15.532987,-4.822114,21.266975,-74.166374,4.1857843
chr1,74865306,74865466,-,0,5.785792,-4.4261727,10.088344,6.648792,-9.358033,-49.460094
chr1,77477533,77478025,+,-1,17.970497,16.058493,26.774666,18.305878,45.652008,43.582813
chr1,77483437,77483924,+,-1,17.842276,15.895092,26.763718,18.377846,45.6635,43.574184
chr1,79961761,79962253,+,-1,18.317436,16.470505,27.010883,17.609701,42.531868,49.268818
chr1,79967665,79968157,+,-1,18.317436,16.470505,26.942049,17.690664,42.532066,49.26952
chr1,80388188,80388675,-,1,18.401508,-14.118174,3.4008522,1.2444907,-12.787193,-15.210227
chr1,82396583,82397069,-,1,18.378113,-14.110397,3.1688282,6.04031,-26.361517,15.010503
chr1,82402553,82403045,-,1,18.646029,-14.416908,3.2109272,5.956408,-26.400457,14.965921
chr1,82421115,82421607,-,-1,19.230967,-15.303208,6.1107373,-0.9609565,-60.62283,13.024164
chr1,82427058,82427497,-,1,16.343637,-13.665078,-1.1087457,2.6842532,-8.800444,12.910612
chr1,83031132,83031678,+,0,21.385408,17.896023,16.575413,3.9863644,39.140892,16.093157
chr1,83223858,83224351,-,1,19.35006,-15.297161,3.2245607,3.1630452,-23.0736,0.31479907
chr1,83795711,83796145,+,0,14.744737,13.115522,14.582373,12.922572,36.21472,-33.062973
chr1,84161334,84161780,+,0,15.518547,13.76374,13.139288,13.357814,50.39814,-30.020418
chr1,84167222,84167721,+,0,18.253029,15.440387,17.196453,3.1309876,28.18164,18.821926
chr1,84542424,84542864,-,1,16.18763,-13.387402,-0.4356179,1.6060228,-1.3268522,2.3479242
chr1,84548350,84548790,-,1,16.18763,-13.387402,-0.42118216,1.6008953,-1.3268534,2.3479311
chr1,85106227,85106767,+,0,21.987312,17.455145,16.553555,3.9149745,40.05411,16.576385
chr1,85172507,85173000,+,0,18.503355,16.177784,17.454962,3.9476876,28.007132,12.100583
chr1,85178483,85178976,+,0,18.12517,15.625025,17.515467,3.9360292,27.84819,11.9038105
chr1,85266397,85266889,+,0,17.857216,14.893077,18.063845,4.2269993,25.010498,6.6243353
chr1,85603757,85604244,-,1,19.86441,-14.2239485,3.7343502,3.8277752,-31.704247,-0.38325155
chr1,87514294,87514662,-,1,15.551904,-12.060283,3.627113,-1.7690587,-19.962486,-42.01909
chr1,87741514,87742007,-,1,18.725248,-14.922575,2.9356618,7.7677374,-59.940945,-6.134417
chr1,87747266,87747759,-,1,18.725248,-14.922575,2.9373484,7.764174,-59.940945,-6.134417
chr1,88208098,88208612,+,0,15.013629,11.314813,14.244319,8.329455,2.6687968,-24.913052
chr1,88829727,88830220,-,-1,18.913996,-14.403835,6.2433667,-15.11226,-22.442375,56.91972
chr1,88835671,88836164,-,-1,18.913996,-14.403835,6.2433763,-15.107701,-22.442375,56.91972
chr1,89252883,89253075,+,0,5.7829266,5.7021446,10.364085,10.48235,17.695955,-59.661186
chr1,93856905,93857345,+,0,15.663643,14.762973,13.417002,13.142308,47.416172,-33.929615
chr1,93896592,93897085,+,0,17.793287,15.495976,17.89261,4.2454696,29.620676,4.653224
chr1,93965701,93966191,+,0,17.426643,14.774061,17.83032,4.2271876,29.635775,4.696582
chr1,98766177,98766676,+,0,17.389757,15.241057,17.66844,-0.08260759,24.277624,39.48155
chr1,98772160,98772659,+,0,17.389757,15.241057,17.658916,-0.0876193,24.277624,39.48155
chr1,99082436,99082928,+,0,18.60655,16.408474,15.252127,3.9523258,50.04515,21.958755
chr1,101994704,101995197,-,1,19.02923,-14.385313,4.2035418,3.828635,-35.62166,0.32823214
chr1,105219072,105219506,+,0,14.506517,12.658181,14.719345,12.934397,33.793156,-31.020264
chr1,105609795,105610266,-,1,18.141,-13.238599,3.7845337,2.1368935,-20.309204,-10.0503645
chr1,105615365,105615728,-,1,15.543381,-12.350688,3.6126206,-1.754232,-20.151478,-42.34952
chr1,106415355,106415806,+,0,15.29546,12.921953,17.114536,6.3617916,22.87962,-16.22195
chr1,107793858,107794357,+,0,18.656271,15.785619,17.636625,4.811123,37.800148,0.6762802
chr1,107799841,107800340,+,0,18.524862,15.760745,17.60555,4.7801027,37.812447,0.63818675
chr1,109528553,109528602,-,0,0.88649464,-0.47828552,7.9964895,8.679502,-0.6140975,-57.56506
chr1,111374221,111374409,+,0,6.4204392,5.2587385,12.020135,8.683463,8.348678,-44.685932
chr1,112720974,112721472,-,1,19.394335,-15.347944,3.1311748,3.4222608,-22.96267,2.523982
chr1,113336788,113337286,+,-1,18.19216,15.772936,12.3174095,-2.207345,16.275595,52.30723
chr1,113342771,113343269,+,-1,18.19216,15.772936,12.311935,-2.2179577,16.275595,52.30723
chr1,113368240,113368720,+,0,16.703356,14.544856,16.6611,3.8975334,34.388462,16.123112
chr1,114603465,114603958,+,-1,17.919786,15.368267,18.130537,14.883915,53.67112,-8.302946
chr1,114609409,114609902,+,-1,17.919786,15.368267,18.083956,14.833364,53.67112,-8.302946
chr1,115375127,115375620,+,0,17.656908,15.408801,17.433088,4.9211316,31.235443,-2.7830708
chr1,117611161,117611649,-,1,18.272463,-13.716491,3.3438911,1.5121994,-17.899492,-16.012815
chr1,121621878,121622371,+,0,17.733253,15.538523,16.877762,2.7897866,31.925867,25.84641
chr1,122511219,122511712,-,1,19.317322,-14.801595,3.5744112,1.308274,-21.074436,-18.703373
chr1,122635837,122636330,-,1,19.143147,-14.919298,4.9230947,5.100926,-43.014908,5.0011616
chr1,129233098,129233591,-,1,18.770483,-14.609575,3.7118669,3.420471,-27.389444,1.0221407
chr1,129394079,129394572,-,1,19.055477,-14.860448,4.922951,5.1307864,-43.78383,5.2116923
chr1,129399902,129400395,-,1,19.055477,-14.860448,4.940243,5.120565,-43.78407,5.211894
chr1,131150481,131150967,-,1,18.356775,-13.471173,3.547806,1.2292668,-18.927984,-20.051586
chr1,134124801,134125293,+,-1,18.442682,16.461586,12.188045,-1.2336426,20.358871,52.250706
chr1,134129452,134129944,+,-1,18.442682,16.461586,12.189551,-1.22787,20.358871,52.250706
chr1,134348585,134349078,+,0,18.145603,16.27165,18.206705,4.199821,19.908945,6.9024076
chr1,136579775,136580268,+,0,17.601082,15.811567,17.640291,-0.09770926,27.085007,37.167408
chr1,137062437,137062936,+,-1,18.6121,15.8592615,18.175564,15.290521,49.116776,-3.7827687
chr1,137068348,137068847,+,-1,18.6121,15.8592615,18.15215,15.297103,49.116776,-3.7827687
chr1,139924450,139924948,-,-1,19.524578,-15.387447,14.649231,-15.90478,-8.5582,39.492107
chr1,139952469,139952967,-,-1,19.524578,-15.387447,14.643109,-15.910924,-9.74052,39.179405
chr1,139958379,139958877,-,-1,19.524578,-15.387447,14.640013,-15.914005,-8.5582,39.492107
chr1,140720862,140721302,+,0,15.261743,14.008336,13.556278,13.25645,46.626114,-34.565495
chr1,140974478,140974977,+,0,18.080162,15.4306,17.828255,5.3871865,23.711294,-4.1087584
chr1,141220867,141221100,+,0,9.267055,8.1521845,12.207512,8.816386,10.342322,-43.554234
chr1,142047746,142048240,+,0,16.44293,14.063411,14.720159,8.256148,8.177269,-25.142614
chr1,144674370,144674862,+,0,17.323719,15.205121,17.892736,4.8198414,14.443626,6.225369
chr1,144680313,144680805,+,0,17.338484,15.151402,17.684042,4.9205875,14.424544,6.2142663
chr1,145078222,145078729,-,1,14.402043,-10.142634,2.5272243,-0.47522324,-17.443253,-32.03078
chr1,146439844,146440284,+,0,15.355068,14.426937,13.316637,13.225209,48.43555,-31.538658
chr1,148363633,148364072,-,1,15.803785,-12.787283,-1.1648803,2.6972718,-5.9806166,12.520378
chr1,148369517,148370009,-,1,19.123592,-14.755684,4.910085,5.1488843,-43.01796,5.27085
chr1,149451025,149451464,+,0,15.681705,14.90068,12.341806,13.625403,54.688152,-25.795696
chr1,149456877,149457316,+,0,15.681705,14.90068,12.34346,13.625898,54.688152,-25.795696
chr1,149599586,149600079,-,1,19.628843,-15.275792,5.0421133,2.8226554,-39.394157,-11.063743
chr1,149605492,149605932,-,1,16.806263,-13.706937,-1.2475976,2.4631958,-0.6676495,13.577712
chr1,150625421,150625855,+,0,14.870818,13.97027,14.115613,13.0235815,40.992676,-35.80911
chr1,151399050,151399486,+,0,14.610872,12.871504,14.839487,12.668845,32.65292,-34.253975
chr1,151865889,151866381,+,-1,18.317436,16.470505,26.941618,17.676176,42.531857,49.268845
chr1,151871793,151872285,+,-1,18.129515,16.277506,26.888844,17.782846,43.20523,48.629894
chr1,152179160,152179648,-,1,18.472813,-14.192471,3.527476,1.3761346,-21.407028,-19.996132
chr1,152477533,152478026,+,0,18.794323,16.66129,17.755615,3.746067,24.46811,10.937301
chr1,152483510,152484003,+,0,18.794323,16.66129,17.86503,3.8325858,24.467907,10.93713
chr1,153938870,153939364,+,0,17.049967,15.222212,16.91182,6.98596,16.760315,-17.53791
chr1,155538577,155538807,-,0,9.22344,-7.4250894,10.318531,6.297037,-12.656998,-48.871635
chr1,156725355,156725848,+,0,18.79853,16.135632,17.614367,3.605528,36.83796,7.8196993
chr1,157460415,157460902,-,1,18.661743,-13.67382,3.3259904,1.5040867,-17.881552,-16.140768
chr1,158655536,158655747,-,0,6.7549667,-5.9543986,8.030962,7.4747925,-6.005958,-68.84131
chr1,158655739,158655805,-,0,1.9895488,-1.4969444,10.015492,7.018068,-6.4036856,-51.336147
chr1,162244885,162245164,+,0,6.6859484,3.864685,12.155032,8.600329,5.790074,-45.01631
chr1,162245915,162246167,+,0,6.3966017,5.442553,10.283203,10.324449,14.232692,-59.660637
chr1,165087232,165087725,+,0,18.262436,15.497532,17.89324,2.9093359,20.837545,17.666948
chr1,165267255,165267747,-,1,19.59512,-15.308866,0.39462548,-1.9334456,-55.597878,20.329372
chr1,165273198,165273690,-,1,19.59512,-15.308866,0.39791167,-1.929911,-55.30996,20.260046
chr1,166566641,166567134,-,1,19.336565,-15.004018,4.0084605,3.3941755,-30.819862,3.6019545
chr1,166620126,166620595,+,0,16.64663,14.20119,17.270067,5.7084637,29.545645,-10.996121
chr1,166626035,166626510,+,0,17.027546,14.607144,17.32768,5.8876586,29.110594,-11.241284
chr1,167557137,167557629,+,0,18.011183,15.991324,17.330559,6.3123646,25.773232,-10.844147
chr1,167824006,167824499,-,1,18.262066,-14.608111,3.2356362,7.893534,-59.30335,-4.8747797
chr1,167829113,167829553,-,1,15.79699,-13.367104,-0.98219806,2.3267353,-8.953456,12.431423
chr1,167833837,167834329,+,-1,18.244486,15.79914,18.211145,15.290518,50.608196,-6.836415
chr1,167839780,167840272,+,-1,18.244486,15.79914,18.216976,15.307774,50.608196,-6.8364143
chr1,168603602,168604121,+,0,15.624799,12.097572,14.213108,8.30089,3.5148978,-25.801739
chr1,170099217,170099735,-,1,17.333462,-12.232054,2.6021786,-0.20853166,-17.038557,-29.477499
chr1,171835568,171836058,-,-1,18.240488,-14.005988,-0.24038671,6.5818615,-18.209385,30.572643
chr1,171881104,171881537,+,0,14.853291,12.966605,14.724187,12.7284975,33.82359,-34.144867
chr1,172800959,172801452,+,0,18.282133,15.611241,17.055817,3.991861,32.30681,8.541988
chr1,174205676,174205713,-,0,1.1511352,-0.8455377,9.980505,7.90856,-0.61315614,-53.363297
chr1,175842547,175843045,+,0,18.565744,15.983155,15.319055,4.0065126,46.382072,18.561157
chr1,175848457,175848955,+,0,18.565744,15.983155,15.378349,4.0651712,46.382072,18.561157
chr1,176942144,176942198,+,0,1.1997402,1.0971043,10.072656,8.723831,5.7991505,-57.172577
chr1,177329244,177329648,-,1,14.717609,-11.097325,-0.067846194,1.5570065,-5.5247188,-0.46160263
chr1,177586433,177586922,+,0,18.35426,15.56967,17.33953,6.254135,20.363625,-11.956359
chr1,178844466,178844830,-,1,15.217343,-12.094037,3.546728,-1.6838517,-19.191128,-41.83909
chr1,179689977,179690469,-,1,19.59512,-15.308866,0.39877573,-1.929088,-55.597878,20.329372
chr1,179693248,179693618,-,1,15.696905,-12.036632,3.6247506,-1.7659521,-20.586504,-43.124653
chr1,180010681,180011179,-,1,19.723679,-15.54331,3.5720663,3.7860246,-28.527252,3.3406456
chr1,180012676,180013174,-,1,19.723679,-15.54331,3.5722036,3.8184283,-28.527252,3.3406456
chr1,183174277,183174724,+,0,15.370674,13.804601,13.526094,13.112503,46.368042,-31.346737
chr1,183539359,183539852,+,0,17.180656,15.735362,14.927629,1.4966658,20.735767,26.797447
chr1,183545303,183545796,+,0,17.180656,15.735362,14.928289,1.4959273,20.735819,26.797407
chr1,183620969,183621462,+,0,17.150167,15.354325,16.418633,6.235963,29.874681,-17.511871
chr1,185563632,185564125,-,1,19.51508,-15.126905,3.772856,3.86713,-29.116888,-2.543234
chr1,185569577,185570070,-,1,19.436062,-14.897939,3.7991955,3.7643816,-29.117449,-2.5504818
chr1,185621208,185621701,-,1,18.640675,-15.0180435,3.317902,8.117603,-56.570293,-5.471024
chr1,185627152,185627645,-,1,18.640675,-15.0180435,3.3373415,8.091281,-56.56338,-5.435305
chr1,186869511,186870010,-,-1,18.632135,-15.015042,-3.8605957,0.022156235,-33.014328,21.223555
chr1,186875461,186875960,-,-1,18.632135,-15.015042,-3.8606615,0.022085072,-33.014328,21.223555
chr1,186902290,186902682,+,0,13.153852,9.301653,12.613739,9.013288,12.213434,-41.79006
chr1,188608336,188608829,-,1,18.553032,-14.723382,4.6409864,5.3149056,-42.548912,7.4490614
chr1,188614313,188614805,-,1,18.499943,-14.724126,4.697131,5.274952,-42.554012,7.451626
chr1,188923409,188923901,-,-1,19.190157,-14.930351,-8.71494,6.0153975,-40.691868,43.04754
chr1,188929385,188929877,-,-1,19.190157,-14.930351,-8.78867,6.112885,-40.69188,43.047527
chr1,189393096,189393583,+,0,17.99251,16.233446,17.700853,3.872484,29.566793,9.17364
chr1,190325106,190325599,+,0,17.765831,14.827864,17.999973,2.9010634,19.131437,16.549038
chr1,195228077,195228511,+,0,15.927382,14.501883,13.64805,13.303099,44.92865,-31.293169
chr10,4191099,4191591,+,-1,18.57886,16.239574,11.17469,21.954899,64.06089,-2.8035114
chr10,4197043,4197535,+,-1,18.57886,16.239574,11.174617,21.954859,64.06089,-2.8035114
chr10,5580178,5580670,-,-1,19.345531,-15.638505,-4.7164607,21.37541,-69.5149,1.6115203
chr10,5586082,5586574,-,-1,19.345531,-15.638505,-4.753694,21.358149,-70.07412,1.1273447
chr10,6635770,6636091,-,0,7.9713197,-4.4520807,10.0929985,6.631788,-9.729453,-45.76273
chr10,7423413,7423904,-,-1,18.75501,-14.928079,6.109001,-0.95877033,-67.33844,8.983689
chr10,7429318,7429809,-,-1,18.75501,-14.928079,6.1091413,-0.9592424,-67.33844,8.983689
chr10,7795943,7796383,-,1,16.443502,-13.590366,-1.165181,2.6304502,-3.162691,11.924853
chr10,10161075,10161569,+,0,17.217781,14.737295,16.868309,7.022034,17.062653,-20.403093
chr10,10263717,10264210,-,1,19.457336,-14.792071,3.5975087,3.051773,-31.742521,-10.648786
chr10,11218406,11218898,-,-1,19.090105,-15.072682,-0.4985396,16.322844,-55.235435,-33.731262
chr10,11224310,11224802,-,-1,19.090105,-15.072682,-0.49540478,16.320324,-55.235435,-33.731262
chr10,11361011,11361498,+,0,17.451603,15.5502205,17.104391,3.9857824,32.905426,12.37396
chr10,16557856,16557960,+,0,2.7954466,2.6364002,11.727847,8.516015,6.193432,-47.087814
chr10,16558289,16558675,+,0,12.023263,8.086669,14.070111,8.2548895,3.2063475,-29.397232
chr10,19729544,19730037,-,1,18.97937,-14.764113,3.3365433,2.0472944,-25.392504,-15.022641
chr10,19735522,19736015,-,1,19.02248,-14.719807,3.3684676,1.8985242,-25.39249,-15.313837
chr10,22533273,22533772,-,1,19.683334,-15.406047,3.9392188,3.7197576,-33.57545,-1.0686431
chr10,22539259,22539758,-,1,19.92896,-15.460029,3.917983,3.7273958,-33.77999,-1.1283872
chr10,23647646,23648131,-,1,17.554758,-13.843875,-1.197024,2.7742476,-5.9029794,13.561699
chr10,25622975,25623467,-,1,19.734993,-15.609601,3.665975,3.6991487,-30.238533,1.6669551
chr10,25628918,25629410,-,1,19.734993,-15.609601,3.6283276,3.7361262,-30.237999,1.6667328
chr10,27879699,27880187,-,1,18.933275,-15.277091,3.4220412,1.1508427,-17.967802,-19.570318
chr10,27884892,27885384,+,-1,18.059687,15.963158,26.643532,18.074125,43.051563,41.299923
chr10,29924281,29924772,+,-1,17.917578,15.941888,24.146925,6.0405374,50.146908,45.13811
chr10,29930181,29930672,+,-1,17.917578,15.941888,24.14695,6.040606,50.146908,45.13811
chr10,29958551,29959050,+,0,18.194954,15.607014,17.539402,3.5471385,38.873013,6.5963655
chr10,30570717,30571210,+,0,18.809832,16.600271,17.93342,3.3602738,21.712767,13.803968
chr10,30576729,30577169,+,0,15.73021,14.641824,13.30887,13.169953,46.681084,-31.427992
chr10,31979998,31980503,+,0,18.998602,16.501,18.053974,2.8209667,17.948452,17.878239
chr10,31985987,31986492,+,0,18.998602,16.501,18.095827,2.7764537,17.948452,17.878239
chr10,32336565,32337058,+,0,18.498346,15.959831,17.336847,6.170977,21.781942,-12.621223
chr10,36857864,36858304,-,1,15.912071,-12.931624,-0.105603956,1.4619771,-2.8495038,-1.0420383
chr10,36942318,36942812,-,-1,17.985172,-14.761888,-0.13286225,6.4508667,-17.345018,24.54236
chr10,36948296,36948790,-,-1,18.550537,-14.572281,-0.15855671,6.4787865,-17.390863,24.628334
chr10,37009505,37009945,+,0,16.012905,14.860569,14.153751,13.012396,40.327076,-33.77397
chr10,37272997,37273035,+,0,0.9456517,0.6333163,10.053143,8.581944,3.918959,-56.742237
chr10,38547135,38547634,-,1,19.359903,-14.755657,3.9658802,2.9490492,-28.004133,-2.4782887
chr10,38835665,38836181,+,0,15.626426,13.240272,14.393638,8.310139,6.6552467,-26.975334
chr10,44816126,44816310,-,0,5.798635,-4.917693,7.9474053,7.4823513,-4.9806757,-68.03954
chr10,45177725,45178270,+,-1,21.358091,18.007544,11.242358,22.018156,64.562355,-5.103967
chr10,46471967,46472407,+,0,15.852408,14.049947,13.17089,13.258234,48.86277,-30.429184
chr10,47068244,47068735,+,-1,18.291824,16.07214,12.198444,-1.2294766,18.981606,52.313118
chr10,47074147,47074638,+,-1,18.291824,16.07214,12.192033,-1.220781,18.981606,52.313118
chr10,49853521,49853986,+,0,17.268085,14.494409,17.33697,6.4309406,22.540615,-13.49778
chr10,50289999,50290491,-,-1,19.108395,-14.808514,6.106894,-0.95630676,-60.676918,13.443576
chr10,50295942,50296434,-,-1,19.108395,-14.808514,6.1070232,-0.9563181,-60.676918,13.443576
chr10,51436630,51437129,+,0,18.693726,16.280783,18.289793,4.0388117,17.735468,6.609648
chr10,51442574,51443073,+,0,18.693726,16.280783,18.315693,4.047437,17.735468,6.609648
chr10,52052526,52053018,+,-1,18.460936,16.66865,27.01615,17.600607,41.350117,50.466496
chr10,52058430,52058922,+,-1,18.460936,16.66865,27.048502,17.565283,42.75409,53.16332
chr10,52205751,52206255,+,-1,18.559164,16.019236,18.048574,14.780126,47.491962,-5.5533147
chr10,52211706,52212210,+,-1,18.559164,16.019236,18.045073,14.768469,47.491962,-5.5533147
chr10,53569620,53570112,-,-1,19.090105,-15.072682,-0.5318657,16.29047,-55.235435,-33.731262
chr10,53575563,53576055,-,-1,19.090105,-15.072682,-0.5169481,16.306936,-55.235435,-33.731262
chr10,53719381,53719895,+,0,14.907515,11.676638,14.196572,8.302029,2.63988,-24.042501
chr10,54696700,54697193,+,0,17.969938,15.655863,17.17971,3.1650593,26.09736,18.539183
chr10,56062267,56062759,+,0,18.351753,16.384298,17.454905,6.174964,22.298473,-11.966593
chr10,57850035,57850497,-,1,14.571101,-9.032619,2.460317,-0.41052642,-19.419594,-32.16053
chr10,59850517,59851015,+,-1,18.607233,16.362377,12.329922,-2.1712117,17.661663,50.667755
chr10,59856427,59856925,+,-1,18.607233,16.362377,12.327347,-2.146706,17.661663,50.667755
chr10,60546606,60547104,+,-1,18.760702,16.175224,19.914276,19.42995,67.86115,-3.9612586
chr10,60552555,60553053,+,-1,18.760702,16.175224,19.914494,19.430065,67.86115,-3.9612586
chr10,61042548,61043041,-,1,19.330067,-15.10004,3.6901336,1.8548484,-20.135365,-13.221991
chr10,61515155,61515642,-,1,19.12289,-14.751845,4.1881332,3.620787,-35.136776,1.8164293
chr10,62733428,62733920,-,-1,19.478413,-15.689418,4.9687476,9.249821,-55.41282,15.277792
chr10,62735867,62736359,-,-1,19.478413,-15.689418,4.979982,9.263675,-55.41282,15.277792
chr10,63896341,63896558,-,0,8.556527,-6.697999,10.24017,6.3813896,-10.976338,-48.49946
chr10,65822418,65822851,+,0,14.509814,12.514887,14.782611,12.90313,33.24883,-30.376009
chr10,66809539,66810032,+,-1,18.263607,15.813079,14.942986,-2.8579397,12.031268,28.643368
chr10,71012731,71013224,-,-1,19.275377,-14.89493,6.572271,-16.310207,-23.369322,61.086735
chr10,71018675,71019168,-,-1,19.275377,-14.89493,6.5710816,-16.304808,-23.369322,61.086735
chr10,72807831,72808203,+,0,14.258292,12.44362,12.968162,9.323136,14.099601,-37.98815
chr10,77169312,77169504,-,0,5.9752855,-5.400421,8.039184,7.4035015,-5.4907026,-69.75933
chr10,79212067,79212555,-,1,18.69187,-14.884501,3.260561,1.3749013,-16.656868,-17.395329
chr10,79884894,79885098,-,0,5.608334,-4.329072,7.987648,7.4833856,-4.6305094,-66.914276
chr10,81684206,81684674,-,1,17.988058,-13.957177,5.145538,2.887726,-38.239143,-9.555863
chr10,81843308,81843776,-,1,17.988058,-13.957177,5.1497116,2.8883188,-38.239143,-9.555863
chr10,82957354,82957808,+,0,13.6621685,11.570083,14.848092,12.66079,31.359198,-35.028023
chr10,83386009,83386449,+,0,16.11519,15.123208,13.481198,13.133753,47.465416,-33.188457
chr10,83416734,83417233,+,0,18.17536,16.724688,17.89369,5.404009,21.517765,-3.3656454
chr10,83768358,83768850,+,-1,17.652697,15.503867,14.663448,-3.4290197,10.462659,31.323591
chr10,83770949,83771383,+,-1,16.348112,14.041257,25.450443,3.813517,69.3582,-3.0631678
chr10,83774704,83775196,+,-1,17.652697,15.503867,14.681648,-3.4118443,10.462659,31.323591
chr10,84174379,84174872,-,-1,19.275377,-14.89493,6.591896,-16.293314,-23.369322,61.086735
chr10,84180323,84180816,-,-1,19.275377,-14.89493,6.5731735,-16.304863,-23.369322,61.086735
chr10,88199312,88199342,+,0,0.6806105,0.49411058,10.035912,8.405921,2.9157317,-56.221024
chr10,88243521,88244014,-,1,19.217094,-15.280532,3.4058473,3.3508687,-25.44991,-2.2840133
chr10,90275808,90276301,-,1,18.597727,-15.261039,3.1612005,3.4036028,-21.712128,4.474143
chr10,98428192,98428626,+,0,14.58397,12.667776,14.759582,13.0035925,34.58335,-30.925703
chr10,99184411,99184910,-,-1,18.776403,-14.498151,-0.21634546,6.589686,-16.2031,30.079597
chr10,101880488,101880981,-,1,19.44424,-15.029535,4.308772,3.0909445,-33.754547,-8.280195
chr10,102820012,102820058,+,0,0.44386515,0.20949493,10.026281,8.016209,2.445024,-55.233467
chr10,103858139,103858632,-,1,18.434767,-14.643775,3.740847,1.8435512,-22.482218,-11.540699
chr10,104142683,104143170,+,-1,17.16207,14.526324,-5.628643,5.610377,11.233695,-11.085042
chr10,104151193,104151680,+,-1,17.16207,14.526324,-5.6328964,5.6144214,11.233695,-11.085042
chr10,104159702,104160189,+,-1,17.16207,14.526324,-5.648459,5.630236,11.285519,-10.829621
chr10,104168211,104168698,+,-1,17.16207,14.526324,-5.610426,5.5922737,11.285519,-10.829621
chr10,104176720,104177207,+,-1,17.244205,14.449253,-5.631165,5.6123815,11.503775,-11.011762
chr10,104185229,104185716,+,-1,17.16207,14.526324,-5.6310697,5.612416,11.285519,-10.829621
chr10,104193738,104194225,+,-1,17.244205,14.449253,-5.631732,5.6128774,11.503775,-11.011762
chr10,104995319,104995817,-,-1,19.25034,-14.682268,-0.0065543726,-2.3512383,-50.49951,15.466845
chr10,105001301,105001799,-,-1,19.681679,-15.0184965,0.03308035,-2.2893312,-50.47499,15.503563
chr10,107129625,107130123,+,-1,18.766853,16.773336,6.072349,14.3730135,53.26287,25.92808
chr10,107135579,107136077,+,-1,18.766853,16.773336,6.0724716,14.372922,53.26287,25.92808
chr10,109941583,109942082,+,0,18.49071,16.280668,18.15462,0.20009206,29.1907,41.379982
chr10,109947533,109948032,+,0,18.49071,16.280668,18.120989,0.21943556,29.1907,41.379982
chr10,110104839,110105331,+,0,18.735767,16.47895,20.397999,5.2956758,52.23298,16.386574
chr10,110110782,110111274,+,0,18.735767,16.47895,20.394943,5.294272,53.112324,16.564083
chr10,110652118,110652611,-,1,19.248386,-15.26939,3.9977283,3.217171,-32.388153,4.7821574
chr10,112120159,112120267,-,0,3.0130272,-2.7433853,8.832247,7.65822,0.8945314,-64.30638
chr10,113205203,113205693,-,1,17.38586,-14.255994,3.1898792,0.7959104,-16.517967,-22.727139
chr10,117728084,117728576,+,-1,18.460936,16.66865,27.043894,17.559277,39.050873,48.828983
chr10,118017677,118018169,-,1,18.600554,-14.251131,4.8582244,3.0729234,-39.554024,-7.5069175
chr10,118023652,118024145,-,1,18.755714,-14.351631,5.1039476,3.0488322,-39.78124,-8.209121
chr10,118240909,118241245,-,-1,11.048235,-7.2594543,22.577034,1.7838786,-11.17814,-42.513332
chr10,118246325,118246657,-,-1,11.546092,-7.5279603,22.580206,1.7826401,-11.439274,-42.541065
chr10,118252810,118253142,+,0,11.1402645,8.187508,12.754631,8.891201,9.1786375,-39.13207
chr10,118256004,118256206,+,0,3.8313675,3.3633134,10.235717,10.103398,14.12212,-59.739025
chr10,118258222,118258558,+,0,10.656557,7.8962126,12.723389,8.901146,9.101595,-39.21455
chr10,118327098,118327431,-,-1,11.454933,-7.422504,22.580542,1.7826005,-11.686885,-42.234882
chr10,118332524,118332857,-,-1,11.2678585,-7.2627387,22.580873,1.7823172,-11.276928,-42.082687
chr10,118337947,118338280,-,-1,11.2678585,-7.2627387,22.581205,1.78228,-11.276146,-42.0821
chr10,118343371,118343704,-,-1,11.454933,-7.422504,22.580843,1.7824132,-11.686885,-42.234882
chr10,118348795,118349128,-,-1,11.315032,-7.1446867,22.581066,1.7823651,-11.580115,-41.965416
chr10,118354234,118354566,-,-1,11.652402,-7.553743,22.580942,1.7823672,-11.596653,-42.46413
chr10,118422189,118422622,+,0,15.218891,13.277105,14.735935,12.920581,33.431713,-31.616343
chr10,118428056,118428489,+,0,14.914935,12.995203,14.798509,12.845557,33.320004,-31.62725
chr10,118937543,118938035,-,1,18.310696,-14.433,3.04217,6.4963803,-23.697887,16.60783
chr10,118943486,118943978,-,1,18.310696,-14.433,3.0408762,6.5029087,-23.697887,16.60783
chr10,119236301,119236794,-,1,18.731262,-14.523645,3.5703468,1.7186217,-22.211325,-17.986353
chr10,126941767,126942260,+,0,17.73415,15.90813,17.204483,3.598736,29.095036,15.16129
chr10,127378075,127378509,+,0,14.477623,13.523461,14.306504,12.937024,40.71769,-35.96179
chr10,127409640,127410136,+,0,17.952156,15.739964,17.24609,4.934883,32.799244,-5.308864
chr10,129442098,129442592,+,0,18.264921,15.444251,17.55461,3.5629332,38.18189,7.2912846
chr10,129906889,129907382,-,1,19.192781,-14.858857,3.8345015,3.5570405,-29.341673,-0.9316619
chr11,4775401,4775789,-,1,14.956359,-11.30265,3.480017,-1.5824335,-18.587175,-39.992847
chr11,4897815,4898255,+,0,15.374539,14.187816,14.623667,13.052101,36.99709,-30.190876
chr11,7584052,7584544,+,-1,18.380836,16.48071,8.728651,11.707072,47.10395,29.579163
chr11,7591482,7591964,+,-1,18.119808,16.14772,8.752712,11.725395,46.42479,29.729008
chr11,7636993,7637210,+,0,6.409332,5.425294,10.324101,10.478537,18.909979,-60.853878
chr11,8076478,8076976,+,-1,18.347132,16.457,8.767784,11.744344,47.672153,30.183432
chr11,8082427,8082925,+,-1,18.347132,16.457,8.767561,11.746543,47.672153,30.183432
chr11,9089683,9090177,-,1,17.693735,-13.901612,3.345205,1.2610847,-12.824923,-17.772827
chr11,9130513,9130998,-,1,18.176731,-13.910302,3.5155592,1.5995793,-20.069477,-15.450893
chr11,9807704,9808196,+,0,17.831558,15.886629,14.935214,1.5149812,20.13632,24.812563
chr11,9813647,9814139,+,0,17.831558,15.886629,14.9403305,1.5197575,20.13632,24.812563
chr11,10177530,10178023,-,-1,19.05445,-14.96892,-0.39058387,6.7584763,-16.310823,31.387674
chr11,11078652,11079145,-,1,18.927427,-14.702865,4.941587,3.0030472,-39.918816,-7.408575
chr11,16567021,16567512,+,-1,17.917578,15.941888,24.15113,6.0402126,50.146908,45.13811
chr11,16572508,16572999,+,-1,17.917578,15.941888,24.14782,6.040644,50.146908,45.138115
chr11,19515834,19516327,-,1,19.660702,-15.606927,4.0644317,2.4176955,-25.672503,-10.827721
chr11,19517752,19518192,-,1,16.706127,-13.956642,-0.44680473,1.6592299,-2.7383687,2.331244
chr11,19565319,19565811,-,-1,19.632496,-15.460698,-0.17544042,-2.8172112,-56.10656,18.617887
chr11,21293686,21294204,-,1,17.170616,-11.646189,2.550894,-0.47860822,-17.642218,-30.993874
chr11,22395421,22395914,-,-1,19.161068,-14.4933195,-0.34250158,6.6954803,-14.129481,32.103107
chr11,22401326,22401819,-,-1,19.19516,-14.768444,-0.32212433,6.6733584,-14.13873,32.098133
chr11,22466299,22466739,+,0,14.889209,13.896027,12.450861,13.556502,53.553036,-26.769592
chr11,23546401,23546893,-,-1,19.090105,-15.072682,-0.5103082,16.32809,-55.235435,-33.731262
chr11,23552344,23552836,-,-1,19.090105,-15.072682,-0.50350595,16.32026,-55.235435,-33.731262
chr11,23905148,23905175,-,0,0.78720057,-0.61636454,8.072768,8.767319,-0.83878785,-58.42105
chr11,24459747,24460241,-,1,18.797314,-14.795938,4.202342,2.5939991,-27.236856,-10.834981
chr11,24527495,24527988,+,-1,18.037819,15.763847,15.135788,-2.4682143,9.617266,27.517952
chr11,25795344,25795835,+,-1,18.23866,16.222725,26.80053,17.962597,43.73615,44.883625
chr11,25801610,25802101,+,-1,18.287739,16.448465,26.79048,18.08677,43.77436,44.915028
chr11,26030277,26030769,-,-1,19.345531,-15.638505,-4.7522993,21.382582,-71.74427,0.14632133
chr11,26033257,26033749,-,-1,19.345531,-15.638505,-4.732509,21.384762,-71.20465,0.32436088
chr11,28124946,28125434,+,0,17.760395,15.433076,16.905304,6.639939,20.1132,-16.838125
chr11,29111375,29111867,+,0,17.134472,14.857092,16.450438,6.3328776,28.052563,-18.502005
chr11,29585987,29586479,+,-1,18.293865,16.57355,26.628132,18.402048,43.555458,51.414352
chr11,29591892,29592384,+,-1,18.293865,16.57355,26.624352,18.40931,43.555458,51.414352
chr11,31416733,31416925,+,0,5.177621,5.067699,10.292831,10.422754,16.51993,-59.332375
chr11,33048734,33049227,+,0,18.495668,16.443338,17.61063,3.6707509,25.887363,12.359118
chr11,33062305,33062797,+,0,17.460617,15.232741,17.063568,4.3682494,34.094883,30.120401
chr11,33068248,33068740,+,0,17.460617,15.232741,17.0561,4.3379965,34.094883,30.120401
chr11,38181359,38181799,+,0,15.58719,13.968654,14.373181,13.044651,37.71405,-34.399326
chr11,40625521,40626014,-,1,19.22247,-14.965708,3.6288605,5.6260114,-30.808699,15.975831
chr11,40631465,40631958,-,1,19.22247,-14.965708,3.6267624,5.628942,-30.808699,15.975831
chr11,45650216,45650708,+,-1,18.357296,16.04277,12.323821,-2.2023573,17.598484,52.068455
chr11,45655101,45655593,+,-1,18.357296,16.04277,12.323165,-2.1993933,17.598484,52.068455
chr11,46495861,46496353,-,-1,16.87037,-13.086549,-0.18022522,-2.8267195,-60.031643,19.58115
chr11,46500387,46500879,-,-1,16.87037,-13.086549,-0.18065125,-2.8557086,-60.031643,19.58115
chr11,47863144,47863621,+,0,17.549564,15.504204,18.214489,0.24641551,31.037046,35.061535
chr11,48758084,48758603,-,1,17.928835,-12.448689,2.4848597,-0.51873165,-18.650124,-30.866367
chr11,54098579,54099072,+,0,18.601948,16.535929,17.653736,4.191268,24.924376,21.62976
chr11,54104631,54105123,-,-1,19.345531,-15.638505,-4.727104,21.366604,-71.701836,-0.3473556
chr11,55898315,55898755,-,1,15.438154,-12.414004,0.079584934,1.2952987,-1.7512941,-3.126078
chr11,58552697,58553191,-,1,18.66182,-15.158745,3.4733758,2.9048686,-31.047394,-9.747502
chr11,59887417,59887910,+,-1,18.387035,15.872135,18.051853,14.792113,52.737255,-5.1025023
chr11,60040026,60040494,-,1,17.294895,-12.952727,3.477798,1.1426286,-20.524067,-21.409163
chr11,60651277,60651769,-,1,18.42906,-14.029898,3.066211,5.848092,-22.010426,13.1970215
chr11,60657186,60657678,-,1,18.27833,-13.87601,3.062274,5.858041,-22.01799,13.217192
chr11,61548729,61548797,-,0,2.0311375,-1.5861367,10.02923,7.032622,-6.9558907,-52.51798
chr11,61548835,61549201,-,1,15.16244,-11.857068,3.556608,-1.6961733,-19.377747,-42.089684
chr11,63623838,63624331,-,1,19.044922,-14.942202,4.884392,3.447518,-40.438828,-6.370711
chr11,67866347,67866839,+,0,18.795948,16.36509,18.594614,1.3725334,46.783875,22.006844
chr11,67872251,67872743,+,0,18.795948,16.36509,18.598171,1.3758216,46.783875,22.006844
chr11,68297626,68298066,-,1,16.17069,-13.014515,-0.96085465,2.0449827,0.2819976,7.1723533
chr11,70155835,70156340,+,-1,18.294682,16.175995,19.500183,-8.431465,60.255917,13.174933
chr11,70161788,70162293,+,-1,18.294682,16.175995,19.541267,-8.472458,60.255917,13.174933
chr11,71000802,71001242,+,0,15.624598,14.510532,14.388262,12.903375,39.47472,-34.582397
chr11,71505741,71506238,-,1,19.645681,-15.18904,5.135247,2.8963072,-39.476234,-9.364247
chr11,71511650,71512147,-,1,19.645681,-15.18904,5.143551,2.939941,-39.476353,-9.3639345
chr11,71875237,71875728,+,0,18.520693,16.30715,16.117231,4.232101,49.67653,17.935648
chr11,71881140,71881631,+,0,18.520693,16.30715,16.135475,4.223363,49.67653,17.935648
chr11,72326537,72327029,+,-1,18.199732,16.043985,14.679688,-3.4144201,9.111298,30.621525
chr11,72332472,72332964,+,-1,18.199732,16.043985,14.678199,-3.4117846,9.111298,30.621525
chr11,73369891,73370383,+,0,17.854681,15.109361,17.320293,5.993386,24.1353,-13.79002
chr11,76828124,76828616,+,-1,17.81015,15.614424,14.680699,-3.4188852,8.1709795,30.884043
chr11,76834068,76834560,+,-1,17.81015,15.614424,14.72991,-3.466547,8.1709795,30.884043
chr11,76862300,76862722,-,-1,14.8579445,-10.953239,5.7852607,12.007337,-31.278963,-19.6531
chr11,76868174,76868676,-,-1,18.535301,-13.965421,5.7781353,12.012382,-30.352238,-20.20529
chr11,82581747,82582193,+,0,16.15804,14.713331,14.452466,13.092252,38.298,-31.071095
chr11,83050382,83050874,+,-1,18.342718,16.518728,26.622967,18.408575,43.340633,51.02067
chr11,83056286,83056778,+,-1,18.342718,16.518728,26.62892,18.401676,43.34061,51.020744
chr11,83071001,83071494,-,1,19.276953,-15.21137,4.945746,5.055121,-42.98964,3.763291
chr11,83076941,83077434,-,1,19.276953,-15.21137,4.9626184,5.0408974,-42.98964,3.763291
chr11,83088406,83088899,-,1,18.994541,-14.8868685,3.6424918,3.0744872,-33.180977,-8.254936
chr11,85041863,85041987,-,0,2.1355028,-1.3261251,7.80752,8.350966,-2.7462423,-61.013138
chr11,90701845,90702333,+,0,17.230963,15.172328,16.849892,7.001557,18.278728,-20.237682
chr11,92037989,92038055,-,0,0.6702521,-0.10213789,9.973327,7.9671235,1.7005606,-55.288116
chr11,92585524,92586017,+,-1,18.466644,16.038145,18.09508,15.200814,49.68503,-1.274955
chr11,92591462,92591955,+,-1,18.107195,15.707385,18.073189,15.1715355,49.799557,-1.4903839
chr11,94622920,94623412,-,-1,19.294039,-15.232768,-0.8733401,7.400333,-14.713905,36.379055
chr11,94628824,94629316,-,-1,19.294039,-15.232768,-0.8417441,7.390007,-15.253943,36.223103
chr11,99554716,99554993,+,0,11.847242,10.003818,12.589603,9.002884,11.966324,-41.828594
chr11,99821953,99822445,-,-1,19.345531,-15.638505,-4.7440042,21.388235,-70.753494,0.13897337
chr11,99836209,99836701,-,-1,19.345531,-15.638505,-4.7136703,21.402836,-72.04869,0.8237604
chr11,102422957,102423527,-,1,13.970658,-7.9023767,2.5039377,-0.35518706,-5.4209027,-14.566725
chr11,103927894,103928386,+,-1,18.460936,16.66865,27.055658,17.55953,39.937424,51.379124
chr11,104239010,104239503,-,1,18.841936,-14.895765,3.399792,8.042297,-56.695736,-7.4244065
chr11,104242151,104242644,-,1,18.841936,-14.895765,3.4163578,8.061466,-56.695736,-7.4244065
chr11,104554847,104555282,-,1,16.387207,-13.290903,-1.1737449,2.708029,-3.4554782,13.145527
chr11,105428179,105428671,+,0,18.597834,16.795553,14.649552,4.1526656,49.05274,28.485495
chr11,105434122,105434614,+,0,18.597834,16.795553,14.644513,4.1535044,49.05274,28.485495
chr11,105847885,105848378,-,1,18.856361,-14.800587,4.752107,3.1341853,-39.403065,-6.75643
chr11,105853862,105854355,-,1,19.384346,-15.169916,4.789747,3.0979784,-39.31495,-6.450758
chr11,109466197,109466685,-,1,18.501608,-14.718761,3.9057715,3.0848353,-29.222118,-5.7495956
chr11,113136113,113136299,+,0,5.668686,5.6519756,10.327861,10.490364,17.702404,-61.60724
chr11,114456307,114456806,+,-1,18.232975,15.663672,15.135007,-2.4640875,9.546524,26.71405
chr11,114462217,114462716,+,-1,18.232975,15.663672,15.121909,-2.4585366,9.546524,26.71405
chr11,114824701,114825195,+,0,17.718987,16.160618,16.488148,6.2978826,28.471003,-17.325487
chr11,115715300,115715792,-,1,18.365028,-14.276565,3.1181958,6.024965,-24.404373,14.47993
chr11,119699070,119699563,+,-1,18.25417,15.89614,18.054165,15.139722,49.684982,-1.2638055
chr11,119705008,119705501,+,-1,18.25417,15.89614,18.096912,15.188061,49.684982,-1.2638055
chr11,121649272,121649764,-,1,18.915379,-14.354438,3.643739,2.0989416,-25.677595,-12.753661
chr12,4148854,4149287,-,1,14.90873,-12.030204,-0.014114889,1.4209882,-4.8303986,-3.017528
chr12,9503535,9504033,-,-1,19.524275,-15.465296,-0.40578178,16.247375,-56.934128,-35.009926
chr12,9509445,9509943,-,-1,19.524275,-15.465296,-0.36765224,16.210083,-56.934128,-35.009926
chr12,10526436,10526936,+,0,15.139313,12.974774,14.260584,8.319227,5.6587906,-26.869648
chr12,11506218,11506712,-,-1,18.589056,-13.832288,5.7776227,12.013358,-30.339361,-20.262527
chr12,11512197,11512691,-,-1,18.589056,-13.832288,5.776432,12.013045,-30.339518,-20.262556
chr12,12859428,12859921,+,0,18.229513,15.919156,15.016036,-0.35203147,18.013151,44.545685
chr12,12865255,12865748,+,0,18.229513,15.919156,14.981858,-0.38762277,18.013151,44.545685
chr12,14897975,14898411,+,0,15.253363,14.197868,12.972527,13.084212,48.34857,-27.370146
chr12,17866177,17866670,-,1,18.999308,-14.73085,5.0303793,2.9485145,-40.489857,-8.983696
chr12,17877094,17877386,-,0,7.866145,-5.608334,8.005034,7.4142647,-7.710341,-67.8903
chr12,17877562,17878049,+,0,17.409115,15.736687,16.851843,3.954266,34.874123,14.124872
chr12,18196199,18196692,+,0,18.138294,16.15794,17.968668,3.579332,22.687937,12.432643
chr12,18202128,18202622,+,0,18.138159,16.157562,17.88298,3.527216,22.68786,12.43512
chr12,18335725,18336126,-,1,13.169019,-9.814295,-0.14382434,1.6134466,-6.335195,0.060145974
chr12,18541498,18541991,-,1,19.494835,-15.2575865,4.046637,3.0956492,-28.596401,-1.2224548
chr12,18542906,18543346,-,1,16.254515,-13.650968,-0.625629,1.8110086,-1.4827999,3.481864
chr12,18963636,18964076,+,0,15.597775,13.790132,13.679909,13.332358,44.8539,-31.911118
chr12,18969519,18970012,+,0,18.533022,15.868245,17.253656,4.135921,30.528591,11.098902
chr12,19108326,19108819,-,1,19.54624,-15.294422,4.142853,3.8012452,-34.74395,0.2967671
chr12,19339977,19340424,-,1,15.726816,-12.979785,-0.97104996,1.9902406,2.2191231,6.9417863
chr12,19583815,19584309,-,1,16.62104,-12.173213,2.6513803,-0.07658332,-16.919498,-28.120338
chr12,19696551,19697067,-,1,20.057808,-15.093921,3.483343,3.640634,-25.96222,7.6273546
chr12,19701170,19701686,-,1,20.057808,-15.093921,3.5047805,3.630556,-25.962296,7.627315
chr12,19855428,19855921,-,1,19.19291,-14.95547,4.0527263,2.4997342,-26.697054,-10.849194
chr12,19894744,19895237,+,0,18.381794,16.243692,17.860176,3.4330714,23.777952,14.209114
chr12,19900682,19901175,+,0,18.381794,16.243692,17.810474,3.4388983,23.777952,14.209114
chr12,19931732,19932235,-,1,19.341906,-15.163517,3.6818366,5.586539,-30.706083,14.4687605
chr12,19937680,19938183,-,1,19.341906,-15.163517,3.683627,5.5840282,-30.706083,14.4687605
chr12,20173665,20174159,-,1,16.761795,-12.25847,2.648826,-0.06431344,-16.850782,-27.88467
chr12,20556107,20556554,-,1,15.726816,-12.979785,-0.9359227,1.9625362,2.2191105,6.9417825
chr12,20757964,20758457,-,1,18.56079,-14.6303215,3.9530585,3.1924117,-28.082611,8.071789
chr12,20931954,20932401,-,1,15.877606,-13.001137,-0.97156274,2.015956,2.283843,6.920828
chr12,21586908,21587407,+,0,18.130718,16.028133,17.467897,4.158892,25.584045,-0.451849
chr12,21735380,21735873,-,-1,19.207212,-14.742886,6.5547633,-16.294128,-22.376041,59.4271
chr12,21741315,21741808,-,-1,19.207212,-14.742886,6.568159,-16.303755,-22.376041,59.4271
chr12,22347829,22348322,-,1,19.365017,-14.834273,4.0058827,3.8175728,-32.17043,-3.1448045
chr12,22353759,22354252,-,1,19.250677,-14.724116,4.024562,3.8297813,-32.161064,-3.6323354
chr12,22394806,22394952,-,0,4.925828,-3.6477306,7.7627087,7.873248,-4.153357,-65.46037
chr12,22646217,22646711,+,0,16.123009,13.275284,14.749862,8.243447,8.940189,-24.869091
chr12,22977002,22977496,+,0,17.654354,14.886306,17.643618,4.257243,28.401167,1.8872697
chr12,22978411,22978661,+,0,9.108445,8.111013,12.016883,8.696786,10.042806,-47.01639
chr12,23033919,23034442,+,0,19.162663,16.768179,17.255404,3.144663,23.894022,19.283556
chr12,23039917,23040440,+,0,19.162663,16.768179,17.241074,3.1139867,23.894022,19.283556
chr12,23506827,23507320,-,1,19.065199,-14.563529,3.982668,3.8664794,-32.20879,-3.312211
chr12,23512757,23513250,-,1,19.250677,-14.724116,4.021955,3.8211179,-32.161144,-3.6323085
chr12,23553829,23553975,-,0,4.925828,-3.6477306,7.7756395,7.8744626,-4.1533566,-65.46038
chr12,23992041,23992535,+,0,16.123009,13.275284,14.812282,8.213557,8.940189,-24.869091
chr12,24061802,24062242,-,1,16.545984,-13.73866,-1.1134365,2.5784805,-2.9836462,11.120038
chr12,24324537,24325031,+,0,17.921926,15.416173,17.595396,3.9595878,28.411654,1.9192935
chr12,24325945,24326439,+,0,18.361952,15.317011,17.391253,4.542644,28.030092,0.1023473
chr12,28437959,28438452,-,1,19.6884,-14.908305,5.050617,2.8885148,-40.378418,-9.54363
chr12,30056767,30057260,-,1,18.236746,-14.924855,3.1684296,3.3900409,-21.66379,4.462032
chr12,30062697,30063185,-,1,19.091728,-15.114141,3.6954937,2.0616422,-22.424107,-10.462875
chr12,33228661,33229154,-,1,19.127008,-15.522004,4.527147,4.814871,-39.650726,5.0864367
chr12,33234566,33235059,-,1,19.127008,-15.522004,4.549261,4.8035994,-39.650486,5.086214
chr12,34131520,34132019,+,0,18.37023,15.746416,17.720406,5.350149,45.81876,-5.116696
chr12,34622958,34623398,-,1,16.356789,-13.364148,-1.2184157,2.3801246,-8.629231,9.991399
chr12,34628445,34628938,-,-1,19.047373,-14.851572,-0.22239599,6.55715,-17.33092,29.771786
chr12,35188021,35188054,+,0,0.6567102,0.29937482,10.023582,8.321862,3.232932,-55.575817
chr12,37064707,37065195,+,-1,17.918583,15.844688,26.888186,17.779194,45.230995,53.36523
chr12,37070644,37071132,+,-1,17.918583,15.844688,26.909359,17.781258,45.230995,53.36523
chr12,42060790,42061236,+,0,16.228416,15.213807,13.5231285,13.062213,48.657715,-34.89628
chr12,44676364,44676862,-,-1,19.524578,-15.387447,14.643606,-15.910463,-8.710643,38.3025
chr12,44682271,44682769,-,-1,19.524578,-15.387447,14.676159,-15.877935,-9.74052,39.179405
chr12,45217174,45217603,-,1,16.709297,-12.780572,4.2606006,3.2558994,-36.16917,2.9500363
chr12,45450865,45451357,+,-1,18.426805,16.512117,25.875433,17.381247,36.20828,54.550766
chr12,45456809,45457301,+,-1,18.426805,16.512117,25.877323,17.384184,36.209812,54.549713
chr12,47384012,47384504,-,-1,19.520523,-15.363154,-2.8889928,9.980824,-50.347546,28.378874
chr12,47389955,47390447,-,-1,19.520523,-15.363154,-2.8895667,9.981274,-50.347538,28.378695
chr12,47526032,47526524,+,-1,17.970497,16.058493,26.779518,18.294682,45.652954,43.582657
chr12,47531935,47532427,+,-1,17.970497,16.058493,26.811865,18.286045,45.652496,43.582447
chr12,48493164,48493604,-,1,16.086794,-13.138539,-1.1597177,2.8003275,-4.094131,14.056607
chr12,50581025,50581465,+,0,15.5319195,14.311945,12.89423,13.3035555,49.97935,-28.239012
chr12,50586912,50587404,+,0,17.882189,16.319859,17.155436,4.0852456,30.256773,13.425867
chr12,50623240,50623738,+,-1,18.907675,16.363981,25.492912,3.7740166,69.73783,-0.3623347
chr12,54321748,54322241,+,0,17.523205,16.03363,16.497433,6.313978,28.703867,-17.645905
chr12,54365178,54365670,-,-1,18.981968,-15.216547,-4.718099,21.352575,-70.803185,4.792327
chr12,54368794,54369286,-,-1,19.143162,-15.40696,-4.7663174,21.302053,-71.02101,4.7103467
chr12,54936665,54936699,+,0,0.97352785,0.87692124,10.0938225,8.682886,5.024976,-56.73512
chr12,56104176,56104668,-,-1,19.120388,-15.110988,5.0261235,9.305045,-58.116215,12.175848
chr12,56110119,56110611,-,-1,19.120388,-15.110988,5.0260367,9.305077,-58.116215,12.175848
chr12,56628547,56629041,-,1,18.738598,-14.497406,3.8629944,2.8871636,-25.915836,-7.717927
chr12,58290772,58291206,+,0,13.737003,12.25431,14.848153,12.650024,32.333878,-34.541748
chr12,59297844,59298342,-,-1,19.755877,-15.556857,2.1274354,-7.891924,-44.205402,40.286568
chr12,59303793,59304291,-,-1,19.755877,-15.556857,2.1273208,-7.8923144,-43.742413,40.382275
chr12,62376225,62376659,-,1,14.7614355,-11.895875,0.026261844,1.3968493,-4.7411575,-1.6040697
chr12,63923389,63923904,+,0,16.02737,11.008898,14.069808,8.237978,0.85042566,-26.76115
chr12,64146851,64147343,-,-1,19.294039,-15.232768,-0.87150854,7.3991194,-15.253943,36.223103
chr12,64152755,64153247,-,-1,19.294039,-15.232768,-0.8629123,7.404579,-15.253943,36.223103
chr12,66064140,66064649,+,0,14.387151,10.968435,14.154441,8.275369,1.6235162,-27.886711
chr12,66275151,66275649,+,-1,18.794668,16.402657,25.491642,3.775463,68.002815,-0.81431866
chr12,67260162,67260660,-,-1,19.524578,-15.387447,14.663941,-15.890226,-9.74052,39.179405
chr12,67266072,67266570,-,-1,19.524578,-15.387447,14.665205,-15.8889885,-8.5582,39.492107
chr12,67536895,67537399,-,-1,19.579775,-15.460471,-0.44008043,16.267082,-56.160683,-35.652256
chr12,69266854,69267347,-,1,19.005386,-14.870071,3.7264717,5.568008,-31.579037,13.905634
chr12,69622729,69623169,+,0,15.993857,14.77982,13.257999,13.20139,47.193104,-29.585714
chr12,71077149,71077642,+,-1,18.387035,15.872135,18.041283,14.777507,52.737255,-5.1025023
chr12,71083093,71083586,+,-1,18.387035,15.872135,18.052786,14.795416,52.087162,-5.659859
chr12,71963092,71963584,+,-1,18.199732,16.043985,14.680405,-3.4202454,9.111298,30.621525
chr12,71967280,71967772,+,-1,18.199732,16.043985,14.758964,-3.4959404,9.111298,30.621525
chr12,72557481,72557973,-,-1,19.138939,-14.94003,-0.89979935,7.570081,-13.2423,35.44289
chr12,72563422,72563914,-,-1,19.138939,-14.94003,-0.85694414,7.519852,-13.242432,35.442524
chr12,73074230,73074723,+,-1,18.177876,15.706868,18.021902,14.759048,52.90668,-6.061335
chr12,73080174,73080667,+,-1,18.177876,15.706868,18.033169,14.751537,52.90668,-6.061335
chr12,73290135,73290575,-,1,16.205885,-13.304224,-0.99599624,2.048972,-1.2659768,8.478119
chr12,74065436,74065935,-,1,19.291899,-15.038347,3.6106312,3.8443675,-28.386843,3.5311263
chr12,76755590,76756083,-,1,18.708809,-14.933774,4.6421285,5.3219323,-42.501778,7.347437
chr12,76761534,76762027,-,1,18.708809,-14.933774,4.639617,5.3290677,-42.501778,7.347437
chr12,79123189,79123681,-,-1,18.77052,-15.061558,-4.9656925,20.965214,-72.148674,-3.9361544
chr12,79129083,79129575,-,-1,18.823923,-15.059731,-4.9817615,20.920921,-72.07129,-3.8463418
chr12,82019789,82019821,-,0,0.73298246,-0.5614292,7.985486,8.693566,-1.3048667,-57.96776
chr12,82050613,82050645,-,0,0.73298246,-0.5614292,7.985014,8.690252,-1.305511,-57.967373
chr12,83504745,83505076,+,0,13.2876625,11.461539,12.985801,9.342468,13.414956,-38.43775
chr12,83624987,83625485,+,-1,18.642778,16.604296,25.846611,17.378033,34.733574,53.83796
chr12,83630936,83631434,+,-1,18.642778,16.604296,25.82116,17.360561,34.733574,53.83796
chr12,84088232,84088725,+,0,17.781366,15.269523,17.433878,3.2957537,27.699318,16.369953
chr12,84736624,84737105,+,0,17.64246,15.809981,17.701958,5.625861,27.916517,-12.835967
chr12,85282257,85282541,+,0,11.233952,9.254971,12.595597,9.009552,10.78069,-41.71817
chr12,90561317,90561810,+,0,18.203054,16.274761,18.184933,4.3733487,20.00163,6.9442024
chr12,91247875,91248315,+,0,15.486983,14.062053,14.67242,13.066606,36.944786,-30.501764
chr12,95593858,95594346,-,1,17.36806,-13.687875,3.2471855,1.3721923,-14.568522,-16.06481
chr12,98461427,98461926,+,0,18.381855,15.601641,17.461452,4.3288593,26.251144,-1.946986
chr12,98467410,98467856,+,0,15.491749,13.879084,13.715643,13.311441,43.84437,-29.89
chr12,99346806,99346847,-,0,0.6279951,-0.00814349,9.969907,7.9550457,1.175148,-55.205284
chr12,99346958,99347058,-,0,0.9859656,0.13786986,9.973957,7.928561,1.350131,-53.530952
chr12,100458835,100459327,+,-1,18.391426,16.199297,12.215055,-1.247819,19.26814,51.84388
chr12,100464739,100465231,+,-1,18.391426,16.199297,12.20493,-1.1911491,19.275908,51.837986
chr12,105479456,105479943,-,1,17.879238,-13.4622755,3.2987137,0.89308083,-18.475458,-21.303589
chr12,109757261,109757447,+,0,4.455122,4.790168,10.27612,10.312462,15.6801405,-60.19893
chr12,112021777,112022071,+,0,11.406095,9.544825,12.592232,9.005339,10.761093,-41.226505
chr12,112477065,112477558,-,-1,18.868769,-14.468138,-0.24091208,6.5792136,-17.330973,30.98866
chr12,112837086,112837561,+,0,16.687197,13.918761,17.233414,5.2771487,30.798363,-9.1256695
chr12,113706838,113707330,-,1,19.031147,-14.610637,4.130892,3.275792,-32.732937,6.354761
chr12,113712779,113713271,-,1,18.978338,-14.492134,4.0800447,3.3443472,-32.761597,6.0913243
chr12,114016295,114016728,-,1,15.590468,-11.890063,-0.004140862,1.4250276,-4.5998683,-1.3267429
chr12,115078269,115078557,+,0,11.805572,9.719559,12.662144,9.052914,11.5337715,-40.652214
chr12,115349467,115349960,-,1,19.310673,-15.014853,4.2547326,3.5126767,-33.619,5.557929
chr12,115579582,115580075,-,1,19.57213,-15.096132,3.1862419,3.3279457,-21.730474,-0.45858082
chr12,115585525,115585965,-,1,16.00587,-13.440859,-1.1210024,2.2461305,-2.65016,9.0512495
chr12,117798056,117798554,+,-1,18.794668,16.402657,25.512178,3.7550094,68.62308,-0.5550948
chr12,117803966,117804464,+,-1,18.794668,16.402657,25.46948,3.7975867,68.002815,-0.81431866
chr12,118924402,118924960,-,1,19.43998,-14.283495,2.4740863,-0.4614567,-19.754189,-30.065199
chr13,3021013,3021505,-,-1,19.266642,-15.472404,4.989346,9.265108,-58.20281,13.451414
chr13,3026956,3027448,-,-1,19.266642,-15.472404,4.9677405,9.243234,-58.20281,13.451414
chr13,4631148,4631635,+,0,18.722683,16.174223,17.227406,6.6301785,18.8227,-12.596131
chr13,4637079,4637299,+,0,7.958694,7.235608,12.201583,8.773418,8.69521,-43.355762
chr13,6711471,6711963,+,-1,18.460936,16.66865,27.04948,17.558744,44.002842,47.48718
chr13,6716293,6716785,+,-1,18.460936,16.66865,27.04266,17.567158,42.424377,47.43497
chr13,6940309,6940808,+,0,18.458633,16.046413,15.032135,-0.33439612,16.722715,44.013996
chr13,6946218,6946717,+,0,18.458633,16.046413,15.027064,-0.33911923,16.722715,44.013996
chr13,6957962,6958090,-,0,5.1633453,-4.2997212,10.083202,6.7527275,-9.180986,-50.9623
chr13,7068415,7068854,-,1,15.6497555,-12.973815,-0.7528774,1.928206,-1.882601,4.6484613
chr13,7074304,7074796,-,1,18.389587,-14.5991,3.1271331,7.0310974,-58.206985,-0.68855375
chr13,7334747,7335233,-,1,17.516838,-14.023499,3.7686613,2.868272,-28.745893,-6.637087
chr13,7633903,7634343,+,0,15.516424,14.387198,14.019351,13.076706,40.615715,-31.243546
chr13,10174778,10175271,-,1,18.830551,-14.644718,4.6203117,5.154331,-40.497166,6.43703
chr13,10180614,10181107,-,1,18.830551,-14.644718,4.5832267,5.0937476,-40.49715,6.437057
chr13,10974117,10974615,+,-1,18.645008,16.167366,11.175106,21.953642,64.13094,-3.6907518
chr13,10979495,10979993,+,-1,18.645008,16.167366,11.145267,21.925348,64.13094,-3.6907518
chr13,12653182,12653674,+,-1,18.34621,16.00649,19.54406,-8.474757,58.894985,13.091525
chr13,12659124,12659616,+,-1,18.34621,16.00649,19.545824,-8.476507,58.894836,13.091566
chr13,16367938,16368431,-,-1,19.118307,-14.789007,6.573432,-16.307224,-22.089619,60.68956
chr13,16372987,16373480,-,-1,19.118307,-14.789007,6.5720615,-16.30145,-22.089619,60.68956
chr13,17367959,17368453,+,0,18.325691,15.901798,17.65704,5.2482047,17.638344,0.22173893
chr13,17687247,17687839,+,0,12.437477,9.099563,13.824583,8.3963175,14.609386,-28.208174
chr13,17932085,17932578,+,0,17.621979,15.64874,16.579193,3.0269675,31.800104,22.836195
chr13,17937990,17938482,+,-1,18.084923,15.953618,8.804956,11.765857,45.62016,28.732895
chr13,18002261,18002753,-,-1,19.413662,-15.5542345,4.99406,9.274354,-57.610073,15.455928
chr13,18008151,18008643,-,-1,19.413662,-15.5542345,4.9747257,9.25642,-57.545128,15.443518
chr13,18639240,18639744,-,1,19.315348,-15.416233,3.2616866,7.666334,-58.384758,-0.99046475
chr13,18645156,18645660,-,1,19.315348,-15.416233,3.2625768,7.6895413,-58.384758,-0.99046475
chr13,20176368,20176808,-,1,16.588224,-13.493966,-1.1874205,2.648413,-2.7755625,12.863601
chr13,21953776,21954268,-,1,19.368765,-15.377666,3.295472,3.338642,-23.314909,-0.96133685
chr13,24408195,24408688,-,1,19.564236,-15.14361,3.7850187,1.8598846,-19.397898,-12.483856
chr13,24470942,24471060,+,0,3.2317102,2.6984756,10.068884,9.190405,8.269964,-58.698128
chr13,25428174,25428274,-,0,3.5626378,-3.124869,9.998939,6.882116,-7.65795,-50.691944
chr13,28620688,28621181,+,-1,17.992388,15.473633,15.057527,-2.609828,12.064346,28.626455
chr13,28623688,28624181,+,-1,18.032257,15.354801,15.067094,-2.5845475,12.076758,28.59995
chr13,30314686,30315179,+,-1,18.295616,15.805159,7.656369,18.447031,41.22,10.366216
chr13,30320591,30321084,+,-1,18.295616,15.805159,7.620695,18.45014,41.37062,10.927864
chr13,30844217,30844595,+,0,14.796957,13.1261425,12.935306,9.30297,14.035966,-38.2579
chr13,32889212,32889652,+,0,15.172559,14.235891,14.338639,13.063229,39.27019,-32.239635
chr13,32895137,32895598,+,0,17.372444,15.107781,17.314957,5.8842483,27.09122,-12.761062
chr13,34749362,34749861,-,1,19.534187,-15.455447,3.1323318,3.5420513,-24.558937,5.479999
chr13,34755346,34755845,-,1,19.534187,-15.455447,3.1012223,3.6033158,-24.558975,5.479923
chr13,35046486,35046978,+,-1,18.460936,16.66865,27.073317,17.534786,41.0525,42.831844
chr13,35052390,35052881,+,-1,18.517412,15.471773,25.882067,17.385378,36.829624,53.67741
chr13,35563467,35563960,+,0,18.567251,16.17512,17.214033,3.8708105,30.10127,12.128493
chr13,38709717,38710210,+,0,17.936644,15.640806,17.855825,5.4825797,22.753052,-4.4046254
chr13,40776893,40777385,+,-1,18.460936,16.66865,27.08348,17.527924,42.297993,44.00548
chr13,40903379,40903825,-,1,15.7983265,-12.835156,-0.20951714,1.4776429,-1.499591,0.76137006
chr13,43002137,43002631,-,-1,18.589056,-13.832288,5.756469,12.040358,-30.339518,-20.262556
chr13,49497918,49498411,+,0,18.26455,15.724685,17.114061,4.073482,32.52058,9.254681
chr13,49693795,49694288,+,0,18.199602,15.831857,14.862253,-0.50782937,17.968882,45.91532
chr13,49699700,49700193,+,0,18.199602,15.831857,14.861331,-0.5099586,17.968882,45.91532
chr13,49980908,49981400,-,-1,19.243452,-15.324301,-4.741074,21.320576,-68.67506,3.8263462
chr13,49986813,49987305,-,-1,19.404646,-15.514713,-4.733391,21.337458,-68.6979,3.77234
chr13,50728037,50728530,+,0,18.260157,16.27138,18.371717,4.156709,24.133307,4.1548986
chr13,51055243,51055736,-,1,19.797209,-15.740948,3.637974,1.8061317,-20.183105,-13.485301
chr13,51061157,51061713,-,1,18.88386,-14.435105,3.574229,1.6670496,-20.234892,-14.05444
chr13,53847576,53848069,-,1,19.419718,-15.006211,3.7822094,3.089027,-27.421614,-4.133917
chr13,58428577,58429069,-,-1,19.345531,-15.638505,-4.73872,21.37326,-72.7109,0.95848364
chr13,58434481,58434973,-,-1,19.345531,-15.638505,-4.7364054,21.38973,-69.46518,1.069608
chr13,59627984,59628104,-,0,1.070499,0.007231279,9.934364,7.901545,0.1561725,-54.023045
chr13,61823430,61823864,-,1,15.854007,-12.903215,-0.2535633,1.6530714,-4.6596766,2.091284
chr13,61850473,61850908,+,0,14.475651,12.656619,14.649138,13.058498,36.503876,-29.533684
chr13,62084393,62084885,-,-1,19.12438,-14.812654,6.1230116,-14.322556,-29.559677,59.539
chr13,62090338,62090830,-,-1,19.12438,-14.812654,6.1224947,-14.319915,-29.559677,59.539
chr13,62362414,62362907,-,1,19.03198,-14.857618,3.377328,1.8948696,-24.234983,-17.872387
chr13,62726496,62726989,-,1,19.437868,-15.082147,3.7950368,5.4388485,-33.075874,13.265933
chr13,62732473,62732966,-,1,19.437868,-15.082147,3.813333,5.430312,-33.075867,13.26604
chr13,65677431,65677924,+,0,17.57266,14.564621,18.165571,2.815272,15.327432,15.6396055
chr13,65683363,65683856,+,0,18.15417,15.449665,18.163044,2.8099864,15.859487,15.739162
chr13,65796562,65797055,+,0,18.281557,15.662999,18.092758,2.8845959,15.888984,15.74242
chr13,66047632,66048125,-,1,19.101952,-14.623357,4.9766006,2.8164797,-37.600998,-12.685749
chr13,66129503,66129996,-,1,19.089699,-14.262608,4.9523168,2.7805157,-37.593834,-12.69409
chr13,67148970,67149464,+,0,18.55104,15.9984665,17.45602,5.013653,31.856264,-0.06015307
chr13,67570817,67571304,+,0,16.61102,14.716411,16.421621,6.314648,28.441088,-18.600573
chr13,68078290,68078783,-,1,19.86488,-15.616754,3.2433715,3.4017794,-24.205145,0.15710847
chr13,69869572,69870012,+,0,15.490654,14.368022,14.469097,13.110335,37.699497,-31.772905
chr13,70202712,70203205,-,1,18.90544,-14.500774,3.8976417,3.9025264,-30.459475,-2.8553128
chr13,71085662,71086160,+,-1,18.88718,16.398996,19.56273,-8.494713,57.287537,12.898372
chr13,71091611,71092109,+,-1,18.88718,16.398996,19.562813,-8.494744,57.28749,12.898425
chr13,74288998,74289490,+,-1,18.199732,16.043985,14.703881,-3.4434917,9.111298,30.621525
chr13,76077210,76077703,-,-1,19.019016,-14.475595,6.2254896,-14.948055,-24.123003,57.05997
chr13,76083169,76083662,-,-1,19.019016,-14.475595,6.228929,-14.96149,-24.123003,57.05997
chr13,76864292,76864779,-,1,18.173151,-14.619795,3.3736951,1.1124084,-14.040694,-17.963802
chr13,77695806,77696299,+,-1,18.067533,15.545088,18.104015,14.912507,52.06375,-6.417397
chr13,77701732,77702225,+,-1,18.231707,15.756951,18.053555,14.793503,52.38478,-6.325502
chr13,77782459,77782952,-,1,19.041227,-14.816044,3.7605608,2.2200596,-26.264187,-11.748025
chr13,78373786,78374279,+,-1,18.096603,15.82538,18.247969,15.170533,53.919548,-3.2298093
chr13,78378439,78378932,+,-1,18.096603,15.82538,18.214088,15.1862,53.919548,-3.2298093
chr13,79700586,79700719,+,0,3.0546465,2.7493482,10.22039,10.037227,12.6997795,-57.619164
chr13,79780794,79781287,+,0,17.918863,15.976648,18.232632,4.0125594,25.167059,6.317824
chr13,81719377,81719882,-,1,19.510841,-15.099551,3.8114903,5.3086267,-32.543346,11.000566
chr13,81725057,81725562,-,1,19.510841,-15.099551,3.8256881,5.2187543,-32.543316,11.000529
chr13,81739564,81740051,+,0,18.450706,16.02325,17.308163,6.5425577,17.947683,-12.526114
chr13,82249416,82249909,+,0,18.89191,16.740839,17.41375,5.9679084,23.200508,-9.636415
chr13,82817296,82817784,+,0,16.97777,15.425905,16.906244,6.511436,20.889025,-17.020853
chr13,84665550,84666043,-,1,19.847076,-15.505927,3.7285125,1.7659677,-19.826212,-12.871187
chr13,85362946,85363386,-,1,15.86247,-13.052069,-1.005939,2.0427787,-0.58465344,6.957243
chr13,85702280,85702683,+,0,14.936091,12.146811,14.446269,8.940995,12.330303,-34.64343
chr13,86104807,86105022,+,0,8.404417,7.374354,12.220976,8.820835,9.723882,-43.723053
chr13,86671082,86671522,+,0,15.327034,14.108495,14.406073,13.123847,37.857525,-31.890879
chr13,87474869,87475361,+,-1,18.57886,16.239574,11.163351,21.94359,64.905495,-2.4903092
chr13,87476680,87477173,+,-1,18.403124,16.263649,11.173546,21.953754,63.94218,-2.0180612
chr13,87482615,87483108,+,-1,18.403124,16.263649,11.17269,21.952957,63.94218,-2.0180612
chr13,88182637,88183130,-,1,19.445984,-15.538941,3.2991123,3.081796,-23.066017,-1.947238
chr13,91254120,91254613,+,0,18.598467,15.854415,17.717329,5.4717603,18.055836,-4.335706
chr13,92498538,92499031,+,0,18.601065,16.256052,17.235353,6.152288,17.691982,-9.947286
chr13,92582454,92582947,-,1,18.90038,-15.0407505,4.356517,5.6423345,-40.395626,9.733317
chr13,93196948,93197382,-,1,15.522484,-12.679969,0.08889104,1.298171,-2.605763,-3.836106
chr13,94214611,94215104,-,-1,19.304552,-14.969458,6.2004013,-14.793151,-26.442516,55.68368
chr13,94220516,94221009,-,-1,19.304552,-14.969458,6.1988783,-14.785935,-26.442516,55.68368
chr13,94551630,94552122,-,1,19.12353,-15.156229,4.629508,5.2431154,-41.865654,6.480925
chr13,94557573,94558012,-,1,16.300955,-13.587374,-1.1494828,2.6677916,-5.963286,12.075479
chr13,95207816,95208283,+,0,16.390911,14.515721,17.209278,5.2775297,31.27202,-9.190559
chr13,96663345,96663732,+,0,9.876427,7.398316,13.043971,8.614166,4.9476457,-42.989056
chr13,97036883,97037375,+,-1,18.113771,15.8526,14.584142,-3.3338857,9.276343,31.946907
chr13,97042826,97043318,+,-1,18.171665,15.507043,14.618034,-3.3662772,9.521334,32.008373
chr13,97716263,97716755,+,-1,18.57886,16.239574,11.197385,21.977667,64.06089,-2.8035114
chr13,97722208,97722700,+,-1,18.477402,16.108635,11.200174,21.97882,64.866585,-3.8823566
chr13,97726503,97727008,-,1,19.208353,-15.569314,4.3566146,5.6447434,-40.61442,10.798628
chr13,97732459,97732964,-,1,19.208353,-15.569314,4.358764,5.6510234,-40.61442,10.798628
chr13,99709372,99709866,+,0,18.013008,15.5757885,16.026066,2.5492945,38.401245,24.4133
chr13,99715317,99715811,+,0,18.153236,15.924202,16.022131,2.5478482,38.305767,24.623112
chr13,102606974,102607466,+,0,18.848696,16.725786,15.217382,3.9036908,51.133533,20.997013
chr13,102612949,102613441,+,0,18.848696,16.725786,15.224804,3.8974268,51.13353,20.99702
chr13,102614304,102614796,-,-1,18.890512,-14.842515,-0.22899364,16.330599,-56.68934,-33.238358
chr13,102620247,102620739,-,-1,18.890512,-14.842515,-0.22813289,16.331738,-56.68934,-33.238358
chr13,103809056,103809508,+,0,16.098566,14.579903,13.979418,13.050298,41.30021,-31.949213
chr13,105709312,105709803,-,-1,19.33208,-15.148914,-2.8896692,9.980991,-49.992413,28.67616
chr13,105715254,105715745,-,-1,19.33208,-15.148914,-2.889295,9.980873,-49.992413,28.67616
chr13,108690659,108691024,-,1,15.050899,-11.9191675,3.595532,-1.7373922,-19.5899,-42.64406
chr13,110042049,110042542,+,0,18.612667,16.535685,18.1587,4.562689,19.689384,4.563455
chr13,110153143,110153636,+,-1,18.387035,15.872135,18.089006,14.821545,52.737255,-5.1025023
chr13,110711418,110711450,+,0,0.7718122,0.61949944,10.040698,8.545848,3.9847023,-56.683388
chr13,114039987,114040478,+,0,17.535074,15.584241,17.67466,-0.07676223,26.31619,36.89628
chr13,114045930,114046421,+,0,17.535074,15.584241,17.675028,-0.07586664,26.317453,36.896317
chr13,117037246,117037696,-,1,13.950805,-10.818879,0.1160136,1.2733654,-2.06389,-4.78986
chr13,117039868,117040362,-,1,17.594173,-13.570308,2.636773,-0.10217931,-16.414103,-28.725233
chr13,119864904,119865396,+,-1,18.407305,16.067148,11.175279,21.95546,63.475353,-3.3450754
chr13,119870808,119871300,+,-1,18.407305,16.067148,11.174498,21.954817,63.475353,-3.3450754
chr13,119929087,119929574,-,1,19.135038,-14.931291,4.1415186,3.5881743,-34.91086,1.3993008
chr13,119935584,119936018,-,1,16.574162,-13.658524,-1.1595861,2.7042274,-4.3071504,11.783893
chr13,120133448,120133935,+,0,18.04764,15.148217,17.068462,3.9775674,32.816555,13.726552
chr13,120139945,120140432,+,0,18.204649,15.832234,17.313915,3.8364692,29.389153,12.302725
chr13,120281065,120281558,+,0,18.14201,15.6055565,17.971615,3.6602705,19.995613,11.333075
chr14,3127256,3127342,+,0,2.3138423,1.9617325,10.063363,9.142326,7.676451,-58.38184
chr14,4077273,4077359,+,0,2.3138423,1.9617325,10.062143,9.142491,7.6764536,-58.381836
chr14,4970843,4971341,-,-1,19.755877,-15.556857,2.1273699,-7.892098,-43.742115,40.19452
chr14,4976792,4977290,-,-1,19.755877,-15.556857,2.1273746,-7.892159,-43.742115,40.19452
chr14,5402044,5402130,-,0,2.7323773,-1.9638753,7.708209,8.106724,-3.2542813,-62.39515
chr14,5754592,5754678,-,0,2.7323773,-1.9638753,7.706353,8.12251,-3.2542906,-62.39512
chr14,5905812,5905898,-,0,2.7323773,-1.9638753,7.695353,8.113701,-3.254298,-62.395134
chr14,7677294,7677781,-,1,18.713507,-13.595732,3.7747734,2.6476839,-26.95128,-5.9865527
chr14,8025967,8026486,+,0,17.111202,13.548208,14.298547,8.279468,4.86966,-22.92063
chr14,8067745,8068185,+,0,15.3947115,14.235079,12.909059,13.208578,49.85973,-27.427399
chr14,8073634,8074074,+,0,15.3947115,14.235079,12.93679,13.232681,49.85973,-27.427399
chr14,8943806,8944304,-,1,19.647022,-15.317855,3.9964337,3.6785545,-32.795685,3.1534882
chr14,10965640,10965829,+,0,6.4029922,5.478475,11.978114,8.671766,8.721888,-45.614483
chr14,12096617,12097116,-,1,19.33377,-15.16389,3.8008,5.478941,-32.369205,12.592245
chr14,12164619,12165060,+,0,15.552829,14.156921,13.171926,13.321127,47.98888,-29.392302
chr14,12633832,12634272,+,0,15.083071,13.951634,13.243139,13.348407,51.005524,-31.215229
chr14,14143588,14144092,-,-1,19.894098,-15.261067,-2.8648992,-6.373291,-47.49911,48.280323
chr14,14149504,14150002,-,-1,19.67234,-15.179791,-2.875018,-6.364068,-47.322746,47.855618
chr14,14813493,14813987,+,0,18.072018,15.660937,17.875418,4.701206,18.374765,0.9636763
chr14,14817557,14818044,-,1,18.436451,-14.170827,4.5234604,3.662263,-37.802086,-0.61653334
chr14,16060722,16061210,+,0,17.507805,15.296367,17.076466,7.0874457,15.717906,-16.925135
chr14,17149391,17149822,+,0,15.231527,13.937431,13.1982155,13.320281,50.931835,-31.936451
chr14,19247310,19247809,+,0,18.648363,15.975201,17.462696,3.3702126,25.969528,15.782834
chr14,23954291,23954808,+,0,16.452894,13.204657,14.215867,8.294435,3.7269762,-25.106058
chr14,25727826,25728319,+,-1,18.295616,15.805159,7.6182795,18.452766,41.22,10.366216
chr14,25733732,25734225,+,-1,18.295616,15.805159,7.6366143,18.434828,41.37062,10.927864
chr14,26295740,26296188,-,1,16.091436,-12.486534,3.2636528,1.0637594,-13.80653,-20.055258
chr14,29798572,29798713,+,0,1.7251312,1.0016283,10.037906,7.9297833,1.6191838,-52.596832
chr14,30060576,30060690,-,0,1.2514156,-0.38010636,9.875449,8.071255,2.9716823,-53.976868
chr14,30779523,30780015,-,-1,18.72652,-14.634989,-0.5281728,15.619138,-51.819275,-30.889616
chr14,30782542,30783034,-,-1,18.72652,-14.634989,-0.5525854,15.63569,-51.819275,-30.889616
chr14,33220743,33221236,-,-1,18.730698,-14.661404,-0.54147625,15.668634,-52.375755,-29.42773
chr14,33224481,33224974,-,-1,18.730698,-14.661404,-0.54193115,15.669589,-52.375755,-29.42773
chr14,34006655,34007162,+,0,16.304115,12.415653,14.373916,8.274023,5.8559084,-22.536777
chr14,35716740,35717233,+,0,17.51852,15.243359,14.928436,1.506474,20.770082,26.448702
chr14,35721685,35722178,+,0,17.637348,15.465068,14.93079,1.4994286,20.77057,26.438908
chr14,39647790,39648230,-,1,16.18826,-13.652062,-0.9898118,2.0440114,-0.86442375,8.138065
chr14,42274305,42274791,-,1,18.706896,-14.656798,4.217401,3.6327877,-35.98125,0.95673364
chr14,42280228,42280715,-,1,19.264978,-15.012438,4.2363806,3.609059,-34.065964,1.6348476
chr14,42614112,42614599,-,1,19.177713,-14.920279,4.2248564,3.7743285,-35.76616,0.9752534
chr14,42624803,42625290,-,1,19.264978,-15.012438,4.148265,3.6366541,-34.065914,1.634917
chr14,43102342,43102840,-,-1,19.755877,-15.556857,2.1273465,-7.892146,-44.205402,40.286568
chr14,43108291,43108789,-,-1,19.529264,-15.358866,2.1272106,-7.891702,-44.054165,39.53669
chr14,43844801,43845294,-,1,19.379435,-14.7859125,3.5388546,3.6581297,-27.51874,5.150963
chr14,43850761,43851254,-,1,19.379435,-14.7859125,3.4608366,3.7297757,-27.518637,5.1508827
chr14,44828731,44829164,-,1,16.388054,-13.164591,-0.68690944,2.180339,-6.6103106,5.4108305
chr14,45404726,45405265,-,1,20.904333,-15.774681,3.2456155,1.9664472,-25.550047,-16.826952
chr14,45725400,45725869,+,0,16.63798,14.164168,17.043303,6.284758,22.453278,-16.603935
chr14,45731284,45731714,+,0,14.99694,12.938411,14.769046,12.953835,34.87701,-30.36979
chr14,45748429,45748922,+,0,18.254562,15.980208,17.900501,5.3127284,22.572544,-2.0686371
chr14,45754369,45754862,+,0,18.374132,16.184181,18.200008,4.3890057,21.126514,6.0521107
chr14,46800189,46800623,-,1,16.499275,-13.593999,-1.2140778,2.763437,-3.821113,11.801419
chr14,47110077,47110308,-,0,9.33044,-7.280127,10.310833,6.268196,-11.201985,-47.94037
chr14,47450071,47450589,+,0,17.102022,14.65167,14.395929,8.331074,6.727073,-24.672709
chr14,53059433,53059926,-,1,19.225397,-15.235191,3.9412081,3.5063002,-32.620625,2.3873868
chr14,53071618,53072058,-,1,16.612316,-13.841049,-1.1497319,2.5335648,-4.3462133,9.799271
chr14,55532489,55532929,+,0,15.65584,14.5801,13.40734,13.168356,49.110962,-34.471714
chr14,57008493,57008857,-,1,11.423278,-9.694881,2.6542244,-0.06801346,-13.306108,-26.480078
chr14,57013515,57013874,-,1,11.454532,-9.595001,2.705219,0.08494644,-13.310317,-26.453363
chr14,59301927,59302420,-,-1,19.099953,-14.739455,6.6336956,-16.362892,-22.176828,62.54248
chr14,59307837,59308330,-,-1,19.099953,-14.739455,6.579215,-16.308083,-22.176828,62.54248
chr14,60476421,60476861,-,1,16.420908,-13.563844,-1.0374161,2.0875726,-1.0061045,7.9644427
chr14,60479880,60480319,-,1,16.248997,-13.381642,-1.0086412,2.049973,-0.6231729,7.960365
chr14,60820276,60820768,-,0,19.229265,-15.320571,5.0408173,9.314156,-59.172287,14.425906
chr14,60826219,60826711,-,-1,19.229265,-15.320571,5.0359125,9.307866,-59.172672,14.425595
chr14,64306006,64306523,+,0,18.94831,16.68718,17.478222,2.8773818,31.664188,26.643316
chr14,64504786,64505284,+,-1,18.641363,16.518908,12.262968,-1.541751,19.063467,50.742237
chr14,64510696,64511194,+,-1,18.641363,16.518908,12.261254,-1.5395552,19.063467,50.742237
chr14,65128842,65129335,+,0,18.35797,15.969389,14.823311,-0.5485696,16.920038,46.998493
chr14,65134747,65135240,+,0,18.35797,15.969389,14.794536,-0.5781643,16.920038,46.998493
chr14,65278730,65279228,+,-1,18.29169,16.060768,25.546602,3.7207181,68.49339,0.5000521
chr14,65284679,65285177,+,-1,18.29169,16.060768,25.496544,3.770989,68.49339,0.5000521
chr14,70396162,70396383,-,0,7.3233895,-5.30542,10.143421,6.6174226,-10.377618,-50.20783
chr14,72494638,72494690,-,0,1.6204038,-1.3118122,7.958221,8.657674,-2.6394036,-58.041374
chr14,73617629,73618117,+,0,17.917418,15.72826,16.893574,6.9610467,17.446884,-17.786188
chr14,75840465,75840957,+,-1,18.47879,16.615078,26.808222,17.81937,35.158596,43.57729
chr14,79145247,79145746,-,-1,19.483643,-15.076678,6.1186833,-14.296854,-28.96422,60.80353
chr14,79151197,79151696,-,-1,19.483643,-15.076678,6.1218934,-14.316925,-28.96422,60.80353
chr14,79918258,79918745,+,0,18.449793,16.395857,18.044764,4.2327037,23.276913,7.647955
chr14,79980101,79980595,-,1,18.943514,-14.94114,3.2412314,3.5144825,-26.145035,3.7784739
chr14,80922208,80922685,+,0,18.120731,15.80083,17.663187,4.789569,19.006428,1.2855642
chr14,82263126,82263619,+,0,17.196571,14.65123,18.346275,4.121842,26.086542,6.083041
chr14,82269034,82269527,+,0,18.268538,16.039143,18.199345,4.080092,25.991459,6.188514
chr14,85869395,85869888,-,1,18.977345,-15.112444,5.032613,2.9275558,-39.74096,-8.884053
chr14,86872230,86872723,-,1,19.25559,-14.830445,5.1758537,2.8945472,-37.324326,-9.224179
chr14,86876083,86876576,-,1,19.25559,-14.830445,5.200768,2.8843243,-37.324326,-9.224179
chr14,89287982,89288469,+,0,17.08076,14.077896,17.185152,6.7179794,16.056274,-14.690327
chr14,89293959,89294445,+,0,16.5804,14.4490385,17.142252,6.9545417,16.023787,-14.857175
chr14,91984732,91985210,+,0,16.832304,14.586174,17.551285,6.0932436,26.458477,-8.872558
chr14,94423197,94423637,+,0,15.46247,14.290862,14.337198,12.943001,39.615597,-34.735943
chr14,95177762,95177955,+,0,5.8606887,5.5270534,10.346708,10.495917,18.252687,-60.309746
chr14,96047920,96048418,-,1,19.559038,-15.100285,4.611538,4.3487906,-38.25688,2.3893313
chr14,96053869,96054314,-,1,16.87072,-13.68065,-1.1745359,2.6786685,-3.5709035,12.909194
chr14,96633416,96633850,+,0,14.934169,13.371535,14.623945,12.843389,34.92005,-34.15426
chr14,98234990,98235124,+,0,5.2371883,4.8598447,11.922204,8.618424,7.9449644,-45.808174
chr14,101076389,101076887,-,-1,19.7185,-15.405025,-1.8226318,-8.336996,-47.988438,44.55356
chr14,101082338,101082836,-,-1,19.550335,-15.211564,-1.8224626,-8.3375435,-48.871193,44.095818
chr14,101809553,101810045,-,1,19.188967,-15.080534,2.2928956,4.019764,-44.864864,24.938833
chr14,101815490,101815982,-,1,19.188967,-15.080534,2.2999022,4.0192885,-44.864864,24.938833
chr14,101971328,101971815,+,0,17.68561,15.351106,17.591722,5.102541,27.110445,-3.380391
chr14,102635026,102635515,+,0,18.39024,15.787385,17.24203,6.279748,16.920065,-11.285004
chr14,102639992,102640277,+,0,10.339724,8.728205,10.439947,10.569024,20.217432,-58.297913
chr14,103734786,103735278,+,-1,18.380836,16.48071,8.746929,11.726902,47.10395,29.579163
chr14,103740729,103741221,+,-1,18.380836,16.48071,8.746892,11.726556,47.10395,29.579163
chr14,105943245,105943737,+,-1,18.381432,15.834023,18.28248,15.156817,52.78586,-3.47284
chr14,105949188,105949680,+,-1,18.381432,15.834023,18.207134,15.190824,52.78586,-3.47284
chr14,105960713,105961205,+,-1,18.544727,16.083046,19.918938,19.441044,67.511566,-2.8277917
chr14,105966617,105967109,+,-1,18.544727,16.083046,19.914972,19.430279,67.511566,-2.8277917
chr14,107152289,107152782,+,0,18.269114,16.301205,18.203815,0.20401408,30.177649,37.19207
chr14,107158194,107158687,+,0,18.269114,16.301205,18.235615,0.23342489,30.177649,37.19207
chr14,108883131,108883619,+,0,16.193071,12.712151,16.99368,7.0417933,17.085478,-16.086094
chr14,109129058,109129546,+,0,16.137234,13.734047,16.899626,6.971601,18.627409,-21.0279
chr14,110101812,110102304,+,-1,18.250465,16.521633,26.928505,17.617962,38.38579,47.792812
chr14,110107715,110108207,+,-1,18.460936,16.66865,27.05218,17.543623,36.51205,45.725636
chr14,111332618,111333105,-,1,17.207548,-13.769927,3.3041427,1.2765775,-13.2239065,-16.848888
chr14,111985575,111986068,+,0,17.665981,15.434003,17.858538,4.5790987,22.715822,0.5504611
chr14,111998909,111998956,-,0,0.42697486,-0.06248796,9.935838,7.9345107,1.0029773,-54.872147
chr14,112284015,112284508,+,0,17.727701,15.956688,17.89071,5.37968,21.900272,-1.7156271
chr14,112291884,112292377,+,0,17.388693,15.519817,17.891232,5.42876,21.816845,-1.6622252
chr14,112808701,112809194,-,1,19.110003,-15.199956,3.6327095,3.7395816,-29.11687,1.7977649
chr14,112903643,112904136,-,1,19.582186,-15.437621,5.0538263,3.8999362,-40.340275,-1.1654615
chr14,113566750,113566860,-,0,3.5350351,-2.7991006,7.7116656,7.9945607,-3.5653996,-63.58894
chr14,118409792,118410226,+,0,15.671436,13.984055,14.783466,12.69524,32.759037,-33.18903
chr14,120197186,120197673,+,0,18.522816,16.400343,17.897562,4.3102336,28.855148,6.333204
chr14,121222977,121223469,+,-1,18.460936,16.66865,27.068222,17.538935,41.295006,46.912704
chr14,121418541,121419028,+,0,18.024693,15.056239,16.875284,7.0203924,15.188813,-20.004915
chr14,122091041,122091511,-,1,17.43896,-13.566287,4.5823455,3.2270057,-33.24211,8.050878
chr15,3562607,3562769,-,0,2.1290889,-1.0085299,9.7563305,7.7681074,-0.99392265,-54.848717
chr15,5681748,5682241,+,0,18.190447,15.945031,17.111004,3.9901917,32.151295,13.501215
chr15,5687726,5688166,+,0,15.05446,13.537867,13.282914,13.2286415,47.472797,-30.43596
chr15,6208885,6208925,-,0,1.1207066,-0.7365109,7.9429946,8.652398,-1.3498845,-59.032257
chr15,6538844,6538964,-,0,5.870528,-4.0176835,10.0560255,7.481235,-2.1726422,-51.23504
chr15,6538934,6538978,-,0,2.5444248,-1.0423988,9.986258,7.814374,-1.395274,-51.9492
chr15,6538978,6539236,-,0,10.753294,-6.8800893,10.226925,6.350565,-10.953986,-44.986652
chr15,6545852,6546345,-,1,19.287626,-15.901802,4.164287,3.375882,-33.011223,5.1418223
chr15,12656825,12657319,-,1,18.80563,-15.158324,3.1104033,3.3747964,-22.776808,1.6572622
chr15,14432709,14433149,+,0,15.575929,14.665574,12.44817,13.559035,53.571808,-26.381763
chr15,14438600,14439040,+,0,15.484486,14.504397,12.463707,13.549969,53.410656,-26.464577
chr15,16464447,16464939,+,0,18.257843,16.006931,17.63193,4.2684574,29.091932,6.3215637
chr15,16948784,16949276,-,-1,19.083351,-14.877487,-1.1979309,8.129688,-11.0957,35.07568
chr15,16954688,16955180,-,-1,18.926046,-14.697251,-1.2270644,8.166205,-11.058299,34.91957
chr15,17443705,17444070,-,1,12.488023,-9.474575,2.909673,0.3689989,-15.174676,-24.798086
chr15,18056865,18057358,+,0,18.191175,16.498442,17.678413,5.4013906,24.78821,-3.9547403
chr15,19057324,19057822,+,-1,18.536564,16.074389,25.490337,3.7769225,69.08211,-1.5030185
chr15,19063273,19063771,+,-1,18.536564,16.074389,25.491482,3.7758727,69.082245,-1.5032133
chr15,19361559,19362077,+,0,16.649267,12.784951,14.170467,8.334937,2.9392095,-26.53509
chr15,21829549,21829983,-,1,16.656393,-13.528112,-1.1654803,2.7324507,-4.8069916,13.170633
chr15,22394893,22395333,+,0,14.641203,13.445792,14.460597,12.869941,38.549862,-35.81234
chr15,24310276,24310769,+,0,18.325863,15.593901,18.147438,2.8287,15.87841,15.529983
chr15,24316214,24316707,+,0,18.325863,15.593901,18.141806,2.8333764,15.87841,15.529983
chr15,25177456,25177506,+,0,1.4863923,1.3107504,10.069148,8.984607,6.552438,-57.839024
chr15,28675907,28676401,+,0,17.191591,15.727081,16.581602,6.320335,27.905529,-17.698734
chr15,29897928,29898497,+,0,11.434369,7.904362,13.778647,8.4101515,14.604421,-28.208426
chr15,30730674,30731168,-,1,18.615902,-14.271874,4.401423,4.4791236,-50.138683,4.7230835
chr15,31009801,31010293,-,-1,19.090105,-15.072682,-0.5073335,16.3173,-55.235435,-33.731262
chr15,31015744,31016236,-,-1,19.090105,-15.072682,-0.5227145,16.343157,-55.235435,-33.731262
chr15,35355328,35355526,-,0,7.8687425,-6.0080943,10.167987,6.5659337,-11.346298,-49.64508
chr15,37744312,37744799,+,0,17.545853,15.260437,17.433346,6.3375144,21.540222,-8.94027
chr15,41890376,41890875,+,0,18.046053,16.306517,16.503601,3.1709032,28.197788,23.508137
chr15,41896326,41896825,+,0,18.046053,16.306517,16.476994,3.155087,28.197788,23.508137
chr15,45537252,45537741,+,0,18.800333,16.595362,18.04596,4.5448437,19.534239,4.554039
chr15,47022683,47023123,+,0,15.6048,14.170681,13.758492,13.465326,52.61594,-17.979887
chr15,47029211,47029687,+,0,17.524551,15.195355,14.7995825,-0.5534941,18.710268,46.56691
chr15,47293138,47293329,-,0,5.7147546,-4.8183446,7.9403086,7.4992332,-4.204299,-68.62133
chr15,49254069,49254262,-,0,6.037657,-5.042791,7.9486637,7.524645,-3.1045265,-68.37051
chr15,49761013,49761477,-,1,18.446276,-14.506023,3.1780427,3.4224193,-23.90683,1.6621948
chr15,49926898,49927338,+,0,15.8644495,14.702789,13.259173,13.290863,48.698315,-31.275383
chr15,49932168,49932662,+,0,18.49671,16.110645,17.44957,4.000952,28.446894,10.891708
chr15,52743480,52743955,+,0,17.375872,14.605735,17.31106,5.822242,25.994947,-13.285135
chr15,56290592,56291086,-,-1,17.985172,-14.761888,-0.13059437,6.4502196,-17.345018,24.54236
chr15,59100038,59100531,+,-1,18.295616,15.805159,7.6614256,18.409788,40.881424,10.996702
chr15,64591753,64592258,-,1,19.317432,-15.192883,3.746881,5.484788,-33.76907,15.250625
chr15,64597706,64598211,-,1,19.5729,-15.244647,3.7439353,5.493839,-33.762943,15.238278
chr15,65115622,65116120,-,-1,19.524578,-15.387447,14.649788,-15.904707,-9.74052,39.179405
chr15,65121532,65122030,-,-1,19.524578,-15.387447,14.611818,-15.942405,-8.5582,39.492107
chr15,65412523,65412612,+,0,0.8413799,0.16745847,10.002976,7.9222736,1.737033,-53.937332
chr15,68704842,68705038,-,0,6.0583787,-4.9622364,7.9799705,7.461598,-4.6861496,-68.128075
chr15,76964978,76965470,-,-1,19.345531,-15.638505,-4.700018,21.427883,-70.71755,-0.47933558
chr15,76970882,76971374,-,-1,19.345531,-15.638505,-4.7059736,21.425726,-71.72639,0.75933355
chr15,77430417,77430906,-,1,18.729282,-14.264542,3.7283592,1.3790208,-17.18637,-12.667447
chr15,77436349,77436838,-,1,18.57886,-14.158434,3.993389,1.5746684,-17.761635,-12.053221
chr15,79010848,79011288,-,1,16.660099,-13.91347,-1.0087482,2.4018352,-6.1224527,6.8638124
chr15,79699820,79700139,-,0,12.323587,-8.879113,10.347154,6.257544,-13.566266,-49.44672
chr15,79705551,79706043,-,-1,19.093021,-15.273141,5.0087466,9.284645,-58.084824,13.046582
chr15,80656547,80656652,+,0,3.7995727,3.7720225,11.836081,8.5671215,7.3992496,-46.49544
chr15,81145467,81145960,+,0,17.801865,15.797336,17.912992,0.0753642,27.993484,34.918262
chr15,81151372,81151865,+,0,17.801865,15.797336,17.936344,0.089003965,27.993484,34.918262
chr15,81575400,81575585,+,0,4.5498657,4.3896947,10.238201,10.2758665,15.529278,-61.03182
chr15,84035884,84036371,+,0,17.588476,15.237635,17.039766,6.4432697,20.871004,-15.554161
chr15,84746572,84747064,+,-1,18.689287,16.446625,19.554377,-8.486148,58.815094,14.401831
chr15,84752476,84752968,+,-1,18.689287,16.446625,19.597082,-8.528874,58.815094,14.401831
chr15,85190198,85190690,-,-1,19.256662,-15.080936,-1.187395,8.112001,-11.13113,36.913433
chr15,85196102,85196594,-,-1,19.256662,-15.080936,-1.187509,8.112776,-10.647797,36.84669
chr15,87949511,87949951,-,1,16.254057,-13.449118,-0.25501487,1.5289024,-2.1689343,0.9536514
chr15,88466752,88467245,+,0,18.360214,15.939838,17.51614,3.4347103,26.471542,13.502704
chr15,90890429,90890841,-,1,16.716064,-12.67785,3.597555,-1.740089,-20.655415,-41.459824
chr15,93014100,93014593,+,0,18.489983,16.119078,17.437178,3.7649484,27.90283,12.20265
chr15,95305976,95306416,-,1,16.426996,-13.683368,-1.169405,2.2947598,-2.8765297,7.8985844
chr15,95311900,95312340,-,1,16.662592,-13.882419,-1.122386,2.2261806,-2.9225469,7.983675
chr15,96553024,96553517,-,1,18.983408,-15.110832,2.9336433,7.7650385,-60.654808,-5.669371
chr15,96558968,96559461,-,1,18.983408,-15.110832,2.9151998,7.7486706,-60.654808,-5.669371
chr15,97472912,97473405,+,0,18.392319,16.090649,20.082644,5.372095,53.76861,0.49993348
chr15,97477855,97478354,+,0,18.761456,16.374567,19.89338,5.3491793,53.753555,0.5020681
chr15,98694076,98694230,-,0,3.8744185,-3.0258195,7.725722,7.99687,-4.1157494,-63.852283
chr15,98889544,98890037,+,0,16.949379,15.422757,16.82397,6.852998,16.549877,-21.570833
chr15,100558959,100559476,-,1,20.190838,-15.40742,5.0013433,2.827873,-40.94081,-12.468377
chr15,100564888,100565411,-,1,20.309217,-15.541675,4.998115,2.9170568,-40.958427,-12.478655
chr15,102123830,102124323,+,0,18.403479,16.241915,18.015394,4.191947,23.871555,7.3883195
chr15,102596788,102597281,+,0,17.830866,16.07758,18.20742,0.19575079,30.653992,38.40688
chr15,102602693,102603186,+,0,17.830866,16.07758,18.185654,0.18156168,30.653992,38.40688
chr16,3112426,3112913,+,0,16.949976,14.604731,16.820566,7.0490003,13.800465,-20.8985
chr16,3249547,3249817,+,0,7.274809,6.6800203,10.39775,10.545836,18.948307,-59.21985
chr16,3251676,3251937,-,0,10.069076,-6.8519425,10.307266,6.276151,-11.668099,-46.995247
chr16,3353638,3354125,-,1,17.66856,-13.568844,3.0367563,0.519916,-17.163393,-23.609436
chr16,3468159,3468652,+,0,17.761745,15.18871,17.176645,6.204139,19.30464,-9.796766
chr16,3474078,3474571,+,0,17.829615,15.029244,17.17183,6.257573,19.310154,-9.834785
chr16,3556599,3557086,+,0,17.752062,15.228348,17.354822,6.2617936,21.420965,-12.68943
chr16,3764245,3764736,+,-1,18.239159,16.014261,12.23323,-1.2775128,18.975273,52.618446
chr16,3770149,3770641,+,-1,18.391426,16.199297,12.216831,-1.2424198,19.275908,51.837986
chr16,3992836,3993354,+,0,16.058239,11.489026,14.216948,8.270976,3.6846535,-24.732407
chr16,7869048,7869489,-,1,15.857044,-11.639626,3.0085373,0.5167621,-16.239252,-24.222157
chr16,7870057,7870107,-,0,1.4827197,-1.3783399,10.014905,7.0474963,-6.1776195,-51.839725
chr16,9867849,9868341,+,-1,18.526554,16.551706,26.998772,17.629635,40.553635,48.211655
chr16,9872233,9872725,+,-1,18.526554,16.551706,27.004374,17.490107,40.553635,48.211655
chr16,10485699,10486069,+,0,14.873968,13.226213,12.98045,9.3395195,14.147386,-38.246338
chr16,11333347,11333845,+,-1,18.710873,16.988258,27.005531,17.582253,41.574337,55.078197
chr16,11339257,11339755,+,-1,18.710873,16.988258,27.011507,17.572735,41.57431,55.07819
chr16,12358558,12359044,-,1,18.08441,-14.47253,3.3720124,1.2214572,-14.105636,-17.30049
chr16,13087710,13088208,+,0,18.565744,15.983155,15.315432,4.001897,46.38208,18.561152
chr16,13093620,13094118,+,0,18.565744,15.983155,15.261809,4.045177,46.382072,18.561157
chr16,13133643,13134135,+,0,18.599335,16.374994,16.242155,4.185173,50.580193,15.813707
chr16,13139547,13140039,+,0,18.599335,16.374994,16.272005,4.121594,50.50387,15.801949
chr16,13908352,13908792,+,0,16.262331,14.696257,13.572997,13.320126,45.08916,-30.8106
chr16,13914278,13914771,+,0,18.478674,15.993403,17.715551,3.784533,26.744768,9.67168
chr16,14569773,14570266,-,-1,19.275377,-14.89493,6.555865,-16.288578,-23.369322,61.086735
chr16,14575678,14576171,-,-1,19.275377,-14.89493,6.5755796,-16.309748,-23.369322,61.086735
chr16,14748714,14749207,+,0,18.433529,16.560192,18.219557,0.23665714,30.829567,36.72014
chr16,14754658,14755151,+,0,18.433529,16.560192,18.219656,0.22909029,30.829576,36.7201
chr16,18496222,18496794,-,1,12.923288,-8.011164,2.6368434,-0.35726473,-5.4083476,-14.56012
chr16,18518835,18519328,-,1,19.263634,-15.375793,3.1420815,3.4310336,-23.164335,3.4441252
chr16,19939773,19940265,+,-1,18.605843,16.339947,19.66806,-8.600149,58.894897,15.795807
chr16,19945677,19946169,+,-1,18.605843,16.339947,19.582006,-8.514066,58.894897,15.795807
chr16,20352572,20353065,+,0,18.691065,16.296505,17.93344,4.3264437,24.2588,21.480858
chr16,20884279,20884772,+,0,18.361036,16.242048,17.94861,3.3867252,22.8612,12.656973
chr16,26211926,26212420,-,1,17.47157,-13.368211,2.6652102,-0.0017391407,-16.403093,-27.871777
chr16,31717701,31717844,-,0,5.415093,-4.252432,10.081422,6.6779566,-9.233919,-49.604645
chr16,31818758,31819256,-,-1,19.524578,-15.387447,14.62487,-15.929391,-8.5582,39.492107
chr16,31824665,31825163,-,-1,19.524578,-15.387447,14.666343,-15.888003,-8.5582,39.492107
chr16,32408428,32408536,+,0,2.9063246,3.0320005,10.215115,10.007595,12.736177,-57.623444
chr16,33207625,33208118,-,-1,19.2398,-14.900182,6.2001934,-14.843461,-25.824083,56.464626
chr16,33625945,33626434,-,1,19.140055,-14.74519,3.48205,2.3640714,-24.567347,-9.552083
chr16,37586390,37586891,-,1,19.896791,-15.551315,3.9757075,3.8556771,-33.51881,-5.0645247
chr16,39070518,39071011,+,0,18.248035,16.227957,16.645067,2.9535515,31.73323,24.46346
chr16,39454760,39455248,+,0,17.779093,15.67581,16.891449,7.0632615,16.708347,-18.893562
chr16,41352179,41352671,+,-1,18.199732,16.043985,14.715144,-3.4546678,9.111298,30.621525
chr16,41356507,41356999,+,-1,18.199732,16.043985,14.655816,-3.44093,9.111298,30.621525
chr16,42000151,42000363,-,0,1.8533067,-0.09485495,9.962688,7.919556,2.7743607,-53.082092
chr16,43606446,43606939,-,1,17.146366,-12.289121,2.619809,-0.15342279,-18.154224,-28.864933
chr16,43797977,43798470,+,0,18.289959,15.870567,17.171108,3.5927734,29.216852,15.965721
chr16,44709736,44710228,+,0,18.735767,16.47895,20.419619,5.311293,52.867374,16.68001
chr16,44715679,44716171,+,0,18.735767,16.47895,20.39842,5.290346,52.66454,15.670427
chr16,44790307,44790795,-,-1,18.922573,-14.937241,-0.17319122,6.49635,-18.661499,26.852518
chr16,46975600,46976093,-,1,18.983408,-15.110832,2.932425,7.7601585,-60.654808,-5.669371
chr16,46981544,46982037,-,1,18.983408,-15.110832,2.9324136,7.76129,-60.654846,-5.669417
chr16,48426493,48426986,-,1,18.453693,-14.143039,3.9636238,3.8182993,-30.694569,-3.0090842
chr16,49788045,49788539,-,1,18.87313,-14.714574,4.3193965,4.596679,-50.748722,6.1017056
chr16,50098504,50098996,-,-1,18.997282,-14.78964,-0.6034273,15.619471,-51.94805,-30.971777
chr16,50276254,50276690,+,0,14.331636,13.029256,14.818102,12.841572,33.74011,-31.65638
chr16,51833422,51833473,-,0,1.4427289,-1.0791831,7.9405756,8.6359415,-2.6831536,-59.42222
chr16,54107804,54108222,-,1,15.916714,-13.235026,3.6508331,3.436832,-17.998196,7.297261
chr16,54298373,54298866,-,-1,18.465258,-14.484397,-3.8704653,0.012545218,-34.648693,22.08616
chr16,54304322,54304815,-,-1,18.465258,-14.484397,-3.8922431,-0.009157998,-34.648693,22.08616
chr16,56042089,56042587,+,-1,18.948212,16.586597,8.616058,-3.9091287,65.43986,1.2283336
chr16,56048038,56048536,+,-1,18.948212,16.586597,8.616043,-3.9091606,65.43607,1.2282262
chr16,56287502,56287994,-,-1,19.090105,-15.072682,-0.5139507,16.32442,-55.235435,-33.731262
chr16,56293406,56293898,-,-1,19.090105,-15.072682,-0.49611264,16.325842,-55.235435,-33.731262
chr16,57200979,57201472,-,-1,19.129873,-14.727653,6.6062164,-16.322063,-24.268158,62.56639
chr16,57206923,57207416,-,-1,19.129873,-14.727653,6.6932282,-16.17748,-24.268158,62.56639
chr16,57579134,57579496,-,1,15.389342,-12.186304,3.6352742,-1.7765037,-20.68974,-42.655724
chr16,57805224,57805717,+,0,18.669313,16.558676,18.076582,4.2230067,22.347834,8.19274
chr16,57811201,57811694,+,0,18.669313,16.558676,18.098581,4.282855,22.347956,8.193053
chr16,59664556,59664771,-,0,7.32552,-4.826689,10.402074,6.642495,-2.5017095,-50.957844
chr16,60160288,60160782,-,1,18.6873,-13.945004,4.7643347,4.1379447,-37.104115,-2.425297
chr16,62088936,62089131,-,0,5.6760325,-4.7114286,7.9660378,7.4605107,-5.2832193,-67.67695
chr16,63196317,63196810,+,-1,18.387035,15.872135,18.02473,14.766699,52.087162,-5.659859
chr16,63202261,63202754,+,-1,18.387035,15.872135,18.011095,14.80018,52.320698,-5.276428
chr16,63516111,63516599,+,0,15.841132,13.831227,16.815388,7.1374407,14.327758,-20.067673
chr16,72724564,72725056,+,-1,18.460936,16.66865,27.0549,17.522434,38.212833,46.358295
chr16,72730507,72730999,+,-1,18.460936,16.66865,27.0859,17.51752,37.942284,50.629898
chr16,73398854,73399294,-,1,16.114475,-12.507504,-0.17586145,1.495223,-2.7486072,-1.0713915
chr16,76993084,76993570,-,1,17.264093,-12.763178,2.9669938,0.42791712,-16.967464,-24.220781
chr16,78565718,78566211,+,0,18.324003,15.741958,14.724968,-0.6483391,16.021143,46.99875
chr16,78571662,78572155,+,0,18.324003,15.741958,14.791394,-0.5790314,16.021143,46.99875
chr16,80040398,80040834,+,0,14.543321,12.542821,14.833049,12.870129,32.713974,-30.926245
chr16,81779959,81780452,+,-1,18.295616,15.805159,7.6360965,18.43145,40.668053,10.597336
chr16,83950313,83950806,-,-1,19.275377,-14.89493,6.6303716,-16.262465,-24.55949,61.09665
chr16,83956257,83956750,-,-1,19.275377,-14.89493,6.5789785,-16.306767,-24.3142,60.208107
chr16,87484964,87485335,+,0,13.494966,11.675421,16.775951,4.361192,41.53332,3.0284076
chr16,92366408,92366900,-,-1,19.632496,-15.460698,-0.18990996,-2.8322759,-56.10656,18.617887
chr16,96933201,96933694,+,0,18.300776,15.854634,17.905348,2.8944626,19.828352,16.838284
chr17,7902738,7903225,-,1,17.964066,-13.839552,3.381577,1.1280304,-18.7327,-21.244852
chr17,8331244,8331736,+,-1,18.518833,16.323088,27.012777,17.51485,40.178284,45.986755
chr17,8337147,8337639,+,-1,18.518833,16.323088,27.061468,17.519758,40.178284,45.986755
chr17,9730257,9730750,+,0,18.104317,16.142775,18.193308,0.19006135,29.97653,37.59437
chr17,9734107,9734600,+,0,18.104317,16.142775,18.193012,0.17063639,29.977098,37.593765
chr17,10502709,10502996,-,0,12.621057,-9.1011915,10.301433,6.281468,-12.964698,-46.16931
chr17,11883016,11883509,-,1,18.651968,-14.034389,3.6830027,1.543778,-21.06931,-17.30628
chr17,12008084,12008194,-,0,1.4388037,-0.5240883,9.934374,7.8304057,0.8702225,-53.340523
chr17,17276100,17276593,-,1,18.332369,-14.770284,3.0895042,7.8205156,-61.159855,-8.638138
chr17,17282005,17282498,-,1,18.332369,-14.770284,3.1725829,7.8822017,-61.159855,-8.638138
chr17,18265651,18266150,-,-1,19.567072,-15.299953,-0.45201868,6.824078,-16.051865,31.628414
chr17,18369358,18369827,-,1,17.314146,-13.237526,3.305203,2.7684515,-13.547657,-0.2972766
chr17,19096391,19096878,+,0,17.185026,14.142724,17.18404,6.7137523,17.711876,-13.829165
chr17,19446387,19446909,+,0,14.548787,10.581315,14.092231,8.270637,1.9335585,-27.353708
chr17,20702146,20702643,+,0,18.16049,15.609274,18.132765,2.816055,16.154886,17.476519
chr17,20707686,20708185,+,0,18.292847,15.691583,18.10952,2.832473,16.183207,17.53632
chr17,20708967,20709458,+,0,18.901575,16.32203,17.44811,4.7969594,32.01274,0.16039464
chr17,21442372,21442865,+,0,17.825497,15.091898,17.344233,5.886553,24.777666,-8.939659
chr17,23504418,23504905,+,0,17.772362,15.413552,17.084206,3.6821256,29.869165,16.360386
chr17,23510349,23510836,+,0,17.477148,14.893808,17.12773,3.6329865,29.868334,16.439968
chr17,23686019,23686459,-,-1,16.207176,-13.093803,6.3099694,-14.929069,-21.429195,53.808666
chr17,23691910,23692350,-,-1,16.207176,-13.093803,6.2684236,-14.9365635,-21.429195,53.808666
chr17,24304415,24304902,+,0,17.948849,15.414139,17.321482,5.5979514,19.823101,-8.281275
chr17,26289407,26289456,+,0,0.72633255,0.01217121,10.017479,7.8987637,1.1009314,-54.474045
chr17,27281584,27282077,+,0,18.171288,15.975433,17.348612,3.2677388,25.444633,16.476496
chr17,27287560,27288053,+,0,17.986115,15.736216,17.366623,3.2948065,25.389297,16.5207
chr17,27837849,27838337,+,0,17.149845,15.4197445,16.879568,6.878386,19.586601,-19.674126
chr17,31046505,31046998,-,1,19.13456,-14.9036455,3.2829022,1.9428034,-25.748411,-15.652729
chr17,33867141,33867634,+,-1,18.092663,15.743887,18.161226,15.24323,51.51345,-4.480296
chr17,33873118,33873611,+,-1,18.092663,15.743887,18.157694,15.252699,51.236073,-4.839813
chr17,35508550,35508748,-,0,6.0468245,-5.252689,8.001254,7.436597,-5.395113,-69.298096
chr17,36474103,36474596,-,1,18.640675,-15.0180435,3.37158,8.113534,-56.560116,-5.4318104
chr17,36480047,36480540,-,1,18.640675,-15.0180435,3.3624158,8.102216,-56.570457,-5.4606743
chr17,36520324,36520822,-,1,19.428549,-14.971033,1.2716511,4.05921,-50.954548,20.980124
chr17,36526234,36526732,-,1,19.428549,-14.971033,1.2392617,4.098551,-50.955082,20.97938
chr17,37438874,37439367,-,-1,19.31823,-15.281614,-8.700075,6.033878,-38.530823,42.45567
chr17,37444504,37444997,-,-1,19.31823,-15.281614,-8.701085,6.035571,-38.530823,42.45567
chr17,37667675,37668159,+,0,17.476738,15.691755,16.838844,6.4913487,19.99723,-16.29656
chr17,37876652,37877092,-,1,15.817461,-13.0575485,-1.2270836,2.83513,-2.3964133,15.846169
chr17,37882504,37882944,-,1,15.817461,-13.0575485,-1.2034026,2.7745907,-2.3964381,15.846125
chr17,39036361,39036880,+,0,15.749622,11.37335,14.19387,8.275823,2.3293774,-25.702887
chr17,40230563,40230601,+,0,0.83702374,0.6216977,10.055487,8.620582,4.390362,-57.25215
chr17,41305541,41306033,+,-1,18.383293,16.449335,25.934015,17.402006,38.235706,52.958977
chr17,41311445,41311937,+,-1,18.383293,16.449335,25.936432,17.40233,38.235516,52.959064
chr17,41657795,41658287,-,1,18.76006,-14.815058,4.654185,5.234134,-42.04106,6.8088713
chr17,41663738,41664230,-,1,18.76006,-14.815058,4.668178,5.233028,-42.041233,6.8088727
chr17,44764962,44765456,+,0,16.706728,14.226193,14.775801,8.199044,8.6778,-24.079666
chr17,45169920,45170413,+,0,18.192524,16.111961,18.247044,3.8258011,18.01977,10.332543
chr17,47402731,47403219,-,1,18.32157,-14.494336,3.357812,1.1975749,-17.36506,-19.206043
chr17,48072221,48072714,+,-1,18.30131,16.584665,27.00909,17.572012,48.013313,51.855904
chr17,48079033,48079525,+,-1,18.460936,16.66865,27.134487,17.478611,45.48731,47.70007
chr17,49166838,49167331,-,1,19.108734,-14.261473,3.5272455,1.4445605,-14.0631695,-14.696604
chr17,53097239,53097679,-,1,16.686834,-13.779115,-1.0673623,2.5083103,-5.3310604,9.716295
chr17,53364972,53365462,-,1,18.766384,-14.484351,3.9989676,2.1435888,-24.405922,-11.499109
chr17,53374390,53374886,-,1,19.042826,-14.759679,3.9408045,2.1117158,-24.305965,-11.47605
chr17,53747681,53748173,+,0,18.563295,16.183172,18.600536,1.3748827,46.100323,22.78641
chr17,53753657,53754149,+,0,18.563295,16.183172,18.600826,1.3743465,46.10031,22.786463
chr17,54711238,54711459,+,0,7.846944,7.235235,12.152931,8.777632,9.721579,-44.363922
chr17,59062498,59063003,-,1,19.547537,-15.211889,3.8928907,3.407784,-30.33836,5.0798707
chr17,59782327,59782586,-,0,8.833785,-7.5262537,7.979112,7.417699,-7.7297387,-68.7076
chr17,61205452,61205950,-,-1,19.7185,-15.405025,-1.8167744,-8.329892,-47.988438,44.55356
chr17,61211402,61211900,-,-1,19.7185,-15.405025,-1.8218709,-8.337079,-47.988438,44.55356
chr17,62496475,62496967,-,-1,19.539673,-15.177657,0.3419811,-1.9855189,-55.27952,21.539062
chr17,63589452,63589945,+,0,18.082129,16.134367,17.979221,3.7843726,22.30095,10.285262
chr17,64171107,64171602,-,1,19.148853,-14.617897,3.2929306,1.7768815,-18.4716,-13.753313
chr17,66304588,66305080,-,-1,19.230967,-15.303208,6.1122413,-0.9630742,-60.62283,13.024164
chr17,66310531,66311023,-,-1,19.230967,-15.303208,6.112168,-0.9632389,-60.622837,13.024177
chr17,67009538,67009985,+,0,13.9088335,12.626224,14.856758,12.6415615,31.398495,-35.04822
chr17,67535022,67535515,+,0,18.55193,16.612001,15.168674,3.956785,50.14822,23.047913
chr17,67540966,67541459,+,0,18.55193,16.612001,15.172449,3.9545271,50.14854,23.047537
chr17,69929876,69930369,-,1,18.845705,-15.5508995,5.0759535,3.8811665,-39.66291,-2.5317361
chr17,69954425,69954636,+,0,8.399464,7.581219,12.189597,8.807015,10.0021515,-44.217422
chr17,70963412,70963657,-,0,8.041934,-6.832682,8.002876,7.4191065,-7.545959,-68.29432
chr17,76614229,76614416,+,0,5.4769464,5.347616,10.309383,10.462306,17.015366,-59.496334
chr17,83140244,83140737,+,0,17.750433,15.504774,16.59461,3.0574245,31.033031,20.361376
chr17,83146188,83146681,+,0,17.931602,15.735748,16.590916,3.1124446,31.040546,20.368393
chr17,85228994,85229498,+,-1,18.876606,16.642904,25.814396,17.416878,33.647655,52.708645
chr17,85234915,85235419,+,-1,18.876606,16.642904,25.832493,17.380976,33.647655,52.708645
chr17,87183991,87184460,-,1,18.690254,-14.479007,4.006058,3.9013572,-30.524004,-1.6964443
chr17,87845663,87846179,-,1,16.622152,-11.8183975,2.525133,-0.5063884,-17.705006,-31.720423
chr17,89390922,89391416,+,0,17.904764,15.868883,17.61857,3.4019673,22.145206,16.588238
chr17,89463425,89463949,-,1,20.483025,-14.544968,3.657929,1.4527912,-13.748392,-13.7879095
chr17,91327631,91327690,+,0,1.7633798,1.4842811,10.062337,9.104771,7.2181606,-58.052414
chr17,91883995,91884494,-,1,19.543833,-15.34559,3.617771,2.029514,-23.024616,-12.859445
chr17,93016975,93017473,-,-1,19.45638,-15.839092,-4.3516526,20.73895,-75.38404,-2.1066978
chr17,93022924,93023422,-,-1,19.45638,-15.839092,-4.349613,20.737679,-75.38404,-2.1066978
chr17,93822292,93822549,-,0,10.643385,-7.662771,10.403646,6.185741,-13.531396,-47.252388
chr17,94841793,94842232,+,0,15.852886,14.198651,13.603454,13.27382,45.690994,-34.391968
chr18,3011312,3011745,-,1,14.48079,-12.05004,0.14320318,1.2637299,-3.090027,-3.5131953
chr18,3053252,3053744,+,-1,17.948994,15.950235,24.14751,6.0407996,50.432594,45.944916
chr18,3059228,3059720,+,-1,17.659384,15.822539,24.147356,6.0412955,50.463715,46.044235
chr18,3456433,3456867,+,0,15.634341,14.436826,13.628351,13.261062,45.248734,-34.73061
chr18,3460857,3461350,+,0,18.672455,16.431074,17.350729,3.8249996,28.802622,12.54442
chr18,4658051,4658543,-,-1,19.170774,-15.43586,-4.76636,21.36368,-67.893616,-0.85971653
chr18,4663955,4664447,-,-1,19.170774,-15.43586,-4.8328137,21.298988,-67.89343,-0.85913855
chr18,7732122,7732605,+,0,17.442972,15.167546,17.2899,6.501164,23.69218,-12.963777
chr18,7930169,7930561,-,0,7.5557895,-4.8079925,9.933996,6.753224,-7.1427016,-47.498535
chr18,8946592,8947079,+,0,17.22267,15.149863,18.06823,3.2873971,18.384188,15.222667
chr18,12173997,12174352,-,1,13.842522,-11.158083,3.5400388,-1.667871,-18.051134,-40.79924
chr18,13041476,13041969,-,1,19.769575,-15.369158,4.1541386,3.3391917,-34.86719,4.0197487
chr18,17558236,17558599,+,0,13.191024,11.988544,13.416161,13.074375,43.03509,-26.12058
chr18,17558614,17558850,-,0,9.751138,-6.8599467,10.368591,6.2249193,-13.161566,-48.514874
chr18,18555244,18555679,+,0,13.808453,12.803788,14.905811,12.638472,31.358332,-33.631557
chr18,19345773,19346272,-,1,19.34724,-15.485817,4.417251,5.6795797,-42.515404,10.960316
chr18,19351759,19352258,-,1,19.34724,-15.485817,4.402706,5.632732,-42.515404,10.960316
chr18,24553246,24553686,+,0,15.001043,14.24289,13.3058605,13.173433,47.791553,-32.795753
chr18,24558401,24558835,+,0,15.440657,14.42856,13.515737,13.143412,46.86349,-32.47828
chr18,28449975,28450468,+,0,18.034248,16.31534,18.081781,3.8999755,22.605528,9.683554
chr18,32025874,32026367,+,-1,18.5789,16.166712,18.154474,15.14757,52.226215,-4.4535837
chr18,32982306,32982799,-,1,18.896112,-15.029706,3.8137653,2.8384016,-25.466402,-4.9218907
chr18,33603239,33603738,-,1,19.526583,-15.18674,4.0710497,3.603182,-33.537807,1.9200441
chr18,33697417,33697916,-,1,19.280989,-15.285774,4.2814374,5.648208,-39.81919,9.340201
chr18,33703367,33703866,-,1,19.280989,-15.285774,4.2671876,5.664228,-39.81919,9.340201
chr18,37388150,37388642,+,0,18.795948,16.36509,18.597757,1.3716825,46.783825,22.006813
chr18,37394054,37394546,+,0,18.652449,16.16695,18.59059,1.3721192,46.756863,22.025492
chr18,38843256,38843749,-,1,19.147762,-14.863049,5.212093,3.1053784,-43.23173,-9.587577
chr18,41959659,41960134,-,1,18.919268,-13.952809,3.7791963,1.6186533,-14.893874,-11.0710945
chr18,41965621,41966096,-,1,18.919268,-13.952809,3.8238955,1.6326245,-14.894411,-11.070988
chr18,42485080,42485549,+,0,16.1689,13.954535,17.138338,5.1969423,31.97456,-8.966059
chr18,45506953,45507446,+,0,18.35243,16.11677,16.806202,4.029624,33.948982,13.968815
chr18,45512898,45513391,+,0,18.660059,16.37565,16.850271,3.9758744,33.922333,13.945281
chr18,45766809,45767302,-,1,19.581003,-14.972156,3.5756629,1.5623416,-14.241359,-14.573966
chr18,46367164,46367598,+,0,14.882618,13.115726,14.724356,12.746375,34.09341,-33.899075
chr18,48991880,48992373,-,1,19.010645,-14.801787,4.043347,2.1337886,-27.722414,-9.080382
chr18,50927445,50927938,-,1,19.592201,-15.491867,4.052658,3.4979727,-32.36804,3.7932167
chr18,53833412,53833910,+,-1,18.794668,16.402657,25.494543,3.7730439,68.62308,-0.5550948
chr18,53839361,53839859,+,-1,18.794668,16.402657,25.495092,3.7724774,68.002815,-0.81431866
chr18,55429678,55430177,-,-1,18.91964,-15.175254,-0.2434047,6.561453,-19.5832,28.201984
chr18,55435628,55436127,-,-1,18.91964,-15.175254,-0.21318264,6.530122,-19.5832,28.201984
chr18,58992837,58993330,-,1,18.773563,-14.732156,4.9638505,5.124734,-43.63007,6.1911783
chr18,58998781,58999274,-,1,18.773563,-14.732156,4.962764,5.1024666,-43.6301,6.191175
chr18,60262863,60263355,-,1,17.558002,-12.836719,3.4467611,1.3740748,-20.073183,-15.647102
chr18,65011512,65011695,-,0,5.6603165,-4.815161,7.97063,7.4705524,-4.7913985,-68.23466
chr18,68041165,68041670,+,0,18.704275,16.246855,17.451555,3.341744,35.89599,10.666876
chr18,71195344,71195836,+,-1,18.357296,16.04277,12.29652,-2.1804092,17.598484,52.068455
chr18,71266960,71267452,-,-1,19.090105,-15.072682,-0.5068028,16.324947,-55.235435,-33.731262
chr18,71272864,71273356,-,-1,19.090105,-15.072682,-0.51139367,16.323002,-55.235435,-33.731262
chr18,74745593,74746084,-,-1,19.187246,-15.110507,-0.8459475,7.4003863,-15.064332,36.98024
chr18,74749908,74750400,-,-1,19.31254,-15.094871,-8.753453,6.0653043,-38.645493,44.341595
chr18,74755851,74756343,-,-1,19.31254,-15.094871,-8.724886,6.032901,-38.64585,44.34137
chr18,74757936,74758427,-,-1,19.187246,-15.110507,-0.8714653,7.4233522,-15.064332,36.98024
chr18,75158565,75159058,+,0,18.309431,16.154413,17.461308,3.8358028,27.02394,11.366692
chr18,76177867,76178360,-,1,18.919857,-15.021901,3.2742736,7.931003,-58.72859,-4.839522
chr18,76183772,76184265,-,1,18.919857,-15.021901,3.2596772,7.9166446,-58.72859,-4.839522
chr18,76579685,76580296,+,-1,23.511345,20.624264,12.13105,-1.122543,25.011818,52.905685
chr18,76585745,76586237,+,-1,18.426805,16.512117,25.879301,17.385489,36.209812,54.549713
chr18,76724665,76725158,+,0,18.418009,15.9262,17.489407,5.990896,23.625694,-10.114115
chr18,77058888,77059322,+,0,15.413481,13.47391,14.738219,12.69899,34.48215,-35.059586
chr18,77264422,77264914,+,-1,18.460936,16.66865,27.11247,17.513807,39.408054,47.23969
chr18,77270325,77270817,+,-1,18.309969,16.411867,26.962355,17.614986,39.49527,55.439926
chr18,78422094,78422586,-,-1,19.47842,-15.352617,-0.15768659,-2.777815,-56.32391,17.274931
chr18,78427998,78428490,-,-1,19.47842,-15.352617,-0.19168793,-2.8193378,-56.32391,17.274931
chr18,80270528,80271025,+,0,18.565422,16.27301,17.522991,6.091902,23.659996,-10.485988
chr18,80405204,80405697,+,0,17.85462,16.461748,18.049639,3.9446142,29.515135,8.42761
chr18,80511487,80511979,-,-1,19.48796,-15.250346,-8.711501,6.002552,-39.523052,41.557934
chr18,80517391,80517883,-,-1,19.48796,-15.250346,-8.712142,6.00455,-40.2987,41.7026
chr18,81299740,81300233,-,-1,19.275377,-14.89493,6.5841365,-16.316095,-24.55949,61.09665
chr18,81305684,81306177,-,-1,19.275377,-14.89493,6.587552,-16.301224,-23.369322,61.086735
chr18,89983182,89983680,-,-1,19.33398,-15.258877,-0.15637839,-2.7018614,-54.036057,15.646332
chr18,89989164,89989662,-,-1,19.162315,-15.120878,-0.13650055,-2.6234748,-54.04774,15.664546
chr18,90462547,90463065,+,0,16.007767,13.363988,14.369608,8.371352,6.258631,-26.207233
chr19,3161369,3161861,+,-1,18.44172,16.578901,26.958128,17.656607,41.45423,48.75008
chr19,3167272,3167764,+,-1,18.460936,16.66865,27.082846,17.536114,37.03513,47.364307
chr19,3223507,3223702,-,0,6.1066008,-5.429436,7.9754767,7.470151,-5.521863,-68.80187
chr19,3228796,3229098,-,0,13.322414,-10.059555,10.429992,6.1465793,-14.452411,-46.27974
chr19,6903426,6903925,-,1,19.34724,-15.485817,4.3971534,5.6351414,-42.514896,10.960259
chr19,7551016,7551500,+,0,17.411846,15.025371,17.322979,5.846741,25.59318,-12.975611
chr19,8088363,8088847,-,1,18.953173,-14.989656,4.6083794,4.2033663,-38.665993,1.5708817
chr19,9249501,9249979,-,1,18.386919,-14.543669,3.9202008,3.7541132,-33.48765,-2.029207
chr19,9771584,9772104,+,0,14.263828,11.674052,14.170544,8.298002,4.477852,-27.235664
chr19,9785276,9785769,-,1,19.198023,-15.013285,3.4843419,3.4579258,-28.009937,6.8569617
chr19,9791215,9791708,-,1,19.0136,-14.801115,3.6931791,3.509993,-28.029207,6.8610964
chr19,9907957,9908391,+,0,15.158327,14.181531,13.258842,13.274835,46.976337,-29.31921
chr19,10118845,10119314,+,0,16.666597,14.151809,15.038981,8.087641,10.246041,-23.40976
chr19,12068866,12069358,+,-1,17.95796,16.326757,26.961838,17.598478,47.594677,51.66754
chr19,12656013,12656532,-,1,15.771936,-10.547616,2.558118,-0.47633582,-16.663134,-31.739893
chr19,13038449,13038889,-,1,16.060099,-13.00909,-1.1811523,2.546575,-4.562542,9.310227
chr19,13053113,13053553,-,1,15.959469,-12.879186,-1.1900716,2.4063222,-4.60165,9.133328
chr19,14024532,14025025,-,1,18.695362,-14.92676,3.5033078,1.8621361,-22.274645,-15.214162
chr19,17017845,17018337,-,-1,19.345531,-15.638505,-4.729477,21.374151,-70.81125,2.7276309
chr19,17020079,17020487,-,1,16.913948,-13.597166,3.6621351,-1.7911072,-21.322483,-42.556408
chr19,19870427,19870919,-,1,18.310696,-14.433,3.042757,6.5095177,-23.697887,16.60783
chr19,19876370,19876862,-,1,18.310696,-14.433,3.0552995,6.5241194,-23.697887,16.60783
chr19,19957987,19958427,+,0,16.181208,14.404011,13.180933,13.39166,51.571457,-33.3955
chr19,23263926,23264419,+,0,18.704847,16.112268,17.91946,2.9462385,19.747625,17.284233
chr19,23662720,23663214,+,0,18.104778,15.723772,17.29853,6.4187055,19.746878,-11.697941
chr19,29225644,29226143,-,1,18.940437,-15.262802,4.3816867,5.641758,-40.79995,10.4572525
chr19,32203177,32203669,-,-1,19.345531,-15.638505,-4.6820617,21.445606,-70.81795,1.3522179
chr19,32209080,32209572,-,-1,19.345531,-15.638505,-4.699678,21.361578,-71.258865,0.8949994
chr19,33931664,33932170,-,1,16.296373,-11.160991,2.544739,-0.4919489,-16.628082,-31.676376
chr19,34154736,34155228,-,-1,19.090105,-15.072682,-0.5463173,16.366625,-55.235435,-33.731262
chr19,34160679,34161171,-,-1,19.090105,-15.072682,-0.50597245,16.253422,-55.235435,-33.731262
chr19,35194584,35195053,+,0,16.728762,14.636235,17.160131,5.0541244,32.77619,-9.355683
chr19,36387421,36387800,+,0,7.802729,5.925818,13.004041,8.594335,5.155286,-43.25959
chr19,39678060,39678552,-,-1,19.345531,-15.638505,-4.6036654,21.500254,-70.43548,2.6385972
chr19,39683964,39684456,-,-1,19.345531,-15.638505,-4.8573475,21.260008,-69.759605,0.13215043
chr19,40020411,40020850,+,0,15.396216,14.525024,12.360882,13.612754,54.4174,-25.416052
chr19,40026262,40026701,+,0,15.520221,14.69687,12.359783,13.60846,54.37332,-25.54167
chr19,42782988,42783481,+,0,18.812363,16.54336,18.05641,4.1840005,22.90102,8.536422
chr19,44165264,44165756,+,-1,18.460936,16.66865,27.073101,17.445072,36.422398,50.79305
chr19,44171168,44171660,+,-1,18.460936,16.66865,27.051596,17.534233,40.92003,53.102177
chr19,44218505,44218998,+,0,17.940262,15.503683,14.926938,1.4930357,21.264996,26.220373
chr19,44224449,44224942,+,0,17.940262,15.503683,14.927484,1.4941063,21.264996,26.220373
chr19,44955109,44955549,-,1,15.331628,-12.5987425,-0.2210009,1.4477721,-1.1352023,0.4528476
chr19,45090087,45090578,-,-1,19.105595,-15.018529,-0.8648293,7.4112954,-15.393106,35.48799
chr19,45095990,45096481,-,-1,19.105595,-15.018529,-0.86535794,7.4160666,-15.538005,35.522213
chr19,46757354,46757848,-,1,18.173765,-15.04008,3.640006,2.5293012,-23.980095,-6.381529
chr19,47596233,47596724,-,-1,19.352253,-15.532987,-4.850772,21.249805,-74.166374,4.1857843
chr19,47602136,47602627,-,-1,19.352253,-15.532987,-4.8043294,21.297134,-74.166374,4.1857843
chr19,49426447,49426887,-,1,16.701283,-13.75836,-1.1554813,2.5287464,-4.274229,10.277558
chr19,52303221,52303713,+,-1,18.57886,16.239574,11.157139,21.937525,64.67323,-2.342834
chr19,52309165,52309656,+,-1,18.553062,16.20679,11.185706,21.965826,64.470665,-3.403031
chr19,53044803,53045295,-,-1,18.930576,-14.98795,6.098212,-0.93368685,-62.065914,12.573109
chr19,55558154,55558422,+,0,11.373165,9.408916,12.567536,8.981348,12.073206,-41.489594
chr19,55559168,55559291,-,0,3.6969507,-2.7856638,7.7249217,8.006346,-3.5751455,-63.65305
chr19,57514235,57514727,+,-1,18.689287,16.446625,19.571943,-8.503746,58.447098,14.308168
chr19,57520139,57520631,+,-1,18.689287,16.446625,19.57839,-8.510175,58.815094,14.401831
chr19,61168773,61169266,-,1,18.571905,-14.885911,3.1285288,3.3249612,-21.536316,0.9966655
chr19,61174753,61175244,-,1,18.517727,-14.824557,3.1232383,3.3483245,-21.54268,0.9981953
chr2,3932737,3933229,-,-1,19.21284,-15.34647,5.0014763,9.279432,-57.445396,13.72502
chr2,3938680,3939172,-,-1,19.21284,-15.34647,5.018752,9.297468,-57.445396,13.72502
chr2,5479332,5479825,+,0,18.072815,15.73549,17.034426,3.355344,27.962894,17.667555
chr2,5924599,5925150,-,-1,22.643204,-17.19499,2.1273186,-7.892115,-43.87055,41.686153
chr2,6197369,6197855,-,1,19.144972,-14.690711,3.7437358,1.3524456,-16.520239,-13.32879
chr2,6199763,6200250,-,1,19.176836,-14.773618,3.7665539,1.3713146,-16.563879,-13.285841
chr2,10177175,10177667,-,-1,19.48796,-15.250346,-8.729509,5.986517,-39.481796,41.57053
chr2,10182902,10183394,-,-1,19.48796,-15.250346,-8.705173,6.0102563,-39.238876,41.918922
chr2,11261428,11261866,-,1,16.522831,-13.35541,-1.1014282,2.2035675,-2.978182,7.9531446
chr2,15210553,15210591,-,0,1.1192733,-0.9300416,7.93651,8.641034,-2.043755,-59.158028
chr2,15509756,15510275,-,1,17.583693,-12.864462,2.5821288,-0.280838,-17.055393,-29.595919
chr2,16320261,16320753,-,-1,18.823923,-15.059731,-4.976107,20.913736,-72.07112,-3.8461905
chr2,16326165,16326657,-,-1,18.865883,-15.0437765,-4.9863334,20.939825,-72.20645,-3.998398
chr2,18128192,18128632,-,1,16.432863,-13.186473,-1.2296826,2.5198326,-3.4101064,10.736039
chr2,20038567,20039059,-,1,19.59512,-15.308866,0.39630717,-1.9319824,-55.31298,20.253143
chr2,20044510,20045002,-,1,19.59512,-15.308866,0.40701276,-1.9203216,-55.30996,20.260046
chr2,20426825,20427318,-,-1,19.303072,-14.890102,6.1843333,-14.64698,-26.231667,58.664627
chr2,20432769,20433262,-,-1,19.303072,-14.890102,6.167093,-14.604987,-26.231668,58.664627
chr2,24017872,24018365,+,0,18.156149,15.88681,18.100674,4.1986346,23.99917,8.414624
chr2,25799588,25800081,+,0,18.792572,16.298126,17.203144,6.1552663,17.697723,-10.658837
chr2,25804980,25805245,+,0,9.25692,8.811155,10.425975,10.560315,19.945759,-58.56057
chr2,28281273,28281772,-,1,18.906902,-14.219291,3.915184,1.6488953,-15.510596,-10.2856045
chr2,29344851,29345292,+,0,15.646621,14.088475,14.625042,12.95802,34.705437,-29.293623
chr2,34094745,34095236,+,0,17.249952,14.601063,17.14547,6.3681517,22.326218,-15.392114
chr2,34929315,34929814,+,0,18.059256,16.25292,16.515598,3.1532571,28.462456,23.061148
chr2,34935265,34935764,+,0,17.92643,16.159813,16.492199,3.19834,28.51218,22.862448
chr2,36346107,36346594,-,1,16.749474,-13.39111,4.062984,1.7263633,-17.4977,-9.001182
chr2,38698482,38698513,-,0,0.9373738,-0.7249983,7.958195,8.679101,-1.7139003,-58.473503
chr2,40159305,40159792,+,0,17.83278,15.120187,17.359371,6.0284963,24.786356,-9.292574
chr2,41063621,41064121,+,0,17.931215,15.322059,16.786558,6.1328673,26.84211,-15.819051
chr2,41069606,41070106,+,0,17.903078,15.419799,16.818394,6.224429,26.832165,-15.811681
chr2,42996689,42997129,-,1,15.80232,-13.203778,-1.2175545,2.3378806,-8.590235,9.920646
chr2,45856032,45856525,-,1,18.738092,-14.727924,3.2983632,3.4897423,-25.080557,2.5441782
chr2,46938087,46938465,-,1,15.187805,-11.972871,3.5921483,-1.7332464,-19.585314,-42.576775
chr2,49179907,49180400,+,0,18.221317,15.973966,18.046919,4.4790554,22.663445,0.5848989
chr2,49443655,49444126,-,1,17.571701,-13.27636,2.998946,1.7161529,-10.370504,-3.7866237
chr2,50232736,50233237,+,0,14.167013,11.358741,14.178608,8.312208,1.8008301,-25.195807
chr2,52737898,52738385,+,0,17.27607,14.507069,17.17128,5.0074697,33.068535,-8.468574
chr2,53955002,53955492,+,0,18.658186,16.309679,17.82808,3.8448162,25.280457,9.5987835
chr2,54794757,54795269,-,1,17.244364,-12.27279,2.5794895,-0.4882617,-18.313145,-30.079405
chr2,57166432,57166923,-,-1,19.299519,-15.036106,-8.707827,5.995736,-37.87694,41.158104
chr2,57172374,57172865,-,-1,19.299519,-15.036106,-8.728688,5.9904437,-38.681393,40.272335
chr2,63168946,63168978,-,0,0.67200893,-0.585308,9.973135,7.8429465,0.2602436,-55.071827
chr2,63460277,63460715,+,0,13.913655,12.574184,14.834297,12.643574,32.961468,-34.80475
chr2,64211920,64212366,-,1,16.47583,-13.604786,-0.3165335,1.5294167,-1.5658197,1.3023819
chr2,64730392,64730885,+,0,18.284794,16.329765,18.145714,4.405381,20.898012,7.1289363
chr2,65946150,65946643,+,0,18.724392,15.662918,17.376352,6.156091,22.163586,-10.940235
chr2,66260477,66260969,+,0,17.322794,15.449329,16.463387,6.2582326,29.73966,-17.552372
chr2,66362386,66362602,-,0,8.77974,-7.020241,10.266923,6.371021,-12.512018,-48.746098
chr2,68917803,68918243,+,0,15.629822,14.573575,12.693326,13.409705,51.81435,-27.085339
chr2,68923655,68924095,+,0,15.629822,14.573575,12.691268,13.419495,51.814335,-27.085356
chr2,69728871,69729370,+,0,18.629038,16.455807,17.415085,5.808201,24.500597,-8.040176
chr2,71064811,71065303,-,-1,19.450586,-15.098514,-2.8740528,-6.3651085,-46.81165,46.408417
chr2,71070754,71071246,-,-1,19.450586,-15.098514,-2.8318815,-6.4073367,-46.775677,46.966106
chr2,74000823,74001190,-,1,14.52838,-11.13474,3.573169,-1.7145411,-18.83568,-42.388855
chr2,74396329,74396827,-,-1,19.524578,-15.387447,14.64242,-15.91192,-8.5582,39.492107
chr2,74402094,74402592,-,-1,19.524578,-15.387447,14.648856,-15.905548,-9.74052,39.179405
chr2,75940711,75941205,-,1,18.242086,-13.935782,3.7929127,1.6073759,-14.299957,-10.654652
chr2,77223997,77224496,+,-1,17.747976,15.49692,15.169924,-2.4292693,9.8217325,25.932127
chr2,77229908,77230407,+,-1,17.747976,15.49692,15.147999,-2.4519737,9.8217325,25.932127
chr2,77943031,77943553,-,-1,20.909729,-15.969837,-4.6897254,21.437025,-81.614914,34.17682
chr2,80796110,80796593,-,1,16.780039,-12.344257,2.689634,0.008342016,-16.732481,-27.496574
chr2,82721979,82722471,-,-1,19.290836,-14.979818,-2.8481271,-6.390958,-46.02161,46.415634
chr2,82727960,82728452,-,-1,19.290836,-14.979818,-2.870927,-6.3681107,-46.02161,46.415634
chr2,83185185,83185677,-,-1,19.345531,-15.638505,-4.794828,21.315966,-70.21036,-0.2754847
chr2,83191089,83191581,-,-1,19.359222,-15.4653015,-4.4332514,21.001812,-76.55511,1.689362
chr2,83865679,83866224,-,-1,21.977436,-16.71082,-0.53567535,16.352135,-58.771008,-33.37302
chr2,83871675,83872220,-,-1,21.977436,-16.71082,-0.53534913,16.327747,-58.771008,-33.37302
chr2,83947324,83947823,-,-1,18.816048,-14.625113,6.2175617,-14.827352,-25.11645,55.346947
chr2,83953274,83953773,-,-1,18.816048,-14.625113,6.2049155,-14.813913,-25.11645,55.346947
chr2,83955217,83955608,+,0,13.884507,11.378566,14.686507,8.835849,11.362824,-32.11106
chr2,83961027,83961418,+,0,13.884507,11.378566,14.6869755,8.836543,11.362824,-32.11106
chr2,83966837,83967228,+,0,13.884507,11.378566,14.677363,8.826085,11.362824,-32.11106
chr2,83972647,83973038,+,0,13.884507,11.378566,14.681996,8.824442,11.362824,-32.11106
chr2,83978457,83978848,+,0,13.884507,11.378566,14.684351,8.824672,11.362824,-32.11106
chr2,83984267,83984658,+,0,13.884507,11.378566,14.684635,8.827544,11.362824,-32.11106
chr2,83990077,83990468,+,0,13.884507,11.378566,14.676846,8.855805,11.079631,-32.124767
chr2,86611977,86612417,-,1,15.271134,-12.338104,-0.36640435,1.5523406,-0.3975353,0.81135786
chr2,86617948,86618388,-,1,16.346594,-13.567013,-0.35760427,1.5482787,-1.3954127,1.7947631
chr2,86713478,86713661,+,0,5.066022,5.0464554,10.292127,10.389808,16.629536,-61.010452
chr2,88431643,88432022,+,0,12.332913,9.358263,12.973741,8.944626,9.311857,-38.423283
chr2,90220762,90221256,-,1,18.610893,-14.44927,3.2829022,1.1409149,-14.001005,-19.204113
chr2,90325436,90325930,+,0,17.8452,15.503325,17.005178,7.098718,15.656992,-17.04038
chr2,91817416,91817700,-,0,11.610248,-8.26415,10.3889675,6.2786818,-12.786028,-46.545803
chr2,93513546,93514039,-,1,18.656143,-14.503517,3.974245,3.5822945,-35.002556,-3.7065058
chr2,97438609,97439102,-,1,17.913853,-13.462493,3.5021508,1.4876384,-13.446641,-15.48041
chr2,97767148,97767636,+,0,17.083963,14.98593,16.853199,7.04007,16.93893,-19.246075
chr2,99050972,99051471,+,0,18.053185,16.185246,16.524267,3.163357,28.482481,23.047853
chr2,99056955,99057454,+,0,18.053185,16.185246,16.493132,3.1367793,28.4826,23.0479
chr2,101959850,101960290,+,0,15.473624,14.123449,14.372671,13.017086,38.714104,-33.223648
chr2,106944600,106945093,-,1,19.736347,-15.697889,3.1680992,3.4945087,-25.313845,1.0215402
chr2,111281493,111281987,-,-1,18.225275,-13.499641,5.7750516,12.012506,-30.137417,-20.479511
chr2,111287472,111287966,-,-1,18.351149,-13.771785,5.7758465,12.0156555,-30.170372,-20.433159
chr2,112025163,112025603,+,0,15.256462,13.957842,14.650128,12.854936,35.429485,-33.97579
chr2,112319762,112320255,-,-1,19.474485,-15.166979,6.17272,-14.562768,-25.865572,59.566086
chr2,112325706,112326199,-,-1,19.474485,-15.166979,6.1800194,-14.581521,-25.866816,59.567493
chr2,112416678,112417176,-,-1,19.529911,-15.56795,-2.732125,18.746273,-64.88546,3.535728
chr2,112422586,112423084,-,-1,19.529911,-15.56795,-2.7320502,18.746275,-64.88546,3.535728
chr2,112701405,112701897,+,-1,18.415945,16.472021,26.678385,17.696238,35.7466,48.85876
chr2,112707340,112707832,+,-1,18.415945,16.472021,26.644705,17.689259,35.74658,48.858734
chr2,113095788,113096281,+,0,18.561703,16.25322,16.702185,3.8335958,32.60368,15.605618
chr2,113101765,113102258,+,0,18.561703,16.25322,16.694866,3.8621764,32.603878,15.605709
chr2,113284011,113284504,-,1,19.508207,-14.881868,3.7624552,1.5217725,-20.226788,-16.997704
chr2,113518467,113518959,-,-1,19.228168,-14.886152,-8.707796,6.1460433,-40.13417,38.977093
chr2,113524371,113524863,-,-1,19.228168,-14.886152,-8.707121,6.0939436,-40.13432,38.976955
chr2,114180871,114181363,-,-1,19.413662,-15.5542345,4.996862,9.27878,-57.610073,15.455928
chr2,114186847,114187339,-,-1,19.413662,-15.5542345,4.982169,9.280836,-57.610073,15.455928
chr2,114284131,114284624,-,1,18.673523,-15.135066,3.0875764,3.5189636,-23.177832,2.814006
chr2,114582205,114582645,+,0,15.679416,14.443278,13.134884,13.388681,51.34921,-33.178726
chr2,116524175,116524494,-,0,9.438945,-5.108869,10.164687,6.486385,-10.445566,-45.28079
chr2,117245708,117246225,+,0,16.248554,13.51713,14.411753,8.285492,7.0443788,-26.185448
chr2,123287932,123288372,-,1,16.194626,-13.238688,-1.1655221,2.8359413,-4.699939,14.6098385
chr2,123293857,123294297,-,1,16.311533,-13.373401,-1.1645687,2.8355453,-4.7155976,14.627575
chr2,124318802,124319075,-,0,11.677623,-8.215442,10.393326,6.2020717,-13.776189,-46.988697
chr2,125994904,125995396,+,-1,18.357296,16.04277,12.3215,-2.1983228,17.598484,52.068455
chr2,126000808,126001300,+,-1,18.357296,16.04277,12.305213,-2.214821,17.598484,52.068455
chr2,128480481,128480974,-,-1,18.778439,-14.369164,6.2002573,-14.83645,-28.515879,55.34552
chr2,128486425,128486918,-,-1,18.778439,-14.369164,6.1627955,-14.768217,-28.515886,55.345387
chr2,128954629,128955114,+,0,18.06198,15.566172,17.314024,6.330885,21.312063,-12.39925
chr2,130502704,130502809,+,0,1.0013492,0.13842441,9.986702,7.930754,2.1372292,-54.169193
chr2,130618007,130618222,+,0,8.029952,6.9375734,12.166305,8.800267,9.681412,-43.291843
chr2,131920473,131920964,-,1,17.823254,-13.6273575,2.9623444,6.6248426,-22.339495,18.482258
chr2,131926376,131926867,-,1,17.823254,-13.6273575,2.9603698,6.635883,-22.339495,18.482258
chr2,131965032,131965525,-,1,19.23153,-14.684735,3.8393328,1.5934001,-20.918036,-16.72616
chr2,132645642,132646135,+,0,18.38378,16.098124,17.15648,3.5831501,29.064974,16.008226
chr2,132885602,132886095,-,1,19.30204,-14.863501,5.227834,3.099496,-43.26342,-9.550063
chr2,132891579,132892072,-,1,19.30204,-14.863501,5.2238417,3.0737076,-43.26342,-9.550063
chr2,135272266,135272758,+,0,18.334208,16.09462,18.58036,4.14086,26.223072,3.0659084
chr2,136934486,136934974,-,1,18.321207,-14.480671,3.4188652,1.1329486,-13.98631,-18.259914
chr2,138112932,138113216,+,0,11.803202,9.704877,12.667691,9.010063,10.40168,-40.378857
chr2,140345879,140346372,-,1,19.437868,-15.082147,3.77028,5.481447,-33.075867,13.26604
chr2,140351856,140352349,-,1,19.437868,-15.082147,3.802853,5.4485307,-33.075867,13.26604
chr2,142464252,142464750,+,-1,18.557875,16.101603,25.65559,17.273012,29.852818,52.796173
chr2,142470162,142470660,+,-1,18.557875,16.101603,25.583876,17.213877,29.852818,52.796173
chr2,142476878,142477376,-,-1,19.613447,-15.945015,-4.337131,20.720034,-75.37047,-2.0942163
chr2,142482827,142483325,-,-1,19.613447,-15.945015,-4.3385525,20.720594,-75.37047,-2.0942163
chr2,142789149,142789647,+,-1,18.8288,16.559189,8.615952,-3.9092827,65.57269,-0.47467056
chr2,142795098,142795596,+,-1,18.8288,16.559189,8.616092,-3.909361,65.5725,-0.47478154
chr2,150223664,150224157,-,1,18.802088,-14.133851,3.5267742,3.3698742,-27.339203,6.0484586
chr2,150728493,150728933,-,1,16.782417,-13.599292,-1.2796488,2.804367,-4.355391,12.506867
chr2,150734385,150734825,-,1,16.782417,-13.599292,-1.2038928,2.7002573,-4.355391,12.506867
chr2,151896979,151897472,-,1,19.179758,-15.282598,4.569395,4.8737807,-39.67752,4.7712193
chr2,152263361,152263853,+,-1,18.725836,16.428333,8.61582,-3.9092054,65.2138,-0.09050037
chr2,152269306,152269798,+,-1,18.725836,16.428333,8.615822,-3.9094799,65.21427,-0.090543605
chr2,153200972,153201465,-,1,18.80511,-14.898845,3.9819896,3.4324715,-31.594679,5.6213536
chr2,155229936,155230429,-,1,18.624992,-14.605462,4.956251,4.8136296,-42.558052,2.9566205
chr2,157034656,157035149,+,0,18.041658,15.84629,17.883732,5.4441586,21.735813,-4.1695232
chr2,157242708,157243201,+,0,18.520664,15.873672,17.912584,3.0063465,20.399727,16.417356
chr2,157528079,157528349,+,0,9.329639,8.123911,12.136467,8.754409,10.243633,-44.04628
chr2,158286275,158286768,+,-1,18.255888,15.703284,18.06011,14.786375,53.497074,-5.2126207
chr2,158292219,158292712,+,-1,18.255888,15.703284,18.015347,14.734149,53.497074,-5.2126207
chr2,158554678,158555170,+,-1,18.377491,16.561974,26.670177,17.725101,35.608425,48.870907
chr2,163519124,163519616,-,-1,19.345531,-15.638505,-4.7122927,21.441748,-70.27757,1.4932075
chr2,163525067,163525559,-,-1,19.345531,-15.638505,-4.740564,21.396364,-72.60624,0.41864893
chr2,163842796,163843289,-,-1,19.275377,-14.89493,6.509642,-16.378233,-23.563868,59.878326
chr2,163848740,163849233,-,-1,19.275377,-14.89493,6.5817704,-16.318388,-23.563868,59.878326
chr2,164476999,164477484,-,1,15.591604,-11.1874485,2.623998,-0.13113914,-18.739136,-28.209957
chr2,167451537,167452030,-,1,19.010103,-14.467738,3.922036,1.5521594,-17.821701,-12.033857
chr2,167520522,167521015,+,0,17.979065,15.446972,16.931705,4.025037,33.456963,13.101881
chr2,167524896,167525330,+,0,15.542108,14.553103,13.627243,13.2804365,46.160797,-33.14526
chr2,171818036,171818528,-,1,19.447088,-15.451001,3.156289,3.3850272,-24.280966,1.43393
chr2,171925751,171926249,-,-1,19.524578,-15.387447,14.676466,-15.877937,-8.5582,39.492107
chr2,171931661,171932159,-,-1,19.524578,-15.387447,14.651727,-15.90275,-8.5582,39.492107
chr2,175162904,175163392,+,0,17.740387,15.940506,16.834152,6.9646354,17.55008,-19.282543
chr2,177078091,177078380,-,0,12.115452,-8.846189,10.441244,6.143949,-14.702369,-47.918755
chr2,182003770,182004262,+,0,18.720911,16.577703,15.298051,3.9648936,49.68142,20.912033
chr2,182007699,182008191,+,0,18.720911,16.577703,15.283769,3.9358482,49.68142,20.912033
chr3,3285406,3285875,-,1,14.833886,-10.636916,2.6348054,-0.031574275,-17.371613,-26.968748
chr3,3464777,3465270,-,1,18.688162,-14.798055,3.4744287,1.8465878,-23.328499,-15.999785
chr3,4082421,4082915,-,1,18.068407,-14.130745,3.3348777,1.208711,-15.963543,-18.712404
chr3,4426680,4427173,-,1,19.391169,-15.431346,3.2202508,7.882061,-58.842163,-4.539088
chr3,6062532,6062988,-,1,16.683327,-12.636671,4.1141315,4.026596,-14.679081,1.1319065
chr3,6909931,6910423,+,-1,18.560658,16.281141,19.556862,-8.488353,59.250164,13.68327
chr3,6915871,6916363,+,-1,18.560658,16.281141,19.546146,-8.477543,59.250164,13.68327
chr3,9310594,9311034,+,0,15.7479315,14.673037,14.362238,13.070167,38.589687,-32.399143
chr3,9316519,9316959,+,0,15.388938,14.05537,14.407178,13.047307,38.639275,-32.586678
chr3,9763382,9763822,-,1,16.351194,-13.304702,-0.09794277,1.4944048,-3.9147537,-0.24132779
chr3,10217034,10217063,-,0,0.6202411,-0.49542242,8.003569,8.690756,-0.7604341,-57.67462
chr3,10219721,10220221,-,1,17.459934,-12.797204,3.2520988,1.4125813,-12.927805,-20.330587
chr3,10445407,10445926,+,0,15.795978,12.296768,14.195678,8.257243,2.7605827,-24.300098
chr3,12248345,12248838,+,0,18.368477,16.487675,18.29106,4.0289803,18.926582,8.245631
chr3,12254237,12254730,+,0,18.368477,16.487675,18.279686,3.9751542,18.926584,8.245634
chr3,12328957,12329450,+,0,18.745398,16.595518,18.18584,4.3831496,22.237335,4.1303988
chr3,12981101,12981576,+,0,18.249527,15.600358,17.949987,2.9884784,20.74449,16.989288
chr3,16411464,16411968,+,0,18.987097,16.883745,18.275967,4.593432,20.322641,4.062029
chr3,17110526,17110950,-,1,15.722221,-13.009591,-1.2198879,2.6420603,-5.1799765,10.404775
chr3,23634971,23635411,-,1,16.28085,-13.042356,-1.0672637,2.6033733,-4.0035844,11.681873
chr3,24042467,24042742,-,0,12.309616,-9.327639,10.414208,6.159708,-15.01461,-47.218094
chr3,24399195,24399688,+,0,17.784685,15.756729,18.173706,0.18738434,29.9246,35.708485
chr3,24405100,24405593,+,0,17.784685,15.756729,18.232944,0.24225134,29.9246,35.708485
chr3,27819316,27819821,-,1,19.312424,-14.949577,3.7317104,2.311147,-21.923868,-8.150275
chr3,28883690,28884177,+,0,16.932915,14.426168,17.028805,7.1061034,15.547998,-17.283232
chr3,28889617,28890105,+,0,17.40836,14.888621,17.061327,7.149206,15.511171,-17.209911
chr3,30564055,30564547,-,-1,19.799065,-15.477014,-0.11983892,-2.5949707,-54.476974,16.760735
chr3,30567119,30567611,-,-1,19.799065,-15.477014,-0.12026766,-2.5913877,-54.476955,16.76072
chr3,31178774,31179193,+,0,15.289553,13.302262,14.96116,1.5545728,19.664343,24.011368
chr3,31651113,31651606,+,0,18.21348,15.701344,17.772253,5.6315084,19.456297,-5.4974856
chr3,31657087,31657580,+,0,18.03785,15.473555,17.722704,5.7457814,19.42276,-5.686498
chr3,33942373,33942865,+,-1,18.352295,16.30926,8.823365,11.7869005,46.762756,32.212666
chr3,33948316,33948808,+,-1,18.352295,16.30926,8.792715,11.756946,46.762756,32.212666
chr3,35425945,35426443,-,-1,19.524578,-15.387447,14.68058,-15.873821,-9.74052,39.179405
chr3,35431855,35432353,-,-1,19.524578,-15.387447,14.664393,-15.889881,-8.5582,39.492107
chr3,35707024,35707516,+,0,18.61519,16.251192,20.420465,5.310044,52.366074,17.213446
chr3,35712972,35713464,+,0,18.61519,16.251192,20.421238,5.310317,52.18357,17.139635
chr3,39546466,39546958,-,-1,19.450586,-15.098514,-2.869385,-6.369674,-46.81165,46.408417
chr3,39552409,39552901,-,-1,19.450586,-15.098514,-2.8758178,-6.363615,-46.81165,46.408417
chr3,39877116,39877615,+,0,18.924906,16.31095,17.343561,3.4083748,26.328466,15.377514
chr3,39883100,39883599,+,0,18.752682,16.333168,17.392479,3.480486,26.284956,15.412375
chr3,51008235,51008524,-,0,12.54482,-9.272211,10.404565,6.168176,-14.324236,-46.26278
chr3,51218012,51218497,-,1,18.292923,-13.403972,3.4918487,1.1319991,-20.16709,-22.569092
chr3,52426351,52426840,+,0,17.282593,15.388133,17.6097,3.6921244,37.827618,5.7051196
chr3,54483235,54483734,+,0,17.746405,16.315407,18.219826,4.0980244,20.650581,8.838146
chr3,55162200,55162687,-,1,19.066347,-14.757228,3.295667,1.5526901,-18.192392,-18.141907
chr3,56268757,56269250,+,0,17.89802,16.599474,17.595839,3.8107493,27.175201,13.325236
chr3,56283698,56284191,-,1,19.168167,-14.959173,5.004315,3.84613,-40.131924,-1.6028575
chr3,56799039,56799562,-,1,19.00232,-14.845772,3.5497358,1.1583021,-19.254461,-21.971401
chr3,57371936,57372428,-,1,18.27833,-13.87601,3.0404708,5.8331847,-22.01799,13.217192
chr3,57378877,57379369,-,1,18.27833,-13.87601,3.0450895,5.8497143,-22.01799,13.217192
chr3,60850841,60851318,-,1,17.137049,-13.159348,3.3717558,2.0489705,-20.86055,-5.9480176
chr3,60968352,60968850,+,-1,18.794668,16.402657,25.52656,3.7420092,68.002815,-0.81431866
chr3,60974295,60974793,+,-1,18.794668,16.402657,25.499115,3.7685943,67.900925,-0.21520296
chr3,61734530,61735023,+,0,18.0925,15.12081,17.01437,6.09639,25.946321,-15.292087
chr3,62356898,62357391,-,-1,19.275377,-14.89493,6.5834403,-16.321356,-24.55949,61.09665
chr3,62362875,62363368,-,-1,19.275377,-14.89493,6.5733504,-16.317924,-24.55949,61.09665
chr3,62363879,62364377,+,-1,18.676743,16.83173,25.90472,17.395144,37.07621,55.92739
chr3,62367187,62367685,+,-1,18.169544,16.545124,25.899778,17.387938,37.130974,56.03436
chr3,65323312,65323800,-,1,17.315784,-13.834345,3.3234627,1.0213898,-17.118826,-21.302755
chr3,66450486,66451009,-,1,20.38812,-16.051252,5.0065756,3.8351257,-41.66954,-3.3431716
chr3,66456531,66457030,-,1,19.274311,-15.112024,4.956115,3.7995186,-41.653423,-3.3252332
chr3,66795658,66795735,+,0,1.4424535,0.30657005,10.11675,7.938482,3.0829616,-51.59515
chr3,66855325,66855823,+,-1,18.607233,16.362377,12.328717,-2.1622164,17.661663,50.667755
chr3,66861235,66861733,+,-1,18.607233,16.362377,12.336522,-2.1515913,17.661663,50.667755
chr3,68901438,68901810,-,1,15.095916,-11.969,3.5856345,-1.7304244,-19.320591,-42.986637
chr3,68902145,68902238,+,0,2.81032,2.1567,10.062013,9.124377,7.1234183,-58.99125
chr3,69848379,69848877,+,0,18.847773,17.115162,14.675525,4.1388745,49.77794,28.1958
chr3,69854289,69854787,+,0,18.847773,17.115162,14.679913,4.1369257,49.77794,28.1958
chr3,69941574,69942073,+,0,18.486506,15.951727,17.148142,3.1585174,26.002058,17.837889
chr3,70836520,70837003,-,1,18.618492,-14.629483,4.7258697,3.1358526,-39.337563,-6.933977
chr3,70842053,70842493,-,1,16.361046,-13.458963,-1.1018618,2.5567753,-5.657949,9.969414
chr3,73251722,73252214,+,0,18.709848,16.207436,18.605152,1.3750631,45.449013,22.366583
chr3,73257626,73258118,+,0,18.709848,16.207436,18.605156,1.3725154,45.449013,22.366583
chr3,76886549,76887042,+,0,18.533566,16.06751,18.214361,4.6317825,19.746662,3.3993673
chr3,76892484,76892977,+,0,18.269714,15.733481,18.243652,4.630077,19.747232,3.403945
chr3,77227195,77227288,-,0,3.2995255,-2.7306023,10.064959,6.919872,-7.802226,-52.024258
chr3,77549658,77550175,+,0,13.769996,9.877564,14.112792,8.2936125,2.8807847,-28.062899
chr3,78385769,78386251,+,0,17.263903,14.4952545,17.331884,6.519043,18.542002,-13.320734
chr3,79046228,79046727,-,1,18.497454,-14.522521,4.7431293,3.938142,-37.10584,-4.382479
chr3,79052212,79052711,-,1,18.747314,-14.530004,4.7227807,3.9234576,-37.08015,-4.391481
chr3,82283365,82283856,-,-1,19.299519,-15.036106,-8.77198,5.948029,-37.92519,40.31418
chr3,82288162,82288653,-,-1,19.299519,-15.036106,-8.675277,5.9443183,-38.23252,40.873657
chr3,85597215,85597684,-,1,18.151257,-13.991877,3.4522228,1.700624,-15.010255,-11.768317
chr3,86042609,86042652,+,0,0.67566824,0.69368076,10.050649,8.585283,4.1201444,-55.697746
chr3,86492607,86493100,+,0,18.267933,15.933443,18.60235,4.127264,25.772285,3.4701498
chr3,86498545,86499038,+,0,18.237263,15.668773,18.616632,4.1459937,25.785458,3.4691706
chr3,89919606,89920099,-,1,18.774874,-14.834773,3.4415343,3.3745587,-25.428791,-2.333667
chr3,92347766,92348224,+,0,17.117598,14.676374,17.273207,6.5025964,22.85535,-14.130146
chr3,92348749,92348785,+,0,0.7329158,0.49558374,10.048355,8.568191,3.5991654,-56.392708
chr3,93990572,93991065,+,0,18.526592,16.478846,18.243505,0.2596893,30.41517,36.411186
chr3,93996477,93996970,+,0,18.526592,16.478846,18.241142,0.24186376,30.41518,36.411217
chr3,93997957,93998450,-,1,19.0809,-14.926447,3.7938972,5.4617376,-33.238693,13.062329
chr3,95363579,95364072,+,0,18.74199,16.386583,17.75717,3.3066335,22.031008,15.62445
chr3,95369558,95369656,+,0,3.4404817,3.4476862,11.806484,8.550972,7.340143,-46.564804
chr3,95369679,95369755,+,0,2.2953963,1.8110659,10.060276,9.135136,7.595776,-58.27072
chr3,95431364,95431856,-,1,19.841398,-15.863942,3.5301065,3.6455162,-29.97417,1.9747343
chr3,96200244,96200737,-,-1,18.552155,-14.677916,-3.8711476,0.011980178,-33.51133,22.033815
chr3,96206188,96206681,-,-1,18.552155,-14.677916,-3.8616128,0.021661531,-33.51133,22.033815
chr3,97245150,97245648,+,-1,18.726984,16.89217,6.0729747,14.372418,53.19349,24.816736
chr3,97251060,97251558,+,-1,18.726984,16.89217,6.0731564,14.372264,53.19349,24.816736
chr3,98985975,98986469,+,0,17.939114,15.309841,17.23786,6.2659826,17.313814,-10.916215
chr3,99398083,99398602,-,1,17.898346,-12.204931,2.5304363,-0.4806495,-18.300684,-30.217186
chr3,100390968,100391458,+,0,18.539238,16.440681,17.949738,3.4148095,22.695389,13.687192
chr3,104406303,104406743,+,0,15.696666,14.557934,14.372082,13.024084,39.2103,-33.70124
chr3,104534863,104535038,-,0,6.186821,-4.6901164,10.147739,6.549628,-9.587019,-49.32463
chr3,106590662,106591160,-,1,19.8262,-15.675668,1.3079225,3.9826612,-51.548786,18.202803
chr3,106592174,106592672,-,1,19.8262,-15.675668,1.3076195,3.9866502,-51.548786,18.202803
chr3,109354462,109354949,-,1,18.633684,-14.596914,3.5951662,1.3681724,-21.317186,-20.065754
chr3,109863086,109863580,+,0,18.39025,16.130358,17.855753,4.75849,17.8734,0.55569077
chr3,110861695,110862163,-,1,16.76262,-12.338548,4.1885576,4.0990715,-14.605221,1.1214728
chr3,112266398,112266891,+,0,18.880535,16.332722,17.43011,6.003883,21.304554,-10.496092
chr3,112709589,112710023,-,1,14.970787,-11.942565,-0.97826564,2.3842554,-6.7716784,6.04253
chr3,112913765,112914258,-,1,18.891878,-14.80927,3.2852538,3.520693,-24.5963,3.5066116
chr3,112919743,112920183,-,1,16.424564,-13.667086,-0.9913931,2.0508041,-1.1295338,7.2972116
chr3,113640892,113641011,+,0,3.7142718,3.3115094,11.858213,8.581242,7.320433,-46.53487
chr3,113646479,113646919,+,0,15.345532,13.873987,13.475811,13.2968645,44.326187,-33.21186
chr3,113717021,113717211,+,0,5.391302,5.239316,10.317334,10.486463,17.355925,-60.85256
chr3,115020737,115021176,+,0,15.681705,14.90068,12.344038,13.624435,54.771454,-25.93026
chr3,115026588,115027027,+,0,15.681705,14.90068,12.261069,13.688039,54.688152,-25.795696
chr3,115452270,115452709,+,0,15.078907,13.713006,13.486761,13.280252,44.31911,-29.53647
chr3,115483902,115484336,-,1,16.067991,-13.31279,-1.0266948,2.4882684,-1.0488237,10.976178
chr3,119609513,119610006,+,0,18.307938,15.864307,17.742294,5.4140453,25.093172,-3.8827646
chr3,119831736,119832170,+,0,15.377968,14.28891,13.293165,13.208036,46.969692,-32.58159
chr3,119837650,119838137,+,0,18.250364,16.102127,17.733934,4.2033944,28.059418,6.6194277
chr3,120800864,120801357,-,-1,19.218369,-14.954806,19.349697,-2.8197708,-34.94071,13.107095
chr3,122172444,122172815,-,0,8.747274,-6.5057507,9.822271,6.8093877,-6.9980345,-47.29158
chr3,124255845,124256335,+,0,17.831932,15.634604,18.17923,4.2194133,27.693274,5.4778156
chr3,126159245,126159684,+,0,15.514326,13.474165,13.15893,13.363712,49.42387,-31.150747
chr3,126165168,126165608,+,0,16.136814,14.331579,13.311631,13.305462,49.09804,-31.627514
chr3,126178162,126178357,-,0,5.8894987,-5.2614813,8.037353,7.399004,-6.506708,-70.102104
chr3,128259075,128259509,-,1,15.977478,-12.97057,-0.07854636,1.605337,-4.9258013,0.45157683
chr3,131928553,131929046,-,-1,19.474485,-15.166979,6.167969,-14.547588,-25.889595,59.593376
chr3,131934497,131934990,-,-1,19.474485,-15.166979,6.1711793,-14.572797,-25.865616,59.566135
chr3,133431589,133432076,-,1,18.166227,-14.016988,4.0788045,1.6121522,-16.816483,-8.907025
chr3,134007440,134007933,+,0,17.786526,15.954495,17.90303,0.076648824,28.490578,37.032963
chr3,134013378,134013871,+,0,17.786526,15.954495,17.86776,0.053176817,28.490513,37.033253
chr3,134752627,134753146,+,0,15.648564,12.181638,14.185778,8.289848,4.152598,-25.453955
chr3,134901481,134901974,+,0,18.430748,15.802516,17.255125,4.753622,31.739042,-0.4330422
chr3,135057018,135057384,-,1,15.445698,-12.417667,3.650639,-1.7923144,-20.710936,-42.777576
chr3,135192996,135193489,+,0,18.787542,16.235373,17.272629,5.917274,24.695444,-13.13299
chr3,136443584,136443824,-,0,6.6401696,-5.4671454,8.0247965,7.4210873,-5.6801333,-69.8712
chr3,137621220,137621696,+,0,17.418884,15.079126,17.24172,6.3914623,18.703653,-13.136583
chr3,137874671,137875188,+,0,15.842207,12.748217,14.226586,8.312229,4.4498634,-24.159567
chr3,139812537,139813065,-,1,21.696035,-16.378237,3.8766215,3.795127,-31.635164,0.4182243
chr3,140760527,140761026,-,1,19.260784,-15.150666,3.54512,8.058782,-55.841957,-3.616213
chr3,140766436,140766931,-,1,19.075863,-15.001357,3.4416912,7.9452453,-55.85072,-3.6187427
chr3,146911716,146912209,-,1,19.441603,-15.564126,3.1341684,3.3947558,-23.183811,1.1257766
chr3,147555896,147556389,-,-1,18.840578,-14.503606,-0.55309343,15.6658745,-51.02854,-30.952574
chr3,147561840,147562333,-,-1,18.840578,-14.503606,-0.5579352,15.659263,-51.02854,-30.952574
chr3,148618131,148618624,-,1,18.899614,-15.067809,3.0745866,3.3169441,-22.751226,0.4465711
chr3,148710525,148711017,-,-1,19.450586,-15.098514,-2.8462596,-6.3932214,-46.775677,46.966106
chr3,148716468,148716960,-,-1,19.450586,-15.098514,-2.8739927,-6.3652925,-46.81165,46.408417
chr3,149695735,149695795,-,0,1.9494714,-1.6910077,10.034345,6.9953704,-7.0395765,-52.564926
chr3,151886914,151887407,+,0,17.936234,15.962992,17.290422,6.2103376,17.324772,-9.478771
chr3,152535784,152536277,+,0,17.931602,15.735748,16.560501,3.1087403,31.040546,20.368393
chr3,152541728,152542221,+,0,17.931602,15.735748,16.620829,3.092051,31.040546,20.368393
chr3,153096439,153096914,-,1,17.544445,-13.822963,-0.63214034,2.2171562,-18.22988,3.3166313
chr3,157703870,157704363,-,1,19.592201,-15.491867,4.1134624,3.460414,-32.36804,3.7932167
chr3,157726215,157726708,-,1,18.605398,-14.681311,3.715117,3.5846283,-26.57358,-0.3160819
chr3,158871429,158871898,+,0,16.099045,13.685464,17.115013,5.0506864,34.147564,-9.173183
chr3,158882796,158883265,+,0,16.480324,13.406981,17.099142,5.1049104,34.226337,-9.193346
chr3,159510593,159511098,-,1,19.737602,-15.36841,5.0532813,3.7821195,-42.793587,0.34027877
chr3,159593555,159593928,+,0,12.782719,11.686891,13.510894,13.098884,42.931725,-26.117672
chr4,3373986,3374478,+,-1,18.460936,16.66865,26.890358,17.69768,41.75652,45.397457
chr4,3379890,3380382,+,-1,18.29078,16.533289,27.153465,17.414923,39.181656,50.153694
chr4,3847571,3848090,+,0,16.380423,12.584721,14.302844,8.333676,5.6654587,-24.683744
chr4,8488247,8488739,-,-1,19.345531,-15.638505,-4.884888,21.483486,-70.673744,1.8699988
chr4,8494151,8494643,-,-1,19.345531,-15.638505,-4.6287866,21.490252,-71.02247,0.95400965
chr4,15819709,15820135,+,0,13.9323225,11.955397,14.575788,12.995616,35.70543,-32.702366
chr4,16878817,16879309,+,-1,18.460936,16.66865,26.984852,17.606064,40.61452,44.34972
chr4,16884720,16885212,+,-1,18.460936,16.66865,27.134079,17.462324,34.944443,46.746353
chr4,16956940,16957300,+,0,12.3909,11.19009,14.265553,12.7545,42.36753,-26.092634
chr4,18948152,18948645,+,0,17.391216,15.29564,16.142168,2.6932082,36.003662,24.030619
chr4,20575353,20575846,+,0,16.99963,15.145093,16.39978,6.315174,28.768892,-18.704363
chr4,20938801,20939306,+,0,18.99039,16.61598,17.567526,3.406182,36.48341,10.283238
chr4,20944757,20945262,+,0,18.99039,16.61598,17.561972,3.414067,36.48367,10.2831745
chr4,22679210,22679703,-,1,18.607023,-14.515454,4.8895054,2.762448,-37.03628,-13.163699
chr4,26184196,26184700,-,1,19.912891,-15.506894,3.9935346,3.8628824,-33.501026,-5.0610375
chr4,26190184,26190688,-,1,19.948347,-15.548448,4.049179,3.8293328,-33.528442,-5.037737
chr4,33628727,33629211,-,1,19.315123,-15.024003,4.1923265,3.735092,-35.062153,1.3225403
chr4,34512864,34513356,+,-1,18.426805,16.512117,25.925613,17.425444,36.20828,54.550766
chr4,34518768,34519260,+,-1,18.426805,16.512117,25.875751,17.38506,36.209812,54.549713
chr4,35070182,35070675,+,-1,18.295616,15.805159,7.63614,18.43223,40.668053,10.597336
chr4,35077296,35077789,+,-1,18.295616,15.805159,7.636577,18.432037,41.22,10.366216
chr4,35181073,35181566,-,1,18.906015,-14.975857,4.427985,5.594451,-42.91652,10.746652
chr4,39647471,39647963,-,-1,19.256662,-15.080936,-1.1901404,8.118295,-10.45901,36.420914
chr4,39653375,39653867,-,-1,19.256662,-15.080936,-1.1883154,8.113816,-11.203176,36.326267
chr4,40460633,40461132,+,0,17.857847,16.022436,17.598577,4.7202406,35.69204,1.4770806
chr4,40466610,40467109,+,0,17.874575,16.110218,17.492613,4.4859123,35.56401,1.4746933
chr4,41957310,41957803,-,-1,19.017702,-14.719608,19.350216,-2.8200228,-35.060745,13.04199
chr4,41963281,41963774,-,-1,19.218369,-14.954806,19.35013,-2.8200333,-34.94022,13.104771
chr4,42309524,42310017,-,-1,19.017702,-14.719608,19.35027,-2.8202565,-35.06224,13.042224
chr4,42315495,42315988,-,-1,19.218369,-14.954806,19.350634,-2.8208344,-34.94071,13.107095
chr4,42530520,42531013,+,0,18.334213,15.936663,17.67478,3.5768373,37.782463,7.0229673
chr4,42536491,42536984,+,0,18.142426,15.686624,17.610771,3.5353286,37.75415,7.0041466
chr4,42744021,42744514,+,0,17.676573,15.01085,16.8637,3.7219229,31.37467,14.989854
chr4,44217142,44217174,-,0,0.57215506,-0.55714095,8.012279,8.710616,-1.313053,-57.405407
chr4,44867943,44868383,-,1,16.317596,-13.862012,-1.0310756,2.2164407,-1.1634709,9.4741535
chr4,44869385,44869508,-,0,3.1758997,-2.6221857,10.053788,6.8749156,-7.750052,-52.044548
chr4,45289986,45290479,-,1,19.440025,-15.212531,4.085483,3.2825546,-32.217705,5.2321076
chr4,45295948,45296441,-,1,19.097794,-15.078022,4.0202374,3.3182948,-31.847198,5.0053134
chr4,45665140,45665639,-,-1,18.742718,-14.688637,6.3429813,-15.518736,-19.89516,58.507465
chr4,45671048,45671547,-,-1,18.742718,-14.688637,6.3640594,-15.546577,-19.89516,58.507465
chr4,46335210,46335729,+,0,16.817764,14.080281,14.256075,8.31061,4.386547,-24.80806
chr4,48695973,48696492,+,0,17.144276,13.495807,14.262135,8.35587,4.61279,-24.872204
chr4,48743690,48744183,-,1,19.551188,-15.542643,3.928552,3.4694154,-31.892815,3.0579135
chr4,52160489,52160982,+,0,17.69957,15.555552,16.15529,2.7118828,36.121235,24.037226
chr4,52379288,52379781,-,1,18.305737,-13.978871,4.135662,1.7748886,-18.14101,-8.488508
chr4,52385260,52385753,-,1,18.305737,-13.978871,4.1062064,1.8022945,-18.14101,-8.488508
chr4,53328473,53328966,-,1,19.382591,-15.207453,5.0486484,3.8778272,-40.20974,-0.9632722
chr4,53334378,53334871,-,1,19.582186,-15.437621,5.0714593,3.8925474,-40.340355,-1.1654307
chr4,53608063,53608555,-,-1,19.226706,-15.393515,-2.7006223,18.719938,-66.51749,4.8333416
chr4,53614006,53614498,-,-1,19.226706,-15.393515,-2.7272258,18.74545,-66.51794,4.8332934
chr4,59138815,59139313,-,-1,19.7185,-15.405025,-1.822156,-8.336609,-47.988438,44.55356
chr4,61876869,61877380,-,1,15.825605,-11.915678,2.5940156,-0.19765796,-17.251612,-28.983799
chr4,63610284,63610730,+,0,16.040016,14.552286,13.341567,13.027958,45.592472,-31.977179
chr4,67427293,67427777,+,0,16.962694,14.364507,17.469046,6.180114,18.57581,-6.830715
chr4,68111095,68111588,-,1,19.108074,-14.922971,3.330146,1.557347,-17.952232,-15.041046
chr4,70457707,70457951,+,0,7.276575,7.213716,10.386469,10.53199,18.979704,-59.087357
chr4,70472318,70472816,+,-1,18.948212,16.586597,8.61599,-3.909114,65.439705,1.2282755
chr4,70478267,70478765,+,-1,18.8288,16.559189,8.615928,-3.9094257,65.5725,-0.47478154
chr4,71782976,71783461,-,1,18.710894,-14.015523,3.9586327,3.8801513,-31.52554,-2.0660098
chr4,71788942,71789435,-,1,19.209957,-14.778038,3.8627326,3.6734858,-29.544277,-0.54512155
chr4,73723207,73723722,+,0,16.53463,13.17886,14.205865,8.320149,3.8393347,-25.906603
chr4,73842679,73843130,+,0,13.549644,10.968701,14.238311,8.255823,6.4633355,-28.065153
chr4,73846765,73847258,+,-1,18.017002,15.571496,15.145731,-2.4429204,9.9671135,26.811138
chr4,73852710,73853203,+,-1,18.017002,15.571496,15.134792,-2.4607737,9.9671135,26.811138
chr4,74220904,74221397,-,1,18.558647,-14.734461,3.8565903,2.0068882,-24.517534,-12.164515
chr4,74434629,74435122,+,0,18.021908,15.6612215,16.593527,2.9547608,31.846527,24.116362
chr4,74440564,74441057,+,0,18.123343,15.791269,16.608385,2.9659445,31.844336,24.122906
chr4,75830492,75830940,+,0,14.836259,12.385398,14.615506,8.684209,8.646913,-26.886337
chr4,76603420,76603914,+,0,17.707619,15.645779,18.058474,4.2869196,22.568438,7.497564
chr4,79934042,79934086,-,0,1.310766,-1.0129162,7.899526,8.580199,-2.0804958,-60.13063
chr4,80227266,80227706,-,1,15.652897,-12.8393755,-1.170838,2.227957,-3.8297043,6.8964214
chr4,80232958,80233398,-,1,14.896546,-11.919578,-1.146225,2.2200797,-3.5006459,7.0566254
chr4,80562980,80563473,-,-1,18.260841,-14.188894,-0.20422943,6.5256157,-18.540714,26.921713
chr4,80568957,80569450,-,-1,18.445095,-14.352195,-0.21021098,6.5316696,-18.540478,26.95098
chr4,81264019,81264511,-,-1,19.090105,-15.072682,-0.5263168,16.33037,-55.235435,-33.731262
chr4,83156285,83156783,-,1,19.52541,-15.26391,1.3081895,4.005595,-51.298637,18.597214
chr4,83162267,83162765,-,1,19.52541,-15.26391,1.2924442,3.9862378,-51.298637,18.597214
chr4,83366248,83366746,-,-1,19.70043,-15.425649,6.170964,-14.54503,-27.231112,60.927467
chr4,83372051,83372549,-,-1,19.70043,-15.425649,6.106461,-14.45318,-27.231112,60.927467
chr4,83442806,83443298,+,-1,18.380836,16.48071,8.7472515,11.728438,47.10395,29.579163
chr4,83448748,83449240,+,-1,18.380836,16.48071,8.729191,11.711528,47.10395,29.579163
chr4,84863118,84863558,+,0,15.332833,14.474622,13.409361,13.069667,47.660255,-35.014927
chr4,85234279,85234771,-,-1,19.345531,-15.638505,-4.6593704,21.425255,-72.31207,0.03195502
chr4,85240223,85240715,-,-1,19.209526,-15.479395,-4.707373,21.319826,-69.449844,6.7652793
chr4,86640078,86640518,+,0,15.357763,13.770556,14.788088,12.875782,34.730175,-31.735905
chr4,86754867,86755359,+,-1,18.361925,16.175034,26.117165,17.450306,38.440002,52.870834
chr4,86760806,86761245,+,-1,15.923516,14.162211,26.31249,17.506023,39.088516,54.015812
chr4,86892644,86893137,-,1,18.872055,-15.085583,3.3841283,8.037866,-57.468224,-7.1079736
chr4,86895726,86896219,-,1,18.872055,-15.085583,3.38499,8.0393,-57.467934,-7.1076136
chr4,88048255,88048774,-,1,17.309738,-11.918962,2.5373385,-0.46182954,-17.779797,-30.325886
chr4,88640263,88640754,+,0,18.072227,15.200636,18.247456,4.1809525,17.889048,8.49642
chr4,90316733,90317226,-,1,19.50703,-15.26043,4.8084817,3.78929,-38.81673,-1.5048811
chr4,90321470,90321963,-,1,18.549524,-14.65255,4.756589,3.8393118,-38.549465,-1.2686032
chr4,90392534,90393021,-,1,19.053553,-14.6732855,3.7316813,1.4892315,-19.75206,-17.15378
chr4,93104042,93104535,+,0,17.706913,15.648217,14.932,1.5005203,20.097944,24.9948
chr4,93626462,93626954,-,-1,19.48796,-15.250346,-8.683993,5.9887085,-40.39914,42.15
chr4,93631550,93632042,-,-1,19.48796,-15.250346,-8.6993065,6.0063767,-39.85746,41.16016
chr4,97198758,97199251,+,0,17.491827,16.367085,18.219866,0.21784528,31.992432,37.39083
chr4,100607453,100607945,+,0,18.668898,16.55815,15.261303,3.8863437,51.830402,22.36066
chr4,100613362,100613854,+,0,18.668898,16.55815,15.272348,3.8872008,51.829998,22.36064
chr4,101407668,101408160,-,-1,19.05273,-14.920851,-0.5634254,16.37738,-53.1821,-34.694794
chr4,101413611,101414103,-,-1,19.05273,-14.920851,-0.5702786,16.3835,-53.1821,-34.694794
chr4,101843829,101844302,-,1,16.847628,-13.368792,-0.34990042,1.541543,-0.568366,1.8841542
chr4,101974915,101975408,-,-1,18.507362,-14.494933,-3.8065248,0.07635071,-31.91963,23.000235
chr4,101980859,101981352,-,-1,18.507362,-14.494933,-3.8545704,0.028546395,-31.91963,23.000235
chr4,105502576,105503069,+,0,17.711304,16.403053,16.690767,3.7889755,32.26174,16.190466
chr4,105742727,105743167,-,1,16.487158,-13.776607,-1.0544443,2.122923,-1.1055224,7.9058723
chr4,105805007,105805500,+,0,18.328707,15.981359,18.134945,4.5590997,19.19053,4.423174
chr4,106236821,106237314,+,0,17.458714,15.151897,14.980281,-0.4082397,20.524986,43.823376
chr4,106240912,106241405,+,0,17.749678,15.41103,14.938256,-0.45331606,20.6102,43.917824
chr4,107506470,107506968,-,1,19.806631,-15.5801115,1.2618135,4.059617,-49.856087,20.448114
chr4,107512419,107512917,-,1,19.806631,-15.5801115,1.262085,4.061623,-49.856087,20.448114
chr4,107645133,107645625,-,-1,19.012844,-14.984269,-0.22057487,16.322756,-56.37729,-32.36409
chr4,107648518,107649010,-,-1,19.012844,-14.984269,-0.24198918,16.340044,-56.37729,-32.36409
chr4,107697720,107698207,-,1,18.216652,-14.276275,3.2947059,1.9638065,-24.395966,-16.534723
chr4,109176556,109177008,-,1,16.75081,-13.9518175,-1.0607227,2.188795,0.07951035,10.026396
chr4,109348126,109348571,+,0,16.015448,14.634691,13.854683,13.540547,53.2958,-17.402626
chr4,109353983,109354428,+,0,16.015448,14.634691,13.850575,13.533187,53.2958,-17.402626
chr4,111960762,111961255,-,1,18.678759,-14.344011,3.4024303,1.8205575,-18.53799,-13.70099
chr4,112568466,112568906,+,0,15.575403,14.213572,14.634677,12.983422,36.219627,-32.112648
chr4,112574391,112574831,+,0,15.791206,14.417196,14.584493,12.959423,36.202747,-32.071964
chr4,112923378,112923865,+,0,16.594088,14.820532,16.41254,6.3082843,29.880846,-18.555271
chr4,112929355,112929842,+,0,16.279839,14.403929,16.409233,6.307463,30.086245,-18.729326
chr4,113023606,113024098,+,-1,18.219429,16.273706,8.7438965,11.721719,47.097095,28.955961
chr4,113029510,113030002,+,-1,18.219429,16.273706,8.742678,11.723275,47.097095,28.955961
chr4,114527306,114527781,+,0,18.02943,15.545387,17.252134,5.5148277,25.229696,-13.561795
chr4,116542490,116543035,+,-1,21.155687,17.956387,12.187581,-1.1977687,24.522455,52.836823
chr4,116548486,116549031,+,-1,21.155687,17.956387,12.181343,-1.1698261,24.522455,52.836823
chr4,118491045,118491537,-,1,18.667358,-14.50176,2.3114254,4.0187,-44.83762,24.978739
chr4,118496982,118497474,-,1,18.667358,-14.50176,2.3119488,4.015331,-44.837605,24.978727
chr4,118653933,118654426,-,1,19.499527,-15.185921,3.42612,1.8184631,-19.27056,-15.147871
chr4,135399346,135399545,-,0,4.737314,-4.030276,8.08374,7.4195595,-6.1856318,-66.87137
chr4,143470782,143471216,-,0,8.697302,-4.8469253,9.843572,6.8233657,-7.0023565,-47.162308
chr4,143473005,143473060,-,0,1.7676464,-1.5441006,10.016036,7.078149,-6.325688,-52.12118
chr4,143474704,143475144,-,-1,16.452793,-13.326074,6.2878118,-15.016505,-21.419127,53.80412
chr4,143480596,143481089,-,-1,19.275377,-14.89493,6.5287437,-16.33134,-24.3142,60.208107
chr4,143521905,143522391,+,0,16.339317,13.212816,14.98817,8.153014,12.403252,-23.72586
chr4,143546543,143547029,+,0,16.339317,13.212816,15.031306,8.135825,12.403252,-23.72586
chr4,143562310,143562796,+,0,16.339317,13.212816,14.99579,8.15078,12.403238,-23.725853
chr4,143605042,143605476,-,1,15.425971,-11.972613,-0.008040462,1.3836794,-2.6517718,-1.9612182
chr4,143713569,143714062,-,1,19.236736,-15.102712,3.3015401,1.9331752,-24.760595,-14.678425
chr4,143905983,143906417,+,0,14.134723,12.122734,14.740692,12.790613,34.379066,-33.457264
chr4,143959571,143960057,-,1,17.313328,-12.376612,2.8966007,0.35615626,-17.508059,-25.337667
chr4,144006212,144006705,-,1,18.833109,-14.615585,4.934038,5.1162868,-43.329296,5.221551
chr4,144012156,144012649,-,1,19.230255,-15.002454,4.956641,5.1364884,-43.33524,5.159412
chr4,144838841,144839340,+,0,18.616167,16.378214,17.676243,5.639873,37.16763,-5.0444736
chr4,144848599,144849110,+,0,18.96907,16.828676,17.640041,5.625289,37.177322,-5.0412254
chr4,145610482,145610916,-,1,15.969918,-12.65888,-0.062449362,1.6255698,-4.947637,0.38620204
chr4,145864818,145865309,+,0,17.77102,15.426214,17.834784,5.579078,22.593306,-5.1990957
chr4,147246653,147247087,-,1,16.188044,-13.076802,-0.07093585,1.5880891,-4.92875,0.2815344
chr4,147306564,147307052,+,0,18.087942,15.596285,17.847952,5.5639043,22.581823,-5.125988
chr4,147587556,147587977,+,0,13.401071,12.059168,13.904826,13.44626,51.41996,-19.354475
chr4,147593428,147593849,+,0,13.516752,12.206982,13.854638,13.419986,51.423996,-19.3502
chr4,147767578,147768012,+,0,15.561071,13.864118,14.731601,12.940767,35.884605,-30.643793
chr4,152752967,152753249,-,0,12.655245,-9.352864,10.451392,6.1147604,-15.087159,-47.14027
chr4,155180293,155180335,+,0,0.57582223,0.2640485,9.933975,7.982965,1.4053714,-54.31507
chr4,155181811,155182030,+,0,6.762883,6.2374663,10.386468,10.544595,19.33692,-60.121986
chr4,155911429,155911863,+,0,15.265221,14.178202,14.259045,13.031857,39.56119,-30.25209
chr4,155927301,155927735,+,0,15.631943,14.143231,14.071523,13.076063,40.191097,-30.622412
chr5,6151657,6152150,-,1,18.776506,-14.686421,3.47503,3.6389432,-27.944485,7.1704073
chr5,7525493,7525986,+,0,18.329401,15.905004,18.14577,4.662425,18.142977,2.7958527
chr5,7531433,7531926,+,0,18.4502,16.06079,18.048586,4.7351136,18.17086,2.792181
chr5,8193564,8194052,-,1,17.74173,-14.018136,3.3575864,1.0181489,-17.284506,-21.212366
chr5,11391429,11391909,+,0,15.893025,13.596658,17.025068,7.111021,21.192839,-22.432426
chr5,11820479,11820959,+,0,15.954193,13.893318,17.023584,7.1377525,21.19586,-22.432156
chr5,11894196,11894676,+,0,15.876056,13.635862,17.014006,7.1526933,21.195366,-22.43375
chr5,13367044,13367484,+,0,15.670565,14.56252,14.400932,13.020387,39.06698,-33.80028
chr5,13714929,13715369,-,1,16.574783,-13.618502,-1.1569589,2.6429014,-5.551558,12.152496
chr5,17312849,17313282,+,0,14.774028,13.405633,13.75827,13.197778,43.45137,-34.94011
chr5,17318721,17319155,+,0,14.790212,13.481232,13.654487,13.210282,43.56033,-35.338463
chr5,18928137,18928576,+,0,14.960251,13.612466,12.975049,13.302505,49.41108,-26.192707
chr5,18934061,18934500,+,0,14.606891,13.290404,12.975318,13.279817,49.42623,-26.22422
chr5,20823586,20824078,+,-1,18.605843,16.339947,19.652414,-8.584446,58.68218,15.800992
chr5,20829528,20830020,+,-1,18.605843,16.339947,19.600342,-8.532306,58.68218,15.800992
chr5,21453200,21453634,-,1,15.122221,-12.749563,-0.046476778,1.3781897,-1.3635176,-3.5812786
chr5,22566116,22566608,+,-1,18.460936,16.66865,27.151892,17.471937,42.758415,46.31504
chr5,22572022,22572514,+,-1,18.460936,16.66865,26.985834,17.565271,47.35647,48.009632
chr5,24564404,24564890,-,1,18.43617,-14.283406,3.6610203,2.2472472,-23.429308,-8.103194
chr5,26032030,26032522,+,0,17.573177,14.571719,17.291794,4.933885,31.8588,-3.7244055
chr5,26067658,26068151,+,0,17.637468,14.792111,17.33914,4.899567,31.789902,-3.5982425
chr5,26411332,26411801,+,0,16.75005,14.477062,17.199718,5.1252785,31.391182,-9.345933
chr5,27985194,27985687,-,1,18.50019,-14.63573,3.9983358,3.5882547,-35.255543,6.4723372
chr5,27990780,27991273,-,1,18.772753,-14.736121,4.0740995,3.47682,-35.241234,6.459499
chr5,28303337,28303831,+,0,16.818773,14.727813,16.720917,6.603867,20.418568,-18.651894
chr5,29449712,29449920,+,0,6.002536,5.7476807,10.327081,10.481111,17.514597,-60.114697
chr5,32674399,32674891,-,-1,19.154764,-15.48357,-4.6579146,21.432964,-67.61346,1.4731874
chr5,32680303,32680795,-,-1,19.154764,-15.48357,-4.700011,21.46053,-67.61155,1.4727151
chr5,33323849,33324289,+,0,15.448578,13.937178,14.703173,12.940673,34.715137,-29.406513
chr5,33560828,33561321,+,0,18.337162,15.816129,17.453876,5.1180015,37.954273,0.08444109
chr5,33904127,33904620,-,-1,18.924385,-14.771429,-0.23311488,6.5692816,-17.230034,30.095827
chr5,33907135,33907633,+,-1,18.726984,16.89217,6.079167,14.366667,53.19349,24.816736
chr5,33908343,33908841,+,-1,18.726984,16.89217,6.0454707,14.400192,53.19349,24.816736
chr5,33911782,33912275,-,-1,18.924385,-14.771429,-0.23332416,6.5702267,-17.230034,30.095827
chr5,39009968,39010455,-,1,19.263279,-15.116672,3.6394005,2.86156,-32.289677,-8.496006
chr5,42438887,42438980,+,0,2.8024738,2.5488675,11.722785,8.5129,6.2242546,-47.06011
chr5,43204745,43205073,+,0,12.293803,10.396659,12.958091,9.274418,12.804404,-38.20723
chr5,46007795,46008076,-,1,11.440874,-9.628031,3.499837,-1.6437004,-17.895336,-42.962757
chr5,47152825,47153318,+,-1,18.387035,15.872135,18.022379,14.75523,52.087162,-5.659859
chr5,47158769,47159262,+,-1,18.387035,15.872135,18.052094,14.778193,52.787365,-5.5951324
chr5,52723673,52724166,+,0,18.357824,16.122717,18.056381,3.78056,18.990812,12.987417
chr5,55259550,55259990,-,1,15.795892,-13.161098,-1.1725389,2.7010384,-2.2358782,11.784302
chr5,56286864,56287304,+,0,15.223414,13.992096,13.171409,13.391958,50.371525,-31.075924
chr5,56529412,56529899,+,0,17.669636,14.708464,17.385307,6.3295527,20.903376,-12.978171
chr5,60855036,60855535,-,1,19.053005,-14.4630165,4.3490295,4.586092,-50.902542,5.7407303
chr5,62271782,62272274,-,-1,19.122606,-15.062737,-0.97119355,7.420398,-15.970004,36.651993
chr5,62277686,62278178,-,-1,19.122606,-15.062737,-0.97636026,7.4274936,-15.970004,36.651993
chr5,62772575,62773068,-,1,19.594994,-14.982433,3.759741,2.3780644,-22.260231,-8.474114
chr5,62775355,62775853,-,1,19.624454,-15.014096,3.7065053,2.3337853,-22.258514,-8.475438
chr5,63848222,63848714,+,-1,18.689287,16.446625,19.609934,-8.541817,58.447098,14.308168
chr5,63854126,63854618,+,-1,18.689287,16.446625,19.58054,-8.512424,58.447098,14.308168
chr5,64914336,64914829,-,1,19.317669,-15.292771,3.2822,3.4640708,-24.732077,1.5993639
chr5,65603261,65603350,-,0,2.6910415,-2.0872982,7.6933537,8.114555,-3.5356874,-62.611988
chr5,67037608,67038099,+,0,18.42614,16.154812,16.218218,4.185851,50.27775,16.30501
chr5,67043547,67044038,+,0,18.42614,16.154812,16.189478,4.186299,50.271595,16.305597
chr5,67270126,67270618,-,-1,19.71924,-15.323511,-0.08018,-2.4790528,-50.005215,-11.721539
chr5,67276069,67276561,-,-1,19.71924,-15.323511,-0.07003701,-2.4575655,-50.005215,-11.721539
chr5,68210387,68210880,-,-1,18.845179,-14.508387,-0.5613263,15.643597,-50.493626,-32.012543
chr5,68737756,68738195,-,1,16.259539,-13.277397,-0.47777444,1.6648113,-0.30632967,3.3621619
chr5,68743607,68744092,-,1,18.652899,-14.350224,3.3746808,5.832129,-26.756021,14.927537
chr5,69368291,69368789,-,-1,19.493061,-15.280782,-2.7527804,18.769653,-63.640247,3.7961376
chr5,69374201,69374705,-,-1,19.760975,-15.587294,-2.736459,18.751799,-63.76036,3.744976
chr5,69771811,69772303,+,-1,18.06503,15.538394,14.572036,-3.321738,8.905831,32.00505
chr5,69777754,69778246,+,-1,18.06503,15.538394,14.5874815,-3.33725,8.905831,32.00505
chr5,70542294,70542786,-,-1,19.191057,-15.27184,-4.4899125,21.040329,-76.648026,1.7162951
chr5,70548237,70548729,-,-1,19.177366,-15.4450445,-4.361544,20.937038,-74.87665,0.7671089
chr5,70558033,70558526,+,0,17.658009,15.161574,17.57836,3.7884827,19.58139,13.294106
chr5,76098854,76099348,-,1,19.004818,-15.070562,3.9841974,3.4899254,-30.135593,4.7358294
chr5,78090542,78091035,-,1,19.56791,-15.32277,1.4125949,4.1110144,-48.154194,22.604101
chr5,78140968,78141461,+,0,18.159939,16.17178,17.03392,3.5760787,33.681385,4.1621437
chr5,78146944,78147437,+,0,18.159939,16.17178,17.001118,3.577942,33.681385,4.1621437
chr5,78330741,78331233,-,-1,19.090105,-15.072682,-0.4610853,16.333174,-55.235435,-33.731262
chr5,82746096,82746583,+,0,17.567438,14.935852,17.689314,3.7279418,19.440016,13.274588
chr5,86187943,86188154,-,0,8.837124,-6.5093102,10.24338,6.354287,-11.341141,-48.297394
chr5,90048344,90048837,-,1,19.140808,-14.977527,3.6531026,2.9915872,-25.091265,-4.1685877
chr5,91924822,91925326,+,-1,18.559164,16.019236,18.030186,14.754278,47.491962,-5.5533147
chr5,91930607,91931111,+,-1,18.559164,16.019236,18.004442,14.7336645,47.491962,-5.5533147
chr5,94347912,94348410,-,1,19.428549,-14.971033,1.2662839,4.0636406,-50.954548,20.980124
chr5,94371095,94371588,+,0,18.190956,15.837268,18.622608,4.1611853,25.691135,3.5222251
chr5,94377033,94377526,+,0,18.353813,16.342136,18.606617,4.1459785,25.567898,3.59674
chr5,94847058,94847551,+,0,17.43154,15.422988,18.14378,3.6902385,16.736834,10.671805
chr5,94853035,94853528,+,0,17.43154,15.422988,18.166672,3.7285068,16.736834,10.671805
chr5,95170189,95170682,+,0,17.587673,15.611506,18.167799,3.7371278,16.75028,10.668324
chr5,95176166,95176342,+,0,5.918749,5.2243814,11.987538,8.671642,8.351592,-45.71791
chr5,96605911,96606397,-,1,18.697111,-14.685314,3.2955856,1.5743824,-17.370296,-15.132102
chr5,97615467,97615960,+,0,18.503849,15.82783,17.10929,4.111376,32.95173,9.69899
chr5,98074194,98074693,+,0,18.597094,16.110624,17.670176,4.604941,33.908638,1.09392
chr5,101976272,101976328,+,0,1.3538265,1.2821255,10.071834,8.711332,6.160169,-57.164856
chr5,101977076,101977499,-,1,17.189726,-13.505168,3.6124651,-1.7562122,-20.921322,-41.106262
chr5,103630594,103631086,-,-1,19.304844,-15.086741,-8.668668,6.0317235,-39.638115,43.26366
chr5,103636499,103636991,-,-1,19.304844,-15.086741,-8.691405,6.0140553,-39.638115,43.26366
chr5,106151565,106152064,+,0,17.75955,16.32891,17.173967,3.105575,26.730059,18.967176
chr5,108663402,108663827,+,0,15.704225,13.565813,12.986648,9.336163,14.557564,-37.517838
chr5,109064592,109065085,+,0,18.493196,16.330465,17.863333,5.5466,22.483059,-4.6985884
chr5,109070568,109071061,+,0,18.493196,16.330465,17.860592,5.531793,22.484404,-4.6983547
chr5,109549248,109549681,+,0,15.006486,13.417889,14.777698,12.916068,34.423546,-31.033564
chr5,110737918,110737946,+,0,0.784393,0.70266634,10.0593195,8.612802,4.5570126,-56.447433
chr5,112187014,112187512,-,-1,19.7185,-15.405025,-1.8221227,-8.336814,-47.988438,44.55356
chr5,112192963,112193461,-,-1,19.7185,-15.405025,-1.812031,-8.349428,-47.988438,44.55356
chr5,113383852,113384342,-,-1,18.974165,-15.219859,-2.7502978,18.776083,-64.73661,1.4711046
chr5,113389793,113390286,-,-1,19.05553,-15.312087,-2.7415118,18.767282,-64.737595,1.4693803
chr5,115556750,115556901,+,0,4.2396407,3.7709193,11.858143,8.561905,6.3275914,-45.864067
chr5,115557047,115557494,+,0,14.482967,12.131014,14.122061,8.229858,2.29017,-29.549646
chr5,116147049,116147541,-,-1,18.813946,-14.863358,-0.8376275,7.36432,-17.422323,36.31176
chr5,116152992,116153484,-,-1,18.813946,-14.863358,-0.85864675,7.3827896,-17.422323,36.31176
chr5,117027946,117028439,+,0,18.269598,15.676004,17.981115,3.5688708,18.035194,12.16953
chr5,121201301,121201425,+,0,5.381838,4.4288964,10.077735,7.8857203,1.2074091,-50.65026
chr5,121583025,121583523,+,-1,18.661795,16.924728,6.077161,14.368428,51.84942,25.47394
chr5,121676239,121676676,-,1,16.414871,-13.810816,-0.5161977,1.7692615,-1.9398153,3.1719618
chr5,122383277,122383788,-,1,19.631466,-15.534756,4.2489195,4.480938,-48.369045,7.9746165
chr5,122389240,122389751,-,1,19.631466,-15.534756,4.2226605,4.4486084,-48.369045,7.9746165
chr5,123207724,123208222,-,-1,19.598043,-15.48368,5.054172,9.340208,-59.190727,16.646677
chr5,123213673,123214171,-,-1,19.598043,-15.48368,5.094044,9.380407,-59.190727,16.646677
chr5,123547624,123548117,+,0,18.273258,15.715417,17.947968,2.9210317,19.52059,17.16573
chr5,123553532,123554025,+,0,18.51612,15.895348,17.962498,2.9089084,19.52753,17.121193
chr5,126453356,126453849,+,0,18.21188,15.761733,17.738846,3.9524295,26.803461,9.580749
chr5,126819440,126819939,+,-1,18.36814,16.178553,12.350947,-2.19012,17.089518,49.44618
chr5,126825351,126825850,+,-1,18.36814,16.178553,12.37542,-2.2139633,17.089518,49.44618
chr5,127537959,127538458,+,0,18.279955,15.713658,17.06098,3.569903,25.843773,21.714783
chr5,127541325,127541824,+,0,18.279955,15.713658,17.016476,3.5485134,25.843773,21.714783
chr5,132175145,132175643,+,-1,18.766853,16.773336,6.0415816,14.404929,53.26287,25.92808
chr5,132181099,132181597,+,-1,18.766853,16.773336,6.0685234,14.377118,53.263454,25.92806
chr5,136730349,136730854,-,1,19.898083,-15.475309,5.0068355,2.8068585,-39.78536,-11.690723
chr5,136736305,136736757,-,1,16.943516,-13.825025,-1.2131985,2.4264147,-0.5301755,13.626989
chr5,137721893,137722008,-,0,3.637889,-3.3546157,8.53608,7.5766153,0.8501775,-64.444305
chr5,138067511,138067951,+,0,15.801031,14.357923,13.076462,13.334562,49.654118,-29.573969
chr5,138073435,138073875,+,0,15.832812,14.43297,13.091307,13.333246,49.65962,-29.559877
chr5,139487557,139488049,+,-1,18.151236,16.490892,8.70122,11.676366,47.972836,28.998623
chr5,140558406,140558898,-,-1,18.143198,-13.997439,6.4010587,-15.6655855,-19.614237,60.04603
chr5,140561518,140562010,-,-1,18.143198,-13.997439,6.3953476,-15.657769,-19.614237,60.04603
chr5,140860889,140861382,+,-1,17.237747,15.134063,15.108035,-2.489054,12.538663,26.62647
chr5,140866792,140867285,+,-1,17.237747,15.134063,15.101898,-2.4966042,12.538663,26.62647
chr5,141073148,141073640,-,-1,19.601973,-15.456311,-2.889155,9.9809265,-50.681995,27.697794
chr5,141834411,141834848,+,0,16.033611,14.437536,17.965158,4.070731,23.606495,5.7183714
chr5,143185685,143186193,+,0,16.095682,12.589619,14.186255,8.28201,3.220638,-26.856352
chr5,143190424,143190946,+,0,14.977635,13.186775,14.2016735,8.295213,4.039045,-27.370558
chr5,143349071,143349565,+,0,17.965683,16.157764,16.877052,7.011617,17.565859,-19.3952
chr5,144654982,144655475,+,0,18.207867,15.505807,17.651207,3.3251514,24.099382,15.113564
chr5,145539420,145539912,+,-1,18.442682,16.461586,12.18654,-1.2321949,20.358871,52.250706
chr5,145545359,145545851,+,-1,18.442682,16.461586,12.216079,-1.2715936,20.358871,52.250706
chr5,146153158,146153657,+,0,18.323147,16.185745,17.667282,3.6355436,37.146893,6.5141983
chr5,146741733,146742226,+,0,17.638985,15.716437,16.576256,3.0724733,31.651342,21.716175
chr5,146747677,146748164,+,0,17.622671,15.426896,16.713228,3.3326857,31.932766,21.629808
chr5,149326781,149327155,-,1,15.707126,-12.013634,3.5622733,-1.700581,-19.525097,-41.647034
chr5,151463535,151463975,+,0,15.499256,14.495878,13.36919,13.149278,47.679943,-34.081757
chr5,151469444,151469884,+,0,15.592644,14.612151,13.366176,13.08574,47.665836,-34.046013
chr5,151679590,151680082,+,-1,18.460936,16.66865,27.08709,17.494694,41.651276,51.834957
chr5,151685494,151685986,+,-1,18.460936,16.66865,27.063932,17.50003,37.695488,49.1219
chr6,3051175,3051446,-,0,9.118663,-6.9859924,8.012935,7.406631,-8.284391,-68.59621
chr6,5661029,5661522,-,1,18.161562,-13.840027,4.321812,4.562754,-50.42565,5.4922485
chr6,7581230,7581342,+,0,2.909519,3.0934908,10.2151785,10.011434,12.73807,-57.624374
chr6,7780988,7781480,-,-1,19.345531,-15.638505,-4.7802362,21.399172,-69.97387,2.3387432
chr6,9859194,9859687,-,1,18.448095,-14.162973,4.0774937,3.6995828,-35.81345,-4.4752574
chr6,10195582,10196010,-,1,13.94177,-10.631758,2.794196,-0.7031896,-17.703012,-34.82596
chr6,11120426,11120912,-,-1,18.625456,-14.765637,6.10366,-0.95017177,-61.419632,12.822066
chr6,11126324,11126757,-,1,16.135275,-13.514375,-1.1229827,2.690629,-8.81354,12.900695
chr6,11760906,11761405,+,-1,18.1382,15.388372,18.22712,15.224586,53.11295,-2.259366
chr6,17035557,17036049,-,-1,18.990314,-14.882998,-0.38592598,16.324335,-55.454998,-31.596163
chr6,17041461,17041953,-,-1,19.086193,-14.992661,-0.39340684,16.326141,-55.315773,-31.717516
chr6,19971325,19971826,-,1,16.157698,-10.616803,2.572912,-0.4365105,-16.666845,-30.659277
chr6,26695830,26696323,+,-1,18.162764,15.284591,18.007048,14.719981,54.813366,-5.43514
chr6,26953656,26954096,-,1,16.746666,-13.854486,-1.1312138,2.48753,-5.7958775,9.700019
chr6,30863960,30864452,+,0,18.599335,16.374994,16.239542,4.1713204,50.580193,15.813707
chr6,36082328,36082375,-,0,0.7609291,0.059420668,9.964756,8.206649,1.839915,-56.28787
chr6,37973755,37974253,+,-1,18.468092,16.135668,12.289773,-1.6451477,19.379778,50.485184
chr6,37979665,37980163,+,-1,18.468092,16.135668,12.314729,-1.6859354,19.379778,50.485184
chr6,42009534,42010027,+,0,17.572575,15.404345,17.93983,0.109885484,28.48462,36.32474
chr6,42015472,42015965,+,0,17.698263,15.628464,17.877863,0.036701888,28.329361,36.65009
chr6,42844269,42844762,-,-1,18.330097,-14.135442,-0.21449529,6.534157,-18.159239,28.215868
chr6,43042839,43043273,+,0,15.353428,14.108492,14.734852,12.908488,36.155685,-29.784801
chr6,44106669,44107162,+,0,17.459269,15.240314,16.760788,3.8851416,35.772804,19.118944
chr6,44112646,44113139,+,0,17.698032,15.451432,16.759596,3.8313444,35.76966,19.1156
chr6,44702662,44703155,-,1,19.936842,-15.90405,3.7502277,3.2628963,-30.15042,0.71644783
chr6,47782690,47783183,+,0,18.42389,15.977594,16.731709,3.8599164,32.23717,15.146866
chr6,49444381,49444868,-,1,18.163282,-14.215228,4.0280375,3.2520158,-29.278997,-5.9101486
chr6,50623956,50624444,+,0,17.043272,14.785207,17.105661,7.0846457,15.00844,-16.192593
chr6,51625855,51626342,-,1,18.818443,-14.775915,3.3921514,2.0713825,-22.867043,-20.187935
chr6,53786514,53787006,-,-1,19.345531,-15.638505,-4.7580156,21.399378,-71.21804,-0.46531865
chr6,53792418,53792910,-,-1,19.345531,-15.638505,-4.7216053,21.40626,-69.79386,1.9931666
chr6,55267758,55268250,-,-1,19.48796,-15.250346,-8.669147,5.996469,-40.009544,42.327026
chr6,55272300,55272792,-,-1,19.48796,-15.250346,-8.758801,6.089148,-39.46784,42.431393
chr6,55653532,55654025,-,-1,18.742485,-14.132712,-0.5940632,15.67238,-50.165325,-32.209667
chr6,55659477,55659970,-,-1,18.742485,-14.132712,-0.5609281,15.653692,-50.165325,-32.209667
chr6,57299421,57299909,-,1,18.676012,-14.789208,3.2528272,0.9152542,-16.394121,-20.280214
chr6,59782335,59782826,+,-1,18.257694,15.91561,12.323481,-2.2053323,17.073603,51.658504
chr6,59788238,59788729,+,-1,18.257694,15.91561,12.334747,-2.279236,17.073603,51.658504
chr6,59875587,59876080,-,1,19.17307,-14.974218,3.730338,3.6079314,-29.411343,-0.61489886
chr6,59893169,59893687,+,0,13.458468,9.029871,14.070565,8.300608,3.1984568,-28.66577
chr6,60059764,60060257,+,0,18.757204,16.504251,17.847923,4.63461,19.15795,1.7511724
chr6,60162631,60163118,+,0,16.608755,14.867929,16.969437,6.5859523,19.228714,-16.21755
chr6,60591504,60591717,+,0,6.4649477,6.1700034,10.402108,10.548599,18.79856,-60.679832
chr6,61255477,61255970,+,0,18.613964,16.340355,17.455063,4.1072965,25.598188,-0.41622132
chr6,61257014,61257239,-,0,10.1637745,-7.065167,10.391329,6.2128644,-14.232461,-47.949867
chr6,61257559,61257626,-,0,2.2226317,-1.51497,7.761204,8.278902,-2.7891493,-61.3871
chr6,61284192,61284632,-,1,16.34276,-13.501294,-1.2017119,2.8652472,-4.9667377,13.58591
chr6,61778748,61779293,+,-1,20.827906,17.608759,14.707485,-3.4779613,6.7863274,32.245125
chr6,61784741,61785286,+,-1,20.817429,17.587362,14.679794,-3.4750047,6.783336,32.248394
chr6,64041364,64041857,-,1,19.056995,-14.700015,3.9546032,3.4940414,-34.57725,-1.4934703
chr6,64924001,64924499,+,-1,18.62604,16.760742,6.077915,14.367996,52.824226,24.443012
chr6,64929911,64930409,+,-1,18.62604,16.760742,6.07785,14.368918,52.824226,24.443012
chr6,65512593,65512979,+,0,9.884057,6.973695,13.157359,8.540044,4.792353,-43.09087
chr6,67239554,67240047,-,1,18.537514,-14.800147,3.2551517,7.8998027,-59.482838,-3.5267928
chr6,68136461,68136960,-,-1,19.072578,-15.215878,-0.23472713,6.5704303,-16.038637,29.497797
chr6,68142408,68142907,-,-1,19.072578,-15.215878,-0.2241738,6.5564103,-16.038637,29.497797
chr6,68611017,68611516,+,-1,17.945475,15.038507,15.164894,-2.4335775,8.979148,26.152447
chr6,68616958,68617457,+,-1,17.945475,15.038507,15.199766,-2.3975267,8.979148,26.152447
chr6,69065288,69065728,+,0,15.678953,13.930628,14.664892,13.013291,36.563717,-30.843464
chr6,69089997,69090496,-,1,19.139812,-14.764208,3.667299,5.601699,-30.99423,13.963488
chr6,69095941,69096440,-,1,19.406578,-15.101426,3.6788557,5.582616,-31.006794,13.985171
chr6,70783945,70784189,-,0,9.7968,-7.2124276,10.307289,6.268194,-11.172218,-47.892403
chr6,73737237,73737730,-,1,18.257282,-13.947488,4.1110387,3.0582476,-27.142431,11.274955
chr6,73743210,73743703,-,1,18.257282,-13.947488,4.179067,3.0137196,-27.142431,11.274955
chr6,74510159,74510206,-,0,1.1817629,-0.8188967,7.928324,8.633648,-1.4260666,-59.71924
chr6,77700451,77700944,+,0,19.020311,16.453745,17.557293,3.5160358,25.773277,12.796211
chr6,77706429,77706922,+,0,19.020311,16.453745,17.55812,3.4472544,25.773466,12.7961445
chr6,81240216,81240650,+,0,14.753142,12.781398,14.812971,12.800803,32.21854,-32.012516
chr6,84676371,84676563,-,0,5.876854,-5.2481704,8.019484,7.426662,-6.783833,-70.04536
chr6,85670569,85671061,-,-1,19.096985,-14.66255,-0.1917394,-2.8338468,-57.34741,19.717165
chr6,85675172,85675664,-,-1,19.096985,-14.66255,-0.19163533,-2.8328462,-57.34741,19.717165
chr6,85870944,85871442,-,-1,19.7185,-15.405025,-1.821497,-8.337623,-47.988438,44.55356
chr6,85876893,85877391,-,-1,19.7185,-15.405025,-1.8215362,-8.337595,-47.988438,44.55356
chr6,85941531,85942012,+,0,17.651793,15.253955,17.777792,4.296768,29.582441,6.2342544
chr6,86491620,86492062,-,-1,17.513788,-13.838392,6.1711082,-1.036274,-59.804737,11.855117
chr6,87194992,87195491,-,-1,19.509235,-15.300189,-0.27527124,6.6177096,-14.168146,30.14589
chr6,87200903,87201402,-,-1,19.509235,-15.300189,-0.2863537,6.6305795,-14.168146,30.14589
chr6,87971078,87971570,+,0,18.735767,16.47895,20.421339,5.311514,53.107994,15.997298
chr6,87977021,87977513,+,0,18.735767,16.47895,20.423578,5.31244,52.44336,15.720206
chr6,89202695,89202891,-,0,5.838991,-4.868942,7.98266,7.4189153,-7.490506,-66.66784
chr6,91341961,91342401,+,0,15.818325,14.575041,13.168691,13.356242,49.411858,-31.57617
chr6,91639975,91640468,-,1,19.202566,-14.942449,3.8412387,2.7734199,-26.432274,-4.754378
chr6,91865344,91865429,+,0,0.66210294,0.024255892,9.986926,7.89252,0.6509986,-54.30264
chr6,94342180,94342667,+,0,18.775175,15.869309,17.437891,6.333779,22.612707,-12.835712
chr6,95046099,95046592,+,0,18.517946,15.914514,17.042553,4.0035596,32.335476,8.54974
chr6,101116248,101116747,-,1,19.306967,-15.55083,3.1993003,3.504973,-25.665035,0.83386797
chr6,106209958,106210398,-,1,16.11404,-12.882484,-0.07853436,1.4668101,-3.9851418,-0.5983512
chr6,110229924,110230364,-,1,16.339315,-13.853578,-1.0809373,2.1505668,-1.6625538,8.508015
chr6,116061463,116061523,+,0,1.6095078,1.61909,10.070844,8.63167,5.4586105,-55.722324
chr6,116685155,116685649,+,0,18.046904,15.786598,15.998354,2.5209587,38.151226,24.716953
chr6,116691078,116691572,+,0,18.153236,15.924202,16.011759,2.5368123,38.30601,24.623846
chr6,117221659,117222177,+,0,16.577808,13.802517,14.238304,8.317934,4.644562,-25.773697
chr6,117634792,117635284,-,-1,19.256662,-15.080936,-1.2125014,8.138569,-11.203176,36.326267
chr6,117640696,117641188,-,-1,19.256662,-15.080936,-1.1481478,8.072439,-10.628289,36.082912
chr6,118488924,118489416,+,-1,18.460936,16.66865,27.120888,17.529045,40.26458,49.63322
chr6,118494828,118495320,+,-1,18.460936,16.66865,27.076778,17.537338,39.937424,51.379124
chr6,122196585,122197077,-,-1,19.266642,-15.472404,4.9865212,9.261895,-58.205833,13.45128
chr6,124331708,124332200,-,-1,19.413662,-15.5542345,4.983796,9.267537,-57.610073,15.455928
chr6,124337651,124338143,-,-1,19.413662,-15.5542345,4.995763,9.279356,-57.610073,15.455928
chr6,127099997,127100490,+,-1,18.22224,15.713706,18.03106,14.731856,53.532204,-6.1535954
chr6,127588605,127589097,+,0,18.330412,16.136652,16.879208,4.006781,34.49406,13.0451565
chr6,130321402,130321895,+,0,18.046408,15.413648,16.53673,3.3502553,28.912167,21.832314
chr6,131358292,131358732,+,0,14.997869,13.3672495,14.400109,12.899149,37.278755,-34.970947
chr6,131448493,131448985,+,-1,18.391426,16.199297,12.196298,-1.2254945,19.26814,51.84388
chr6,136505865,136506353,+,0,17.023039,14.69187,16.876196,7.02849,16.44082,-20.171059
chr6,138062988,138063428,+,0,14.245305,12.697729,14.514547,12.897178,37.084114,-37.406635
chr6,138068909,138069349,+,0,14.519178,13.119245,14.473096,12.867797,37.1022,-37.401646
chr6,140753193,140753627,+,0,15.223177,13.567568,14.723275,12.864743,32.814117,-32.76664
chr6,145541536,145541981,-,1,16.120394,-13.50424,-1.1171639,2.4439042,-1.4061079,10.115172
chr6,147711037,147711529,-,-1,19.05273,-14.920851,-0.5443496,16.360111,-53.1821,-34.694794
chr6,147716980,147717472,-,-1,19.05273,-14.920851,-0.5232737,16.32919,-53.1821,-34.694794
chr6,147833023,147833516,+,0,18.204134,15.884359,17.008345,4.054885,32.38781,13.337402
chr6,148645620,148646182,+,0,16.63569,12.633424,14.170187,8.279073,1.7819291,-26.610949
chr6,149225416,149225909,-,1,19.172653,-15.212854,5.1168933,3.9640713,-40.939026,-2.0431685
chr6,149231387,149231880,-,1,19.172653,-15.212854,5.1043024,3.9476285,-40.93906,-2.0431004
chr7,3092195,3092688,+,0,18.195814,15.902865,17.735073,5.456563,24.411753,-4.6772237
chr7,3771142,3771472,+,0,10.967965,9.620905,10.533275,10.655155,20.743177,-57.819668
chr7,3772918,3773034,-,0,5.016994,-4.033163,10.090253,6.6997457,-8.968361,-50.701553
chr7,3870263,3870703,-,1,16.518063,-13.122644,-0.9226404,2.5222948,-6.997344,10.334544
chr7,3916511,3916601,-,0,2.7072432,-2.237272,10.002229,6.9255915,-6.960961,-50.880733
chr7,3917264,3917746,-,1,17.914978,-14.437983,3.2532322,0.89194417,-15.59922,-20.925638
chr7,5221671,5222163,+,-1,18.275764,16.429424,27.03177,17.825806,38.585083,44.439053
chr7,5226759,5227251,+,-1,18.275764,16.429424,27.060543,17.898668,38.585083,44.439053
chr7,5696853,5697389,-,1,19.812939,-15.350878,4.4944167,4.3519645,-49.611683,3.4959216
chr7,9250536,9251028,-,-1,19.35208,-15.029317,-8.687028,6.049578,-40.860264,41.27567
chr7,9256049,9256541,-,-1,19.40974,-15.021852,-8.615,6.157261,-40.471928,40.649174
chr7,10157259,10157746,+,0,17.276064,14.867013,17.423891,6.196278,21.391779,-13.119716
chr7,10824796,10825294,+,-1,18.794668,16.402657,25.543234,3.7244735,68.62308,-0.5550948
chr7,10830706,10831204,+,-1,18.794668,16.402657,25.475521,3.7923872,68.002815,-0.81431866
chr7,10897477,10897965,-,1,18.19598,-14.315429,3.2394457,1.3084077,-17.010126,-17.930473
chr7,11021485,11021984,+,0,18.330244,15.92016,17.06146,3.2014794,26.681513,18.475203
chr7,11027464,11027963,+,0,18.404785,16.134935,17.17155,3.1647408,26.67192,18.471983
chr7,11169945,11170439,+,0,17.903557,15.808312,16.009182,2.5262744,38.400696,24.61127
chr7,11175890,11176384,+,0,18.049791,15.681475,16.02224,2.5490303,38.256435,24.650522
chr7,11303104,11303592,-,1,18.335325,-14.519969,3.2218049,1.2422684,-17.00098,-17.919235
chr7,12825617,12826110,+,0,18.863024,16.352703,17.277987,6.053031,21.234373,-10.583291
chr7,13186590,13187082,-,-1,19.131756,-15.308993,4.972798,9.220617,-56.82025,12.403793
chr7,13192494,13192986,-,-1,19.131756,-15.308993,4.9239125,9.166935,-56.82025,12.403793
chr7,13251981,13252510,+,0,19.371262,17.208323,17.487135,2.6844625,25.292944,33.48403
chr7,13257994,13258523,+,0,19.371262,17.208323,17.496647,2.6532416,25.292944,33.48403
chr7,13686091,13686521,+,0,15.7105665,13.972874,14.035134,13.043998,38.780426,-27.215504
chr7,14394461,14394931,-,1,15.944117,-12.382214,3.2598445,1.2459906,-12.330697,-16.316765
chr7,14967461,14967961,-,1,19.186749,-14.630479,3.646844,2.7666218,-22.39604,-4.681896
chr7,15670361,15670440,-,0,2.1250215,-1.5066288,7.666245,8.15117,-3.447491,-61.83732
chr7,15670544,15670978,-,1,14.767736,-11.889084,3.1611834,-1.016382,-18.10695,-37.647835
chr7,15806105,15806540,-,1,15.941181,-13.046189,-1.1064521,2.2926595,-4.910693,6.34127
chr7,15811994,15812429,-,1,16.353592,-13.402684,-1.1113448,2.3090205,-4.8605847,6.4197893
chr7,17640605,17641098,-,1,18.238596,-14.521857,3.350661,8.100897,-55.037693,-5.707277
chr7,17646549,17647042,-,1,18.238596,-14.521857,3.3719134,8.1369,-55.037693,-5.707277
chr7,18763661,18764153,-,-1,19.20976,-15.419887,-4.96701,20.92822,-71.43515,-3.0947838
chr7,18769565,18770057,-,-1,19.345531,-15.638505,-4.6661043,21.332031,-70.42102,0.7722894
chr7,18869467,18869916,+,-1,16.976355,15.051245,8.878214,11.822368,45.28035,29.826342
chr7,18871013,18871505,+,-1,18.259619,16.316515,8.755548,11.728481,46.081573,29.044998
chr7,19897092,19897527,+,0,15.521957,13.930459,13.292338,13.190073,47.836437,-30.595802
chr7,19903011,19903446,+,0,15.5559225,14.15789,13.276649,13.220848,48.090946,-30.876143
chr7,20307646,20308139,-,1,18.803194,-13.875516,5.158545,4.363646,-46.85094,-2.511718
chr7,20322399,20322892,-,1,19.133959,-14.035953,5.143077,4.3677025,-46.19199,-1.8699727
chr7,20985956,20986449,-,1,18.645618,-13.629631,5.1475782,4.354153,-46.832233,-2.4902008
chr7,21000787,21001280,-,1,19.28117,-14.641266,5.168348,4.344425,-45.995213,-1.9480318
chr7,21244734,21245227,-,1,19.100956,-14.172884,5.1638975,4.3435707,-45.985565,-2.4505897
chr7,21250711,21251204,-,1,19.132559,-14.269169,5.172311,4.3514695,-45.981125,-2.385899
chr7,22303298,22303791,-,1,18.803194,-13.875516,5.1721244,4.361457,-46.85094,-2.511718
chr7,22318051,22318544,-,1,19.133959,-14.035953,5.1773696,4.3456073,-46.19199,-1.8699727
chr7,23638238,23638723,-,1,18.668192,-14.265493,5.226054,3.084999,-43.46018,-9.184411
chr7,25495707,25496200,-,1,19.351313,-14.424507,4.4137278,4.396542,-50.06731,4.49648
chr7,25501650,25502143,-,1,19.222765,-14.980375,4.3403373,4.7310424,-51.22002,6.514603
chr7,25542337,25542830,+,-1,17.849928,15.362398,18.122955,15.166677,50.996876,-3.9932182
chr7,25548242,25548735,+,-1,17.97186,15.588099,18.144323,15.234238,51.0262,-4.025377
chr7,25820268,25820702,+,0,15.198626,13.412899,13.762046,13.061284,41.741062,-35.317253
chr7,26651996,26652489,+,0,17.512365,15.35816,15.013599,-0.35249206,17.920864,43.201042
chr7,26657901,26658394,+,0,17.512365,15.35816,15.060944,-0.30589363,17.920864,43.201042
chr7,26922822,26923317,-,1,19.147537,-14.978887,5.031996,3.8857794,-39.875008,-0.12765546
chr7,26928790,26929285,-,1,18.926441,-14.331015,5.0770717,3.8913558,-39.858467,0.015758865
chr7,29661770,29662263,-,-1,18.952873,-15.094006,-0.9196906,7.403329,-15.846247,37.1265
chr7,29667705,29668198,-,-1,18.952873,-15.094006,-0.9284677,7.408346,-15.846247,37.1265
chr7,31955228,31955661,+,0,15.245727,13.569499,13.72833,13.435871,45.364754,-36.298176
chr7,31957628,31958061,+,0,15.195805,13.811494,13.731363,13.3589525,45.47552,-36.000957
chr7,32687649,32688082,+,0,15.346445,13.529893,13.807298,13.38716,44.73786,-36.660892
chr7,32690049,32690482,+,0,15.129912,13.727373,13.731878,13.375103,45.675705,-36.378017
chr7,32914545,32914978,+,0,15.346445,13.529893,13.761265,13.372065,44.73785,-36.66084
chr7,32916945,32917378,+,0,15.129912,13.727373,13.70076,13.369191,45.675617,-36.377876
chr7,33974919,33975412,+,0,17.793205,16.029402,17.659033,-0.076348685,27.141827,37.163006
chr7,34524519,34525011,-,-1,19.48796,-15.250346,-8.656618,6.017781,-39.206654,41.9731
chr7,34530462,34530954,-,-1,19.48796,-15.250346,-8.668899,6.0562725,-40.202995,41.49759
chr7,38467881,38468370,+,0,18.599716,16.140085,17.540152,6.241203,24.458376,-11.535805
chr7,38742946,38743434,+,0,17.776808,15.907908,17.471092,6.100576,26.34573,-10.508962
chr7,38881871,38882359,+,0,17.005442,15.198256,17.458612,6.0048394,27.703047,-10.938534
chr7,38978476,38978922,+,0,16.229374,14.984971,14.052258,13.06205,40.841408,-31.908606
chr7,39117770,39118260,+,0,18.037325,15.411895,17.447956,6.1603603,26.716314,-10.080037
chr7,39237058,39237546,+,0,17.28915,15.49119,17.470837,5.8762407,27.765125,-11.175676
chr7,39333705,39334151,+,0,16.098223,14.81612,14.057395,13.065723,40.923447,-31.917776
chr7,39390315,39390805,+,0,18.037325,15.411895,17.483984,6.148632,26.716412,-10.080094
chr7,42853162,42853654,+,0,18.10917,15.349985,17.836853,5.5686483,20.99627,-4.7955923
chr7,43179768,43180261,-,1,19.09339,-14.841044,3.202339,3.503789,-25.549995,0.7164941
chr7,44021577,44022017,+,0,15.884125,14.841572,13.450413,13.224182,48.770382,-33.569386
chr7,44027501,44027941,+,0,16.045088,14.836939,13.330076,13.253867,48.53116,-33.622646
chr7,44156019,44156511,+,-1,18.57886,16.239574,11.178161,21.95863,64.92498,-3.0843863
chr7,44161962,44162454,+,-1,18.57886,16.239574,11.15393,21.934444,64.92498,-3.0843863
chr7,48541752,48542243,-,-1,19.299519,-15.036106,-8.71795,5.990232,-38.368942,40.73107
chr7,48547638,48548129,-,-1,19.32012,-15.059623,2.1275613,-7.8918653,-43.034706,38.993427
chr7,52138560,52139053,-,1,19.582186,-15.437621,5.097186,3.9185896,-40.341557,-1.165272
chr7,52144465,52144958,-,1,19.582186,-15.437621,5.081381,3.8827958,-40.34101,-1.1653086
chr7,56946680,56947168,-,1,18.769192,-14.879127,3.3952503,1.0638834,-17.68367,-19.484838
chr7,57355522,57356015,+,0,17.818468,15.555484,17.694613,5.853136,18.660755,-6.412061
chr7,58160996,58161489,-,1,18.90445,-14.589831,5.100854,3.8847365,-41.15644,-0.9656824
chr7,58166978,58167471,-,1,18.863476,-14.8323555,5.0826726,3.8508677,-41.124344,-0.32176566
chr7,58751735,58751916,+,0,4.7571473,4.63326,10.349209,10.411907,16.328735,-60.165653
chr7,59670020,59670507,+,0,16.458937,13.892428,17.016005,7.1997423,14.458053,-18.69965
chr7,61804576,61805095,+,0,15.6318245,12.320041,14.533534,8.384312,7.8081985,-26.0642
chr7,61867124,61867617,+,0,17.125156,15.402468,16.39374,6.2746854,28.623537,-18.110401
chr7,62620265,62620756,-,-1,19.299519,-15.036106,-8.609972,5.88356,-38.30595,40.098103
chr7,62626168,62626659,-,-1,19.299519,-15.036106,-8.71326,5.984448,-38.68283,40.263653
chr7,63372975,63373467,-,-1,19.301207,-15.095931,-2.8716793,-6.367481,-46.29149,47.06367
chr7,65260087,65260580,+,0,18.11006,15.901959,17.69237,3.6585526,25.088472,12.083937
chr7,65266064,65266557,+,0,18.486715,16.21457,17.640873,3.5644405,25.274954,11.731139
chr7,67778296,67778783,-,1,18.726229,-15.261489,4.0785933,3.666916,-34.095654,0.5525589
chr7,68753164,68753656,-,-1,19.632496,-15.460698,-0.1872451,-2.8272548,-56.10656,18.617887
chr7,69230118,69230552,-,1,16.273312,-13.707508,-0.6633284,1.8018203,-0.95245826,5.7376413
chr7,69607222,69607721,-,1,19.940989,-15.785344,3.9218044,3.4391208,-30.627502,4.7176247
chr7,72555859,72556352,-,1,18.540667,-14.911404,3.851082,1.7772459,-20.849388,-11.640596
chr7,72999961,73000000,-,0,1.1419209,-0.95558846,7.9233956,8.630764,-1.8854142,-59.42085
chr7,73000000,73000454,-,1,17.729836,-13.655703,3.5303814,1.8372822,-21.411072,-14.468703
chr7,73672202,73672695,-,1,19.716621,-15.591734,4.2961984,3.3240814,-33.07844,3.812683
chr7,73678220,73678713,-,1,18.983036,-14.939844,4.1961803,2.8439922,-27.270342,-10.544835
chr7,74494473,74494669,+,0,5.5626616,5.155116,10.3596115,10.531134,17.712915,-60.750515
chr7,75180768,75181260,+,0,18.735767,16.47895,20.458626,5.343631,52.337166,15.800142
chr7,75186711,75187203,+,0,18.735767,16.47895,20.425089,5.31293,53.186623,16.236938
chr7,82828847,82829068,-,0,6.956248,-5.964634,7.9134035,7.364875,-6.5122414,-68.81228
chr7,83418795,83419288,+,0,17.9115,15.245227,17.45366,6.2837787,23.55595,-11.756829
chr7,83424719,83425212,+,0,18.24849,15.634217,17.505213,6.2225456,23.43644,-11.950549
chr7,84751046,84751539,+,0,17.765762,15.993805,17.660313,-0.082502924,26.978363,37.632454
chr7,85177879,85178370,-,-1,19.299519,-15.036106,-8.653162,5.924806,-37.82272,41.151722
chr7,85183782,85184273,-,-1,19.299519,-15.036106,-8.773891,5.919127,-37.708656,40.66485
chr7,85880253,85880433,+,0,5.104709,4.9173555,10.263086,10.374497,16.700693,-61.63711
chr7,87614721,87615213,-,-1,19.16525,-15.490227,-4.4535513,21.031776,-75.49469,1.3116922
chr7,87620664,87621156,-,-1,19.16525,-15.490227,-4.4227557,20.997309,-75.49469,1.3116922
chr7,89374024,89374516,+,-1,18.199732,16.043985,14.66627,-3.407723,9.111298,30.621525
chr7,89379967,89380459,+,-1,18.199732,16.043985,14.683612,-3.4258144,9.111298,30.621525
chr7,89857881,89858373,-,-1,19.520523,-15.363154,-2.8895252,9.981309,-50.038284,28.13167
chr7,89863824,89864316,-,-1,19.316874,-15.109128,-2.8894963,9.981349,-49.777004,28.218836
chr7,92968248,92968741,-,1,19.685032,-15.618835,1.773131,4.146838,-45.947613,19.964235
chr7,92974192,92974685,-,1,19.685032,-15.618835,1.7669061,4.145822,-45.94757,19.964186
chr7,93198582,93198768,-,0,5.4173713,-4.701614,8.027353,7.4660606,-5.4489837,-68.80997
chr7,93912991,93913478,-,1,19.17461,-14.650912,3.8267226,1.5450494,-16.496426,-12.318865
chr7,97114411,97114903,-,1,19.409828,-15.060104,3.1813068,3.368107,-21.593538,2.7022421
chr7,97120388,97120880,-,1,19.164202,-15.006123,3.1153398,3.4495003,-21.720081,2.7205377
chr7,98296026,98296525,+,0,18.253029,15.440387,17.201927,3.0996811,28.181639,18.821817
chr7,98301967,98302466,+,0,18.253029,15.440387,17.186518,3.0690253,28.18164,18.821926
chr7,99779355,99779826,+,0,16.315659,14.917787,16.607744,6.3026304,27.680073,-16.222193
chr7,100519420,100519857,-,1,16.49624,-13.809784,-1.1059474,2.697576,-5.1564693,11.889732
chr7,103260769,103261256,-,1,18.65057,-14.208782,3.6666553,1.2987033,-20.220537,-20.366755
chr7,103267001,103267435,-,1,15.346696,-12.564738,-0.25522643,1.4981186,-0.80980843,-0.015891064
chr7,103415552,103416039,+,0,18.641987,16.211123,17.103806,4.023641,32.64239,9.446944
chr7,104514190,104514678,+,0,17.89305,15.6172285,16.89107,7.00419,17.729801,-17.702618
chr7,104520676,104521169,+,0,18.67837,16.331203,18.161818,4.370389,21.197895,7.2234473
chr7,106284576,106284636,-,0,0.6537074,-0.09197392,9.983245,7.8222575,0.61969495,-55.72748
chr7,107056251,107056346,+,0,2.9610631,2.728604,10.070191,9.175979,8.258795,-58.704407
chr7,109117842,109118335,-,-1,18.598778,-14.227641,6.2033668,-14.821841,-25.276617,57.31245
chr7,109123817,109124310,-,-1,18.51398,-14.192927,6.174851,-14.780167,-25.287428,57.056583
chr7,115907568,115907750,-,0,5.4038644,-4.342801,7.974928,7.48076,-4.813551,-67.4572
chr7,116950235,116950733,-,-1,19.7185,-15.405025,-1.816254,-8.348827,-47.988438,44.55356
chr7,118434873,118435348,+,0,17.248251,15.891198,12.994009,12.901015,47.738575,-26.870989
chr7,118473135,118473767,-,1,13.453778,-7.745247,2.5465736,-0.41110784,-5.407712,-14.565279
chr7,119397936,119398429,+,0,18.698784,15.900012,17.133884,6.2287617,20.422956,-14.5956135
chr7,119430256,119430749,-,-1,19.275377,-14.89493,6.5732517,-16.309443,-23.563868,59.878326
chr7,122910913,122911412,-,1,19.778187,-15.372721,5.1561027,4.308699,-44.600113,-3.7403755
chr7,122916896,122917395,-,1,19.778187,-15.372721,5.1491404,4.3123374,-44.60008,-3.7403884
chr7,122962404,122962897,-,1,19.57947,-15.404533,3.352853,3.38352,-23.887299,-0.667152
chr7,125298370,125298868,-,-1,19.524578,-15.387447,14.611783,-15.942411,-8.5582,39.492107
chr7,125304280,125304778,-,-1,19.524578,-15.387447,14.647643,-15.906771,-8.710643,38.3025
chr7,125902331,125902822,+,-1,18.250862,16.40128,26.76469,17.931759,43.298996,42.10052
chr7,125908234,125908725,+,-1,18.250862,16.40128,26.74754,17.99356,43.29897,42.100582
chr7,127731967,127732465,-,-1,19.755877,-15.556857,2.1272836,-7.892199,-43.961567,40.53156
chr7,127737916,127738414,-,-1,19.755877,-15.556857,2.1272757,-7.8922796,-44.205402,40.286568
chr7,128315523,128315967,+,0,16.144142,14.677372,13.173638,13.38361,51.48929,-33.27535
chr7,128826112,128826580,+,0,16.233166,14.584209,14.268886,12.840971,38.26423,-26.754168
chr7,129667111,129667610,+,0,18.313202,16.223516,16.865278,3.3948894,26.71045,22.366545
chr7,129807504,129808001,+,0,17.421741,14.781957,17.16609,3.9771302,32.464386,7.67826
chr7,130345217,130345710,-,-1,19.275377,-14.89493,6.5829573,-16.319998,-23.369322,61.086735
chr7,130351163,130351656,-,-1,19.275377,-14.89493,6.6156983,-16.344837,-23.369322,61.086735
chr7,130440914,130441407,-,1,18.95799,-14.84345,3.8860538,1.8489777,-21.80592,-11.672563
chr7,130446819,130447312,-,1,18.95799,-14.84345,3.8082983,1.9804325,-21.805115,-11.672569
chr7,130594266,130594329,-,0,2.0078468,-1.6911767,10.08894,6.984015,-7.0201592,-52.638615
chr7,132023432,132023924,+,-1,18.460936,16.66865,27.109186,17.493721,46.408833,46.271187
chr7,132926321,132926840,+,0,16.243626,13.906185,14.263685,8.330707,5.921445,-25.527239
chr7,138916934,138917427,+,0,18.260448,16.108248,18.079315,3.7307804,18.341423,10.831859
chr7,139111935,139112427,+,-1,18.156012,16.34502,26.971918,17.83261,37.85874,43.559696
chr7,139117839,139118331,+,-1,17.872814,16.061943,26.992203,17.78997,37.812817,43.496964
chr7,140014720,140014758,-,0,1.0086484,-0.74484766,7.946767,8.6696415,-1.3672554,-58.921867
chr7,140021337,140021798,-,1,17.754387,-14.1813345,3.3112195,1.9631797,-24.09123,-15.256318
chr7,140027242,140027735,-,1,18.850384,-15.084903,3.3451643,1.9409909,-24.29336,-15.369978
chr7,140349172,140349665,+,0,18.385292,16.027515,18.264301,4.439724,22.070621,3.7952516
chr7,140432279,140432772,-,1,18.499714,-14.346995,4.125084,3.645841,-34.99021,-3.280778
chr7,140435307,140435546,+,0,9.24486,7.3447,12.196751,8.80461,9.39176,-42.759163
chr7,141019587,141019776,+,0,5.832233,5.4074707,10.293528,10.431343,16.94111,-60.005074
chr7,141935699,141936191,+,0,17.21742,15.066353,16.7964,6.8787146,18.389648,-17.45285
chr7,143824163,143824655,+,-1,18.211931,15.646817,12.314357,-2.2026188,17.3724,52.83901
chr7,143849351,143849843,-,1,19.760092,-15.872817,1.9003652,4.119605,-47.693462,19.20878
chr7,143855255,143855747,-,1,19.760092,-15.872817,1.9042718,4.1180005,-47.692924,19.2095
chr8,3099272,3099760,-,1,18.0189,-14.339271,3.317807,0.95684636,-14.027974,-18.434721
chr8,3772635,3773134,+,0,18.876228,16.57488,17.097145,3.9449055,31.051352,11.666406
chr8,3778619,3779118,+,0,18.368593,15.786463,17.190714,3.8322856,30.413815,11.715666
chr8,3779303,3779822,-,1,16.336975,-11.215477,2.5775115,-0.42635408,-17.841654,-30.60591
chr8,3785794,3786018,-,0,5.3839107,-4.7117124,8.038438,7.428036,-6.8664184,-67.25495
chr8,3786457,3786719,-,0,9.047718,-5.340135,10.171842,6.428982,-10.353159,-45.844734
chr8,4074643,4075136,+,0,18.146055,15.829693,16.954712,4.1506367,30.968927,12.72001
chr8,5440846,5441339,-,1,19.537514,-14.996011,3.8872857,3.6082325,-33.19001,-1.2041215
chr8,6558949,6559442,-,1,17.909842,-13.579107,4.1903896,2.620164,-28.267035,-11.171192
chr8,6864698,6865199,+,0,15.558513,12.706163,14.955546,8.123913,10.01044,-23.864948
chr8,7259969,7260461,-,-1,19.294039,-15.232768,-0.8654247,7.4116955,-15.253943,36.223103
chr8,7265873,7266365,-,-1,19.294039,-15.232768,-0.80179656,7.3522573,-15.253943,36.223103
chr8,7608604,7609092,-,1,18.722883,-14.576008,3.1921372,1.335116,-15.506765,-17.153725
chr8,10334549,10335040,-,1,19.203146,-14.546187,3.2360678,1.5976921,-17.321722,-15.136277
chr8,10552978,10553471,-,-1,19.275377,-14.89493,6.5244617,-16.361279,-23.563868,59.878326
chr8,13860723,13861215,-,-1,19.48796,-15.250346,-8.662649,6.0008035,-39.820145,41.163696
chr8,13866666,13867158,-,-1,19.48796,-15.250346,-8.68599,6.028691,-40.51901,41.953663
chr8,14240986,14241479,+,0,18.450815,16.327168,17.806456,4.310924,28.140318,7.379439
chr8,14242300,14242793,+,0,18.450815,16.327168,17.773407,4.260977,28.140352,7.3793955
chr8,15692023,15692514,-,-1,19.075638,-15.331108,-4.9352736,21.207243,-72.71368,6.7694635
chr8,15697926,15698417,-,-1,19.075638,-15.331108,-4.8876452,21.272795,-72.71355,6.7693787
chr8,17066815,17067314,-,1,19.59997,-15.861648,3.275693,7.8999677,-58.563072,-3.9053802
chr8,17072798,17073297,-,1,19.59997,-15.861648,3.2364194,7.8655457,-58.563087,-3.905363
chr8,19947097,19947378,+,0,11.457475,9.304751,12.675177,8.974076,9.97819,-40.191807
chr8,21258097,21258588,-,-1,18.763887,-15.095401,-0.20945662,6.5387883,-17.035664,28.569847
chr8,21264067,21264560,-,-1,18.749914,-14.863239,-0.21889602,6.5486684,-17.187004,28.751886
chr8,21516441,21516976,-,1,20.46534,-15.994227,5.0522547,3.7380338,-36.741257,9.102006
chr8,21522388,21522923,-,1,20.46534,-15.994227,5.0431843,3.7521877,-36.741257,9.102006
chr8,21626502,21626942,-,1,15.922957,-13.332711,-1.1983252,2.2246566,-8.541252,9.896429
chr8,21632423,21632916,-,-1,18.596745,-14.871324,-0.21387827,6.5439,-17.242573,28.859894
chr8,21942590,21943083,+,0,18.1359,15.288341,17.295317,6.0937243,21.136055,-10.76816
chr8,21951395,21951888,-,1,19.453865,-15.180164,4.5124025,3.2796295,-34.43704,3.9184234
chr8,22088284,22088654,+,0,13.244998,11.452262,16.84174,4.363479,41.55637,3.0194318
chr8,23369335,23369827,-,-1,19.345531,-15.638505,-4.7310543,21.38884,-70.845955,2.0509958
chr8,23372579,23373071,-,-1,19.299751,-15.310085,-4.7540483,21.287235,-71.60784,4.786934
chr8,24177585,24178084,-,1,19.591137,-15.545426,3.229357,3.542799,-26.204721,1.8081286
chr8,27313897,27314337,-,1,16.429924,-13.431475,-1.1223973,2.2389224,-3.357073,8.58862
chr8,29257184,29257682,-,-1,19.416452,-15.372003,-0.89044356,7.435883,-14.553435,38.41664
chr8,29263094,29263592,-,-1,19.416452,-15.372003,-0.8598318,7.403464,-14.553503,38.41643
chr8,29980562,29981055,+,0,17.730797,15.033365,14.955662,-0.43242183,20.662275,44.840637
chr8,29986539,29987032,+,0,17.730797,15.033365,14.883686,-0.50340617,20.662275,44.840637
chr8,31745163,31745785,-,1,21.367819,-14.538063,2.4798222,-0.5152872,-20.342567,-30.690567
chr8,34295742,34296229,-,1,19.113878,-14.871865,3.6006048,1.5448377,-14.970198,-14.618414
chr8,37470075,37470568,+,-1,18.479965,15.771304,7.6560707,18.410212,39.913815,9.256658
chr8,43914432,43914924,-,-1,19.256662,-15.080936,-1.1261945,8.050936,-11.203176,36.326267
chr8,43920336,43920828,-,-1,19.256662,-15.080936,-1.2120564,8.144058,-11.13113,36.913433
chr8,44606212,44606704,+,-1,18.290176,16.512215,27.067625,17.916971,38.55606,44.39982
chr8,46985351,46985791,-,1,16.687147,-13.7152,-1.2086318,2.4176455,-2.7150614,9.7574625
chr8,51488135,51488568,-,1,14.627065,-11.825382,0.032725926,1.3415349,-2.4765532,-3.0324404
chr8,51553412,51553905,+,0,18.321129,16.002829,17.234177,6.21286,19.19692,-14.448153
chr8,51974817,51975304,+,0,18.173716,15.465341,17.305737,6.3339105,18.78254,-11.456301
chr8,52563712,52564206,+,0,15.87012,13.313938,14.933496,8.153867,9.9676,-24.396385
chr8,54983720,54984212,-,-1,19.145939,-15.408338,-4.421913,20.99779,-75.49571,1.2496814
chr8,55090658,55091152,+,0,16.599945,14.132901,14.849161,8.200864,9.271606,-23.76974
chr8,55440686,55441228,+,0,19.3295,16.821842,16.929432,7.1862445,13.276775,-17.245815
chr8,55574132,55574652,+,0,18.6929,16.09694,16.973896,7.167375,13.170948,-17.224035
chr8,55643721,55644240,+,0,16.912455,13.441743,14.406719,8.3547125,5.9339037,-24.270472
chr8,56743773,56744266,+,0,18.379288,16.09982,18.051794,4.054417,25.552937,8.43289
chr8,56749745,56750238,+,0,18.624645,16.178326,18.005833,4.089045,25.568287,8.414551
chr8,59226915,59227347,-,1,14.058123,-10.83542,0.08356304,1.2954414,-3.493858,-3.1936855
chr8,59310909,59311290,-,1,14.922203,-11.469802,3.4748158,-1.5848186,-18.508053,-39.77753
chr8,60340543,60341036,+,0,17.744452,15.752642,16.581535,3.8169093,33.94838,15.948387
chr8,61918296,61918789,-,1,18.333157,-14.73078,3.2079608,1.5602897,-16.655151,-15.390582
chr8,64972415,64972920,+,0,18.81503,16.74762,18.051401,3.745376,21.672585,10.759396
chr8,64978394,64978899,+,0,18.81503,16.74762,18.06802,3.6734748,21.672585,10.759396
chr8,66060080,66060539,+,-1,17.4871,15.676244,6.09165,14.35616,53.781273,23.411161
chr8,66214243,66214282,+,0,0.74942017,0.48123643,10.014721,7.9305816,1.5178105,-54.92603
chr8,69031942,69032429,+,0,18.461695,15.557247,17.074223,6.278417,20.52417,-14.760564
chr8,71794515,71795008,-,1,18.491415,-13.997254,4.1969323,2.0880032,-18.87339,-8.136294
chr8,72455903,72456396,-,1,19.534632,-15.354628,3.6063275,1.5924957,-21.384953,-17.800423
chr8,73592639,73593132,-,1,19.304977,-15.362956,3.7640872,3.729567,-29.881582,1.6289797
chr8,74043662,74044154,-,-1,19.090105,-15.072682,-0.50178915,16.315159,-55.235435,-33.731262
chr8,74049605,74050097,-,-1,19.090105,-15.072682,-0.5228561,16.351875,-55.235435,-33.731262
chr8,74631426,74631925,-,1,19.026812,-14.909487,4.113128,2.6139262,-26.01374,-10.058536
chr8,75175720,75176212,+,-1,18.199732,16.043985,14.686913,-3.4241521,9.111298,30.621525
chr8,75181624,75182116,+,-1,18.199732,16.043985,14.725131,-3.4687605,9.111298,30.621525
chr8,80697737,80698231,+,0,18.190317,15.784828,17.197018,5.445725,19.584202,-9.071043
chr8,84156471,84156990,+,0,17.213879,13.654102,14.403341,8.373644,5.2843833,-24.302761
chr8,85702392,85702885,-,-1,18.776762,-14.505161,19.350222,-2.8202844,-35.711918,13.542098
chr8,86286661,86287070,+,0,15.852018,13.865173,12.979911,9.33356,15.039537,-37.984417
chr8,86288025,86288518,+,0,18.819191,16.309801,18.20498,4.571537,21.376366,3.1713765
chr8,86678956,86679448,+,-1,18.57886,16.239574,11.17095,21.951492,64.92498,-3.0843863
chr8,86684900,86685392,+,-1,18.57886,16.239574,11.170592,21.9512,64.53913,-2.2885761
chr8,95114677,95115170,-,-1,18.552155,-14.677916,-3.8552246,0.0281162,-33.51133,22.033815
chr8,95120618,95121111,-,-1,18.552155,-14.677916,-3.860522,0.022988508,-33.51133,22.033815
chr8,95412128,95412619,+,-1,18.405664,16.019394,11.159325,21.939966,63.111073,-2.452932
chr8,95418070,95418561,+,-1,18.405664,16.019394,11.169492,21.950138,63.111073,-2.452932
chr8,96114538,96115073,+,0,19.544596,17.043846,17.233704,3.1143203,23.840902,19.302294
chr8,96669261,96669777,-,1,15.918329,-10.016619,2.5747747,-0.5119695,-17.000484,-31.349407
chr8,97712023,97712511,-,1,17.856218,-14.182772,3.2665536,0.9960794,-16.432566,-20.510887
chr8,98483915,98484409,-,1,15.832802,-12.0805,2.5840676,-0.11946053,-17.438202,-27.609543
chr8,99561907,99562422,+,0,15.96015,12.358057,14.230522,8.329601,4.869441,-25.886051
chr8,106444033,106444313,+,0,11.954257,9.935987,12.613925,9.012421,11.130126,-41.3167
chr8,107732117,107732610,+,-1,18.092663,15.743887,18.15615,15.249951,51.236073,-4.839813
chr8,107738094,107738587,+,-1,18.092663,15.743887,18.156672,15.247721,51.236073,-4.839813
chr8,108117072,108117565,-,-1,19.25087,-14.7506,6.194451,-14.802091,-26.798445,56.83378
chr8,108122977,108123470,-,-1,19.25087,-14.7506,6.15084,-14.7490225,-26.798445,56.83378
chr8,109065847,109066338,+,0,17.918877,15.700926,16.843552,7.042627,17.95119,-19.737747
chr8,115280737,115281230,+,0,18.198364,16.16845,17.5779,3.868849,27.143967,11.323409
chr8,121323143,121323176,-,0,0.9918859,-0.7863777,7.956784,8.667627,-1.8759801,-58.612576
chr8,124032604,124032924,-,1,12.8078785,-10.406304,3.5495796,-1.6914152,-17.957264,-42.941113
chr8,124127315,124127808,+,0,18.015333,15.633445,17.706938,5.415366,25.484556,-5.231986
chr8,124133253,124133746,+,0,18.015333,15.633445,17.715624,5.349782,25.484564,-5.232056
chr8,124846027,124846520,-,-1,19.003902,-14.675027,6.1271825,-14.347688,-29.56076,59.55866
chr8,124851971,124852464,-,-1,19.003902,-14.675027,6.127642,-14.350387,-29.56076,59.55866
chr8,127468954,127469342,-,1,14.740297,-11.228442,3.5059512,-1.6193006,-19.144325,-40.563416
chr9,3331813,3332306,-,1,19.202534,-15.035133,3.963547,3.3187559,-31.38837,3.7801354
chr9,4333737,4334177,+,0,15.167585,13.26261,14.49277,13.002244,37.19751,-34.781364
chr9,8048217,8048714,+,-1,17.901833,15.537876,18.207918,15.304885,49.345222,-5.8806834
chr9,8054165,8054662,+,-1,17.901833,15.537876,18.23918,15.337522,49.350346,-5.8807306
chr9,9631331,9631825,+,0,17.338022,15.422574,17.224762,4.9628105,32.800243,-5.3320932
chr9,14419316,14419814,-,-1,19.481842,-15.373384,-1.8208122,-8.338955,-47.563892,43.667873
chr9,14425265,14425763,-,-1,19.481842,-15.373384,-1.8208408,-8.338946,-47.563892,43.667873
chr9,17425112,17425552,-,1,16.19448,-13.323197,-1.106711,2.319335,-5.893312,7.420448
chr9,18048696,18049190,-,1,18.150936,-14.086366,3.194265,1.4227761,-16.545359,-16.46372
chr9,20367764,20368257,-,1,19.097366,-15.288341,3.333849,8.03899,-57.698555,-5.2493205
chr9,20373669,20374162,-,1,19.097366,-15.288341,3.405945,8.03811,-57.698627,-5.249366
chr9,20407414,20407854,-,1,15.72714,-12.818103,-0.035338443,1.389407,-1.9918711,-1.4637119
chr9,20417124,20417623,-,1,19.115473,-14.939587,5.063335,3.7752917,-43.35703,0.50490564
chr9,20619187,20619679,-,-1,19.345531,-15.638505,-4.7327847,21.387749,-72.170906,2.4585505
chr9,20625091,20625583,-,-1,19.14791,-15.507291,-4.5755196,21.134333,-69.70073,5.9463964
chr9,22233139,22233633,+,0,18.444948,16.031452,14.900461,-0.4661377,16.607471,45.827087
chr9,22718870,22719362,-,-1,19.48796,-15.250346,-8.6770735,6.011377,-39.998886,42.34122
chr9,22724813,22725305,-,-1,19.48796,-15.250346,-8.6322365,6.0845423,-39.443783,42.43544
chr9,22920017,22920509,-,-1,19.256662,-15.080936,-1.1928146,8.126758,-10.628289,36.082912
chr9,22925921,22926413,-,-1,19.256662,-15.080936,-1.1849643,8.116552,-10.589511,36.80157
chr9,23516215,23516655,-,1,16.611637,-13.434031,-1.3213323,2.4183803,-6.835304,8.462876
chr9,24121459,24121952,+,0,18.686106,16.502134,18.490717,4.2425013,25.336672,4.099595
chr9,25812741,25813228,-,1,18.272408,-14.794177,3.325335,1.0291083,-17.066603,-19.77081
chr9,30352662,30352711,+,0,1.4312787,1.4764525,10.065137,8.636741,3.3612645,-57.805515
chr9,30690407,30690846,+,0,15.721575,14.781846,12.326068,13.635905,55.17745,-25.347721
chr9,30696258,30696697,+,0,15.681705,14.90068,12.333661,13.630274,54.688152,-25.795696
chr9,31430699,31431070,+,0,15.005856,13.12388,12.974149,9.351164,14.282174,-38.69248
chr9,35388364,35388835,-,1,17.502731,-13.633208,3.1201162,6.0090284,-24.249643,14.341472
chr9,35394323,35394795,-,1,17.011623,-13.271866,3.107932,6.1061726,-24.016733,14.794661
chr9,35797337,35797890,-,1,16.843527,-10.927136,2.556775,-0.49214277,-18.418064,-31.728615
chr9,35814440,35814892,-,1,17.282919,-14.415203,-0.36171135,1.5804807,-2.6553996,2.0280998
chr9,36353285,36353754,+,0,17.27837,14.954672,17.343987,5.9712577,25.391447,-12.388611
chr9,37441767,37442232,+,0,16.877943,14.610662,17.436426,4.0218625,46.488026,-22.107246
chr9,37447716,37448156,+,0,15.937602,14.547811,13.178526,13.263648,50.266853,-32.030003
chr9,37978710,37979204,+,0,17.76871,15.636757,17.945967,5.4209933,23.224318,-3.2329457
chr9,39334594,39335087,+,0,18.431528,16.196634,17.857761,3.4391384,23.08164,12.348743
chr9,40097526,40097960,-,1,15.254496,-11.824949,0.051212337,1.351523,-3.8216279,-2.6504974
chr9,44009067,44009248,+,0,4.6527047,4.678911,10.2336035,10.303005,15.54173,-60.800667
chr9,44214298,44214796,-,-1,19.529911,-15.56795,-2.7318563,18.746538,-64.88546,3.535728
chr9,44220247,44220745,-,-1,19.529911,-15.56795,-2.7313447,18.746254,-64.88546,3.535728
chr9,44251271,44251383,-,0,1.9114819,-0.7950964,9.985734,7.8618884,0.1465142,-53.109646
chr9,46285327,46285820,+,0,18.060078,15.678046,17.456291,4.9164977,31.350904,-2.9423904
chr9,50081988,50082486,+,-1,18.781986,16.782951,12.273282,-1.5686923,20.147652,53.790543
chr9,50087898,50088396,+,-1,18.871372,16.8972,12.277812,-1.6315162,20.127178,53.7772
chr9,53865362,53865489,-,0,2.8015795,-2.4099019,9.016113,7.704957,0.90947163,-64.254036
chr9,55521173,55521665,+,-1,18.436626,16.107134,8.8547,11.825939,46.69391,31.720394
chr9,57767883,57768081,+,0,5.7368474,5.17074,10.319274,10.460941,18.308838,-61.838737
chr9,59046269,59046767,-,-1,19.311861,-15.15396,-0.4846902,16.317478,-55.07747,-35.385834
chr9,59052218,59052716,-,-1,19.311861,-15.15396,-0.57469374,16.28111,-55.07747,-35.385834
chr9,60042312,60042722,-,1,14.534771,-11.414328,0.10924392,1.2700016,-2.1940393,-3.831856
chr9,61264465,61264659,+,0,2.3523421,0.5422646,9.972754,7.9708905,1.2936385,-51.955875
chr9,62408704,62408987,-,0,12.384654,-9.103653,10.38277,6.197655,-14.011593,-46.828896
chr9,62410099,62410282,-,0,5.4737573,-4.755272,7.880229,7.548951,-5.8156166,-67.99281
chr9,62861831,62862323,-,-1,19.337519,-15.069717,-8.648587,6.0974274,-36.318027,43.20094
chr9,62867807,62868299,-,-1,19.337519,-15.069717,-8.602754,6.1452255,-36.318027,43.20094
chr9,67198623,67199115,+,-1,18.536028,16.112484,18.292233,15.169539,52.65147,-4.0511017
chr9,67204566,67205005,+,0,15.817495,14.418039,13.795847,13.473742,52.68954,-17.91554
chr9,67514040,67514469,+,0,14.14285,12.758991,14.825021,12.682812,32.223167,-34.396145
chr9,67538490,67538982,+,0,17.460617,15.232741,17.053986,4.3498526,34.094883,30.120401
chr9,69918409,69918900,-,-1,19.157087,-15.424266,-4.7649384,21.406744,-72.55254,-1.4961658
chr9,71114431,71114923,-,1,17.834312,-14.782105,3.0611346,6.45653,-23.230309,16.401714
chr9,71120374,71120866,-,1,17.834312,-14.782105,3.0790305,6.4401665,-23.230309,16.401714
chr9,71421074,71421566,+,0,18.735767,16.47895,20.445238,5.308047,52.942303,15.80052
chr9,71434125,71434617,+,0,18.735767,16.47895,20.427721,5.3123407,52.870853,16.68395
chr9,72895852,72896350,-,-1,19.91665,-15.32978,-0.004001214,-2.3296187,-50.20582,15.752037
chr9,72900340,72900838,-,-1,19.91665,-15.32978,-0.008649453,-2.3408167,-50.20582,15.752037
chr9,77401880,77402372,+,0,18.599335,16.374994,16.283785,4.1332383,50.60592,15.832091
chr9,78282764,78283256,-,-1,19.107285,-15.078354,-1.1949271,8.127629,-10.051629,36.465412
chr9,78288668,78289160,-,-1,18.680555,-14.78064,-1.2059119,8.1456,-9.7128935,35.77527
chr9,80147508,80147697,+,0,5.7545276,5.695563,10.373017,10.512333,17.351234,-60.40229
chr9,81988906,81989340,-,1,15.6653385,-12.548927,0.102554955,1.3635316,-3.8765383,-2.5413666
chr9,83147959,83148255,+,0,12.477857,10.542038,12.676323,9.078542,12.144165,-41.56797
chr9,84513471,84513958,-,-1,19.175049,-14.952497,-8.680946,6.0379066,-41.6867,42.260574
chr9,84515905,84516192,-,0,12.826137,-9.670909,10.456036,6.1157737,-15.168857,-46.99354
chr9,85094779,85095153,+,0,14.457642,12.370606,13.028373,9.34716,13.208566,-37.640076
chr9,86289913,86290406,+,0,18.977592,16.527164,17.475973,4.3867493,25.696638,-2.1210072
chr9,86295895,86296388,+,0,19.171968,16.714874,17.425146,4.446661,25.697788,-2.1098409
chr9,86914894,86915280,-,1,13.898518,-10.291239,2.9850657,-0.8733642,-17.813591,-35.88074
chr9,88810692,88811190,-,1,19.373533,-14.902412,1.265336,4.0620894,-50.984562,20.992321
chr9,88816602,88817100,-,1,19.428549,-14.971033,1.2665291,4.0648184,-50.955082,20.97938
chr9,88873460,88873746,+,0,10.972565,9.64277,12.519037,9.062965,10.656367,-41.798615
chr9,90808145,90808638,-,1,18.800228,-14.746695,5.1109743,3.941324,-41.43408,0.32131803
chr9,90814083,90814576,-,1,18.800228,-14.746695,5.079175,3.864614,-41.43408,0.32131803
chr9,93394811,93395304,-,-1,19.275377,-14.89493,6.6154175,-16.358751,-23.369322,61.086735
chr9,93400788,93401281,-,-1,19.275377,-14.89493,6.574174,-16.3162,-23.369322,61.086735
chr9,94821688,94822180,+,0,18.134474,15.925246,14.931915,1.5111998,20.608883,24.594675
chr9,94827591,94828083,+,0,18.134474,15.925246,14.931994,1.5110403,20.608883,24.594675
chr9,96024599,96025092,-,1,19.187817,-14.849712,3.8173862,1.6228422,-20.874002,-16.713875
chr9,96104892,96105384,-,-1,19.356583,-15.489203,-0.8453354,7.3803353,-16.667706,35.669468
chr9,96110868,96111360,-,-1,19.356583,-15.489203,-0.72963554,7.3150606,-16.667938,35.669334
chr9,99266713,99267211,-,1,19.99063,-16.027494,1.7251942,4.177698,-47.42408,20.799316
chr9,99272623,99273121,-,1,19.99063,-16.027494,1.7236832,4.1793222,-47.42408,20.799316
chr9,99756890,99757382,-,-1,19.632496,-15.460698,-0.18723013,-2.827537,-56.10656,18.617887
chr9,99762833,99763325,-,-1,19.632496,-15.460698,-0.18903643,-2.8305712,-56.42514,18.725168
chr9,100637116,100637614,-,1,18.778963,-14.057078,4.5225887,4.3683343,-49.870728,4.2626514
chr9,102277372,102277865,-,1,19.21392,-15.233314,4.3939953,4.8163877,-51.662018,7.2761517
chr9,102283307,102283800,-,1,19.21392,-15.233314,4.3994136,4.834361,-51.662018,7.2761517
chr9,106258069,106258503,-,1,16.101698,-13.256336,-0.22916616,1.6645347,-4.787282,1.2558485
chr9,106492966,106493458,+,0,17.89439,15.521586,17.573435,5.9879794,22.048334,-7.3975
chr9,106498943,106499383,+,0,15.521414,14.307865,14.5893545,13.043049,37.98992,-30.428526
chr9,108118205,108118391,+,0,5.1713934,5.125246,10.132282,10.205408,17.173183,-62.305378
chr9,108601237,108601604,+,0,14.030584,12.114328,13.017685,9.3496895,12.91557,-37.586468
chr9,108653494,108653928,-,1,14.622685,-11.433235,-0.16604245,1.5126579,-0.45243812,-2.573689
chr9,108665647,108665842,-,0,6.1425037,-5.1627536,7.949444,7.4908056,-3.100269,-68.36771
chr9,109410467,109410960,+,0,18.531067,16.115704,17.851507,3.1050017,21.664787,15.747397
chr9,110032539,110032723,-,0,4.522683,-4.322184,8.188126,7.501493,-6.0989237,-66.77756
chr9,110454875,110455083,+,0,7.9148345,6.9568195,12.1439705,8.766847,8.761087,-43.708153
chr9,112330045,112330537,+,0,18.420668,16.20398,16.175196,4.2129226,50.43936,15.017952
chr9,112336021,112336513,+,0,18.172245,15.952874,16.217207,4.259549,50.377056,14.905544
chr9,114219045,114219538,+,0,18.787838,16.53018,17.551552,3.865271,26.509903,11.977018
chr9,114225022,114225515,+,0,18.787838,16.53018,17.586365,3.797641,26.509907,11.977039
chr9,119990247,119990740,-,1,19.402224,-15.059348,3.6557395,2.4886243,-23.451996,-7.528641
chr9,120265336,120265827,+,-1,18.086548,16.256525,26.818478,17.915644,44.540104,45.912636
chr9,120271239,120271730,+,-1,18.086548,16.256525,26.80596,17.9668,44.540104,45.912636
chr9,121178382,121178875,-,-1,18.930105,-14.648078,6.58485,-16.271868,-25.210386,63.94095
chr9,121184042,121184535,-,-1,18.930105,-14.648078,6.624121,-16.238426,-25.210669,63.945374
chr9,121696032,121696525,+,0,18.027046,15.839671,18.08946,4.3889437,22.737394,7.441049
chr9,122328593,122329085,-,1,18.652832,-14.497417,3.1310709,5.987236,-24.453398,14.41665
chr9,122334570,122335061,-,1,18.808151,-14.612732,3.1227748,6.010875,-24.47437,14.409421
chr9,122660657,122661150,+,-1,18.295616,15.805159,7.6383486,18.430584,41.22,10.366216
chr9,122666603,122667096,+,-1,18.295616,15.805159,7.609546,18.401844,40.881424,10.996702
chr9,122703432,122703929,+,-1,18.553787,16.671988,6.0745764,14.370617,53.763046,24.816542
chr9,122709380,122709877,+,-1,18.553787,16.671988,6.0751634,14.370161,53.763103,24.816418
chr9,122872975,122873434,-,1,16.270405,-12.672655,0.24570046,1.182672,-2.9588952,-4.8088927
chrX,3469680,3470172,-,-1,19.374123,-14.83792,-2.873454,-6.365565,-47.47467,46.78829
chrX,3475624,3476116,-,-1,19.450586,-15.098514,-2.9207268,-6.3190565,-46.81165,46.408417
chrX,5160426,5160918,-,-1,19.632496,-15.460698,-0.18660364,-2.8248029,-56.42514,18.725168
chrX,5166369,5166861,-,-1,19.49666,-15.289454,-0.16521221,-2.8074834,-56.77192,18.562468
chrX,5561329,5561834,-,1,19.898083,-15.475309,5.006357,2.7998848,-39.78536,-11.690723
chrX,5567285,5567790,-,1,19.898083,-15.475309,5.0169926,2.751047,-39.78536,-11.690723
chrX,5641529,5642004,-,1,18.005762,-13.588009,3.2681496,1.8710018,-24.249674,-17.49358
chrX,9236274,9236762,-,1,18.141306,-14.193476,3.2846627,0.94372475,-16.155678,-20.661947
chrX,9637193,9637686,+,0,17.796963,15.491154,17.265541,6.073537,23.021542,-8.580764
chrX,13317609,13318102,-,1,18.945454,-15.035702,4.117904,3.3833203,-31.85411,6.7970047
chrX,13323547,13324040,-,1,18.945454,-15.035702,4.137756,3.3772259,-31.854126,6.797174
chrX,15022811,15023245,-,1,15.139023,-12.151754,-0.27201754,1.5394481,-1.3698561,-0.61945796
chrX,15024089,15024204,+,0,2.7836275,2.4834669,10.075466,9.233863,8.660965,-58.834507
chrX,15415786,15415999,-,0,6.914066,-5.9508834,7.9467316,7.396938,-6.6825023,-68.24648
chrX,15421233,15421734,+,0,18.485275,16.01271,17.752687,3.137456,22.26983,15.418998
chrX,15933151,15933644,-,1,18.640675,-15.0180435,3.3511226,8.0947275,-56.570457,-5.4606743
chrX,15939056,15939549,-,1,18.640675,-15.0180435,3.344428,8.117551,-56.560116,-5.4318104
chrX,16087894,16088387,+,0,18.414322,15.519525,17.215551,6.2406344,16.182392,-13.559991
chrX,17472415,17472908,+,-1,17.720304,15.31846,18.171719,15.371502,50.527924,-3.1423678
chrX,17584473,17584961,-,1,18.379194,-14.882312,3.2557342,1.201647,-14.825772,-18.87865
chrX,17588730,17588986,-,0,10.43666,-8.074242,10.394165,6.1841426,-13.57851,-47.874577
chrX,17646164,17646662,-,1,19.0303,-15.328486,3.117892,3.5045786,-23.392359,4.1041074
chrX,17652138,17652590,-,1,16.855612,-14.516078,-0.958808,2.0016935,0.5109889,8.703794
chrX,17696686,17697185,-,1,19.924574,-16.054785,3.1093178,3.4876072,-23.32641,3.8796153
chrX,18293327,18293819,-,1,18.146086,-14.115066,3.0064359,6.5881996,-23.334322,17.266882
chrX,18299270,18299762,-,1,18.146086,-14.115066,2.9978065,6.5799165,-23.334322,17.266882
chrX,18302554,18303046,-,-1,19.090105,-15.072682,-0.4773403,16.308458,-55.235435,-33.731262
chrX,18308497,18308989,-,-1,19.090105,-15.072682,-0.5107713,16.324512,-55.235435,-33.731262
chrX,18982818,18983337,+,0,16.073378,13.317077,14.177736,8.282792,4.1151934,-26.90437
chrX,20033943,20034429,+,0,17.54657,15.908693,17.504263,4.2631683,47.245693,15.327128
chrX,20039867,20040353,+,0,17.54657,15.908693,17.592012,4.360056,47.245693,15.327128
chrX,21007334,21007833,-,1,18.940437,-15.262802,4.3489113,5.6547756,-40.79995,10.4572525
chrX,22066903,22067387,+,0,18.08922,14.932399,16.942411,6.934575,15.824965,-20.269018
chrX,22072699,22073192,+,0,17.533531,15.247088,17.598585,5.558127,20.313057,-3.5511236
chrX,22397701,22398194,+,0,17.687347,15.982463,16.952106,6.932635,18.22594,-18.54186
chrX,22403620,22404110,+,0,17.18791,15.551135,16.918447,6.9881353,18.169685,-18.510742
chrX,22404224,22404262,+,0,0.6057255,0.6362259,10.057228,8.608789,4.107207,-55.94472
chrX,22457271,22457419,+,0,2.8813348,2.4284196,10.209995,9.979335,12.632979,-57.54873
chrX,24927226,24927450,+,-1,5.555549,5.281873,10.100353,-6.669025,17.621796,-63.785564
chrX,27291901,27292125,+,-1,5.555549,5.281873,10.100625,-6.669203,18.598345,-63.538483
chrX,27645653,27645877,-,-1,5.793887,-4.927291,12.635752,-9.13507,-3.675032,-70.44664
chrX,27720449,27720673,+,-1,5.555549,5.281873,10.104786,-6.6712146,17.621796,-63.785564
chrX,27992492,27992716,-,-1,5.793887,-4.927291,12.636861,-9.13622,-3.5763872,-71.281906
chrX,28079693,28079917,+,-1,5.555549,5.281873,10.100992,-6.669365,17.621796,-63.785564
chrX,28404661,28404885,+,-1,5.555549,5.281873,10.101931,-6.672337,18.598345,-63.538483
chrX,28653593,28653817,-,-1,5.793887,-4.927291,12.636684,-9.136053,-4.107198,-70.989235
chrX,28728415,28728639,+,-1,5.555549,5.281873,10.098137,-6.6676526,18.598345,-63.538483
chrX,29000338,29000562,-,-1,5.793887,-4.927291,12.653721,-9.153143,-4.107198,-70.989235
chrX,29079984,29080208,+,-1,5.555549,5.281873,10.104648,-6.6765804,18.598345,-63.538483
chrX,29853520,29853744,-,-1,5.793887,-4.927291,12.642614,-9.142187,-4.107198,-70.989235
chrX,29928383,29928607,+,-1,5.555549,5.281873,10.101539,-6.6682444,17.621796,-63.785564
chrX,30186162,30186386,-,-1,5.793887,-4.927291,12.63772,-9.13697,-4.107198,-70.989235
chrX,30286592,30286816,+,-1,5.555549,5.281873,10.101316,-6.6685524,17.621796,-63.785564
chrX,30553575,30553799,-,-1,5.7380075,-4.8991046,12.605532,-9.104409,-3.26884,-70.65867
chrX,30605564,30606056,-,-1,19.308155,-15.486672,-2.7268243,18.742529,-65.701996,3.1000874
chrX,30633651,30633875,+,-1,5.555549,5.281873,10.101207,-6.6684604,18.264584,-64.33805
chrX,30886413,30886637,-,-1,5.793887,-4.927291,12.634411,-9.133707,-3.4404206,-71.13072
chrX,30977117,30977341,+,-1,5.555549,5.281873,10.101514,-6.668818,18.264584,-64.33805
chrX,34941512,34941736,-,-1,5.7380075,-4.8991046,12.616458,-9.11159,-3.26884,-70.65867
chrX,34993501,34993993,-,-1,19.308155,-15.486672,-2.6964414,18.712246,-65.701996,3.1000874
chrX,35021588,35021812,+,-1,5.555549,5.281873,10.101562,-6.668732,18.598345,-63.538483
chrX,35270361,35270585,-,-1,5.6257224,-4.73383,12.638605,-9.137871,-3.843266,-70.28829
chrX,35361054,35361278,+,-1,5.3165483,5.0495987,10.109091,-6.6465836,17.941307,-63.08579
chrX,39156308,39156801,+,0,17.408699,15.236107,16.14891,2.7100034,36.153194,24.06815
chrX,39162244,39162737,+,0,17.408699,15.236107,16.116322,2.6870658,36.15319,24.066849
chrX,39703679,39704079,+,0,13.579736,11.009713,14.079284,8.412453,8.302892,-28.039417
chrX,39775876,39776374,-,1,19.708729,-15.755291,1.4028472,4.103552,-48.135723,22.522202
chrX,40111012,40111527,+,0,15.341856,13.147899,14.195926,8.255225,4.9987435,-27.188547
chrX,41886524,41887017,+,0,17.793205,16.029402,17.713524,-0.031564347,27.141827,37.163006
chrX,41892429,41892922,+,0,17.793205,16.029402,17.641272,-0.09163561,27.141827,37.163006
chrX,42328755,42329273,-,1,16.975658,-11.637901,2.539155,-0.4727805,-17.887817,-31.00412
chrX,45662185,45662676,+,0,18.6473,16.24859,18.122095,2.9802022,16.160822,14.5047455
chrX,48691163,48691660,+,0,17.201986,15.214724,16.991125,6.5140953,21.076557,-16.872139
chrX,51566662,51567155,+,-1,17.62833,15.524569,15.124091,-2.4756846,10.289049,26.018524
chrX,51572606,51573099,+,-1,17.73186,15.659991,15.119083,-2.484569,10.708662,26.19209
chrX,52355428,52355920,+,-1,18.460936,16.66865,27.090033,17.512383,44.675186,49.346355
chrX,52361333,52361825,+,-1,18.460936,16.66865,27.10648,17.553074,44.675186,49.346355
chrX,55542567,55543060,+,0,17.8855,15.355081,18.221134,4.5104833,21.236006,4.2241907
chrX,56070428,56070897,+,0,16.55713,14.539678,17.209856,5.1788588,31.513329,-9.981988
chrX,56075112,56075354,+,0,8.405521,7.672076,11.947801,8.649002,10.04878,-47.089344
chrX,62064632,62065125,-,1,17.728497,-14.10142,4.105364,1.767119,-18.008715,-9.383013
chrX,63399011,63399527,+,0,16.709053,13.893234,14.312732,8.24557,5.5211244,-26.310934
chrX,63687550,63688043,-,1,16.930164,-12.940834,2.6550746,-0.029322796,-16.05493,-28.235128
chrX,65379613,65380104,-,1,18.967974,-14.6957445,3.6073484,3.1514125,-32.784428,-9.616545
chrX,66166261,66166780,-,1,16.383474,-10.905562,2.5208726,-0.46880418,-19.138258,-31.58279
chrX,67474147,67474675,+,0,20.836212,17.460804,16.882957,3.9373968,38.891922,15.982867
chrX,67491621,67492114,+,0,17.633049,14.939804,18.022615,3.0838163,20.547222,15.70209
chrX,67497520,67498013,+,0,17.374609,15.203056,17.992783,3.1113086,20.624643,15.422785
chrX,70194233,70194673,-,1,16.130545,-12.91933,-0.25921565,1.5621492,-3.1159477,1.1095214
chrX,72130357,72130850,-,1,19.251928,-15.126134,3.2779756,2.0602105,-24.5441,-14.4311495
chrX,72367966,72368104,+,0,3.0092993,1.2475358,10.377182,8.006851,3.813398,-50.539318
chrX,74534671,74535164,+,0,18.24965,16.393888,18.2486,0.24882582,29.89589,36.69949
chrX,74540615,74541108,+,0,18.24965,16.393888,18.231636,0.2341958,29.89589,36.69949
chrX,75619277,75619757,+,0,16.26933,14.275489,16.403152,6.3019643,29.502304,-18.733673
chrX,75620227,75620240,+,0,0.21127948,0.26937714,10.004238,8.073416,2.2602866,-55.38459
chrX,75855606,75855645,+,0,0.7849845,0.6339211,10.033053,8.579867,4.4153423,-56.429398
chrX,76095153,76095658,+,0,17.14652,13.856074,14.278222,8.335345,6.1688766,-23.536322
chrX,76799214,76799706,-,1,18.546911,-14.236446,4.1764235,2.8387768,-27.922514,-8.848988
chrX,77013231,77013549,+,0,9.046822,6.0972576,12.841406,8.700918,5.6067023,-42.88572
chrX,77803089,77803582,-,-1,18.589182,-14.612306,-0.25570512,6.575562,-19.292015,28.212505
chrX,78858275,78858736,-,1,14.748194,-10.44418,2.8256793,-0.7218968,-17.722977,-34.93931
chrX,78938198,78938690,-,-1,19.345531,-15.638505,-4.719267,21.35085,-72.30409,1.3198261
chrX,78944103,78944595,-,-1,19.345531,-15.638505,-4.792287,21.383022,-72.43986,2.0982883
chrX,78946586,78947079,+,0,17.406055,15.465378,18.012758,3.8840742,23.312767,9.460461
chrX,79875398,79875891,+,0,18.267458,15.882255,17.848417,5.4714503,23.872375,-4.9751167
chrX,81485004,81485522,+,0,15.26233,12.750935,14.239228,8.396825,6.2086167,-25.534002
chrX,82084376,82084869,-,1,18.965052,-14.538687,4.972947,4.9576974,-45.143837,3.764357
chrX,82090352,82090845,-,1,17.922821,-13.917513,4.982552,5.042585,-45.1678,3.7852006
chrX,84189604,84190092,-,1,18.456034,-14.290225,3.2251573,1.3371823,-15.22493,-16.798172
chrX,90510670,90510706,+,0,1.023401,0.93991107,10.064314,8.6697035,5.182638,-56.829308
chrX,90571753,90572272,+,0,14.278702,11.3673315,14.137753,8.307838,2.6717625,-27.282324
chrX,90578038,90578531,+,0,18.207413,16.088573,17.58054,5.738376,23.367441,-8.096466
chrX,90711789,90712281,-,-1,19.345531,-15.638505,-4.809443,21.324284,-71.49534,2.6379306
chrX,90717637,90718129,-,-1,19.345531,-15.638505,-4.579237,21.542515,-72.67527,1.6273314
chrX,91062200,91062719,+,0,15.292846,12.479938,14.248972,8.345122,4.2848325,-26.583614
chrX,93094159,93094586,+,0,14.7155905,13.781112,13.579647,13.204582,43.02042,-32.8372
chrX,94064024,94064516,-,-1,19.266642,-15.472404,5.024957,9.302313,-58.207684,13.452308
chrX,95566971,95567468,+,0,18.528366,15.744873,17.913637,3.5788488,18.135456,12.120572
chrX,95572952,95573498,+,0,21.816359,17.865885,16.975224,3.8655155,38.68726,15.892882
chrX,95628824,95629312,+,0,17.788958,16.175102,16.87444,6.5669155,19.989458,-16.21103
chrX,95822258,95822763,+,0,18.460878,16.097107,14.893809,-0.47604564,16.833916,45.291058
chrX,95828175,95828680,+,0,18.460878,16.097107,14.865359,-0.50362194,16.833916,45.291058
chrX,105424029,105424518,+,0,15.809481,13.289146,14.769704,8.232709,8.131741,-24.402077
chrX,106332958,106333463,-,1,19.590794,-15.398498,5.1003757,3.8220901,-42.79128,0.3405816
chrX,106696877,106697311,+,0,14.851423,13.493756,14.766542,12.701387,34.400024,-34.719887
chrX,109265131,109265624,+,0,17.988293,15.505583,14.788717,-0.58432215,17.101042,47.264023
chrX,109271036,109271529,+,0,17.988293,15.505583,14.78241,-0.59029907,17.101042,47.264023
chrX,110514701,110515194,-,-1,19.128645,-15.396333,-4.7536116,21.382744,-76.17677,11.295678
chrX,110520606,110521098,-,-1,19.345531,-15.638505,-4.6885366,21.430145,-71.49534,2.6379306
chrX,110619293,110619786,-,1,19.378054,-15.5513735,3.1175082,3.4473867,-23.428263,2.1950743
chrX,110725501,110725999,-,1,19.800299,-15.399625,0.39108232,-1.9376389,-53.360153,22.852448
chrX,110731411,110731909,-,1,19.800299,-15.399625,0.39162344,-1.9370825,-53.360153,22.852448
chrX,112727448,112727888,+,0,15.590919,14.366163,13.131082,13.36894,49.694283,-32.335632
chrX,112733375,112733815,+,0,15.930317,14.544581,13.135064,13.255125,49.649708,-32.371815
chrX,114212052,114212492,-,1,16.388472,-13.692654,-0.25202382,1.6166797,-2.6172407,0.6074032
chrX,114497174,114497666,-,1,19.517872,-15.011872,0.4105591,-1.9179016,-55.78313,20.54235
chrX,114503078,114503570,-,1,19.517872,-15.011872,0.42238453,-1.9047655,-55.78313,20.54235
chrX,117271853,117272346,-,1,19.49616,-15.605552,3.7415278,3.6074202,-30.56937,1.6945964
chrX,118118732,118118848,-,0,4.66102,-3.791482,10.065805,6.764391,-8.855991,-50.99937
chrX,118773082,118773574,-,-1,19.345531,-15.638505,-4.652624,21.485039,-71.59855,1.6880759
chrX,118965550,118966019,-,1,16.810265,-12.784677,3.2234464,2.8707027,-13.223968,0.14543936
chrX,119749495,119749977,-,1,19.194042,-15.194694,4.89852,2.9820135,-40.746,-8.667863
chrX,121132408,121132895,-,1,18.699537,-13.996832,3.6879456,1.2374157,-18.796257,-17.204123
chrX,123814420,123814913,-,-1,18.782179,-14.609009,-0.5083758,15.776898,-51.85399,-32.064285
chrX,123820364,123820857,-,-1,18.94227,-14.786541,-0.50981593,15.7417965,-51.861988,-32.052704
chrX,126313690,126314130,-,1,15.531432,-12.8696,-1.0188758,2.027704,-0.42860332,8.566192
chrX,126875552,126876044,-,-1,18.691353,-14.911448,-3.7996867,0.085808985,-33.163677,22.02268
chrX,126881495,126881987,-,-1,18.691353,-14.911448,-3.854489,0.02925555,-33.163677,22.02268
chrX,127001200,127001694,+,0,18.39931,16.321789,18.184492,4.183738,23.096684,4.772912
chrX,127007179,127007498,+,0,13.331791,11.377353,12.859831,9.257364,12.7272625,-40.069218
chrX,127007995,127008489,+,0,18.316944,16.289682,18.165348,4.1970763,23.04901,4.7978415
chrX,128522575,128523061,-,1,18.152786,-14.4396715,3.2804198,1.9333795,-24.393791,-17.166298
chrX,128546210,128546885,+,0,16.256773,12.218052,14.932583,1.4421952,18.848213,26.29545
chrX,128547684,128548177,-,-1,19.275377,-14.89493,6.532145,-16.33845,-23.369322,61.086735
chrX,128550725,128551013,+,0,10.767425,8.43251,12.582234,9.004932,10.201292,-41.603954
chrX,128552172,128552453,-,0,12.594096,-9.2976055,10.416045,6.1588635,-15.251018,-47.35124
chrX,128552715,128552848,+,0,3.5876267,3.284443,10.112558,9.447608,9.4411745,-59.079865
chrX,131144288,131144767,+,0,18.030241,15.664073,17.567883,6.0343695,19.128864,-6.858798
chrX,132632291,132632766,-,1,17.593636,-13.008243,4.0404134,1.732528,-17.758146,-10.443303
chrX,132750023,132750522,-,1,18.89207,-14.637301,4.126471,3.0284438,-33.199512,6.14247
chrX,134008591,134008876,+,0,11.18203,9.059012,12.656366,9.017016,10.059259,-40.56113
chrX,138508825,138509316,+,-1,17.917578,15.941888,24.147932,6.0407777,50.146908,45.13811
chrX,138514725,138515216,+,-1,17.917578,15.941888,24.147875,6.040811,50.146908,45.13811
chrX,139146491,139146984,+,0,17.815355,16.50992,18.25187,3.9103606,20.467741,9.057619
chrX,140482922,140483140,+,0,7.4816484,6.3625045,12.128097,8.759117,8.9739685,-44.742294
chrX,147625996,147626483,-,1,17.366856,-13.951737,3.307204,1.3062289,-13.574218,-16.255745
chrX,148804652,148805144,-,-1,19.345531,-15.638505,-4.7377524,21.336884,-71.59855,1.6880759
chrX,148810556,148811048,-,-1,19.345531,-15.638505,-4.7774954,21.352095,-71.59855,1.6880759
chrX,150193719,150194212,+,0,17.512365,15.35816,15.015793,-0.3513419,17.920864,43.201042
chrX,150199624,150200117,+,0,17.512365,15.35816,15.01644,-0.35197437,17.920864,43.201042
chrX,151328961,151329163,+,0,5.5966496,4.983388,10.275191,10.388938,16.193201,-61.366913
chrX,151776176,151776207,+,0,0.6856021,0.56593513,10.021021,7.9629745,1.8841089,-54.605732
chrX,153798249,153798742,-,1,19.288235,-15.264097,3.3936932,3.6407397,-26.188997,3.689106
chrX,154591430,154591923,-,1,19.034212,-14.877524,3.2784169,3.5900602,-26.591219,1.9109647
chrX,155990852,155991344,+,-1,18.408304,16.53314,27.061394,17.513664,46.521065,49.60092
chrX,155996756,155997248,+,-1,18.408304,16.53314,27.084139,17.505144,46.52107,49.600613
chrX,157380206,157380698,+,-1,18.460936,16.66865,27.12054,17.487078,45.578857,51.35898
chrX,157987286,157987779,+,0,17.893877,15.781431,17.653952,3.5858054,24.921225,12.613619
chrX,159662807,159663299,+,0,18.554693,16.665195,15.2121525,3.86695,52.355854,20.773277
chrX,159668712,159669204,+,0,18.554693,16.665195,15.208945,3.8674006,52.35589,20.773241
chrX,161179180,161179678,-,-1,19.524578,-15.387447,14.65148,-15.902756,-8.710643,38.3025
chrX,161185090,161185588,-,-1,19.524578,-15.387447,14.656899,-15.898181,-8.710643,38.3025
chrX,165341109,165341543,-,1,15.466763,-12.343617,-0.0838116,1.6130077,-5.3197536,1.5635109
chrX,167629954,167630147,+,0,5.45312,5.2347407,10.308395,10.614962,17.981897,-60.140354
chrY,704889,705299,-,1,16.729069,-13.1292715,3.5963287,-1.7367221,-20.466078,-41.10585
chrY,1372443,1372485,-,0,0.913033,-0.59201705,8.033176,8.720619,-0.60736537,-58.320957
chrY,1461969,1462462,-,1,19.250238,-14.77473,5.196251,3.0679862,-42.67858,-9.302547
chrY,1785046,1785539,-,1,18.850254,-14.473281,3.6611068,1.2645621,-19.854044,-19.021214
chrY,1903909,1904402,-,1,18.116428,-13.412987,3.6586046,1.3291904,-20.022501,-19.667835
chrY,2038916,2039409,+,0,15.725355,14.122446,14.7954235,12.712012,33.331482,-26.970596
chrY,2044851,2045350,+,0,18.08056,15.740184,17.540213,6.242936,23.932646,-10.649088
chrY,2284972,2285462,-,1,19.760582,-15.648387,3.648962,2.8426309,-25.340132,-6.576818
chrY,2288355,2288848,-,1,19.84195,-15.740617,3.712461,2.7868648,-25.341,-6.5777173
chrY,3966583,3967012,-,1,16.033573,-12.766255,-1.1284564,2.5678384,-5.909319,7.6796365
chrY,4006237,4006668,-,1,15.73547,-13.001011,-1.123117,2.6049716,-1.0733076,11.221896
chrY,4012128,4012557,-,1,15.636176,-12.774535,-1.0205265,2.4930434,-0.84036124,11.373288
chrY,4062083,4062542,-,1,15.961253,-11.426302,2.914089,1.7356046,-9.363366,-4.1585894
chrY,4361354,4361857,+,0,17.355234,14.575534,17.51206,5.874439,25.815662,-7.7761397
chrY,6765305,6765798,+,0,18.227596,15.899469,16.579111,3.6778877,33.034843,16.116564
chrY,6770044,6770537,+,0,18.227596,15.899469,16.565939,3.693618,33.034874,16.116571
chrY,9923116,9923607,-,-1,17.346712,-13.651963,-0.07726711,6.3984485,-16.370018,27.624094
chrY,12389157,12389597,-,1,16.026583,-12.787267,-1.156235,2.8957047,-5.245769,15.345882
chrY,12898083,12898577,+,0,16.844294,14.347232,17.58465,6.775031,14.693527,-7.514363
chrY,12903996,12904490,+,0,16.57018,14.945253,17.602646,6.7727304,14.871562,-6.549121
chrY,17101046,17101486,-,1,16.026583,-12.787267,-1.1737858,2.877761,-5.2456994,15.345732
chrY,17611298,17611792,+,0,16.844294,14.347232,17.597366,6.788116,14.693592,-7.5145006
chrY,17617211,17617705,+,0,16.57018,14.945253,17.630709,6.7832584,14.871562,-6.549121
chrY,21804143,21804421,+,0,11.655429,9.636378,12.596808,9.046818,11.117669,-41.245026
chrY,23124356,23124849,+,0,17.990847,16.076872,16.555714,3.661232,33.149246,18.626188
chrY,23130300,23130793,+,0,17.990847,16.076872,16.532663,3.6222622,33.1496,18.626287
chrY,41248547,41249040,+,0,18.229649,15.880853,18.27565,4.3762393,22.013887,3.460251
chrY,79042021,79042514,-,1,18.851933,-15.09282,4.6024117,4.4666815,-38.808613,2.985252
chrY,79047965,79048458,-,1,18.851933,-15.09282,4.5720806,4.558513,-38.808247,2.9852786
