chr,start,stop,strand,Cluster,pca_x,pca_y,umap_x,umap_y,tsne_x,tsne_y
chr1,3076926,3077419,-,9,18.158972,3.789326,3.3518596,4.392206,-3.4823852,37.496735
chr1,3175516,3175992,-,9,19.949165,0.64197457,3.6480308,3.3366907,-6.7386065,2.0085726
chr1,4712419,4712910,-,10,18.624165,2.1641536,4.7107387,4.5912175,-11.32385,14.994483
chr1,5049816,5050256,+,7,18.757376,1.5702279,3.76049,6.679244,-23.937046,-4.827534
chr1,5250001,5250494,-,9,21.201004,2.759926,4.20723,3.5236175,-8.8935795,18.816063
chr1,5255976,5256475,-,9,21.913603,2.5698943,4.2868853,3.462952,-8.885361,18.767393
chr1,6293216,6293266,-,4,2.4234762,-0.14120474,13.9022875,13.136506,-43.52925,-25.641628
chr1,9276885,9277325,+,7,17.754593,2.2600834,4.0860376,6.494132,-24.384083,5.8918185
chr1,9380225,9380719,+,10,19.17477,3.4006321,5.0639677,4.899715,-11.993177,17.478458
chr1,9875241,9875722,+,10,16.61384,4.087635,6.6511207,5.392853,-33.267094,32.11018
chr1,10889636,10890128,+,-1,21.469624,-3.8243213,0.8834686,25.172485,29.723276,-19.4922
chr1,10895579,10896071,+,-1,21.469624,-3.8243213,0.88339293,25.172642,30.520077,-18.735966
chr1,10975953,10976400,+,7,18.260496,2.3312652,3.4017498,6.2654266,-18.864447,3.7007694
chr1,10982321,10982768,+,7,18.260496,2.3312652,3.4102335,6.267529,-18.864447,3.7007694
chr1,11257739,11258250,+,-1,19.537512,-1.8554916,-12.432769,3.3892212,6.2390604,-79.72579
chr1,11263662,11264173,+,-1,19.537512,-1.8554916,-12.390536,3.4222047,6.2390604,-79.72579
chr1,13207527,13208025,-,-1,21.274786,-2.4968421,12.354053,-0.031211542,15.560545,-35.265007
chr1,13213509,13214007,-,-1,21.274786,-2.4968421,12.350449,-0.028566912,15.560545,-35.265007
chr1,16621937,16622429,-,0,21.211233,-4.4248796,24.688156,0.47954398,1.8084338,-33.062584
chr1,16625589,16626081,-,0,21.211233,-4.4248796,24.666521,0.46944377,1.8084369,-33.062702
chr1,16888859,16889143,-,4,12.749355,-3.8527083,13.632648,11.204778,-23.88647,-32.05982
chr1,16891899,16892391,+,0,20.555109,-5.336876,21.978155,-4.560677,50.555428,-42.581226
chr1,16897803,16898295,+,0,20.555109,-5.336876,21.97805,-4.56227,51.36982,-42.22681
chr1,22838169,22838668,+,9,21.237556,0.10847707,5.087284,3.639668,18.88433,6.6639256
chr1,23661728,23662083,-,4,14.914145,-1.1226791,13.520811,10.591476,-20.429735,-25.713102
chr1,28660759,28661252,+,-1,21.079756,0.44130963,2.8492415,3.4680178,40.434742,10.13115
chr1,29643265,29643757,-,2,20.830158,-5.134298,5.199956,-11.957744,42.757072,-17.751842
chr1,29649208,29649700,-,2,20.830158,-5.134298,5.1999893,-11.95794,42.757072,-17.751842
chr1,30616437,30616930,+,9,19.25446,-0.08799659,3.0586295,2.3202136,15.708908,29.160315
chr1,34078357,34078849,+,0,21.596428,-4.4474454,24.764606,0.48844767,4.2806783,-36.394634
chr1,34084261,34084754,+,0,21.360481,-2.8300858,24.660574,0.49744055,4.525774,-30.270792
chr1,34358131,34358630,-,2,21.319752,-2.203723,8.37929,-7.0139155,40.689777,40.461414
chr1,34644652,34645144,-,0,21.596428,-4.4474454,24.769855,0.49112102,2.569841,-36.339233
chr1,34650556,34651048,-,0,21.596428,-4.4474454,24.78441,0.48676777,3.916315,-38.213
chr1,36031476,36031969,+,9,20.1747,0.32857463,5.3669252,3.3580902,5.260424,-24.383894
chr1,36037420,36037913,+,9,19.872852,1.0834341,5.376635,3.3275373,5.2604184,-24.382378
chr1,36278379,36278862,+,10,18.18647,5.53829,7.109978,6.342255,-43.204865,30.866508
chr1,36286251,36286744,+,9,20.229145,2.0773368,3.0703852,2.4516332,11.631636,27.140081
chr1,38456072,38456506,-,8,15.261731,5.6611,6.09725,7.194597,-46.270252,14.17522
chr1,43640740,43641180,-,7,17.40749,2.288428,3.6733742,6.4317255,-20.625978,-0.2617258
chr1,45129614,45130060,-,8,16.409365,5.709272,5.4706717,6.5931077,-33.510418,14.984669
chr1,47153136,47153630,+,9,20.181591,2.2661133,4.569389,3.2891626,-7.639312,21.044376
chr1,47749165,47749652,-,10,18.89049,5.5546794,5.9840307,5.439951,-26.00971,31.104269
chr1,48287978,48288453,+,10,19.973125,5.2387867,5.9447217,4.9648485,-22.391256,25.457659
chr1,48428769,48429134,-,4,13.31443,1.277289,13.551363,10.7279825,-22.509924,-24.888592
chr1,48507276,48507769,-,9,20.675339,1.2331971,3.1238337,2.4807367,14.031302,25.715782
chr1,50282783,50283223,+,7,18.243055,2.867548,4.008458,6.6209774,-26.972776,1.2496313
chr1,50368269,50368763,-,3,15.8413315,6.0344877,9.628082,10.93217,-56.40964,10.419551
chr1,50375052,50375180,-,5,3.4530668,1.8537663,15.152272,15.120493,-54.60853,-28.35764
chr1,50714379,50714887,+,3,15.158319,5.593171,9.638925,10.940694,-58.005135,9.92086
chr1,53653737,53654223,+,10,15.648296,4.286728,6.761523,5.8107214,-34.768684,36.663906
chr1,54889816,54890308,+,0,20.555109,-5.336876,21.982676,-4.5647593,51.213055,-42.405922
chr1,54895720,54896212,+,0,20.555109,-5.336876,21.981752,-4.563991,51.47723,-41.41897
chr1,55923629,55924121,+,0,21.596428,-4.4474454,24.784193,0.48400426,3.4311318,-39.784367
chr1,55929572,55930064,+,-1,21.310055,-4.3375425,12.984668,-0.5599841,15.028072,-43.14173
chr1,56091227,56091720,-,9,20.33771,0.051452644,4.018038,2.6481516,1.1696824,-1.1581228
chr1,56999041,56999529,-,10,19.77286,6.9571576,7.156631,6.273067,-39.02123,28.300827
chr1,58767161,58767654,-,10,20.151829,4.038972,6.3837442,5.2730875,-27.684526,36.19541
chr1,58938216,58938710,-,10,18.684576,2.970093,4.676597,4.8233743,-15.08494,10.508803
chr1,58944156,58944649,-,10,19.93794,3.4232287,4.7020583,4.91373,-15.072534,10.506841
chr1,60038607,60039099,+,2,20.830158,-5.134298,5.2001505,-11.957695,42.757072,-17.751842
chr1,64436512,64437004,+,9,20.197847,0.10948573,3.3537974,3.9148853,3.2336955,35.275673
chr1,70234524,70235017,+,-1,18.904537,-1.0025237,23.843357,16.40496,59.22062,7.7550797
chr1,73867857,73868348,-,0,21.246756,-4.273691,24.684189,0.4954555,-0.55149865,-30.876387
chr1,73873759,73874250,-,0,21.246756,-4.273691,24.652779,0.5065899,-0.55261886,-30.877235
chr1,74865306,74865466,-,4,4.6982417,2.4092548,13.563526,12.130277,-32.216137,-28.909134
chr1,77477533,77478025,+,0,20.439943,-4.387796,23.648058,1.3052452,-8.650022,-43.92887
chr1,77483437,77483924,+,0,20.202307,-4.453345,23.64651,1.3067008,-9.171839,-43.43087
chr1,79961761,79962253,+,4,21.127945,-4.672098,13.752225,10.184811,-2.2007494,-45.38484
chr1,79967665,79968157,+,4,21.127945,-4.672098,13.752759,10.183794,-2.2006376,-45.385002
chr1,80388188,80388675,-,10,18.312191,5.4348154,6.204776,5.5985513,-28.882418,25.346903
chr1,82396583,82397069,-,-1,19.120256,1.4651881,2.3973534,4.7150564,20.440063,40.419487
chr1,82402553,82403045,-,-1,19.353144,1.2927852,2.4002137,4.7109,20.459541,40.374203
chr1,82421115,82421607,-,-1,21.359612,-4.331148,2.9113662,7.5702486,15.676811,-21.423235
chr1,82427058,82427497,-,-1,18.657742,-2.1580153,3.1501403,7.269369,-2.4453294,-23.453993
chr1,83031132,83031678,+,9,23.370007,-2.179976,4.062125,2.6191063,2.0118454,-4.875337
chr1,83223858,83224351,-,9,20.547737,1.9536743,4.760117,3.129624,7.6189017,6.3430924
chr1,83795711,83796145,+,8,15.98859,5.439233,5.1608543,6.5972342,-32.521465,10.588237
chr1,84161334,84161780,+,7,17.189213,1.9247168,3.3724434,6.400062,-20.677055,-10.4269285
chr1,84167222,84167721,+,6,19.906395,0.816272,5.6925793,1.341431,20.139303,24.099148
chr1,84542424,84542864,-,8,17.57527,4.6898723,5.1092143,6.649648,-32.16795,9.601046
chr1,84548350,84548790,-,8,17.57527,4.6898723,5.072886,6.6459002,-32.16787,9.601204
chr1,85106227,85106767,+,-1,22.32904,-5.342916,-12.708245,3.1619692,1.6164126,-5.779729
chr1,85172507,85173000,+,9,20.696611,1.3206224,4.422937,3.3142717,5.385172,13.199758
chr1,85178483,85178976,+,9,19.828115,1.3915948,4.1823173,3.28192,5.0232387,13.203446
chr1,85266397,85266889,+,9,17.982552,-0.5825925,4.523089,2.7783036,-3.1307836,-4.228408
chr1,85603757,85604244,-,9,19.623642,-2.7840972,4.347701,2.640642,1.6512161,-5.659069
chr1,87514294,87514662,-,4,16.422815,-3.4044943,13.520667,10.5843725,-17.21004,-26.142725
chr1,87741514,87742007,-,9,20.641062,0.2034434,5.3025136,3.3956425,23.468779,6.7996697
chr1,87747266,87747759,-,9,20.641062,0.2034434,5.2830715,3.4137442,23.468779,6.7996697
chr1,88208098,88208612,+,3,11.486854,4.505567,10.032955,11.260882,-60.887436,2.5020537
chr1,88829727,88830220,-,-1,19.501293,-1.7523597,23.812492,16.389145,60.22298,5.5515566
chr1,88835671,88836164,-,-1,19.501293,-1.7523597,23.812954,16.389656,60.223324,5.551928
chr1,89252883,89253075,+,5,6.7390227,2.951976,15.591443,15.477176,-59.864098,-23.191557
chr1,93856905,93857345,+,7,18.24638,1.8921824,3.8151596,6.766524,-24.888134,-5.9066863
chr1,93896592,93897085,+,9,19.392147,0.6629278,4.466201,2.9788861,-6.859163,-0.9630485
chr1,93965701,93966191,+,9,17.949598,0.20101751,4.4310884,2.9270837,-6.8687243,-0.97930336
chr1,98766177,98766676,+,-1,18.878016,0.5785588,5.898072,-0.25058585,32.524693,9.060947
chr1,98772160,98772659,+,-1,18.878016,0.5785588,5.914908,-0.2268719,32.524693,9.060947
chr1,99082436,99082928,+,-1,20.720617,-2.7383485,12.210625,0.11228709,18.97484,-35.585762
chr1,101994704,101995197,-,9,19.664967,0.21248074,4.004249,3.2309039,10.601617,15.154118
chr1,105219072,105219506,+,8,15.550506,7.581942,5.7742705,6.856137,-38.7977,18.129232
chr1,105609795,105610266,-,10,18.844513,2.756371,5.743286,4.583099,-16.05952,29.756435
chr1,105615365,105615728,-,4,16.93892,-4.4221044,13.517385,10.577327,-16.870697,-26.34985
chr1,106415355,106415806,+,10,14.817175,4.419635,6.1517134,5.853172,-30.825731,22.853777
chr1,107793858,107794357,+,-1,20.06496,0.6584583,2.7091842,3.5692196,44.892994,3.319477
chr1,107799841,107800340,+,-1,19.875734,0.7215777,2.700861,3.5799615,44.890392,3.3236659
chr1,109528553,109528602,-,5,0.289945,0.09613578,14.211037,14.117193,-44.46199,-30.753477
chr1,111374221,111374409,+,4,5.797082,2.240566,13.584857,11.963596,-31.59831,-29.733719
chr1,112720974,112721472,-,9,20.975153,0.7393398,4.8874803,2.9668508,11.075246,6.2697816
chr1,113336788,113337286,+,-1,20.03057,-4.7705646,6.4300356,19.21494,51.599697,50.52345
chr1,113342771,113343269,+,-1,20.03057,-4.7705646,6.4306817,19.214819,51.599697,50.52345
chr1,113368240,113368720,+,9,17.949553,1.2464403,4.0592413,2.551971,0.7634629,-3.1099575
chr1,114603465,114603958,+,-1,19.370098,-1.7762405,23.819084,16.393614,59.319008,5.9923625
chr1,114609409,114609902,+,-1,19.370098,-1.7762405,23.805079,16.388094,59.319042,5.9923234
chr1,115375127,115375620,+,10,18.73351,1.4524589,4.7961,4.623496,-13.56114,13.201702
chr1,117611161,117611649,-,10,17.649109,5.35463,6.8127823,5.886856,-40.11698,34.988686
chr1,121621878,121622371,+,6,19.992,-0.49859488,6.6790524,0.35059905,17.731833,12.424827
chr1,122511219,122511712,-,10,19.664808,6.666123,6.300106,5.2391787,-26.763647,32.79619
chr1,122635837,122636330,-,6,20.891275,0.6260839,5.9898477,1.0561459,22.484802,20.611544
chr1,129233098,129233591,-,9,18.976072,0.9504072,4.4687138,2.7897248,-4.7516284,5.519672
chr1,129394079,129394572,-,6,20.869816,0.75798655,5.9550533,1.097066,22.054678,21.470295
chr1,129399902,129400395,-,6,20.869816,0.75798655,5.991713,1.0595565,22.05468,21.470291
chr1,131150481,131150967,-,10,17.312723,5.774969,6.3594894,5.1752467,-27.770208,38.078976
chr1,134124801,134125293,+,2,21.194803,-4.7934217,8.568348,-7.9349494,48.07854,33.825
chr1,134129452,134129944,+,2,21.194803,-4.7934217,8.5781355,-7.9462414,48.07854,33.825
chr1,134348585,134349078,+,9,20.631186,0.9570802,5.102182,3.394186,17.78629,6.5250683
chr1,136579775,136580268,+,-1,20.02729,-0.7575617,5.7680817,-0.3996186,28.515667,5.5940843
chr1,137062437,137062936,+,1,20.498058,-0.5603388,-0.4998195,12.900129,61.310013,0.63554275
chr1,137068348,137068847,+,1,20.498058,-0.5603388,-0.5044094,12.893954,61.31001,0.63554275
chr1,139924450,139924948,-,-1,20.977144,-5.2676306,8.656934,24.099428,53.750877,46.266243
chr1,139952469,139952967,-,-1,20.977144,-5.2676306,8.656515,24.099047,52.664623,45.20995
chr1,139958379,139958877,-,-1,20.977144,-5.2676306,8.6565695,24.099129,53.948128,44.7838
chr1,140720862,140721302,+,7,17.246565,-0.14711268,3.4972718,6.731155,-22.319864,-8.711589
chr1,140974478,140974977,+,10,19.441477,2.474053,5.7974677,4.6912603,-13.203867,33.824585
chr1,141220867,141221100,+,4,10.397844,-1.2954165,13.673991,11.397329,-27.930214,-33.10781
chr1,142047746,142048240,+,3,15.878959,4.74071,9.631567,10.9335575,-55.91044,7.836353
chr1,144674370,144674862,+,-1,18.607002,3.1635168,2.371991,4.7289667,17.34867,44.051243
chr1,144680313,144680805,+,-1,18.40695,3.280841,2.3688333,4.7314816,17.510656,43.97494
chr1,145078222,145078729,-,3,11.322043,3.2598708,10.015245,11.259101,-62.09988,2.4829588
chr1,146439844,146440284,+,7,17.80112,2.6617987,3.419149,6.637825,-21.646988,-4.5838857
chr1,148363633,148364072,-,7,17.198866,0.96749735,3.406111,6.5302896,-20.55837,-10.20681
chr1,148369517,148370009,-,6,20.63861,-0.5136617,5.8615804,1.1857033,22.726152,22.120298
chr1,149451025,149451464,+,-1,18.894558,-2.274312,3.1928427,7.232435,-4.285743,-24.265896
chr1,149456877,149457316,+,-1,18.894558,-2.274312,3.1803522,7.2455935,-4.285743,-24.265896
chr1,149599586,149600079,-,9,21.32002,0.96617997,3.2519217,4.0469346,2.3515048,33.6586
chr1,149605492,149605932,-,7,18.603188,2.0694807,3.5003357,6.181103,-16.329166,2.5269656
chr1,150625421,150625855,+,8,16.441805,4.7477136,5.5612206,6.8640666,-38.846863,9.399829
chr1,151399050,151399486,+,8,14.647362,6.746241,6.0521026,7.161505,-46.708973,14.395217
chr1,151865889,151866381,+,4,21.127945,-4.672098,13.752239,10.184028,-2.2006376,-45.385002
chr1,151871793,151872285,+,4,20.658403,-4.5931396,13.774901,10.150932,-1.7171218,-44.796307
chr1,152179160,152179648,-,10,18.877323,4.9262886,6.1698074,5.0986814,-22.352327,23.520025
chr1,152477533,152478026,+,9,21.512583,0.8348095,4.3427696,3.1275663,11.885042,14.683911
chr1,152483510,152484003,+,9,21.512583,0.8348095,4.349096,3.1865113,11.88505,14.683894
chr1,153938870,153939364,+,10,16.619654,6.091515,7.081699,6.26262,-44.338543,28.744576
chr1,155538577,155538807,-,4,9.836036,-2.4398923,13.672376,11.412223,-27.724,-32.50158
chr1,156725355,156725848,+,9,20.328497,0.87333375,4.284848,3.2383916,8.403748,16.733263
chr1,157460415,157460902,-,10,18.537987,5.5924077,6.8405724,5.9585605,-39.961613,34.6552
chr1,158655536,158655747,-,5,7.975827,3.3577266,15.589724,15.473822,-60.71982,-20.420406
chr1,158655739,158655805,-,4,1.4968837,1.6798053,13.646494,12.447057,-35.823177,-28.971386
chr1,162244885,162245164,+,4,3.877148,1.5510366,13.410743,12.409704,-36.671333,-26.391184
chr1,162245915,162246167,+,5,5.117844,2.465206,15.341455,15.130502,-49.25109,-25.48516
chr1,165087232,165087725,+,9,20.25207,0.77160007,3.2035773,4.088165,1.8152734,31.243307
chr1,165267255,165267747,-,-1,21.18325,-3.7144198,1.4865873,1.354017,30.030975,-15.951033
chr1,165273198,165273690,-,-1,21.18325,-3.7144198,1.4985657,1.3555845,30.030975,-15.951033
chr1,166566641,166567134,-,9,20.381018,0.73517495,4.4220686,3.0544348,3.9320397,13.680388
chr1,166620126,166620595,+,10,17.860626,5.060476,5.962551,5.3414774,-25.931997,22.054277
chr1,166626035,166626510,+,10,18.300257,5.290607,5.9150934,5.396783,-26.098429,22.126379
chr1,167557137,167557629,+,10,19.255129,4.940829,6.0928106,5.0077715,-22.858232,24.721434
chr1,167824006,167824499,-,-1,19.677391,-2.3222744,5.735001,2.8673139,24.774801,2.9517624
chr1,167829113,167829553,-,-1,17.536354,-1.2387729,3.1850195,7.2470064,-5.1644397,-23.104572
chr1,167833837,167834329,+,1,19.946566,-1.1641692,-0.5902136,13.547085,70.42481,-2.3336084
chr1,167839780,167840272,+,1,19.946566,-1.1641692,-0.5895544,13.540071,70.42481,-2.3336084
chr1,168603602,168604121,+,3,13.073773,2.8312306,9.970865,11.201209,-59.572876,1.3521862
chr1,170099217,170099735,-,3,14.426794,5.23769,9.858162,11.1218815,-57.13304,6.2451124
chr1,171835568,171836058,-,2,19.067287,-1.1759425,8.356619,-6.9719906,37.45846,44.938763
chr1,171881104,171881537,+,8,15.213601,6.834155,5.902455,7.0516133,-42.1772,13.49115
chr1,172800959,172801452,+,9,20.145658,1.5616255,3.161978,2.7873135,-1.6193818,13.755858
chr1,174205676,174205713,-,4,0.82731277,-0.34677956,13.921638,13.159938,-43.065384,-26.88049
chr1,175842547,175843045,+,-1,20.028913,-3.2324834,4.4101906,1.5030541,35.095753,-31.455065
chr1,175848457,175848955,+,-1,20.028913,-3.2324834,4.4115596,1.4989499,35.095753,-31.455065
chr1,176942144,176942198,+,5,1.3320788,0.3617122,14.433449,14.640327,-49.76603,-33.99917
chr1,177329244,177329648,-,8,14.110945,5.8570995,5.8270125,6.7766323,-38.430393,18.296223
chr1,177586433,177586922,+,10,18.901094,5.5725536,6.3409896,5.227992,-25.947983,28.865694
chr1,178844466,178844830,-,4,16.401724,-0.29073423,13.515718,10.582029,-18.076773,-24.18548
chr1,179689977,179690469,-,-1,21.18325,-3.7144198,1.4894978,1.3539772,30.030975,-15.951033
chr1,179693248,179693618,-,4,16.074003,-5.637371,13.554317,10.697602,-16.729086,-27.74315
chr1,180010681,180011179,-,9,21.160847,-1.2184215,4.1901083,2.4503944,6.393791,-0.52128273
chr1,180012676,180013174,-,9,21.160847,-1.2184215,4.204404,2.4195633,6.3938093,-0.52124053
chr1,183174277,183174724,+,7,16.141323,2.6950886,4.028419,6.459823,-23.580252,0.5307253
chr1,183539359,183539852,+,-1,19.098963,2.088358,5.837557,-1.8046618,5.093503,49.698055
chr1,183545303,183545796,+,-1,19.098963,2.088358,5.863825,-1.8304453,5.093503,49.698055
chr1,183620969,183621462,+,-1,17.664295,3.65934,5.6653833,5.8969984,-24.917517,47.343388
chr1,185563632,185564125,-,9,21.271832,-1.2421653,4.2370095,2.5602984,5.0805945,1.2579306
chr1,185569577,185570070,-,9,20.791111,-1.232554,4.1859703,2.5878668,5.086029,1.2561651
chr1,185621208,185621701,-,-1,20.557749,-0.6928971,5.77863,-0.3887972,27.354614,6.2147093
chr1,185627152,185627645,-,-1,20.557749,-0.6928971,5.7886186,-0.37834677,27.686031,6.5755672
chr1,186869511,186870010,-,-1,19.557558,0.12585698,5.7159963,-1.6827444,5.8759837,52.850636
chr1,186875461,186875960,-,-1,19.557558,0.12585698,5.708068,-1.6799673,5.8759837,52.850636
chr1,186902290,186902682,+,4,12.456349,-6.1751823,13.673161,11.196745,-24.655876,-33.473026
chr1,188608336,188608829,-,6,19.960588,-0.23702495,6.139518,0.88622737,26.014738,19.746803
chr1,188614313,188614805,-,6,19.913874,-0.2325658,6.1219525,0.9074804,26.014774,19.750614
chr1,188923409,188923901,-,1,20.406036,-5.2255764,-4.242392,15.286907,60.16244,-18.047047
chr1,188929385,188929877,-,1,20.406036,-5.2255764,-4.2166615,15.276938,60.16244,-18.047047
chr1,189393096,189393583,+,9,20.21948,0.97017074,4.1864324,3.788636,0.985625,15.756226
chr1,190325106,190325599,+,9,19.161404,0.754078,3.2378907,4.1005015,3.166748,32.679363
chr1,195228077,195228511,+,7,18.60355,1.9790899,3.7478454,6.530589,-22.052446,-1.7426146
chr10,4191099,4191591,+,1,20.841482,-5.446779,-4.2492237,15.204902,60.9903,-15.424286
chr10,4197043,4197535,+,1,20.841482,-5.446779,-4.2501593,15.2036085,60.750813,-16.84471
chr10,5580178,5580670,-,0,21.596428,-4.4474454,24.786398,0.49339327,3.511424,-37.466568
chr10,5586082,5586574,-,0,21.596428,-4.4474454,24.78808,0.49178296,5.06388,-37.353615
chr10,6635770,6636091,-,4,3.7094507,1.4906273,13.530852,12.464145,-36.955463,-27.099155
chr10,7423413,7423904,-,-1,20.596186,-3.847879,14.670164,-8.8627,-0.8119438,-52.33632
chr10,7429318,7429809,-,-1,20.596186,-3.847879,14.670701,-8.86219,-0.8119438,-52.33632
chr10,7795943,7796383,-,7,18.345053,1.8829303,3.681966,6.672945,-23.246744,-4.057825
chr10,10161075,10161569,+,10,17.282555,5.215966,7.1552954,6.2797074,-42.797665,27.184097
chr10,10263717,10264210,-,9,19.926308,2.9527252,4.898167,4.049533,-10.533378,8.008183
chr10,11218406,11218898,-,-1,19.87565,-4.7337213,-12.66846,3.207781,10.592852,-75.55786
chr10,11224310,11224802,-,-1,19.87565,-4.7337213,-12.664701,3.2111423,10.592852,-75.55786
chr10,11361011,11361498,+,9,19.870325,-0.9413645,3.9388995,2.672954,5.2339983,-4.879837
chr10,16557856,16557960,+,4,2.102785,1.6021674,13.642774,12.377327,-35.310432,-29.02837
chr10,16558289,16558675,+,3,9.306231,1.4960152,10.010824,11.226436,-60.799294,-1.068694
chr10,19729544,19730037,-,9,18.728622,4.0955143,5.0634537,4.514206,-19.472475,21.100533
chr10,19735522,19736015,-,10,18.709673,4.8520346,6.1303105,4.8969088,-19.619913,21.44032
chr10,22533273,22533772,-,9,21.438051,0.3371975,3.9975533,2.694497,4.4797287,-3.934906
chr10,22539259,22539758,-,9,21.111824,0.8035408,3.9608018,2.6462038,4.4607215,-3.8948598
chr10,23647646,23648131,-,7,17.935438,2.4308012,3.6079922,6.486735,-18.725355,-2.2951775
chr10,25622975,25623467,-,9,21.710335,-1.4837059,4.028328,2.603877,2.052727,-0.45138258
chr10,25628918,25629410,-,9,21.710335,-1.4837059,4.036969,2.5984387,2.0527306,-0.4514068
chr10,27879699,27880187,-,10,20.196661,5.548927,7.1587806,6.2720084,-38.612946,28.182943
chr10,27884892,27885384,+,0,20.597385,-3.451533,24.790165,0.1538111,7.8770967,-28.367004
chr10,29924281,29924772,+,-1,20.596186,-3.847879,14.671033,-8.861898,-0.8119438,-52.33632
chr10,29930181,29930672,+,-1,20.596186,-3.847879,14.671436,-8.861632,-0.8119438,-52.33632
chr10,29958551,29959050,+,-1,19.970207,-0.679497,2.9125388,3.3405147,46.18875,10.088967
chr10,30570717,30571210,+,9,21.742304,1.7323167,4.033607,3.7071946,2.7871678,18.81306
chr10,30576729,30577169,+,7,18.466043,2.121213,3.8662758,6.5348024,-22.449139,0.4672132
chr10,31979998,31980503,+,9,21.180185,1.054294,3.357288,3.901549,2.779244,34.788452
chr10,31985987,31986492,+,9,21.180185,1.054294,3.3480709,3.9020717,2.779244,34.788452
chr10,32336565,32337058,+,10,20.006088,5.725697,6.329961,5.430143,-26.385023,28.343296
chr10,36857864,36858304,-,8,16.517115,6.267256,5.7942696,6.8655214,-38.9715,15.905197
chr10,36942318,36942812,-,2,18.355753,1.2685424,8.292601,-6.8775144,32.726288,44.09016
chr10,36948296,36948790,-,2,19.088882,1.0445688,8.292744,-6.873736,32.71949,43.841743
chr10,37009505,37009945,+,7,18.15769,4.22579,4.42694,6.690611,-32.065884,5.6202703
chr10,37272997,37273035,+,5,0.77641124,0.26177073,14.311365,14.398886,-47.3202,-31.24566
chr10,38547135,38547634,-,9,20.063417,1.6279477,4.644952,2.9586227,16.479319,21.398254
chr10,38835665,38836181,+,3,14.199434,4.6485476,9.678166,10.969634,-57.552402,5.647721
chr10,44816126,44816310,-,5,6.66787,3.3443825,15.573702,15.468069,-59.569004,-22.502544
chr10,45177725,45178270,+,1,23.543364,-7.6199117,-4.2722535,15.180633,62.150257,-22.415617
chr10,46471967,46472407,+,7,17.745825,2.293973,3.408538,6.2330093,-15.661129,-4.4459157
chr10,47068244,47068735,+,2,20.636354,-5.380518,8.566735,-7.930787,44.490044,33.447094
chr10,47074147,47074638,+,2,20.636354,-5.380518,8.562635,-7.921603,44.32035,33.80165
chr10,49853521,49853986,+,10,17.649033,4.6933775,6.085458,5.4043303,-26.92029,25.943453
chr10,50289999,50290491,-,-1,20.533987,-4.0953736,2.8954298,7.5910935,14.837019,-20.803823
chr10,50295942,50296434,-,-1,20.533987,-4.0953736,2.8948405,7.5915375,14.837019,-20.803823
chr10,51436630,51437129,+,9,20.52752,1.920458,5.0454593,4.0330067,-8.000241,15.631432
chr10,51442574,51443073,+,9,20.52752,1.920458,5.069513,4.077409,-8.000262,15.63152
chr10,52052526,52053018,+,0,21.596428,-4.4474454,24.78791,0.4993752,3.2349026,-35.711212
chr10,52058430,52058922,+,0,21.596428,-4.4474454,24.790073,0.5027638,3.1799688,-38.158497
chr10,52205751,52206255,+,1,20.2522,0.068747155,-0.4923223,12.893239,59.830475,11.889135
chr10,52211706,52212210,+,1,20.2522,0.068747155,-0.48142695,12.887056,59.830475,11.889135
chr10,53569620,53570112,-,-1,19.87565,-4.7337213,-12.6591625,3.21769,10.592852,-75.55786
chr10,53575563,53576055,-,-1,19.87565,-4.7337213,-12.658788,3.214266,10.685028,-77.05311
chr10,53719381,53719895,+,3,11.831492,5.0565925,9.985703,11.224185,-61.829205,3.665185
chr10,54696700,54697193,+,6,19.916119,0.18262519,5.62949,1.385816,18.428095,24.6934
chr10,56062267,56062759,+,10,19.035583,5.530119,6.1537285,5.420652,-28.983654,26.298048
chr10,57850035,57850497,-,3,10.732772,3.0245388,10.034364,11.2421055,-61.51867,-0.61971134
chr10,59850517,59851015,+,-1,20.977144,-5.2676306,8.6563835,24.098946,53.750877,46.266243
chr10,59856427,59856925,+,-1,20.977144,-5.2676306,8.656715,24.09935,53.750877,46.266243
chr10,60546606,60547104,+,0,20.586061,-5.301446,21.973337,-4.556366,48.95408,-42.41422
chr10,60552555,60553053,+,0,20.586061,-5.301446,21.972597,-4.5618496,48.860783,-41.975014
chr10,61042548,61043041,-,10,20.123936,4.7937546,6.3908296,5.2593107,-27.241085,35.897575
chr10,61515155,61515642,-,9,20.7328,1.3608997,3.875133,3.019177,6.662527,12.953156
chr10,62733428,62733920,-,-1,21.21049,-4.1155057,11.914384,1.317534,20.611225,-26.478601
chr10,62735867,62736359,-,-1,21.21049,-4.1155057,11.914756,1.3174733,20.611225,-26.478601
chr10,63896341,63896558,-,4,8.0049715,1.7480185,13.586364,11.772533,-29.753435,-28.712433
chr10,65822418,65822851,+,8,14.183895,7.589662,5.8015103,6.8991723,-39.054996,19.550146
chr10,66809539,66810032,+,-1,19.462538,0.033711497,-12.059356,3.6726894,1.8591825,-73.97843
chr10,71012731,71013224,-,-1,20.660479,-1.4189117,24.249506,16.569412,65.7496,8.18664
chr10,71018675,71019168,-,-1,20.660479,-1.4189117,24.249807,16.570122,65.7496,8.18664
chr10,72807831,72808203,+,4,14.761314,-1.1893274,13.526566,10.606712,-17.003548,-23.543581
chr10,77169312,77169504,-,5,6.753283,2.9730253,15.584039,15.4699135,-63.042572,-20.841726
chr10,79212067,79212555,-,10,19.480154,6.605879,7.005103,6.1279445,-38.461983,32.08452
chr10,79884894,79885098,-,5,6.1774507,3.8177083,15.553825,15.43749,-58.322823,-23.16071
chr10,81684206,81684674,-,9,18.77672,1.8102127,3.191671,4.064405,6.074701,34.28465
chr10,81843308,81843776,-,9,18.77672,1.8102127,3.1564562,4.0704093,6.074701,34.28465
chr10,82957354,82957808,+,8,13.000102,5.590639,6.1252294,7.191657,-48.98822,11.75164
chr10,83386009,83386449,+,7,19.337397,2.0776815,3.8451905,6.699098,-24.218233,-4.5899773
chr10,83416734,83417233,+,10,20.468967,3.4217334,5.8211055,4.709531,-14.356696,31.98974
chr10,83768358,83768850,+,-1,18.859932,-4.321465,-12.566197,3.304558,11.410832,-70.77473
chr10,83770949,83771383,+,-1,18.034206,-4.2955346,21.458422,11.904597,55.780315,-39.838593
chr10,83774704,83775196,+,-1,18.859932,-4.321465,-12.528534,3.338299,11.410832,-70.77473
chr10,84174379,84174872,-,-1,20.660479,-1.4189117,24.254114,16.573498,65.72861,6.8384194
chr10,84180323,84180816,-,-1,20.660479,-1.4189117,24.25511,16.574657,65.72861,6.8384194
chr10,88199312,88199342,+,5,0.33830553,0.11025564,14.22433,14.151062,-44.908867,-31.156591
chr10,88243521,88244014,-,10,20.596725,3.1394267,5.8779497,4.726005,-4.1864896,25.727303
chr10,90275808,90276301,-,9,19.848444,0.52424085,5.024702,3.5182598,13.006401,5.7800813
chr10,98428192,98428626,+,8,14.618087,5.9697943,5.767069,6.6927795,-34.55725,19.031237
chr10,99184411,99184910,-,2,19.60832,-2.264348,8.369887,-7.008895,41.61599,40.88463
chr10,101880488,101880981,-,9,20.694803,0.4422521,4.9379096,3.013099,2.2743092,6.0427046
chr10,102820012,102820058,+,4,0.050079603,0.028286068,13.895386,13.12327,-43.07905,-30.620539
chr10,103858139,103858632,-,10,18.535517,5.553861,5.724992,4.939455,-21.219027,37.58089
chr10,104142683,104143170,+,-1,17.46352,4.9275665,-5.1245427,4.0345,-36.843746,44.803596
chr10,104151193,104151680,+,-1,17.46352,4.9275665,-5.1246557,4.0343003,-36.843746,44.803596
chr10,104159702,104160189,+,-1,17.46352,4.9275665,-5.124551,4.034098,-36.380863,44.829
chr10,104168211,104168698,+,-1,17.46352,4.9275665,-5.124416,4.0339417,-36.843746,44.803596
chr10,104176720,104177207,+,-1,17.428333,5.007064,-5.1245203,4.034166,-36.590675,44.415215
chr10,104185229,104185716,+,-1,17.46352,4.9275665,-5.1247196,4.034389,-36.380863,44.829
chr10,104193738,104194225,+,-1,17.428333,5.007064,-5.124774,4.034203,-36.590675,44.415215
chr10,104995319,104995817,-,-1,19.966854,-2.4903305,11.770165,0.6055571,27.768757,-34.697487
chr10,105001301,105001799,-,-1,20.72182,-2.7434354,11.770581,0.60586977,27.596035,-34.699646
chr10,107129625,107130123,+,-1,21.271654,-2.994388,11.91961,1.3317852,18.832674,-28.139631
chr10,107135579,107136077,+,-1,21.271654,-2.994388,11.920365,1.3347411,18.832674,-28.139631
chr10,109941583,109942082,+,-1,20.611258,1.0171614,5.949661,-0.20878163,31.604864,2.5641375
chr10,109947533,109948032,+,-1,20.611258,1.0171614,5.9139366,-0.22101279,31.604864,2.5641375
chr10,110104839,110105331,+,-1,21.469624,-3.8243213,0.88344836,25.172844,29.885366,-18.966269
chr10,110110782,110111274,+,-1,21.469624,-3.8243213,0.8832255,25.17294,30.520077,-18.735966
chr10,110652118,110652611,-,9,20.665403,2.5272894,3.538112,3.8261285,8.558718,28.168278
chr10,112120159,112120267,-,5,3.0156243,1.9240098,15.398683,15.184794,-51.31029,-22.500551
chr10,113205203,113205693,-,-1,16.86053,4.964255,6.423204,6.914466,-48.061558,17.07171
chr10,117728084,117728576,+,0,21.596428,-4.4474454,24.790571,0.5048298,2.7945116,-37.15517
chr10,118017677,118018169,-,9,18.973886,2.307775,3.467371,3.7702346,4.7865086,27.96613
chr10,118023652,118024145,-,9,19.342834,1.9643009,3.332585,3.9598355,4.639483,28.549395
chr10,118240909,118241245,-,4,8.380373,1.7960908,13.237049,11.996726,-31.04433,-20.532587
chr10,118246325,118246657,-,4,9.559659,1.5787815,13.253872,11.990276,-30.400084,-20.456196
chr10,118252810,118253142,+,4,9.559659,1.5787815,13.261055,11.990434,-30.400084,-20.456196
chr10,118256004,118256206,+,5,2.622048,1.4887367,15.358068,15.128575,-49.61667,-25.514107
chr10,118258222,118258558,+,4,8.380373,1.7960908,13.2382345,11.989425,-31.04433,-20.532587
chr10,118327098,118327431,-,4,9.220284,1.5817888,13.224424,11.997428,-30.79254,-19.7309
chr10,118332524,118332857,-,4,9.180537,1.2935591,13.220335,11.988818,-30.297054,-19.76353
chr10,118337947,118338280,-,4,9.180537,1.2935591,13.2243595,11.994012,-30.297054,-19.76353
chr10,118343371,118343704,-,4,9.220284,1.5817888,13.220521,11.995206,-30.79254,-19.7309
chr10,118348795,118349128,-,4,8.705452,1.386675,13.22244,11.993126,-31.14043,-19.89885
chr10,118354234,118354566,-,4,9.564256,1.6175922,13.251033,11.980538,-30.176493,-20.242775
chr10,118422189,118422622,+,8,15.385773,7.5164294,5.787847,6.828708,-40.36372,18.322878
chr10,118428056,118428489,+,8,15.346756,8.275836,5.8338065,6.871687,-40.253784,18.288239
chr10,118937543,118938035,-,-1,19.40241,2.1919186,2.3684072,4.735815,18.72674,44.963806
chr10,118943486,118943978,-,-1,19.40241,2.1919186,2.3707378,4.7325807,18.72674,44.963806
chr10,119236301,119236794,-,10,19.909706,3.4205263,5.755019,4.51648,-17.471003,29.602957
chr10,126941767,126942260,+,9,19.512445,2.907245,3.1209242,2.5436723,9.502217,28.099653
chr10,127378075,127378509,+,8,15.642227,4.5815845,5.6236625,6.882389,-39.421608,9.522045
chr10,127409640,127410136,+,-1,18.435501,3.385614,4.4352603,5.9992056,-15.86521,9.549057
chr10,129442098,129442592,+,-1,18.551752,0.23117232,13.901676,-3.510521,39.787144,16.286491
chr10,129906889,129907382,-,9,20.516253,0.69703037,4.2444434,2.828298,2.5136318,11.793429
chr11,4775401,4775789,-,4,13.919965,2.2796931,13.550709,10.628445,-21.737171,-23.861467
chr11,4897815,4898255,+,8,17.056843,6.032087,5.43586,6.6035476,-31.905529,16.98707
chr11,7584052,7584544,+,6,21.204575,-4.058674,7.747428,-0.19546077,19.002796,-16.627216
chr11,7591482,7591964,+,6,20.72913,-4.1886363,7.7588477,-0.20163772,17.896233,-15.806525
chr11,7636993,7637210,+,5,6.6980476,3.0082734,15.598738,15.489299,-62.112114,-19.44954
chr11,8076478,8076976,+,6,20.781809,-4.0612965,7.766999,-0.2056758,19.429564,-17.440548
chr11,8082427,8082925,+,6,20.781809,-4.0612965,7.7663503,-0.2074003,19.429564,-17.440548
chr11,9089683,9090177,-,10,17.769434,5.6378384,7.1699467,6.2406173,-41.52197,30.202114
chr11,9130513,9130998,-,10,18.244488,5.3918366,6.2449517,5.5374293,-31.42365,25.0603
chr11,9807704,9808196,+,-1,19.453566,0.7566464,5.7242985,-1.6856788,7.4902825,51.543545
chr11,9813647,9814139,+,-1,19.453566,0.7566464,5.7124343,-1.6730139,7.4902825,51.543545
chr11,10177530,10178023,-,2,20.375406,-1.9476742,8.368724,-7.0176187,40.873577,40.694332
chr11,11078652,11079145,-,9,20.247965,1.467449,3.5267549,3.6584458,3.2803159,28.082487
chr11,16567021,16567512,+,-1,20.596186,-3.847879,14.6713915,-8.861694,-0.8119438,-52.33632
chr11,16572508,16572999,+,-1,20.596186,-3.847879,14.647009,-8.885773,-0.8119438,-52.33632
chr11,19515834,19516327,-,10,21.444254,3.5836656,5.7476387,4.676363,-11.674786,34.525063
chr11,19517752,19518192,-,8,18.201477,4.721055,5.2906384,6.642547,-32.89697,12.680928
chr11,19565319,19565811,-,-1,21.469624,-3.8243213,0.8832127,25.173115,29.788343,-18.321932
chr11,21293686,21294204,-,3,14.271815,5.1776,9.926172,11.179505,-61.773815,6.3166766
chr11,22395421,22395914,-,2,20.188715,-0.89672726,8.4238,-7.0680776,42.09706,46.261826
chr11,22401326,22401819,-,2,20.654356,-0.8862613,8.458979,-7.0581326,41.92422,46.112537
chr11,22466299,22466739,+,-1,16.98313,-0.03917394,3.2281177,7.1591153,-6.510387,-21.048012
chr11,23546401,23546893,-,-1,19.87565,-4.7337213,-12.656668,3.2163115,10.592852,-75.55786
chr11,23552344,23552836,-,-1,19.87565,-4.7337213,-12.660644,3.216115,9.120553,-76.297295
chr11,23905148,23905175,-,5,0.86465406,0.25976118,14.40577,14.603593,-48.150963,-32.449074
chr11,24459747,24460241,-,10,19.822598,4.5032167,5.688858,4.637695,-10.325916,36.44359
chr11,24527495,24527988,+,-1,19.709148,-2.2765472,-12.005072,3.7205706,3.2269835,-79.774254
chr11,25795344,25795835,+,0,20.68695,-4.0750237,24.51933,0.08364608,-4.273395,-39.540558
chr11,25801610,25802101,+,0,21.180464,-4.012744,24.526398,0.06351965,-4.1040072,-39.52716
chr11,26030277,26030769,-,0,21.596428,-4.4474454,24.796888,0.51933044,0.9470984,-35.864864
chr11,26033257,26033749,-,0,21.596428,-4.4474454,24.803745,0.51425433,1.7609314,-36.524357
chr11,28124946,28125434,+,10,17.916607,5.6969604,6.9618306,6.107974,-40.111652,33.995346
chr11,29111375,29111867,+,-1,17.214233,4.033622,5.641816,5.8923674,-23.041971,44.609478
chr11,29585987,29586479,+,0,21.147156,-4.7602463,24.59613,0.4625788,1.2634137,-44.810516
chr11,29591892,29592384,+,0,21.147156,-4.7602463,24.616741,0.41183248,1.2634137,-44.810516
chr11,31416733,31416925,+,5,5.5808673,2.9692185,15.475911,15.295963,-56.92573,-21.150549
chr11,33048734,33049227,+,9,21.468712,0.041468874,3.9381132,3.2998478,7.1028686,17.771847
chr11,33062305,33062797,+,-1,19.557447,1.919446,2.3861635,4.717833,19.172407,43.78304
chr11,33068248,33068740,+,-1,19.557447,1.919446,2.3889368,4.715981,19.172407,43.78304
chr11,38181359,38181799,+,8,17.746847,4.7209105,5.247802,6.6713033,-32.96087,12.806733
chr11,40625521,40626014,-,-1,20.279837,0.06623556,2.689088,3.5780003,44.528576,4.725556
chr11,40631465,40631958,-,-1,20.279837,0.06623556,2.6872778,3.5802934,44.528576,4.725556
chr11,45650216,45650708,+,-1,20.744257,-5.0952296,6.474607,19.194178,50.294743,48.514072
chr11,45655101,45655593,+,-1,20.744257,-5.0952296,6.4743996,19.19434,49.35453,47.452957
chr11,46495861,46496353,-,-1,17.027767,-2.2609692,1.8059863,1.4272357,28.882309,-23.633698
chr11,46500387,46500879,-,-1,17.027767,-2.2609692,1.7974132,1.4255129,28.882309,-23.633698
chr11,47863144,47863621,+,9,20.256495,0.63681567,5.270811,3.360191,20.476757,5.7864394
chr11,48758084,48758603,-,3,15.157064,5.0466614,9.931816,11.184367,-63.301548,6.8636465
chr11,54098579,54099072,+,6,21.356298,2.2126231,5.5474133,1.4210532,21.726517,17.514679
chr11,54104631,54105123,-,0,21.596428,-4.4474454,24.805395,0.51604253,1.7451389,-38.100266
chr11,55898315,55898755,-,8,15.74075,5.55019,6.054456,7.198856,-45.34539,11.265408
chr11,58552697,58553191,-,10,18.937336,2.9007351,4.730418,4.708054,-13.219753,13.052033
chr11,59887417,59887910,+,-1,20.660479,-1.4189117,24.255438,16.575449,65.7496,8.18664
chr11,60040026,60040494,-,10,16.707748,4.592109,6.692265,5.6090465,-34.33498,38.12803
chr11,60651277,60651769,-,-1,18.878212,3.4302182,2.4427443,4.6733656,14.71959,41.7714
chr11,60657186,60657678,-,-1,18.484049,3.2741446,2.4681823,4.657294,14.76402,41.76234
chr11,61548729,61548797,-,4,2.2252774,-0.7915875,13.672879,12.358683,-36.20089,-31.609407
chr11,61548835,61549201,-,4,16.408989,-2.217155,13.527579,10.5941515,-17.65044,-25.069614
chr11,63623838,63624331,-,9,20.556728,1.1958921,3.4154847,3.7287853,16.208424,24.499554
chr11,67866347,67866839,+,-1,21.216711,-3.023224,11.770858,0.6068208,25.916473,-33.112453
chr11,67872251,67872743,+,-1,21.216711,-3.023224,11.767523,0.60766685,25.916473,-33.112453
chr11,68297626,68298066,-,7,16.972435,2.1722093,3.9696796,6.5497193,-26.795416,1.7815058
chr11,70155835,70156340,+,-1,19.8185,-4.2595825,1.0248673,-1.8472145,44.62286,-21.469782
chr11,70161788,70162293,+,-1,19.8185,-4.2595825,1.0254562,-1.8465072,44.62286,-21.469782
chr11,71000802,71001242,+,8,18.009117,5.1580987,5.101184,6.7664046,-35.99321,9.379573
chr11,71505741,71506238,-,9,21.154152,1.0178807,3.24337,4.0056157,4.999265,32.26028
chr11,71511650,71512147,-,9,21.154152,1.0178807,3.2468107,4.0009136,4.999292,32.260406
chr11,71875237,71875728,+,-1,21.033648,-2.2562184,11.996332,0.35352856,26.57087,-28.609177
chr11,71881140,71881631,+,-1,21.033648,-2.2562184,11.994342,0.35679588,26.57087,-28.609177
chr11,72326537,72327029,+,-1,19.87565,-4.7337213,-12.661053,3.215585,10.592852,-75.55786
chr11,72332472,72332964,+,-1,19.87565,-4.7337213,-12.661314,3.2152357,10.592852,-75.55786
chr11,73369891,73370383,+,10,18.245949,5.5446887,6.11133,5.39791,-23.698082,32.20927
chr11,76828124,76828616,+,-1,18.936163,-4.8342333,-12.645089,3.2215858,9.085636,-79.04121
chr11,76834068,76834560,+,-1,18.936163,-4.8342333,-12.626716,3.240544,9.085636,-79.04121
chr11,76862300,76862722,-,10,14.598734,4.998039,5.6375237,5.4183335,-17.989779,43.723244
chr11,76868174,76868676,-,10,18.522875,5.5960197,5.650894,5.412651,-18.735552,42.604652
chr11,82581747,82582193,+,8,18.314814,4.4155807,5.1725717,6.626749,-32.837364,12.194155
chr11,83050382,83050874,+,4,21.153599,-4.75368,13.773732,10.145203,-2.6136808,-46.231216
chr11,83056286,83056778,+,4,21.153599,-4.75368,13.779943,10.13368,-2.6136808,-46.231216
chr11,83071001,83071494,-,6,21.401707,0.6873812,5.868499,1.1981528,21.598944,18.680973
chr11,83076941,83077434,-,6,21.401707,0.6873812,5.884775,1.1795263,21.599024,18.681057
chr11,83088406,83088899,-,9,19.752428,2.1669369,4.014047,3.580122,0.059786446,7.044448
chr11,85041863,85041987,-,5,1.7306908,0.73054916,14.527665,14.729104,-52.27136,-32.597225
chr11,90701845,90702333,+,10,17.6755,5.9900117,7.1648912,6.2841516,-38.93302,28.913061
chr11,92037989,92038055,-,4,0.00014783151,0.0013364968,13.909883,13.141706,-42.881413,-29.880117
chr11,92585524,92586017,+,1,20.521427,-0.20365813,-0.49605778,12.892715,56.48725,1.0866085
chr11,92591462,92591955,+,1,19.800468,-0.28866658,-0.49508572,12.899377,56.818573,1.0573667
chr11,94622920,94623412,-,2,21.030626,-5.205132,8.564061,-7.9200478,45.463623,34.99014
chr11,94628824,94629316,-,2,21.030626,-5.205132,8.565634,-7.922773,45.379807,34.72437
chr11,99554716,99554993,+,4,12.938619,-6.311079,13.655178,11.219516,-24.330238,-33.27012
chr11,99821953,99822445,-,0,21.596428,-4.4474454,24.807623,0.5193037,3.4769576,-36.59816
chr11,99836209,99836701,-,0,21.596428,-4.4474454,24.813782,0.525038,5.5069695,-38.306675
chr11,102422957,102423527,-,4,9.829824,3.816909,13.228259,12.550349,-39.07574,-21.345762
chr11,103927894,103928386,+,0,21.596428,-4.4474454,24.821255,0.5331643,4.738609,-39.07855
chr11,104239010,104239503,-,-1,20.359789,0.8116656,5.947787,-0.17797717,31.960295,5.0570836
chr11,104242151,104242644,-,-1,20.359789,0.8116656,5.921637,-0.20650133,31.960295,5.0570836
chr11,104554847,104555282,-,7,17.987627,2.3137426,3.5346315,6.351401,-19.372038,-1.1802489
chr11,105428179,105428671,+,6,21.557957,-4.2069626,7.877826,-0.25657776,18.96263,-19.379238
chr11,105434122,105434614,+,6,21.557957,-4.2069626,7.895144,-0.2689443,18.962643,-19.378782
chr11,105847885,105848378,-,9,20.499195,1.3124133,3.431529,3.7445347,6.1487722,25.897997
chr11,105853862,105854355,-,9,20.67348,1.7967308,3.4891784,3.6917415,6.140716,25.894104
chr11,109466197,109466685,-,10,18.970127,3.35284,4.486436,5.310256,-13.7688055,8.219148
chr11,113136113,113136299,+,5,6.9733486,3.3254101,15.553296,15.469247,-62.72073,-20.61698
chr11,114456307,114456806,+,-1,19.532227,0.15272011,-11.987973,3.7346396,1.1553104,-79.43512
chr11,114462217,114462716,+,-1,19.532227,0.15272011,-11.980959,3.7411308,1.1553104,-79.43512
chr11,114824701,114825195,+,-1,19.358578,4.833622,5.655948,5.867563,-23.86543,46.556152
chr11,115715300,115715792,-,-1,19.176235,3.1327186,2.4118388,4.6941614,17.932478,41.75908
chr11,119699070,119699563,+,1,20.030739,-0.24607907,-0.493113,12.895935,56.504402,1.083572
chr11,119705008,119705501,+,1,20.030739,-0.24607907,-0.48865974,12.884115,56.504353,1.0835953
chr11,121649272,121649764,-,10,18.645485,3.7205808,6.26336,4.949176,-21.468618,35.46884
chr12,4148854,4149287,-,8,15.478098,5.304881,5.581828,6.8014965,-39.55948,9.520621
chr12,9503535,9504033,-,-1,20.557814,-4.5933223,-12.647614,3.2186391,10.29614,-72.600685
chr12,9509445,9509943,-,-1,20.557814,-4.5933223,-12.647756,3.218793,10.29614,-72.600685
chr12,10526436,10526936,+,3,13.19314,5.5179653,9.805645,11.081113,-56.60994,5.821335
chr12,11506218,11506712,-,10,18.756027,5.6046247,5.6386113,5.4053135,-18.5588,42.800926
chr12,11512197,11512691,-,10,18.756027,5.6046247,5.6470647,5.4046764,-18.5588,42.800926
chr12,12859428,12859921,+,2,20.864128,-2.747962,8.303172,-6.8947167,39.709267,38.981422
chr12,12865255,12865748,+,2,20.864128,-2.747962,8.296698,-6.884113,39.709274,38.98142
chr12,14897975,14898411,+,7,17.392622,1.2768823,3.340632,6.686114,-18.477674,-7.108174
chr12,17866177,17866670,-,9,19.656954,-0.43704203,3.5297396,3.5134068,-3.119376,2.222257
chr12,17877094,17877386,-,5,7.265895,2.8485968,15.61215,15.492092,-56.49775,-19.911516
chr12,17877562,17878049,+,9,19.146566,1.1006163,3.8735626,2.595653,-1.8406501,-7.1671033
chr12,18196199,18196692,+,9,20.655333,1.4533545,4.117924,3.6837995,2.7350671,17.49306
chr12,18202128,18202622,+,9,20.654703,1.4497012,4.104138,3.6210568,2.7342615,17.492846
chr12,18335725,18336126,-,8,12.117271,4.011689,5.3353577,6.714127,-36.09555,5.7472844
chr12,18541498,18541991,-,9,21.277443,2.2477455,4.292964,3.1216898,3.645037,21.70898
chr12,18542906,18543346,-,8,17.915064,3.250441,4.8441405,6.667116,-29.499315,5.178691
chr12,18963636,18964076,+,7,17.224163,2.074164,3.869204,6.7998037,-22.502438,-1.5122288
chr12,18969519,18970012,+,9,19.87602,0.49992564,4.222371,2.9499087,3.4813774,9.361928
chr12,19108326,19108819,-,9,21.40665,0.22595151,3.8205497,2.7899513,2.8864455,-2.6094868
chr12,19339977,19340424,-,7,16.207685,3.4947386,4.027892,6.505004,-31.925468,0.38237754
chr12,19583815,19584309,-,3,14.935047,4.5284405,9.579574,10.890336,-57.31641,12.671725
chr12,19696551,19697067,-,9,20.924112,0.85843086,4.081216,3.688089,3.0788488,16.300816
chr12,19701170,19701686,-,9,20.924112,0.85843086,4.0763044,3.6900687,3.078902,16.30103
chr12,19855428,19855921,-,10,20.469324,4.559837,5.6440454,4.638356,-10.449694,30.50676
chr12,19894744,19895237,+,9,20.935846,1.8686247,4.0530725,3.7450383,0.7473113,19.634657
chr12,19900682,19901175,+,9,20.935846,1.8686247,4.0404353,3.7899709,0.747271,19.634695
chr12,19931732,19932235,-,-1,20.546972,-0.1870242,2.7590961,3.646446,43.77024,6.8228993
chr12,19937680,19938183,-,-1,20.546972,-0.1870242,2.6932485,3.6002052,43.77024,6.8228993
chr12,20173665,20174159,-,3,15.158402,4.6748633,9.538735,10.854237,-57.276302,12.6095915
chr12,20556107,20556554,-,7,16.207685,3.4947386,4.0417566,6.4998646,-31.925404,0.38225606
chr12,20757964,20758457,-,9,19.818014,1.7729717,4.0232797,3.786305,0.905196,19.660995
chr12,20931954,20932401,-,7,16.39321,4.4716997,4.142675,6.4218054,-31.575304,0.5985892
chr12,21586908,21587407,+,9,19.80001,1.0958831,4.224961,3.0542605,-2.0216603,7.0442667
chr12,21735380,21735873,-,-1,20.184628,-1.1417787,24.220364,16.57591,68.9548,5.3134813
chr12,21741315,21741808,-,-1,20.184628,-1.1417787,24.196918,16.549582,68.9548,5.3134813
chr12,22347829,22348322,-,9,19.87602,0.49992564,4.275349,2.9586477,3.481274,9.361925
chr12,22353759,22354252,-,9,19.82194,0.7971078,4.2329135,2.8323658,2.5474288,9.641568
chr12,22394806,22394952,-,5,5.287207,2.8990278,15.535349,15.444963,-58.07506,-25.33753
chr12,22646217,22646711,+,3,15.158402,4.6748633,9.566481,10.88042,-57.27629,12.609644
chr12,22977002,22977496,+,9,18.701838,1.2535399,4.2464137,3.1287377,-1.1949008,23.203634
chr12,22978411,22978661,+,4,10.453324,-0.43813652,13.727598,11.815386,-31.145323,-35.862865
chr12,23033919,23034442,+,9,21.105782,0.45684195,3.1004553,2.180613,18.743393,29.554905
chr12,23039917,23040440,+,9,21.105782,0.45684195,3.032684,2.070896,18.743393,29.554905
chr12,23506827,23507320,-,9,19.0563,0.3826602,4.248699,2.8400855,3.0514965,9.383014
chr12,23512757,23513250,-,9,19.82194,0.7971078,4.249617,2.8473234,2.5474288,9.641568
chr12,23553829,23553975,-,5,5.287207,2.8990278,15.514034,15.42718,-58.07506,-25.33753
chr12,23992041,23992535,+,3,15.158402,4.6748633,9.534086,10.850621,-57.276302,12.6095915
chr12,24061802,24062242,-,7,18.6198,3.096277,3.957423,6.673582,-23.469278,-4.8201127
chr12,24324537,24325031,+,9,19.5903,2.0126345,4.243027,3.0797164,-1.1993657,23.041855
chr12,24325945,24326439,+,9,19.764078,1.744243,4.5699806,3.0994763,1.1359239,22.347157
chr12,28437959,28438452,-,9,20.218199,1.7201358,3.312465,3.9640613,3.1544497,30.71327
chr12,30056767,30057260,-,10,18.70447,1.0380968,4.719541,4.5677004,-11.775475,13.904256
chr12,30062697,30063185,-,10,19.919916,4.008892,5.804421,4.623329,-15.63697,17.32955
chr12,33228661,33229154,-,6,21.196268,0.32868174,6.6660256,0.36271366,17.98751,13.630318
chr12,33234566,33235059,-,6,21.196268,0.32868174,6.6657944,0.36366528,17.987206,13.630466
chr12,34131520,34132019,+,-1,19.631277,1.9274254,2.7477562,3.3477523,43.108765,11.579002
chr12,34622958,34623398,-,7,18.116257,0.42207092,3.4678853,6.3816433,-13.223645,-2.6232557
chr12,34628445,34628938,-,2,20.307156,-0.6471389,8.326613,-6.9393406,36.96972,43.66499
chr12,35188021,35188054,+,5,0.28898945,0.094996005,14.174239,14.01819,-44.561287,-30.209663
chr12,37064707,37065195,+,0,19.756935,-4.449616,24.704597,0.28501868,1.4720929,-47.17764
chr12,37070644,37071132,+,0,19.756935,-4.449616,24.71131,0.31735724,1.4720793,-47.177654
chr12,42060790,42061236,+,7,19.083652,2.186588,3.9597726,6.6203194,-27.788006,-0.2100042
chr12,44676364,44676862,-,-1,20.977144,-5.2676306,8.660209,24.103588,52.664623,45.20995
chr12,44682271,44682769,-,-1,20.977144,-5.2676306,8.665001,24.109144,53.750877,46.266243
chr12,45217174,45217603,-,9,17.4407,3.977202,4.160585,3.122172,1.5741869,25.00929
chr12,45450865,45451357,+,-1,21.310055,-4.3375425,12.985818,-0.5608171,15.028072,-43.14173
chr12,45456809,45457301,+,-1,21.310055,-4.3375425,12.985381,-0.56031257,15.028072,-43.14173
chr12,47384012,47384504,-,2,20.830158,-5.134298,5.2003446,-11.957483,42.757072,-17.751842
chr12,47389955,47390447,-,2,20.830158,-5.134298,5.2005324,-11.957351,42.757072,-17.751842
chr12,47526032,47526524,+,0,20.439943,-4.387796,23.647692,1.3057284,-8.650022,-43.92887
chr12,47531935,47532427,+,0,20.439943,-4.387796,23.647453,1.3059705,-8.650022,-43.92887
chr12,48493164,48493604,-,7,17.43086,1.8578731,3.4765012,6.232579,-16.927052,-3.6603415
chr12,50581025,50581465,+,7,18.113909,0.89398706,3.370324,6.6151934,-19.263884,-9.259854
chr12,50586912,50587404,+,9,20.499462,0.3333905,3.9026845,2.8640487,18.4363,15.667586
chr12,50623240,50623738,+,-1,20.816332,-5.2588587,21.526167,11.964548,48.85025,-38.673237
chr12,54321748,54322241,+,-1,19.28507,5.581052,5.6651683,5.759374,-23.957375,43.81
chr12,54365178,54365670,-,0,20.750767,-4.169966,24.672838,0.146906,5.318375,-44.15452
chr12,54368794,54369286,-,0,21.20028,-4.4211335,24.638697,0.17346305,5.385915,-44.123253
chr12,54936665,54936699,+,5,1.2027533,0.3804759,14.415831,14.616795,-49.566372,-32.580883
chr12,56104176,56104668,-,6,20.43189,-4.4915214,7.7598467,-0.20205529,20.788685,-14.4060545
chr12,56110119,56110611,-,6,20.43189,-4.4915214,7.7652736,-0.2059868,20.788685,-14.4060545
chr12,56628547,56629041,-,10,19.288488,4.033435,5.47372,4.6053114,8.220403,28.506365
chr12,58290772,58291206,+,8,13.044432,7.283614,6.079679,7.1910133,-47.37028,13.643118
chr12,59297844,59298342,-,1,21.07437,-5.619181,-3.7973208,13.995469,55.47132,-18.335623
chr12,59303793,59304291,-,1,21.07437,-5.619181,-3.7977126,13.995587,55.5214,-18.881134
chr12,62376225,62376659,-,8,14.554773,5.7526608,5.8790374,6.9354,-37.091553,16.690275
chr12,63923389,63923904,+,3,10.667839,2.8381164,10.016681,11.230026,-62.543587,-0.56068945
chr12,64146851,64147343,-,2,21.030626,-5.205132,8.567324,-7.920958,45.615345,34.361385
chr12,64152755,64153247,-,2,21.030626,-5.205132,8.565994,-7.922614,45.936153,35.14922
chr12,66064140,66064649,+,3,10.353892,2.5683248,10.04122,11.272802,-63.6462,0.5839542
chr12,66275151,66275649,+,-1,20.787996,-5.5092773,21.53288,11.971454,51.343388,-38.076622
chr12,67260162,67260660,-,-1,20.977144,-5.2676306,8.662157,24.10611,53.750877,46.266243
chr12,67266072,67266570,-,-1,20.977144,-5.2676306,8.664791,24.108704,53.750877,46.266243
chr12,67536895,67537399,-,-1,20.169989,-4.791856,-12.756895,3.1307347,8.713102,-73.09694
chr12,69266854,69267347,-,-1,20.118475,-1.4884635,2.653124,3.6159568,44.582287,6.7475286
chr12,69622729,69623169,+,7,18.593893,3.272474,3.7674005,6.329084,-19.183527,-3.6880367
chr12,71077149,71077642,+,-1,20.660479,-1.4189117,24.259974,16.581532,66.81088,6.299598
chr12,71083093,71083586,+,-1,20.660479,-1.4189117,24.258177,16.580402,65.7496,8.18664
chr12,71963092,71963584,+,-1,19.87565,-4.7337213,-12.660792,3.2164173,10.592852,-75.55786
chr12,71967280,71967772,+,-1,19.87565,-4.7337213,-12.663904,3.213484,10.592852,-75.55786
chr12,72557481,72557973,-,2,20.524504,-3.9237344,8.505808,-7.7941074,47.34471,42.982273
chr12,72563422,72563914,-,2,20.524504,-3.9237344,8.467601,-7.7397504,47.345085,42.98242
chr12,73074230,73074723,+,-1,20.17496,-1.4488268,24.207132,16.560919,63.968975,6.022266
chr12,73080174,73080667,+,-1,20.17496,-1.4488268,24.21953,16.568342,63.968975,6.022266
chr12,73290135,73290575,-,7,17.38616,1.4335344,3.8088832,6.6367574,-26.940088,-0.76698554
chr12,74065436,74065935,-,9,20.29578,-0.39372194,3.724537,2.3531437,7.4566593,-3.0108538
chr12,76755590,76756083,-,6,20.374033,-0.06005807,6.25297,0.75089395,26.052849,19.427937
chr12,76761534,76762027,-,6,20.374033,-0.06005807,6.2806654,0.72447973,26.052849,19.427937
chr12,79123189,79123681,-,0,20.390308,-4.3752537,23.674599,1.2735379,-8.298116,-43.521435
chr12,79129083,79129575,-,0,20.439943,-4.387796,23.648767,1.3043947,-8.650022,-43.92887
chr12,82019789,82019821,-,5,0.6264088,0.20773137,14.297039,14.384233,-46.78533,-31.704681
chr12,82050613,82050645,-,5,0.6264088,0.20773137,14.286907,14.380683,-46.785698,-31.704859
chr12,83504745,83505076,+,4,14.530676,-3.1465921,13.521759,10.592559,-18.483767,-26.893639
chr12,83624987,83625485,+,-1,21.341007,-4.3021126,12.987578,-0.56220704,15.518372,-44.484253
chr12,83630936,83631434,+,-1,21.341007,-4.3021126,12.987466,-0.5619387,16.236359,-43.935135
chr12,84088232,84088725,+,9,18.683306,1.761999,3.9612217,3.4106247,5.233827,21.121277
chr12,84736624,84737105,+,10,19.135435,4.1107497,6.1629176,4.6702185,-14.556033,28.293669
chr12,85282257,85282541,+,4,11.31864,-0.585934,13.659441,11.24888,-24.033722,-29.64969
chr12,90561317,90561810,+,9,20.687252,0.6168345,4.765017,3.440462,17.615606,6.5415325
chr12,91247875,91248315,+,8,16.491108,6.9059534,5.5860443,6.6920285,-34.677,17.196812
chr12,95593858,95594346,-,10,15.893281,5.1734676,6.220299,5.6787796,-30.410543,24.418587
chr12,98461427,98461926,+,9,19.535175,2.9347768,4.4017997,3.5975354,-12.274783,3.818115
chr12,98467410,98467856,+,7,17.164074,3.4003067,3.4781406,6.364879,-12.4700775,3.6055596
chr12,99346806,99346847,-,4,3.8078306e-05,3.3442157e-05,13.917795,13.157554,-41.964832,-30.261469
chr12,99346958,99347058,-,4,0.00024429167,0.0013754534,13.906789,13.131628,-42.500847,-30.58768
chr12,100458835,100459327,+,2,21.030626,-5.205132,8.56621,-7.922749,45.615345,34.361385
chr12,100464739,100465231,+,2,21.030626,-5.205132,8.563429,-7.9204,45.70813,35.15933
chr12,105479456,105479943,-,10,17.702276,5.2464266,6.3618994,5.7654037,-34.436714,29.523798
chr12,109757261,109757447,+,5,4.4792085,2.7997775,15.455043,15.257297,-53.959385,-22.458164
chr12,112021777,112022071,+,4,12.307898,-1.1405734,13.644035,11.256798,-24.225283,-30.498795
chr12,112477065,112477558,-,2,19.841372,-0.8497288,8.310118,-6.914535,40.20313,42.662724
chr12,112837086,112837561,+,-1,17.061487,3.5801013,5.0083995,5.1309094,-19.218542,15.844436
chr12,113706838,113707330,-,9,19.497581,0.8219415,3.8130178,3.4277098,12.014692,18.267473
chr12,113712779,113713271,-,9,19.497463,0.992328,3.823502,3.4064946,11.998283,18.199774
chr12,114016295,114016728,-,8,15.363412,7.339196,5.811135,6.8450365,-39.709763,18.170525
chr12,115078269,115078557,+,4,12.384596,-2.0438416,13.6473,11.210457,-22.989899,-30.04521
chr12,115349467,115349960,-,9,20.52325,1.421571,3.8129177,3.2017438,9.9684925,16.54667
chr12,115579582,115580075,-,9,20.417677,1.1412328,4.7556,3.3952248,-4.9380717,8.245524
chr12,115585525,115585965,-,7,17.232443,1.7432641,3.796834,6.753969,-26.702465,-6.31249
chr12,117798056,117798554,+,-1,20.787996,-5.5092773,21.53182,11.970318,51.43579,-39.285416
chr12,117803966,117804464,+,-1,20.787996,-5.5092773,21.53312,11.971535,52.231266,-38.88765
chr12,118924402,118924960,-,3,16.693163,5.076917,9.979665,11.222602,-58.528507,-0.97644776
chr13,3021013,3021505,-,6,21.204575,-4.058674,7.7503085,-0.19637717,19.534979,-16.52989
chr13,3026956,3027448,-,6,21.204575,-4.058674,7.756555,-0.19995493,19.391026,-16.050646
chr13,4631148,4631635,+,10,20.014042,4.036556,6.483399,5.206606,-26.8856,34.352707
chr13,4637079,4637299,+,4,7.350503,2.1410189,13.535902,11.793228,-30.5602,-28.891237
chr13,6711471,6711963,+,0,21.596428,-4.4474454,24.679638,0.4077575,4.6593256,-38.279873
chr13,6716293,6716785,+,0,21.596428,-4.4474454,24.70059,0.5048946,1.3774818,-37.418503
chr13,6940309,6940808,+,2,20.889141,-0.52652425,8.274678,-6.853041,37.626118,37.419155
chr13,6946218,6946717,+,2,20.889141,-0.52652425,8.2537775,-6.8313336,37.626118,37.419155
chr13,6957962,6958090,-,4,5.6132164,-1.9018389,13.705633,12.177415,-32.558388,-32.90301
chr13,7068415,7068854,-,-1,16.954275,2.440757,2.4423501,4.8408737,-6.0222106,-19.439331
chr13,7074304,7074796,-,-1,19.794262,1.8031493,2.4216807,4.689578,19.474985,42.800632
chr13,7334747,7335233,-,-1,17.914497,3.7527301,5.5579433,5.772694,-23.048052,47.62535
chr13,7633903,7634343,+,7,17.757526,4.7251377,4.536525,6.629282,-27.669064,9.651374
chr13,10174778,10175271,-,6,20.226994,1.0898347,6.5530496,0.3976059,28.79428,15.490063
chr13,10180614,10181107,-,6,20.226994,1.0898347,6.54137,0.3998735,28.79428,15.490063
chr13,10974117,10974615,+,1,20.678036,-5.4379807,-4.268384,15.189527,63.062878,-16.761997
chr13,10979495,10979993,+,1,20.678036,-5.4379807,-4.262021,15.197759,63.062878,-16.761997
chr13,12653182,12653674,+,-1,20.244907,-4.768863,1.048553,-1.890501,42.14526,-22.723148
chr13,12659124,12659616,+,-1,20.244907,-4.768863,1.0427126,-1.8830582,42.14526,-22.723148
chr13,16367938,16368431,-,-1,20.258995,-1.3023225,8.399388,14.268509,63.46709,9.252709
chr13,16372987,16373480,-,-1,20.258995,-1.3023225,8.399162,14.268457,63.46709,9.252709
chr13,17367959,17368453,+,10,19.4911,3.9232934,5.614025,5.1529994,-12.926261,19.420628
chr13,17687247,17687839,+,4,9.110607,3.5124412,13.236225,12.556869,-39.308895,-20.995472
chr13,17932085,17932578,+,6,19.888145,-0.41124582,6.4207034,0.5742445,27.025726,18.344923
chr13,17937990,17938482,+,6,20.648447,-2.9180822,7.3230376,0.025692802,18.777443,-14.164971
chr13,18002261,18002753,-,-1,21.412712,-3.814605,1.8515458,1.4509578,22.503193,-21.906622
chr13,18008151,18008643,-,-1,21.412712,-3.814605,1.851052,1.449913,22.32015,-21.707958
chr13,18639240,18639744,-,9,21.037645,1.146919,5.367087,3.3570013,22.077406,8.425635
chr13,18645156,18645660,-,9,21.037645,1.146919,5.365743,3.3513668,22.077406,8.425635
chr13,20176368,20176808,-,7,17.73971,2.0394232,3.7950518,6.424154,-22.33139,0.5385111
chr13,21953776,21954268,-,9,20.368067,2.5702891,4.716961,3.439525,-4.528349,9.878302
chr13,24408195,24408688,-,10,20.693151,5.4173675,6.0326023,5.309913,-26.000246,30.503193
chr13,24470942,24471060,+,5,3.5500479,2.210157,14.806096,14.970818,-55.9876,-30.50743
chr13,25428174,25428274,-,4,3.7543442,1.6504768,13.630285,12.258847,-33.95056,-29.144684
chr13,28620688,28621181,+,-1,19.165495,-0.0022999372,-12.064727,3.6664948,1.8517551,-73.999664
chr13,28623688,28624181,+,-1,18.942654,1.3217096,-12.064687,3.6679373,1.6261264,-74.15222
chr13,30314686,30315179,+,-1,20.507347,0.91948605,1.0462431,1.2829711,32.569054,-7.6662064
chr13,30320591,30321084,+,-1,20.507347,0.91948605,1.0590436,1.2968657,32.569054,-7.6662064
chr13,30844217,30844595,+,4,16.591135,-2.704903,13.527021,10.609327,-18.339376,-25.483334
chr13,32889212,32889652,+,8,16.876806,5.889276,4.986863,6.5958757,-29.770279,9.990575
chr13,32895137,32895598,+,10,18.698603,4.8340774,5.9213867,5.0332193,-20.212109,27.861057
chr13,34749362,34749861,-,9,20.93859,-1.0943052,4.8551006,2.8175817,7.959735,1.21373
chr13,34755346,34755845,-,9,20.93859,-1.0943052,4.8476515,2.8062363,7.959735,1.21373
chr13,35046486,35046978,+,0,21.596428,-4.4474454,24.600845,0.53017205,2.5371282,-37.853962
chr13,35052390,35052881,+,-1,20.793371,-3.9823337,5.3118734,11.047858,11.912024,-42.0091
chr13,35563467,35563960,+,9,20.807232,1.0212698,4.311864,3.1161888,7.551578,14.469565
chr13,38709717,38710210,+,10,20.009947,3.7276423,5.809362,4.815175,-14.704595,36.32062
chr13,40776893,40777385,+,0,21.596428,-4.4474454,24.574867,0.3547414,1.9790523,-35.61197
chr13,40903379,40903825,-,8,15.390508,6.25295,5.1998525,6.6582108,-30.132736,13.770737
chr13,43002137,43002631,-,10,18.756027,5.6046247,5.6442275,5.4096665,-18.5588,42.800926
chr13,49497918,49498411,+,9,20.037132,1.5652385,3.2621691,2.883956,-2.340123,11.940899
chr13,49693795,49694288,+,2,20.849627,-1.1772656,8.362846,-6.9626374,37.663956,43.472233
chr13,49699700,49700193,+,2,20.849627,-1.1772656,8.2972975,-6.9087815,37.663956,43.472233
chr13,49980908,49981400,-,-1,21.08047,-3.9360352,12.358309,-0.026187578,10.227351,-34.937634
chr13,49986813,49987305,-,-1,21.529982,-4.187204,12.375309,-0.038228903,9.903721,-35.423466
chr13,50728037,50728530,+,9,20.413351,-0.04271653,4.8418736,2.8063593,-4.6209364,6.120502
chr13,51055243,51055736,-,10,21.37044,4.7769156,6.1101665,5.179491,-23.837894,28.578848
chr13,51061157,51061713,-,10,18.418835,4.3938613,6.059511,5.423772,-24.709146,26.91326
chr13,53847576,53848069,-,9,20.440418,1.271912,4.0477905,2.6957572,2.5515058,2.236941
chr13,58428577,58429069,-,0,21.596428,-4.4474454,24.794107,0.40174204,4.2646246,-37.34962
chr13,58434481,58434973,-,0,21.596428,-4.4474454,24.59784,0.51936185,5.6400695,-39.292316
chr13,59627984,59628104,-,4,0.00013701679,0.00036232194,13.912941,13.150498,-42.370842,-29.575924
chr13,61823430,61823864,-,8,16.34586,5.1070075,5.485065,6.7406907,-33.587345,14.99556
chr13,61850473,61850908,+,8,14.615277,4.2719054,5.5313253,6.7557993,-34.55258,16.053131
chr13,62084393,62084885,-,1,19.946566,-1.1641692,-0.59779435,13.576731,70.42481,-2.3336084
chr13,62090338,62090830,-,1,19.946566,-1.1641692,-0.59748805,13.574762,70.42039,-2.3309295
chr13,62362414,62362907,-,10,20.077496,4.8716974,5.9388504,5.0514374,-18.314962,33.52917
chr13,62726496,62726989,-,-1,20.584244,-1.2400453,2.7364018,3.3700066,41.66373,11.22573
chr13,62732473,62732966,-,-1,20.584244,-1.2400453,2.7346363,3.350812,41.66373,11.22573
chr13,65677431,65677924,+,9,17.676805,2.6851475,3.3821225,4.257065,-1.0381312,37.454185
chr13,65683363,65683856,+,9,19.477219,2.771492,3.385191,4.2211523,-0.9456371,36.56538
chr13,65796562,65797055,+,9,19.95771,2.9495747,3.3808067,4.275736,-1.0513577,36.42046
chr13,66047632,66048125,-,9,19.95771,2.9495747,3.361829,4.273768,-1.0516509,36.420013
chr13,66129503,66129996,-,9,19.510305,3.2631764,3.403902,4.2450905,-0.81235415,36.418797
chr13,67148970,67149464,+,10,20.525536,3.3188572,5.5281277,5.294224,-10.427795,20.089407
chr13,67570817,67571304,+,-1,17.13651,5.47939,5.655662,5.876558,-23.258833,45.525177
chr13,68078290,68078783,-,9,21.712801,1.3533664,4.8147364,3.7024233,-8.118214,11.9354515
chr13,69869572,69870012,+,8,17.358421,5.217627,5.377962,6.6580806,-31.804531,14.266543
chr13,70202712,70203205,-,9,19.006058,-1.0275445,4.114464,2.633437,4.1348486,2.2809186
chr13,71085662,71086160,+,-1,20.813553,-4.794391,1.0541729,-1.8952826,40.75353,-26.899424
chr13,71091611,71092109,+,-1,20.813553,-4.794391,1.0470167,-1.8919302,40.75353,-26.899424
chr13,74288998,74289490,+,-1,19.87565,-4.7337213,-12.684563,3.1987467,10.234127,-77.28577
chr13,76077210,76077703,-,-1,19.793577,-1.8394133,23.809177,16.390814,59.158043,4.4895453
chr13,76083169,76083662,-,-1,19.793577,-1.8394133,23.795347,16.38421,59.158043,4.4895453
chr13,76864292,76864779,-,10,18.28729,6.1449766,6.664095,6.021025,-34.17778,26.252987
chr13,77695806,77696299,+,-1,19.841831,-0.83200896,8.399408,14.268712,63.732754,10.023019
chr13,77701732,77702225,+,-1,20.258995,-1.3023225,8.399354,14.2690325,63.46709,9.252709
chr13,77782459,77782952,-,10,19.860743,4.151776,6.120923,5.0490546,-21.238523,30.470522
chr13,78373786,78374279,+,1,20.050362,-2.396881,-0.59160835,12.926111,62.188892,-4.9115324
chr13,78378439,78378932,+,1,20.050362,-2.396881,-0.63168424,12.94918,62.188892,-4.9115324
chr13,79700586,79700719,+,5,2.4152117,1.6774443,15.37911,15.160167,-50.644836,-22.881784
chr13,79780794,79781287,+,9,20.153015,-1.1198324,4.5854864,2.7782104,-2.3871288,-4.135624
chr13,81719377,81719882,-,9,20.919176,0.3788427,3.7925863,3.042619,21.279463,13.02976
chr13,81725057,81725562,-,9,20.919176,0.3788427,3.7784514,3.0276628,21.279085,13.030943
chr13,81739564,81740051,+,10,19.684996,5.522406,6.4256444,5.151938,-25.150679,35.641293
chr13,82249416,82249909,+,10,21.091305,5.413983,6.142874,5.1309123,-23.908333,28.893349
chr13,82817296,82817784,+,10,18.26999,6.5657487,6.83841,6.1279936,-33.79813,24.935123
chr13,84665550,84666043,-,10,21.175737,5.8104405,6.400058,5.2768,-27.300531,35.29858
chr13,85362946,85363386,-,7,16.992151,2.6476533,4.0542192,6.569152,-29.732462,0.70769393
chr13,85702280,85702683,+,10,15.00452,4.2871313,6.781557,5.711777,-36.502365,35.704163
chr13,86104807,86105022,+,4,8.930155,-1.9682586,13.669941,11.433813,-27.827732,-32.198757
chr13,86671082,86671522,+,8,17.06042,5.7251105,5.338691,6.6088276,-31.705963,13.880513
chr13,87474869,87475361,+,1,20.841482,-5.446779,-4.2503405,15.203143,59.753883,-16.320036
chr13,87476680,87477173,+,1,20.538876,-5.2725024,-4.2711673,15.184155,57.941196,-14.2614
chr13,87482615,87483108,+,1,20.538876,-5.2725024,-4.2772574,15.180952,57.82429,-14.553754
chr13,88182637,88183130,-,9,20.707975,2.2501357,5.000475,4.0094666,-9.787794,12.488771
chr13,91254120,91254613,+,10,19.362333,3.0260382,6.317221,4.911834,-17.722773,23.479036
chr13,92498538,92499031,+,10,20.198208,5.105632,6.4364524,5.1519747,-26.192516,37.149273
chr13,92582454,92582947,-,9,20.2045,0.28526732,3.9964795,3.7776587,26.131912,22.200224
chr13,93196948,93197382,-,8,16.063732,7.0685873,6.070341,7.1616144,-46.68864,14.225089
chr13,94214611,94215104,-,1,20.67498,-2.989607,-0.4827072,12.887827,60.47105,-1.8324913
chr13,94220516,94221009,-,1,20.67498,-2.989607,-0.47535208,12.915208,60.46481,-1.8323953
chr13,94551630,94552122,-,6,21.149298,-1.4970617,6.1557984,0.8290046,25.077394,18.56395
chr13,94557573,94558012,-,7,18.43246,-0.3937646,3.3326612,6.686533,-19.119513,-9.329958
chr13,95207816,95208283,+,10,17.769884,4.0583715,4.6263733,5.319044,-19.04567,15.194801
chr13,96663345,96663732,+,4,7.5922575,2.690077,13.251812,12.534066,-37.793407,-24.386688
chr13,97036883,97037375,+,-1,19.269901,-4.544273,-12.519518,3.349674,13.445084,-72.78148
chr13,97042826,97043318,+,-1,18.98219,-3.9210553,-12.687732,3.183176,13.833265,-72.56357
chr13,97716263,97716755,+,1,20.841482,-5.446779,-4.249328,15.201592,60.257816,-16.727766
chr13,97722208,97722700,+,1,20.36469,-5.584043,-4.1808257,15.2909565,59.983425,-12.834275
chr13,97726503,97727008,-,-1,20.688711,-0.7362507,2.3061664,0.46251634,29.81075,23.14767
chr13,97732459,97732964,-,-1,20.688711,-0.7362507,2.3057666,0.46214592,29.811779,23.149092
chr13,99709372,99709866,+,6,19.51037,0.7057926,7.480181,-0.032337345,15.460397,-9.100772
chr13,99715317,99715811,+,6,20.076544,0.71149737,7.4679785,-0.02303448,15.622119,-8.860772
chr13,102606974,102607466,+,-1,21.638992,-3.0279717,8.477629,23.88916,29.662867,-26.33502
chr13,102612949,102613441,+,-1,21.638992,-3.0279717,8.501216,23.916864,29.662867,-26.33502
chr13,102614304,102614796,-,-1,19.527693,-4.863116,-12.720419,3.1645968,12.087557,-78.17279
chr13,102620247,102620739,-,-1,19.527693,-4.863116,-12.688144,3.22501,12.087557,-78.17279
chr13,103809056,103809508,+,7,16.966825,4.6863666,4.4368525,6.554901,-27.843409,8.391208
chr13,105709312,105709803,-,2,20.414194,-4.699597,5.1956997,-11.962241,43.95606,-17.763151
chr13,105715254,105715745,-,2,20.414194,-4.699597,5.199578,-11.958364,43.95606,-17.763151
chr13,108690659,108691024,-,4,16.153425,-3.5851383,13.512382,10.595449,-18.019102,-26.128391
chr13,110042049,110042542,+,9,20.784714,0.8474767,4.826585,3.7262444,-6.689316,10.604144
chr13,110153143,110153636,+,-1,20.660479,-1.4189117,24.263641,16.587542,65.7496,8.18664
chr13,110711418,110711450,+,5,0.6399914,0.2620067,14.233931,14.160216,-46.133694,-29.853031
chr13,114039987,114040478,+,-1,19.77399,0.9895175,5.786819,-0.38080567,28.500452,8.237256
chr13,114045930,114046421,+,-1,19.77399,0.9895175,5.815533,-0.352275,28.500452,8.237256
chr13,117037246,117037696,-,8,12.029146,5.876966,6.143688,7.2189355,-49.713966,11.343633
chr13,117039868,117040362,-,3,16.308184,6.422426,9.687888,10.982979,-57.68933,8.496238
chr13,119864904,119865396,+,1,20.365465,-5.515695,-4.2581315,15.200437,62.577576,-19.022064
chr13,119870808,119871300,+,1,20.365465,-5.515695,-4.2418146,15.172811,62.577576,-19.022064
chr13,119929087,119929574,-,9,20.55738,1.3192122,4.183298,3.1373103,6.588099,13.7441435
chr13,119935584,119936018,-,7,18.950462,2.317925,3.4926875,6.4225674,-19.810286,-2.9309702
chr13,120133448,120133935,+,9,19.714945,1.4854575,4.202256,2.9907906,5.545851,11.771183
chr13,120139945,120140432,+,9,20.191038,0.8896856,4.226816,3.1368616,6.645021,13.87779
chr13,120281065,120281558,+,9,19.49076,0.25736353,4.544972,2.7023466,16.52347,21.388926
chr14,3127256,3127342,+,5,2.6267402,1.7021059,14.806949,14.984977,-54.628292,-31.789482
chr14,4077273,4077359,+,5,2.6267402,1.7021059,14.826898,14.992536,-54.628273,-31.789505
chr14,4970843,4971341,-,1,21.07437,-5.619181,-3.797973,13.995678,56.161095,-18.977407
chr14,4976792,4977290,-,1,21.07437,-5.619181,-3.7982397,13.995698,55.47132,-18.335623
chr14,5402044,5402130,-,5,3.0309942,1.9058235,14.826326,14.99249,-54.966217,-30.731873
chr14,5754592,5754678,-,5,3.0309942,1.9058235,14.81661,14.983995,-54.96623,-30.731806
chr14,5905812,5905898,-,5,3.0309942,1.9058235,14.822042,14.989335,-54.966217,-30.731873
chr14,7677294,7677781,-,10,17.11393,3.0863628,6.441752,5.1993566,-35.583878,39.454895
chr14,8025967,8026486,+,3,15.503285,5.5553417,9.858919,11.110559,-63.857697,7.350194
chr14,8067745,8068185,+,7,17.905773,0.6499191,3.3633835,6.6049767,-18.414858,-10.838238
chr14,8073634,8074074,+,7,17.905773,0.6499191,3.3265526,6.6237698,-18.414858,-10.838238
chr14,8943806,8944304,-,9,20.811388,1.1996338,4.0055203,3.0872273,7.059488,16.465153
chr14,10965640,10965829,+,4,6.4916315,-1.1090189,13.702882,12.148369,-31.294214,-33.80943
chr14,12096617,12097116,-,-1,20.505684,-0.20968826,2.7508738,3.46965,40.75482,10.376955
chr14,12164619,12165060,+,7,17.251081,3.6272707,3.4074295,6.477329,-20.917286,-4.1257443
chr14,12633832,12634272,+,7,17.369574,1.7586106,3.512433,6.349673,-17.658535,-0.9597061
chr14,14143588,14144092,-,0,20.617008,-5.266016,21.968685,-4.5557876,48.092495,-42.35839
chr14,14149504,14150002,-,0,20.586061,-5.301446,21.974365,-4.560974,48.931095,-42.302887
chr14,14813493,14813987,+,10,19.150833,2.639811,5.0489597,4.7525516,-13.17283,17.663393
chr14,14817557,14818044,-,9,19.234842,2.157424,3.6848454,3.5176806,5.5818744,21.967745
chr14,16060722,16061210,+,10,17.432554,6.1532893,7.1598153,6.298272,-44.429787,31.30328
chr14,17149391,17149822,+,7,17.349747,2.96536,3.5276196,6.3043118,-15.800897,-0.9906662
chr14,19247310,19247809,+,9,20.53071,0.33756143,4.357052,2.3899295,15.307571,19.503124
chr14,23954291,23954808,+,3,15.336889,5.4545755,9.957646,11.212196,-61.674587,5.1164784
chr14,25727826,25728319,+,-1,20.507347,0.91948605,1.0499864,1.2897398,32.569054,-7.6662064
chr14,25733732,25734225,+,-1,20.507347,0.91948605,1.0487468,1.2893003,32.569054,-7.6662064
chr14,26295740,26296188,-,10,14.377322,5.706841,7.1725206,6.264636,-42.16762,31.539097
chr14,29798572,29798713,+,4,0.0412196,0.058366954,13.940094,13.180107,-42.10835,-28.21981
chr14,30060576,30060690,-,4,0.10831134,-0.1048492,13.940476,13.181475,-43.512886,-28.470186
chr14,30779523,30780015,-,-1,18.980734,-0.45110986,-12.047404,3.6839607,3.1902392,-76.89782
chr14,30782542,30783034,-,-1,18.980734,-0.45110986,-12.070984,3.662974,3.1902392,-76.89782
chr14,33220743,33221236,-,-1,18.938671,-1.3950915,-11.992109,3.7308745,2.6821623,-80.619415
chr14,33224481,33224974,-,-1,18.938671,-1.3950915,-11.978087,3.743275,2.6821954,-80.620224
chr14,34006655,34007162,+,3,13.61875,5.6396933,9.8983755,11.163018,-61.15567,7.3280473
chr14,35716740,35717233,+,-1,19.02708,1.4472219,5.7554564,-1.7178553,5.8519855,49.42101
chr14,35721685,35722178,+,-1,19.501976,1.5892189,5.8743362,-1.8472782,5.9208226,49.765095
chr14,39647790,39648230,-,7,17.659506,1.4656329,3.9932742,6.523674,-27.109596,0.8915975
chr14,42274305,42274791,-,9,19.982027,1.784157,3.9913857,3.2237947,9.9621315,15.123325
chr14,42280228,42280715,-,9,20.91014,1.016753,4.0522313,3.2560182,9.253859,13.763739
chr14,42614112,42614599,-,9,20.78571,1.5345863,3.9400868,3.215478,9.924809,15.170707
chr14,42624803,42625290,-,9,20.91014,1.016753,4.0740952,3.2670176,9.25383,13.763779
chr14,43102342,43102840,-,1,21.07437,-5.619181,-3.7982738,13.9954195,55.609657,-18.97558
chr14,43108291,43108789,-,1,20.637802,-5.3837028,-3.7967196,13.9923115,55.509594,-16.919172
chr14,43844801,43845294,-,9,19.94575,-0.1243045,4.4597354,2.607492,1.797826,-8.825411
chr14,43850761,43851254,-,9,19.94575,-0.1243045,4.5409923,2.571997,1.797826,-8.825411
chr14,44828731,44829164,-,7,17.338541,4.945947,4.4250293,6.2677455,-25.290194,9.863712
chr14,45404726,45405265,-,10,19.464985,4.3671627,6.256948,4.911902,-18.526001,24.194967
chr14,45725400,45725869,+,10,17.600939,5.8935957,6.1341996,5.733363,-29.060293,23.880705
chr14,45731284,45731714,+,8,15.225058,5.2919593,5.916383,6.586128,-33.386185,19.973297
chr14,45748429,45748922,+,10,20.235922,3.7002165,5.420448,4.3184185,-10.009921,32.14909
chr14,45754369,45754862,+,9,20.738873,0.88092524,4.6773477,3.6095674,12.8757515,13.282992
chr14,46800189,46800623,-,7,18.443672,0.37154946,3.413577,6.5581355,-21.703259,-5.835181
chr14,47110077,47110308,-,4,9.004641,3.6335108,13.485544,11.704632,-28.779606,-28.384743
chr14,47450071,47450589,+,3,16.518538,4.839287,9.740715,11.025779,-60.171272,9.216623
chr14,53059433,53059926,-,9,20.349411,1.3069152,4.1708536,3.145048,5.501793,19.042885
chr14,53071618,53072058,-,7,18.398098,2.192996,3.5227904,6.3419228,-19.065414,0.66825974
chr14,55532489,55532929,+,7,17.94777,2.515913,3.7802684,6.7772083,-27.807198,-1.9894854
chr14,57008493,57008857,-,3,10.47915,2.9919844,9.9220915,11.172301,-54.087173,5.0665164
chr14,57013515,57013874,-,3,10.55778,3.0176172,9.743974,11.034371,-54.04247,5.103832
chr14,59301927,59302420,-,-1,20.238222,-1.3780544,24.26098,16.587078,69.82689,8.594269
chr14,59307837,59308330,-,-1,20.238222,-1.3780544,24.252762,16.579824,69.827354,8.5947
chr14,60476421,60476861,-,7,18.06689,2.0781786,4.0013742,6.5669856,-27.428923,-0.123341106
chr14,60479880,60480319,-,7,17.967123,1.7411207,4.018454,6.648291,-27.501184,0.5563497
chr14,60820276,60820768,-,6,20.918205,-3.9487722,7.1309805,0.1675081,21.633373,-17.09227
chr14,60826219,60826711,-,6,20.918205,-3.9487722,7.1405096,0.15945622,21.633373,-17.09227
chr14,64306006,64306523,+,6,21.271364,-0.16104585,6.6104994,0.41015992,17.691519,12.7556305
chr14,64504786,64505284,+,2,21.263517,-5.3775334,8.491671,-7.6506205,46.78664,36.206234
chr14,64510696,64511194,+,2,21.263517,-5.3775334,8.52366,-7.735106,46.786903,36.212486
chr14,65128842,65129335,+,2,20.85629,-1.0940934,8.42111,-7.0551925,41.95406,45.084915
chr14,65134747,65135240,+,2,20.85629,-1.0940934,8.434827,-7.049918,41.954056,45.08492
chr14,65278730,65279228,+,-1,19.94028,-5.2434864,21.526115,11.964476,49.437424,-36.55493
chr14,65284679,65285177,+,-1,19.94028,-5.2434864,21.524836,11.963174,49.437424,-36.55493
chr14,70396162,70396383,-,4,7.329431,-2.3023531,13.743626,11.749525,-30.465746,-33.269093
chr14,72494638,72494690,-,5,1.6750816,0.31134182,14.412602,14.60955,-49.097343,-30.70879
chr14,73617629,73618117,+,10,19.187662,6.9921517,7.158284,6.267031,-41.863075,30.039495
chr14,75840465,75840957,+,0,21.742722,-2.690925,24.628286,0.55567896,4.524151,-30.271051
chr14,79145247,79145746,-,1,20.52699,-1.1196822,-0.60008013,13.585454,68.5512,-2.465278
chr14,79151197,79151696,-,1,20.52699,-1.1196822,-0.6009238,13.589313,68.55127,-2.4653907
chr14,79918258,79918745,+,9,21.129389,1.1282077,4.78801,3.134475,8.763259,7.8286753
chr14,79980101,79980595,-,9,20.318853,-0.34053078,4.830735,3.0117726,10.530936,2.009944
chr14,80922208,80922685,+,10,19.486897,2.5654604,4.7639036,4.8541636,-15.802603,15.184419
chr14,82263126,82263619,+,9,17.476662,0.11525911,4.8162117,3.009985,-6.5186133,-4.83134
chr14,82269034,82269527,+,9,19.975475,0.21090254,4.7990184,2.996219,-6.49431,-4.8226843
chr14,85869395,85869888,-,9,20.23379,1.3811334,3.4116297,3.8133643,4.502638,30.326551
chr14,86872230,86872723,-,9,20.252354,1.1481662,3.1846573,4.058518,6.6267123,35.427628
chr14,86876083,86876576,-,9,20.252354,1.1481662,3.1705,4.08666,6.6266246,35.4278
chr14,89287982,89288469,+,10,16.73022,5.4639688,6.550198,5.712669,-34.552902,38.28721
chr14,89293959,89294445,+,10,16.222738,5.644933,6.9403934,6.1040554,-35.458237,39.19524
chr14,91984732,91985210,+,10,17.159094,4.398974,6.1624823,4.9054995,-19.892588,22.134851
chr14,94423197,94423637,+,8,17.31468,5.3125024,5.1875367,6.745966,-36.06837,9.293879
chr14,95177762,95177955,+,5,6.5848737,3.026967,15.565554,15.446813,-61.361748,-21.566875
chr14,96047920,96048418,-,9,20.594019,0.70433706,3.3876133,3.0316122,10.372407,22.260612
chr14,96053869,96054314,-,7,18.261116,1.4508394,3.4732008,6.2840657,-17.98462,-5.0414157
chr14,96633416,96633850,+,8,16.107246,6.2156377,5.771439,6.955784,-40.633865,11.291343
chr14,98234990,98235124,+,4,5.4348993,-1.7070614,13.700619,12.112165,-32.289246,-32.555664
chr14,101076389,101076887,-,-1,20.787996,-5.5092773,21.528801,11.9671335,51.343388,-38.076622
chr14,101082338,101082836,-,-1,20.466051,-5.3845606,21.531403,11.96972,53.323383,-37.61989
chr14,101809553,101810045,-,9,20.343016,-3.504679,4.93327,2.6406639,5.132661,-15.679509
chr14,101815490,101815982,-,9,20.343016,-3.504679,4.9344444,2.6398427,5.132661,-15.679509
chr14,101971328,101971815,+,9,19.0447,1.8006252,4.5578995,3.424192,-1.8110317,21.643654
chr14,102635026,102635515,+,10,18.787859,5.016385,6.27386,5.2650213,-24.42004,33.585827
chr14,102639992,102640277,+,5,11.379081,3.4068458,15.615642,15.503398,-57.714443,-17.364195
chr14,103734786,103735278,+,6,21.204575,-4.058674,7.7515173,-0.19755156,19.147463,-15.730171
chr14,103740729,103741221,+,6,21.204575,-4.058674,7.735644,-0.19626789,19.10956,-15.726821
chr14,105943245,105943737,+,1,20.517353,-2.5954518,-0.5726069,13.108725,64.43047,-1.676397
chr14,105949188,105949680,+,1,20.517353,-2.5954518,-0.5769584,13.184177,64.43067,-1.6765285
chr14,105960713,105961205,+,0,20.555109,-5.336876,21.98133,-4.563933,50.533314,-41.603046
chr14,105966617,105967109,+,0,20.555109,-5.336876,21.987385,-4.5627775,50.533314,-41.603046
chr14,107152289,107152782,+,-1,21.415424,-0.4195791,5.706424,2.9087381,23.674788,2.8563218
chr14,107158194,107158687,+,-1,21.415424,-0.4195791,5.7024293,2.9086254,23.674788,2.8563218
chr14,108883131,108883619,+,10,13.921286,6.1070294,6.9303284,6.4129257,-46.510017,28.557909
chr14,109129058,109129546,+,10,14.443705,5.8643126,7.114167,6.216062,-39.720978,30.144789
chr14,110101812,110102304,+,0,21.077187,-4.4818163,24.689611,0.5848438,-14.181128,-56.78915
chr14,110107715,110108207,+,0,21.596428,-4.4474454,24.601885,0.51821554,0.39445877,-38.494865
chr14,111332618,111333105,-,10,15.66388,6.567801,7.032206,6.3160515,-38.71117,25.498201
chr14,111985575,111986068,+,9,18.651127,1.8770616,4.0744257,2.511803,-2.2429633,-1.8591448
chr14,111998909,111998956,-,4,0.0005953001,0.004048479,13.9119425,13.137809,-42.67624,-30.184973
chr14,112284015,112284508,+,10,19.332573,1.5815717,5.842792,4.601563,-13.801299,29.019083
chr14,112291884,112292377,+,10,18.868324,1.388306,5.9268856,4.7687902,-13.75297,29.068373
chr14,112808701,112809194,-,9,20.799643,-0.6779556,4.0872593,2.5484157,3.1938083,-0.025037078
chr14,112903643,112904136,-,9,21.722752,1.3448893,3.078998,2.46776,12.892186,26.925411
chr14,113566750,113566860,-,5,4.04789,2.632286,14.82945,14.99039,-56.750435,-30.221586
chr14,118409792,118410226,+,8,16.631216,5.6066904,5.9236226,7.0456614,-43.10453,15.189902
chr14,120197186,120197673,+,9,21.477104,0.47270587,4.040466,2.5776114,-2.413109,-0.63534904
chr14,121222977,121223469,+,0,21.596428,-4.4474454,24.63801,0.49397737,4.7135034,-39.974094
chr14,121418541,121419028,+,10,18.463829,5.7212076,6.6844606,5.526182,-39.406303,37.385777
chr14,122091041,122091511,-,9,17.915169,1.9503975,3.5777042,3.65476,4.8344355,26.724333
chr15,3562607,3562769,-,4,0.080524735,-0.015277517,14.01491,13.262281,-42.96346,-28.616491
chr15,5681748,5682241,+,9,20.421047,0.6413935,4.061421,2.8062947,-1.2171453,4.8493986
chr15,5687726,5688166,+,7,17.288948,2.4798346,3.4197526,6.5470276,-20.18572,-3.5042121
chr15,6208885,6208925,-,5,1.1565714,0.36502755,14.442828,14.62308,-49.21683,-33.046936
chr15,6538844,6538964,-,4,5.3987255,0.5356581,13.897124,13.126848,-43.804955,-24.47463
chr15,6538934,6538978,-,4,1.9062846,-0.30855137,13.910099,13.146271,-43.51275,-25.77332
chr15,6538978,6539236,-,4,8.799101,0.44954753,13.365997,12.29934,-34.550846,-24.89268
chr15,6545852,6546345,-,9,21.580957,1.7517467,3.7944589,3.3843324,8.902875,17.870937
chr15,12656825,12657319,-,9,20.24927,0.6758166,4.933459,2.9284992,8.502447,4.2054296
chr15,14432709,14433149,+,-1,18.67576,0.72979,3.2723365,7.1504307,-6.217947,-20.981564
chr15,14438600,14439040,+,-1,18.256817,0.80030775,3.246579,7.162659,-6.2001595,-20.917747
chr15,16464447,16464939,+,9,20.77902,-0.9128365,3.6829455,2.4334006,-3.3269815,-0.9579415
chr15,16948784,16949276,-,-1,20.29238,-4.9918356,6.431853,19.206312,48.02294,49.934933
chr15,16954688,16955180,-,-1,19.983309,-5.124851,6.4320297,19.206545,47.860294,50.152092
chr15,17443705,17444070,-,3,11.71424,4.313369,9.618232,10.924113,-52.04456,8.186398
chr15,18056865,18057358,+,10,20.131952,4.9042063,6.014866,5.0839605,-22.210032,30.15983
chr15,19057324,19057822,+,-1,20.344088,-5.3964524,21.532396,11.970739,54.51392,-39.40606
chr15,19063273,19063771,+,-1,20.344088,-5.3964524,21.466158,11.904527,54.51392,-39.40606
chr15,19361559,19362077,+,3,13.81881,4.741396,9.984495,11.233927,-59.945515,4.1911836
chr15,21829549,21829983,-,7,17.744425,3.063578,3.501578,6.2757397,-17.292526,-3.136477
chr15,22394893,22395333,+,8,15.337759,5.2300143,5.5824594,6.818672,-37.807858,11.20489
chr15,24310276,24310769,+,9,19.947447,3.0270228,3.3834176,4.2538495,-1.3952634,36.37168
chr15,24316214,24316707,+,9,19.947447,3.0270228,3.3659997,4.2859263,-1.3952634,36.37168
chr15,25177456,25177506,+,5,1.7540529,0.7553545,14.520701,14.716864,-52.402252,-32.55874
chr15,28675907,28676401,+,10,19.101557,5.650356,5.622535,5.404884,-21.797962,41.174732
chr15,29897928,29898497,+,4,7.0862813,4.635261,13.258537,12.553996,-39.56038,-20.5215
chr15,30730674,30731168,-,9,19.421968,0.6684771,3.2710204,2.889658,-0.626156,12.389174
chr15,31009801,31010293,-,-1,19.87565,-4.7337213,-12.692992,3.1929157,9.120553,-76.297295
chr15,31015744,31016236,-,-1,19.87565,-4.7337213,-12.700684,3.1909974,9.120553,-76.297295
chr15,35355328,35355526,-,4,7.9615016,-1.8973761,13.689585,11.555865,-29.311768,-32.501312
chr15,37744312,37744799,+,10,18.580383,3.9714532,6.4253445,4.9479547,-23.351728,35.267403
chr15,41890376,41890875,+,-1,20.148067,-0.5743511,2.3032088,0.4555797,30.446106,23.203028
chr15,41896326,41896825,+,-1,20.148067,-0.5743511,2.303206,0.45526356,30.446106,23.203028
chr15,45537252,45537741,+,9,21.338451,1.1833155,4.873543,3.6633263,-7.9990873,11.896713
chr15,47022683,47023123,+,1,17.708479,-0.26966017,-0.56245416,13.348219,73.06077,3.052332
chr15,47029211,47029687,+,2,18.715832,-1.1020697,8.415372,-7.0469465,40.426456,42.696598
chr15,47293138,47293329,-,5,6.475357,3.3837519,15.590355,15.496989,-62.515495,-23.462051
chr15,49254069,49254262,-,5,6.43974,0.728482,15.577312,15.466734,-63.240078,-25.575293
chr15,49761013,49761477,-,9,19.433542,0.31809583,4.6037054,3.5347998,13.406422,12.868532
chr15,49926898,49927338,+,7,17.947271,2.621255,3.5680828,6.4305115,-21.090708,-3.486035
chr15,49932168,49932662,+,9,20.212774,1.5422198,4.2740026,3.3921742,2.1475115,13.404366
chr15,52743480,52743955,+,10,17.955091,5.276045,6.016929,5.309763,-24.83045,31.03139
chr15,56290592,56291086,-,2,18.355753,1.2685424,8.272278,-6.7660284,32.72618,44.090588
chr15,59100038,59100531,+,-1,20.507347,0.91948605,1.0479693,1.2896799,32.569054,-7.6662064
chr15,64591753,64592258,-,-1,20.279505,-0.26353803,2.9626746,3.2614014,46.239292,10.727711
chr15,64597706,64598211,-,-1,20.715033,-0.50490445,2.89928,3.2967393,46.231026,10.64187
chr15,65115622,65116120,-,-1,20.977144,-5.2676306,8.664832,24.108793,53.750877,46.266243
chr15,65121532,65122030,-,-1,20.977144,-5.2676306,8.66455,24.108475,53.750877,46.266243
chr15,65412523,65412612,+,4,0.009690016,-0.015808353,13.953086,13.175347,-42.32421,-28.868744
chr15,68704842,68705038,-,5,6.5773244,3.0335505,15.568539,15.464613,-61.07182,-23.006365
chr15,76964978,76965470,-,0,21.596428,-4.4474454,24.516977,0.419235,0.35401103,-37.382202
chr15,76970882,76971374,-,0,21.596428,-4.4474454,24.639027,0.54670316,1.3475738,-40.685516
chr15,77430417,77430906,-,10,19.236704,6.5231586,6.1705403,5.507267,-27.314486,30.407133
chr15,77436349,77436838,-,10,19.008497,5.4946165,6.1350837,5.301993,-26.667103,30.716028
chr15,79010848,79011288,-,7,18.438362,3.8256605,4.2166476,6.3805466,-24.309782,6.6552095
chr15,79699820,79700139,-,4,12.793903,-4.3544765,13.722542,11.442244,-26.971209,-34.81942
chr15,79705551,79706043,-,6,20.78722,-4.160569,7.7437487,-0.18530388,18.0488,-17.125677
chr15,80656547,80656652,+,4,4.4938507,-1.2142483,13.693953,12.241912,-33.51841,-32.606773
chr15,81145467,81145960,+,-1,20.125046,-0.7769092,5.744244,-1.4608172,25.78303,9.305099
chr15,81151372,81151865,+,-1,20.125046,-0.7769092,5.748814,-1.4336946,25.782999,9.305186
chr15,81575400,81575585,+,5,4.86482,3.0241258,15.459127,15.313036,-54.49841,-23.596632
chr15,84035884,84036371,+,10,18.362753,6.607226,6.3522725,5.6383743,-30.63577,30.387878
chr15,84746572,84747064,+,-1,21.155313,-4.9578085,1.0238657,-1.8594922,42.983074,-19.75137
chr15,84752476,84752968,+,-1,21.155313,-4.9578085,1.0240319,-1.8594853,42.983074,-19.75137
chr15,85190198,85190690,-,-1,20.744257,-5.0952296,6.4718537,19.196764,50.294743,48.514072
chr15,85196102,85196594,-,-1,20.744257,-5.0952296,6.4738803,19.194658,49.199875,48.417385
chr15,87949511,87949951,-,8,17.723219,6.1639595,5.6424017,6.864739,-38.68351,11.897945
chr15,88466752,88467245,+,9,20.620237,1.6388464,3.7375364,3.4437008,7.164059,21.237043
chr15,90890429,90890841,-,4,17.84526,-1.5460061,13.521619,10.522594,-16.132822,-25.11602
chr15,93014100,93014593,+,9,20.941938,0.85552317,4.3269305,3.2429683,5.2591743,13.303409
chr15,95305976,95306416,-,7,18.097614,2.2961085,3.8117268,6.3298435,-20.870293,2.111222
chr15,95311900,95312340,-,7,18.449787,2.1303575,3.7600658,6.4441566,-20.817894,2.066579
chr15,96553024,96553517,-,-1,21.185154,-0.46216652,5.7482185,2.8896203,23.879877,1.6764452
chr15,96558968,96559461,-,-1,21.185154,-0.46216652,5.750964,2.8876584,23.880177,1.6765993
chr15,97472912,97473405,+,1,21.012114,-1.9829465,-0.5400531,12.911445,59.455547,-6.2861223
chr15,97477855,97478354,+,1,21.30552,-1.969971,-0.54440594,12.934299,59.45354,-6.279253
chr15,98694076,98694230,-,5,3.835556,2.5368464,14.833426,14.991523,-55.9871,-29.748169
chr15,98889544,98890037,+,3,17.49692,6.0457354,9.571598,10.877477,-51.796307,13.358165
chr15,100558959,100559476,-,9,21.160389,1.0652788,3.1873295,4.0563555,6.244097,31.980766
chr15,100564888,100565411,-,9,21.163006,0.8502899,3.2232845,3.9972086,6.296035,31.963482
chr15,102123830,102124323,+,9,20.572147,0.96697795,4.7544794,3.0637023,8.143991,7.538541
chr15,102596788,102597281,+,-1,20.57401,-0.21734858,5.358777,2.9800258,21.551468,1.2153618
chr15,102602693,102603186,+,-1,20.57401,-0.21734858,5.35824,2.9425871,21.551468,1.2153618
chr16,3112426,3112913,+,8,17.250961,5.2996173,6.158208,7.1625423,-47.692966,20.085695
chr16,3249547,3249817,+,5,7.6210394,3.6161458,15.541691,15.440982,-58.958004,-17.431305
chr16,3251676,3251937,-,4,8.124011,1.843066,13.515067,11.722409,-30.303753,-28.016794
chr16,3353638,3354125,-,8,17.250961,5.2996173,6.182959,7.1235795,-47.693108,20.085592
chr16,3468159,3468652,+,10,18.382675,4.6683154,6.551671,5.3866954,-30.454878,37.819317
chr16,3474078,3474571,+,10,18.444328,4.846972,6.4806437,5.295746,-30.327019,37.851913
chr16,3556599,3557086,+,10,17.831747,6.366085,6.1741405,5.8292985,-31.486807,26.903608
chr16,3764245,3764736,+,2,20.550802,-5.192266,8.563023,-7.9062066,45.096767,36.038284
chr16,3770149,3770641,+,2,21.030626,-5.205132,8.564285,-7.921102,46.225098,34.39418
chr16,3992836,3993354,+,3,13.393562,4.919567,10.007272,11.249657,-62.376907,4.649741
chr16,7869048,7869489,-,8,14.433244,4.2114778,6.1975017,7.241988,-50.477463,14.40215
chr16,7870057,7870107,-,4,1.584589,0.81599987,13.649853,12.4675,-36.507835,-29.88268
chr16,9867849,9868341,+,-1,21.529982,-4.187204,12.361325,-0.028010068,9.903841,-35.423534
chr16,9872233,9872725,+,-1,21.529982,-4.187204,12.361639,-0.027685383,9.903788,-35.42349
chr16,10485699,10486069,+,4,17.003557,-3.544135,13.51553,10.57828,-16.975615,-25.330715
chr16,11333347,11333845,+,0,21.829319,-4.6198473,24.580061,0.6208972,5.0047383,-48.140568
chr16,11339257,11339755,+,0,21.829319,-4.6198473,24.75565,0.60174686,5.0047383,-48.140568
chr16,12358558,12359044,-,10,17.97061,7.0383215,7.0412974,6.1838613,-38.67649,26.39851
chr16,13087710,13088208,+,-1,20.028913,-3.2324834,4.410307,1.4980643,35.095753,-31.455065
chr16,13093620,13094118,+,-1,20.028913,-3.2324834,4.409751,1.4968221,35.095753,-31.455065
chr16,13133643,13134135,+,-1,21.438915,-2.8550348,1.8342252,1.4447349,26.009752,-23.661839
chr16,13139547,13140039,+,-1,21.438915,-2.8550348,1.8367269,1.4469482,26.022833,-23.368511
chr16,13908352,13908792,+,7,18.515068,2.4370608,3.487465,6.4335823,-21.96816,-1.617043
chr16,13914278,13914771,+,9,21.006397,1.1539826,4.236618,3.108797,9.990126,18.257517
chr16,14569773,14570266,-,-1,20.660479,-1.4189117,24.254969,16.578125,66.40602,9.133228
chr16,14575678,14576171,-,-1,20.660479,-1.4189117,24.25726,16.580715,67.151924,7.539848
chr16,14748714,14749207,+,9,21.744038,-0.48515576,5.200131,3.3498578,21.70616,4.002677
chr16,14754658,14755151,+,9,21.744038,-0.48515576,5.2059636,3.3345828,21.70616,4.002677
chr16,18496222,18496794,-,4,8.223861,4.020631,13.223384,12.566174,-39.117188,-21.279627
chr16,18518835,18519328,-,9,21.081942,0.20491822,5.0588303,3.5484397,14.936479,6.9575553
chr16,19939773,19940265,+,2,20.830158,-5.134298,5.19998,-11.957977,42.757072,-17.751842
chr16,19945677,19946169,+,2,20.830158,-5.134298,5.1998186,-11.958197,42.757072,-17.751842
chr16,20352572,20353065,+,6,20.671452,2.0418742,5.761445,1.3708696,20.927845,18.09216
chr16,20884279,20884772,+,9,20.739174,1.3172246,4.1051965,3.7462049,3.3441544,17.743938
chr16,26211926,26212420,-,3,17.050674,4.9385343,9.566563,10.876603,-55.811554,8.790665
chr16,31717701,31717844,-,4,4.76235,2.2567232,13.622554,12.184929,-32.50905,-28.95233
chr16,31818758,31819256,-,-1,20.977144,-5.2676306,8.665176,24.109306,53.750877,46.266243
chr16,31824665,31825163,-,-1,20.977144,-5.2676306,8.660113,24.10426,53.750877,46.266243
chr16,32408428,32408536,+,5,3.351456,2.113071,15.432044,15.216155,-51.36096,-22.613752
chr16,33207625,33208118,-,1,20.689947,-1.9197747,-0.48176223,12.885856,60.08148,0.8936537
chr16,33625945,33626434,-,10,19.832972,2.9233413,6.086704,4.965727,-19.925043,30.252014
chr16,37586390,37586891,-,9,21.049738,0.89186984,4.5860147,3.3497112,-5.3476634,21.573631
chr16,39070518,39071011,+,6,20.734308,0.33124658,6.499973,0.38021,28.994543,14.842934
chr16,39454760,39455248,+,10,18.82435,6.8516736,7.135607,6.283003,-41.929268,28.340364
chr16,41352179,41352671,+,-1,19.87565,-4.7337213,-12.69641,3.197757,10.592852,-75.55786
chr16,41356507,41356999,+,-1,19.87565,-4.7337213,-12.700951,3.1931005,9.120553,-76.297295
chr16,42000151,42000363,-,4,0.00032952958,0.0006567961,13.875802,13.19627,-43.07979,-29.389465
chr16,43606446,43606939,-,3,15.098094,5.3744497,9.595802,10.903241,-54.243393,9.166414
chr16,43797977,43798470,+,9,20.873495,1.210862,3.121773,2.4381948,13.796775,26.190598
chr16,44709736,44710228,+,-1,21.469624,-3.8243213,0.88301605,25.173248,28.698967,-19.714865
chr16,44715679,44716171,+,-1,21.469624,-3.8243213,0.8828414,25.17343,30.32119,-19.641687
chr16,44790307,44790795,-,2,20.406841,0.34156168,8.294015,-6.874076,33.94547,38.410248
chr16,46975600,46976093,-,-1,21.185154,-0.46216652,5.7516723,2.8877509,23.879877,1.6764452
chr16,46981544,46982037,-,-1,21.185154,-0.46216652,5.7964015,2.923556,23.880177,1.6765993
chr16,48426493,48426986,-,9,18.859673,-0.34617418,4.0934334,2.6686656,4.0501213,2.3355107
chr16,49788045,49788539,-,6,19.732422,0.5467989,7.472603,-0.026840206,16.10863,-8.896815
chr16,50098504,50098996,-,-1,19.750538,-1.7974637,-12.029301,3.6981196,3.624714,-76.689606
chr16,50276254,50276690,+,8,14.744429,6.572691,5.784427,6.846943,-40.716248,17.151686
chr16,51833422,51833473,-,5,1.2203078,0.4721607,14.426533,14.632044,-48.608055,-33.627136
chr16,54107804,54108222,-,7,17.304502,2.1275644,3.4725046,6.5052624,-11.128578,-0.46279418
chr16,54298373,54298866,-,-1,19.501976,1.5892189,5.8668885,-1.8389798,5.9208226,49.765095
chr16,54304322,54304815,-,-1,19.501976,1.5892189,5.8608828,-1.8336644,5.9208226,49.765095
chr16,56042089,56042587,+,1,21.24658,-5.2359548,-3.796774,13.992958,53.23715,-19.399391
chr16,56048038,56048536,+,1,21.24658,-5.2359548,-3.8010645,13.997122,53.23715,-19.399391
chr16,56287502,56287994,-,-1,19.87565,-4.7337213,-12.691339,3.1938086,10.592852,-75.55786
chr16,56293406,56293898,-,-1,19.87565,-4.7337213,-12.618375,3.2652588,10.592852,-75.55786
chr16,57200979,57201472,-,-1,20.299782,-1.0732632,24.220858,16.557077,67.68384,11.250566
chr16,57206923,57207416,-,-1,20.299782,-1.0732632,24.251175,16.577862,67.68384,11.250566
chr16,57579134,57579496,-,4,16.703667,-5.984273,13.525113,10.595459,-16.25512,-27.200134
chr16,57805224,57805717,+,9,21.72562,1.0399563,4.714699,3.3403509,13.98222,10.753931
chr16,57811201,57811694,+,9,21.72562,1.0399563,4.7349453,3.3239672,13.9821,10.754002
chr16,59664556,59664771,-,4,6.101899,0.0976541,13.905272,13.145287,-44.441887,-25.208052
chr16,60160288,60160782,-,9,18.930286,1.1051495,4.1958933,2.8066,4.6040597,11.237106
chr16,62088936,62089131,-,5,5.8686776,3.541931,15.531767,15.42769,-58.3134,-21.32876
chr16,63196317,63196810,+,-1,20.660479,-1.4189117,24.258745,16.582724,65.72861,6.8384194
chr16,63202261,63202754,+,-1,20.660479,-1.4189117,24.25546,16.579443,67.151924,7.539848
chr16,63516111,63516599,+,-1,15.013154,6.777193,6.487318,6.973289,-48.443127,15.783684
chr16,72724564,72725056,+,0,21.596428,-4.4474454,24.708418,0.533844,3.0807862,-39.17201
chr16,72730507,72730999,+,0,21.596428,-4.4474454,24.60845,0.49890944,2.0704293,-37.31236
chr16,73398854,73399294,-,8,15.245249,6.5347314,5.6908903,6.998458,-41.2776,14.780035
chr16,76993084,76993570,-,3,15.988504,5.4056015,9.5536175,10.863499,-51.57146,13.537634
chr16,78565718,78566211,+,2,20.654356,-0.8862613,8.424327,-7.0676203,41.92422,46.112537
chr16,78571662,78572155,+,2,20.654356,-0.8862613,8.430896,-7.0698304,41.92422,46.112537
chr16,80040398,80040834,+,8,13.31152,6.9790688,6.050749,6.7538357,-39.30886,16.714178
chr16,81779959,81780452,+,-1,20.507347,0.91948605,1.0626173,1.3038086,32.569054,-7.6662064
chr16,83950313,83950806,-,-1,20.660479,-1.4189117,24.265846,16.589695,67.151924,7.539848
chr16,83956257,83956750,-,-1,20.660479,-1.4189117,24.257074,16.580835,65.72861,6.8384194
chr16,87484964,87485335,+,9,15.160596,0.5610224,3.92475,2.482052,5.2761793,-7.2022696
chr16,92366408,92366900,-,-1,21.469624,-3.8243213,0.8802927,25.174612,29.416437,-18.745432
chr16,96933201,96933694,+,9,20.193787,1.1436176,3.151067,4.0276065,4.267946,33.756367
chr17,7902738,7903225,-,10,17.348118,6.078757,6.6147532,5.260293,-33.701714,31.476395
chr17,8331244,8331736,+,0,21.308716,-3.8242326,24.507784,0.69344485,4.3907456,-33.062088
chr17,8337147,8337639,+,0,21.308716,-3.8242326,24.740723,0.61242247,4.3907056,-33.062046
chr17,9730257,9730750,+,-1,20.993168,-0.37872165,5.725146,2.9013388,23.068558,2.7265272
chr17,9734107,9734600,+,-1,20.993168,-0.37872165,5.7371655,2.8938532,23.068558,2.7265272
chr17,10502709,10502996,-,4,11.973388,2.6739197,13.612757,11.30338,-26.434162,-28.25752
chr17,11883016,11883509,-,10,18.089941,4.7652707,6.056606,5.1728907,-24.844332,29.36349
chr17,12008084,12008194,-,4,0.0054557347,0.000744312,13.918575,13.175625,-43.470196,-29.226097
chr17,17276100,17276593,-,-1,19.659487,-0.0031906515,5.701036,-1.6435877,25.425058,10.14043
chr17,17282005,17282498,-,-1,19.659487,-0.0031906515,5.725369,-1.6604904,25.425058,10.14043
chr17,18265651,18266150,-,2,21.319752,-2.203723,8.343894,-6.9629374,40.689777,40.461414
chr17,18369358,18369827,-,10,16.990492,2.444409,4.60667,5.3648143,-19.864212,13.565028
chr17,19096391,19096878,+,10,17.010326,4.843575,6.2627516,5.650647,-32.624207,29.70832
chr17,19446387,19446909,+,3,11.238653,2.304368,10.041059,11.271318,-62.130127,0.4686524
chr17,20702146,20702643,+,9,18.247131,1.9889923,3.3282812,4.1751394,1.2709078,38.0359
chr17,20707686,20708185,+,9,19.219215,2.0623128,3.3156416,4.274761,1.3019396,38.03153
chr17,20708967,20709458,+,9,20.83161,3.1615257,4.443392,3.6835992,-8.735124,20.308651
chr17,21442372,21442865,+,10,18.70037,4.5801907,6.1224627,5.157222,-22.997927,27.327444
chr17,23504418,23504905,+,9,19.665443,1.6746274,3.0958931,2.7048268,10.416845,26.4838
chr17,23510349,23510836,+,9,18.771736,1.2181867,3.0651255,2.543611,10.217458,26.540297
chr17,23686019,23686459,-,-1,17.622135,-0.93322724,24.243963,16.615704,72.722206,4.207989
chr17,23691910,23692350,-,-1,17.622135,-0.93322724,24.357111,16.698885,72.722206,4.207989
chr17,24304415,24304902,+,10,19.255531,3.1559675,5.451281,5.171966,-8.257621,25.269867
chr17,26289407,26289456,+,4,0.0022898167,0.007726644,13.919569,13.150373,-41.914066,-29.048443
chr17,27281584,27282077,+,9,20.337063,0.111498736,4.3849506,2.4613063,17.166859,18.947151
chr17,27287560,27288053,+,9,19.989109,-0.01789543,4.397019,2.6862745,17.172022,18.943502
chr17,27837849,27838337,+,10,17.98694,5.599177,7.137669,6.2626085,-37.559597,30.735985
chr17,31046505,31046998,-,10,19.143908,5.1695204,6.22568,4.95341,-20.111341,22.123388
chr17,33867141,33867634,+,1,20.203835,-1.4784398,-0.48133284,13.115233,66.95474,1.7260896
chr17,33873118,33873611,+,1,20.203835,-1.4784398,-0.4853276,13.090683,66.955536,1.7261361
chr17,35508550,35508748,-,5,6.693584,3.237975,15.613025,15.5144205,-62.66027,-20.540308
chr17,36474103,36474596,-,-1,20.557749,-0.6928971,5.790259,-0.37664607,27.666546,5.7939806
chr17,36480047,36480540,-,-1,20.557749,-0.6928971,5.7835903,-0.3852848,28.23601,6.1902113
chr17,36520324,36520822,-,-1,20.028913,-3.2324834,4.4095564,1.4958065,35.095753,-31.455065
chr17,36526234,36526732,-,-1,20.028913,-3.2324834,4.4097085,1.4933504,35.095753,-31.455065
chr17,37438874,37439367,-,1,20.538876,-5.2725024,-4.261754,15.193014,57.941425,-14.263188
chr17,37444504,37444997,-,1,20.538876,-5.2725024,-4.267056,15.191861,57.825638,-14.554404
chr17,37667675,37668159,+,10,18.997055,5.9997873,6.2303076,5.8662076,-38.355583,33.188187
chr17,37876652,37877092,-,7,17.2027,2.6065016,3.3321471,6.5876594,-14.188108,-8.81137
chr17,37882504,37882944,-,7,17.2027,2.6065016,3.3082275,6.6098237,-14.188108,-8.81137
chr17,39036361,39036880,+,3,13.291464,4.379881,10.021669,11.2579,-63.73412,3.114528
chr17,40230563,40230601,+,5,0.71568584,0.24811772,14.3115425,14.350057,-46.854908,-30.551767
chr17,41305541,41306033,+,-1,21.23644,-4.2012043,5.3119135,11.047758,11.763899,-41.578526
chr17,41311445,41311937,+,-1,21.23644,-4.2012043,5.312036,11.047722,11.763899,-41.578526
chr17,41657795,41658287,-,6,20.247128,-1.2652377,6.089285,0.9453011,25.348963,18.7574
chr17,41663738,41664230,-,6,20.247128,-1.2652377,6.0982513,0.93583906,25.349012,18.757486
chr17,44764962,44765456,+,3,15.719829,5.705465,9.42836,10.78395,-56.24346,10.438882
chr17,45169920,45170413,+,9,20.573668,1.4627067,5.053449,2.9699538,13.353955,3.8718617
chr17,47402731,47403219,-,10,18.404839,7.0353622,7.1488876,6.2652946,-38.474827,27.228418
chr17,48072221,48072714,+,0,21.05351,-4.3163424,24.932869,0.35201532,-1.3538378,-34.44007
chr17,48079033,48079525,+,0,21.596428,-4.4474454,24.615917,0.60014325,4.331094,-41.705772
chr17,49166838,49167331,-,10,18.766989,5.645065,6.166186,5.480533,-29.013233,28.208763
chr17,53097239,53097679,-,7,18.467365,2.8822348,3.4701185,6.3400726,-17.667953,-0.7377814
chr17,53364972,53365462,-,10,19.16223,4.4907775,5.904325,5.0032125,-18.360018,37.39052
chr17,53374390,53374886,-,10,19.65325,4.4168963,5.797302,5.023393,-18.27649,37.585445
chr17,53747681,53748173,+,-1,20.774834,-3.4340189,11.769482,0.59887624,26.330008,-34.908745
chr17,53753657,53754149,+,-1,20.774834,-3.4340189,11.766492,0.60408926,26.329994,-34.90877
chr17,54711238,54711459,+,4,8.248627,-2.7310393,13.716738,11.507639,-29.066248,-33.56625
chr17,59062498,59063003,-,9,20.910023,0.6513597,4.5470653,3.2268896,4.3979206,14.835949
chr17,59782327,59782586,-,5,9.689392,5.12121,15.593852,15.48198,-57.534172,-18.80982
chr17,61205452,61205950,-,-1,20.787996,-5.5092773,21.512453,11.950767,52.231266,-38.88765
chr17,61211402,61211900,-,-1,20.787996,-5.5092773,21.52502,11.963234,51.343388,-38.076622
chr17,62496475,62496967,-,-1,21.344511,-0.8880672,1.0927699,1.2989292,32.032032,-9.55089
chr17,63589452,63589945,+,9,20.766272,0.29555312,4.826909,2.9746392,9.8714,2.7574294
chr17,64171107,64171602,-,10,19.201223,5.6608067,6.5376577,5.810873,-28.758308,30.7333
chr17,66304588,66305080,-,-1,21.359612,-4.331148,2.89772,7.587911,15.676811,-21.423235
chr17,66310531,66311023,-,-1,21.359612,-4.331148,2.8946226,7.591059,15.672444,-21.4247
chr17,67009538,67009985,+,8,13.7525015,6.3324814,6.165655,7.2743063,-49.26275,11.631275
chr17,67535022,67535515,+,-1,20.985317,-3.444378,12.344873,-0.026483288,18.9042,-35.65726
chr17,67540966,67541459,+,-1,20.985317,-3.444378,12.342482,-0.024663512,18.9042,-35.65726
chr17,69929876,69930369,-,9,20.789364,1.8536232,3.3191955,2.4407775,12.300459,30.422564
chr17,69954425,69954636,+,4,9.581344,-4.610783,13.693133,11.467201,-27.49927,-33.641045
chr17,70963412,70963657,-,5,8.610379,3.9836795,15.569977,15.468104,-58.851883,-17.483837
chr17,76614229,76614416,+,5,6.0346317,3.20989,15.583925,15.456579,-59.66599,-21.000675
chr17,83140244,83140737,+,6,19.911743,0.81034064,6.0618973,0.9767666,23.897642,21.589365
chr17,83146188,83146681,+,6,20.40024,0.89951193,6.063115,0.97665566,24.056465,20.954689
chr17,85228994,85229498,+,-1,21.518248,-2.5101638,13.001218,-0.574996,16.958454,-46.598766
chr17,85234915,85235419,+,-1,21.518248,-2.5101638,13.011422,-0.5850546,16.958454,-46.598766
chr17,87183991,87184460,-,9,20.571375,1.2254206,4.3037324,2.855444,2.4626021,11.702013
chr17,87845663,87846179,-,3,13.26529,3.5484917,10.016268,11.252006,-62.13963,3.737065
chr17,89390922,89391416,+,9,19.253096,2.9855647,3.6705115,3.7563696,6.6369705,23.577234
chr17,89463425,89463949,-,10,19.198696,5.5177684,6.1674914,5.538396,-28.335392,28.129782
chr17,91327631,91327690,+,5,1.9824699,1.4106741,14.699573,14.868609,-53.351997,-31.900791
chr17,91883995,91884494,-,10,20.53501,2.8573117,6.0425334,4.73498,-14.810166,28.064466
chr17,93016975,93017473,-,0,21.427832,-4.5032587,24.771778,0.4383372,7.055302,-48.4976
chr17,93022924,93023422,-,0,21.427832,-4.5032587,24.679783,0.3936432,7.055302,-48.4976
chr17,93822292,93822549,-,4,10.306984,-0.9630813,13.651192,11.260712,-25.251253,-30.7926
chr17,94841793,94842232,+,7,17.491522,2.3750684,3.8725672,6.8039966,-25.40315,-1.3409852
chr18,3011312,3011745,-,8,15.069679,6.3535123,5.9811797,7.12445,-47.064655,14.262537
chr18,3053252,3053744,+,-1,20.523466,-4.5471983,14.668431,-8.864877,1.168489,-51.572803
chr18,3059228,3059720,+,-1,20.205542,-4.1235332,14.668232,-8.8648815,1.1963234,-51.555588
chr18,3456433,3456867,+,7,18.60731,2.952378,3.894117,6.7536693,-24.05791,-1.1599541
chr18,3460857,3461350,+,9,21.480146,1.0376294,4.1546025,3.0893257,6.9215174,13.376163
chr18,4658051,4658543,-,0,21.125849,-4.6240797,24.582102,0.6421045,7.9009795,-37.990303
chr18,4663955,4664447,-,0,21.125849,-4.6240797,24.693686,0.6224717,7.9006987,-37.991936
chr18,7732122,7732605,+,10,17.911139,5.440451,6.209366,5.2649827,-23.00141,23.74682
chr18,7930169,7930561,-,4,3.0514538,1.3939506,13.292193,12.5582695,-38.80557,-25.69413
chr18,8946592,8947079,+,9,18.622923,0.6011042,3.8913455,3.9877572,1.0561888,33.691765
chr18,12173997,12174352,-,4,13.61847,1.6650122,13.551216,10.653445,-21.071709,-25.571878
chr18,13041476,13041969,-,9,21.042757,0.31585538,3.8675127,3.390487,3.8791952,19.893358
chr18,17558236,17558599,+,4,14.79126,0.61064804,13.44566,10.514954,-23.934803,-12.518023
chr18,17558614,17558850,-,4,9.81099,-3.3493364,13.660984,11.300491,-26.758774,-32.4214
chr18,18555244,18555679,+,8,13.352789,3.869002,6.0497246,7.1743307,-45.596134,12.067241
chr18,19345773,19346272,-,-1,20.944174,0.8821346,2.313266,0.4743873,28.571112,25.97252
chr18,19351759,19352258,-,-1,20.944174,0.8821346,2.3137388,0.47565842,28.571112,25.97252
chr18,24553246,24553686,+,7,17.622065,1.8880112,3.5549366,6.7909737,-24.07084,-3.5567358
chr18,24558401,24558835,+,7,18.136831,1.9535244,3.803546,6.74939,-23.518705,-3.567614
chr18,28449975,28450468,+,9,20.521679,1.1320499,4.7630115,3.0605395,10.562999,5.482807
chr18,32025874,32026367,+,1,21.114618,-1.4109669,-0.51030153,12.8701725,64.4327,0.5786788
chr18,32982306,32982799,-,9,20.430151,2.5523148,4.3828015,3.4031904,0.44134486,26.983952
chr18,33603239,33603738,-,9,20.942196,1.4205536,4.1269245,3.309258,8.692749,13.277044
chr18,33697417,33697916,-,-1,20.786947,-0.43305126,2.6642714,3.510534,27.51142,21.94199
chr18,33703367,33703866,-,-1,20.786947,-0.43305126,2.637268,3.4995084,27.511713,21.94199
chr18,37388150,37388642,+,-1,21.216711,-3.023224,11.767714,0.6052354,25.916473,-33.112453
chr18,37394054,37394546,+,-1,20.748228,-3.2478771,11.768752,0.6075101,25.808895,-32.99897
chr18,38843256,38843749,-,9,20.304523,1.3945223,3.2204359,4.100678,0.45644125,31.005085
chr18,41959659,41960134,-,10,19.460127,4.626997,6.074115,5.402772,-22.642157,32.921234
chr18,41965621,41966096,-,10,19.460127,4.626997,6.106192,5.3837233,-22.642435,32.921337
chr18,42485080,42485549,+,10,16.638247,4.422397,4.5865455,5.3927116,-18.80855,13.068245
chr18,45506953,45507446,+,9,21.221682,0.18427023,3.9456856,2.602594,2.9924326,-2.1252794
chr18,45512898,45513391,+,9,21.697092,0.11094504,3.9064205,2.580157,3.053257,-2.1358895
chr18,45766809,45767302,-,10,20.107368,5.3433285,6.0653744,5.4487123,-27.792683,26.112738
chr18,46367164,46367598,+,8,15.003549,6.5301037,5.923117,7.0631347,-42.172916,13.199555
chr18,48991880,48992373,-,10,19.947344,2.737144,5.789446,4.6434007,-13.721169,33.376423
chr18,50927445,50927938,-,9,21.354578,0.87894726,3.9062862,3.287866,7.6239595,17.955784
chr18,53833412,53833910,+,-1,20.787996,-5.5092773,21.5256,11.963693,51.343388,-38.076622
chr18,53839361,53839859,+,-1,20.787996,-5.5092773,21.527693,11.965916,51.343388,-38.076622
chr18,55429678,55430177,-,2,20.389015,-1.2112744,8.268303,-6.8517003,36.15881,38.15178
chr18,55435628,55436127,-,2,20.389015,-1.2112744,8.256526,-6.8426404,36.158787,38.15162
chr18,58992837,58993330,-,6,20.40024,0.89951193,6.06976,0.9695338,24.005941,20.907976
chr18,58998781,58999274,-,6,20.40024,0.89951193,6.0739126,0.963476,24.004248,20.907547
chr18,60262863,60263355,-,10,15.894898,5.5102468,6.5363226,5.5748534,-32.21888,35.836723
chr18,65011512,65011695,-,5,6.4437523,2.6808472,15.564505,15.453787,-60.560604,-22.294235
chr18,68041165,68041670,+,9,20.290298,0.66106886,4.0036445,3.005343,7.3231206,15.300899
chr18,71195344,71195836,+,-1,20.744257,-5.0952296,6.4732013,19.195507,49.199875,48.417385
chr18,71266960,71267452,-,-1,19.87565,-4.7337213,-12.687984,3.1983283,9.120553,-76.297295
chr18,71272864,71273356,-,-1,19.87565,-4.7337213,-12.693011,3.2355285,9.120553,-76.297295
chr18,74745593,74746084,-,2,20.636354,-5.380518,8.586236,-7.9464674,44.32035,33.80165
chr18,74749908,74750400,-,1,20.419222,-5.405921,-4.2198153,15.188495,64.3351,-17.62502
chr18,74755851,74756343,-,1,20.419222,-5.405921,-4.207905,15.176837,64.3351,-17.62502
chr18,74757936,74758427,-,2,20.636354,-5.380518,8.568983,-7.9186354,44.32035,33.80165
chr18,75158565,75159058,+,9,20.761036,-0.2821476,3.9584417,2.5946896,1.366328,-0.7364394
chr18,76177867,76178360,-,9,21.118809,-0.53215504,5.413003,3.2881114,24.267778,4.907172
chr18,76183772,76184265,-,9,21.118809,-0.53215504,5.4500413,3.2777925,24.267778,4.907172
chr18,76579685,76580296,+,-1,25.85096,-7.091198,12.951497,-0.6111849,12.169535,-46.023384
chr18,76585745,76586237,+,-1,21.310055,-4.3375425,12.988108,-0.5626685,15.028072,-43.14173
chr18,76724665,76725158,+,-1,19.37987,3.6087484,5.237398,4.3519993,-8.5582285,28.893444
chr18,77058888,77059322,+,8,16.342014,5.782465,6.012043,7.09891,-41.05305,13.043809
chr18,77264422,77264914,+,0,21.596428,-4.4474454,24.750044,0.6461961,0.8348314,-39.93203
chr18,77270325,77270817,+,0,21.17015,-4.236873,24.553635,0.5138051,-2.9844673,-42.300808
chr18,78422094,78422586,-,-1,21.438915,-2.8550348,1.8333211,1.4467008,26.524435,-23.409859
chr18,78427998,78428490,-,-1,21.438915,-2.8550348,1.8482344,1.4602064,26.022833,-23.368511
chr18,80270528,80271025,+,10,20.057783,5.6816635,6.0223217,5.1375933,-8.623805,28.912062
chr18,80405204,80405697,+,9,20.199745,1.7229766,4.7806315,3.8839157,12.196872,30.80317
chr18,80511487,80511979,-,1,20.841482,-5.446779,-4.2814827,15.172184,61.036243,-15.985255
chr18,80517391,80517883,-,1,20.841482,-5.446779,-4.2831726,15.165134,60.9903,-15.424286
chr18,81299740,81300233,-,-1,20.660479,-1.4189117,24.24646,16.569536,67.151924,7.539848
chr18,81305684,81306177,-,-1,20.660479,-1.4189117,24.273087,16.602,67.151924,7.539848
chr18,89983182,89983680,-,-1,20.386272,-2.1612124,1.8498027,1.4559308,25.385366,-27.48529
chr18,89989164,89989662,-,-1,20.248903,-3.5805721,11.767622,0.70190763,25.37566,-27.501335
chr18,90462547,90463065,+,3,14.127453,5.450531,9.775973,11.047899,-58.3306,5.872591
chr19,3161369,3161861,+,-1,21.335892,-4.397132,12.367523,-0.023385901,9.181066,-36.415848
chr19,3167272,3167764,+,0,21.596428,-4.4474454,24.68415,0.5896718,3.7991633,-38.86149
chr19,3223507,3223702,-,5,7.141606,3.3629916,15.5850525,15.484745,-60.978764,-21.184885
chr19,3228796,3229098,-,4,14.373082,-2.1063664,13.645396,11.204802,-23.635908,-30.492186
chr19,6903426,6903925,-,-1,20.944174,0.8821346,2.320787,0.48629972,28.571112,25.97252
chr19,7551016,7551500,+,10,18.868315,4.8689437,6.048063,5.217171,-24.943064,29.607738
chr19,8088363,8088847,-,9,19.743671,1.6619841,4.5537734,3.0497596,8.258364,21.245716
chr19,9249501,9249979,-,9,18.556206,2.6071854,4.0236244,2.8067546,-3.8674266,-9.485034
chr19,9771584,9772104,+,3,10.966364,4.796419,9.981712,11.21489,-57.530838,3.354611
chr19,9785276,9785769,-,9,20.505255,0.958693,4.1063104,3.6922116,1.6621852,16.45576
chr19,9791215,9791708,-,9,20.212759,1.2040724,4.0185947,3.7364957,1.5989821,16.480946
chr19,9907957,9908391,+,7,17.40233,3.5172803,4.08822,6.278449,-22.183895,7.6086035
chr19,10118845,10119314,+,3,15.7477865,5.2927246,9.518938,10.839565,-54.4642,12.098704
chr19,12068866,12069358,+,0,20.748713,-4.1816535,24.659676,0.68439084,-1.3543727,-34.430553
chr19,12656013,12656532,-,3,11.737593,5.13704,10.035982,11.278894,-63.54744,3.9012117
chr19,13038449,13038889,-,7,16.707333,1.0202491,3.4568744,6.3019576,-13.691881,1.3063248
chr19,13053113,13053553,-,7,16.28807,0.8203452,3.483974,6.3184032,-13.684688,1.2734839
chr19,14024532,14025025,-,10,19.216602,4.428627,6.376705,5.0320983,-18.57709,27.21586
chr19,17017845,17018337,-,0,21.596428,-4.4474454,24.629505,0.598987,0.6324765,-39.047375
chr19,17020079,17020487,-,4,18.431961,-5.0793,13.577778,10.461925,-15.566701,-27.428503
chr19,19870427,19870919,-,-1,19.40241,2.1919186,2.3984337,4.7579265,18.726906,44.96442
chr19,19876370,19876862,-,-1,19.40241,2.1919186,2.3672802,4.739137,18.72674,44.963806
chr19,19957987,19958427,+,7,17.684093,2.5354807,3.4994771,6.1810713,-16.290833,1.7606754
chr19,23263926,23264419,+,9,21.13758,1.0750645,3.2203796,4.0349827,4.895617,32.87183
chr19,23662720,23663214,+,10,18.63557,3.5126307,6.511579,5.075107,-21.996614,33.315067
chr19,29225644,29226143,-,-1,20.45582,-0.5638492,2.3105385,0.47105965,29.52973,23.789253
chr19,32203177,32203669,-,0,21.596428,-4.4474454,24.729969,0.61172056,2.817832,-38.66738
chr19,32209080,32209572,-,0,21.596428,-4.4474454,24.643816,0.79085624,0.9322294,-36.7803
chr19,33931664,33932170,-,3,13.51046,3.7358484,9.985968,11.232929,-62.88579,4.0050955
chr19,34154736,34155228,-,-1,19.87565,-4.7337213,-12.714818,3.2409544,10.592852,-75.55786
chr19,34160679,34161171,-,-1,19.87565,-4.7337213,-12.707637,3.1835217,9.120553,-76.297295
chr19,35194584,35195053,+,10,18.31109,3.3724074,4.577129,5.3842177,-20.092958,12.501182
chr19,36387421,36387800,+,4,2.8035896,1.7807099,13.609385,12.491803,-38.64072,-26.086054
chr19,39678060,39678552,-,0,21.596428,-4.4474454,24.754696,0.7456162,0.059482552,-36.459564
chr19,39683964,39684456,-,0,21.596428,-4.4474454,24.738632,0.61700505,5.0087194,-41.070427
chr19,40020411,40020850,+,-1,18.08177,-1.922246,3.202886,7.221856,-4.964374,-24.464308
chr19,40026262,40026701,+,-1,18.541327,-1.7438755,3.202953,7.2213235,-4.7179866,-24.07558
chr19,42782988,42783481,+,9,21.588593,0.9639136,4.736986,3.2072225,9.272025,7.6526594
chr19,44165264,44165756,+,0,21.596428,-4.4474454,24.668324,0.6704351,2.1683927,-39.235085
chr19,44171168,44171660,+,0,21.596428,-4.4474454,24.685585,0.6353752,5.525185,-40.27284
chr19,44218505,44218998,+,-1,19.967535,0.81549996,5.859634,-1.8335551,6.8190084,48.418175
chr19,44224449,44224942,+,-1,19.967535,0.81549996,5.8736877,-1.8480377,6.8190084,48.418175
chr19,44955109,44955549,-,8,15.367125,6.2781534,5.427504,6.723422,-35.67847,11.440966
chr19,45090087,45090578,-,2,20.614662,-4.7704315,8.519262,-7.8869467,44.27081,35.346375
chr19,45095990,45096481,-,2,20.614662,-4.7704315,8.555458,-7.905259,44.27081,35.346375
chr19,46757354,46757848,-,10,18.638403,2.8240283,4.6240926,4.8378067,-14.137884,15.697823
chr19,47596233,47596724,-,0,21.246756,-4.273691,24.778511,0.66084325,-0.5515069,-30.876472
chr19,47602136,47602627,-,0,21.246756,-4.273691,24.768389,0.66808206,-0.55149865,-30.876387
chr19,49426447,49426887,-,7,18.717285,2.657739,3.464227,6.6406636,-21.40567,-4.41172
chr19,52303221,52303713,+,1,20.841482,-5.446779,-4.269517,15.180177,61.334778,-16.692116
chr19,52309165,52309656,+,1,20.794039,-5.459208,-4.2849402,15.196406,60.309345,-14.415567
chr19,53044803,53045295,-,0,20.597385,-3.451533,24.814034,0.13489388,7.8770967,-28.367004
chr19,55558154,55558422,+,4,12.02707,-5.2449636,13.659333,11.1959505,-23.214792,-33.739746
chr19,55559168,55559291,-,5,4.075433,2.6515265,14.828262,14.993004,-56.796978,-30.226875
chr19,57514235,57514727,+,-1,21.155313,-4.9578085,1.0241965,-1.8596163,42.983074,-19.75137
chr19,57520139,57520631,+,-1,21.155313,-4.9578085,1.0243539,-1.8595059,42.393314,-20.04812
chr19,61168773,61169266,-,9,19.354218,1.339639,4.978944,3.7622488,-9.374423,10.629261
chr19,61174753,61175244,-,9,19.259274,1.3142855,4.9223943,3.6976922,-9.37403,10.632932
chr2,3932737,3933229,-,6,21.02012,-4.1064115,7.7571626,-0.19961277,20.221457,-15.8805685
chr2,3938680,3939172,-,6,21.02012,-4.1064115,7.786749,-0.22538726,20.221457,-15.8805685
chr2,5479332,5479825,+,9,20.25262,1.1331415,3.1273596,2.364165,16.503706,27.733912
chr2,5924599,5925150,-,1,23.776247,-7.792314,-3.831035,14.035719,62.14246,-22.430645
chr2,6197369,6197855,-,10,19.780733,6.154438,6.3879957,5.3264513,-27.662483,32.96283
chr2,6199763,6200250,-,10,20.216444,6.3158436,6.4262257,5.343688,-27.62144,32.945095
chr2,10177175,10177667,-,1,20.841482,-5.446779,-4.2675,15.172321,59.988514,-15.35415
chr2,10182902,10183394,-,1,20.841482,-5.446779,-4.274869,15.166503,61.264275,-14.729219
chr2,11261428,11261866,-,7,17.95996,1.9187555,3.690647,6.440911,-20.9378,2.0939248
chr2,15210553,15210591,-,5,1.3780522,0.45809132,14.49701,14.697317,-50.34607,-32.73444
chr2,15509756,15510275,-,3,14.876594,6.4739757,9.824632,11.121274,-58.60911,8.084189
chr2,16320261,16320753,-,0,20.439943,-4.387796,23.652689,1.2991688,-8.650022,-43.92887
chr2,16326165,16326657,-,0,20.437042,-4.379433,23.69043,1.2581997,-8.511196,-43.386208
chr2,18128192,18128632,-,7,17.34573,4.035181,3.8237321,6.2914367,-19.731535,-4.5587716
chr2,20038567,20039059,-,-1,21.18325,-3.7144198,1.4805818,1.3508834,30.030975,-15.951033
chr2,20044510,20045002,-,-1,21.18325,-3.7144198,1.4811525,1.3510226,30.030975,-15.951033
chr2,20426825,20427318,-,1,20.629232,-1.3859948,-0.53044,12.969524,63.860153,-0.4429993
chr2,20432769,20433262,-,1,20.629232,-1.3859948,-0.5430461,12.919822,63.860153,-0.4429993
chr2,24017872,24018365,+,9,20.108324,0.50160867,4.864704,3.3883703,14.558614,10.896663
chr2,25799588,25800081,+,10,20.321281,5.867514,6.4151735,5.133356,-25.616203,36.701027
chr2,25804980,25805245,+,5,11.081191,4.2506886,15.589186,15.458826,-57.71036,-17.788496
chr2,28281273,28281772,-,10,18.98383,5.4380817,5.6560297,5.4311094,-23.436293,39.73873
chr2,29344851,29345292,+,8,16.83565,6.985871,5.7324047,6.8447504,-36.508965,17.954433
chr2,34094745,34095236,+,10,17.579086,6.079082,6.1844115,5.891821,-29.915731,22.320929
chr2,34929315,34929814,+,-1,20.45582,-0.5638492,2.3101182,0.46750835,29.529688,23.790087
chr2,34935265,34935764,+,-1,20.11496,-0.5391428,2.3108895,0.46664673,30.176687,24.289886
chr2,36346107,36346594,-,-1,16.187412,4.3674774,5.6612797,5.8844814,-25.081291,45.232147
chr2,38698482,38698513,-,5,1.0596952,0.32956022,14.402967,14.59911,-48.83963,-32.88925
chr2,40159305,40159792,+,10,18.411127,5.0468755,6.084137,5.2291474,-23.13161,27.172945
chr2,41063621,41064121,+,10,18.438818,5.4198446,5.6446347,5.413882,-20.303228,40.760166
chr2,41069606,41070106,+,10,18.777796,5.4416575,5.648141,5.410581,-20.352901,40.733177
chr2,42996689,42997129,-,7,16.759834,0.6672233,3.5774434,6.421825,-12.44018,-3.4513955
chr2,45856032,45856525,-,9,20.162622,1.3349069,4.7953415,3.6804483,6.9635763,9.7895565
chr2,46938087,46938465,-,4,16.313385,-2.8762617,13.516127,10.582697,-17.759989,-25.323473
chr2,49179907,49180400,+,9,20.04883,2.895806,4.7884307,3.683618,3.4057882,24.698675
chr2,49443655,49444126,-,10,17.886425,5.3283415,6.137829,5.7457256,-29.386559,23.394596
chr2,50232736,50233237,+,3,11.508019,4.5602226,10.210243,11.453368,-63.22145,2.4280999
chr2,52737898,52738385,+,10,16.461737,2.619737,4.591083,5.4199038,-19.097614,11.560195
chr2,53955002,53955492,+,9,20.928455,0.6730101,4.6088924,2.9548075,11.050983,12.551549
chr2,54794757,54795269,-,3,13.387434,5.277673,9.852836,11.107585,-58.720383,5.637131
chr2,57166432,57166923,-,1,20.425514,-5.012077,-4.2067513,15.295878,66.155914,-13.524484
chr2,57172374,57172865,-,1,20.425514,-5.012077,-4.180124,15.2870245,65.53073,-13.957054
chr2,63168946,63168978,-,4,0.33301213,-0.041952454,13.652646,12.532102,-40.78491,-30.02646
chr2,63460277,63460715,+,8,14.330354,6.1542535,6.041381,7.1462054,-45.317833,14.260193
chr2,64211920,64212366,-,8,17.691069,5.661038,5.1123276,6.60683,-30.508583,10.611792
chr2,64730392,64730885,+,9,20.49739,1.3863926,4.655068,3.5237892,13.243105,8.983397
chr2,65946150,65946643,+,10,19.335789,5.8310723,6.154703,5.345934,-25.857729,27.535202
chr2,66260477,66260969,+,-1,18.319818,4.0890465,5.6789427,5.890987,-24.842669,47.03322
chr2,66362386,66362602,-,4,8.922715,-2.1877418,13.7050495,11.5341625,-28.351662,-32.360962
chr2,68917803,68918243,+,7,18.834465,0.80126536,3.310346,6.82401,-17.353615,-8.430593
chr2,68923655,68924095,+,7,18.834465,0.80126536,3.301421,6.8286233,-17.353523,-8.430724
chr2,69728871,69729370,+,10,20.363783,4.5405364,5.805468,4.6421685,-22.419052,27.950565
chr2,71064811,71065303,-,0,20.555109,-5.336876,21.97679,-4.5630493,50.533314,-41.603046
chr2,71070754,71071246,-,0,20.555109,-5.336876,21.995308,-4.5756383,50.533314,-41.603046
chr2,74000823,74001190,-,4,14.532419,-1.7928308,13.512894,10.5773735,-17.334429,-23.990908
chr2,74396329,74396827,-,-1,20.977144,-5.2676306,8.651302,24.094885,53.750877,46.266243
chr2,74402094,74402592,-,-1,20.977144,-5.2676306,8.661616,24.105442,53.750877,46.266243
chr2,75940711,75941205,-,10,18.537832,5.9384227,5.626534,5.4336367,-21.556995,41.57363
chr2,77223997,77224496,+,-1,18.867924,-0.9437413,-11.987361,3.735212,2.4361815,-79.4456
chr2,77229908,77230407,+,-1,18.867924,-0.9437413,-11.981097,3.740325,2.4361815,-79.4456
chr2,77943031,77943553,-,0,22.706177,-5.1131415,24.753027,0.6646655,5.8380976,-35.91178
chr2,80796110,80796593,-,3,16.087206,5.75938,9.533866,10.857234,-55.75936,9.29727
chr2,82721979,82722471,-,0,20.072674,-5.508148,21.982376,-4.563285,52.66854,-42.395397
chr2,82727960,82728452,-,0,20.072674,-5.508148,21.981588,-4.5625362,52.66854,-42.395397
chr2,83185185,83185677,-,0,21.596428,-4.4474454,24.789682,0.70894563,3.4073815,-41.45962
chr2,83191089,83191581,-,0,21.31382,-4.717401,24.490187,-0.29362324,-6.7430887,-34.81743
chr2,83865679,83866224,-,-1,22.577528,-6.9068537,-12.682217,3.1929982,14.633642,-76.6976
chr2,83871675,83872220,-,-1,22.577528,-6.9068537,-12.684209,3.1922207,14.633457,-76.69763
chr2,83947324,83947823,-,1,19.682308,-1.7163423,-0.4794151,12.8853245,59.11919,-0.15762284
chr2,83953274,83953773,-,1,19.682308,-1.7163423,-0.48940235,12.822161,59.11919,-0.15762284
chr2,83955217,83955608,+,3,13.031092,4.5933633,9.198194,10.638196,-50.55842,1.6797575
chr2,83961027,83961418,+,3,13.031092,4.5933633,9.197134,10.637563,-50.68626,1.2267447
chr2,83966837,83967228,+,3,13.031092,4.5933633,9.185345,10.630173,-50.55842,1.6797575
chr2,83972647,83973038,+,3,13.031092,4.5933633,9.182794,10.628596,-50.55842,1.6797575
chr2,83978457,83978848,+,3,13.031092,4.5933633,9.190553,10.633748,-50.55842,1.6797575
chr2,83984267,83984658,+,3,13.031092,4.5933633,9.181837,10.628136,-50.55842,1.6797575
chr2,83990077,83990468,+,3,13.031092,4.5933633,9.167808,10.618786,-50.55842,1.6797575
chr2,86611977,86612417,-,8,14.815039,4.3569865,4.9274106,6.665724,-30.893452,8.171503
chr2,86617948,86618388,-,8,17.196453,5.1685796,5.019546,6.6264176,-30.885544,8.604627
chr2,86713478,86713661,+,5,6.0255175,3.192003,15.550289,15.43103,-58.556026,-23.321154
chr2,88431643,88432022,+,3,9.304458,3.5879116,10.019089,11.187501,-54.85133,1.373297
chr2,90220762,90221256,-,10,18.465408,6.3797398,7.104364,6.29069,-45.338936,31.569765
chr2,90325436,90325930,+,10,18.465408,6.3797398,7.117537,6.2869205,-45.338936,31.569765
chr2,91817416,91817700,-,4,11.0636425,2.7369382,13.588417,11.324721,-26.563759,-28.751417
chr2,93513546,93514039,-,9,19.424065,1.4314573,4.340315,3.1958942,7.907129,9.702994
chr2,97438609,97439102,-,10,17.093699,4.712759,6.4089484,5.7319126,-29.477953,28.105684
chr2,97767148,97767636,+,10,17.905666,6.3949018,7.1790996,6.2832313,-40.726307,27.9595
chr2,99050972,99051471,+,-1,19.926605,-0.50791395,2.3109052,0.46975732,28.991804,23.315851
chr2,99056955,99057454,+,-1,19.926605,-0.50791395,2.326279,0.48901877,28.991804,23.315851
chr2,101959850,101960290,+,8,17.032343,6.612051,5.387812,6.6773376,-35.177517,11.684062
chr2,106944600,106945093,-,9,21.70121,-0.018010294,4.0311904,2.5693607,-1.334378,-1.2077398
chr2,111281493,111281987,-,10,18.162352,4.9403896,5.6638956,5.4215364,-18.030321,42.501762
chr2,111287472,111287966,-,10,18.518167,5.0918818,5.6492567,5.4369826,-18.104574,42.61235
chr2,112025163,112025603,+,8,16.97119,6.2660265,5.6932454,6.9122157,-40.743843,12.317185
chr2,112319762,112320255,-,1,21.114618,-1.4109669,-0.5111188,12.869363,64.4327,0.5786788
chr2,112325706,112326199,-,1,21.114618,-1.4109669,-0.49139503,12.887667,64.4327,0.5786788
chr2,112416678,112417176,-,-1,21.341007,-4.3021126,12.998849,-0.57245505,16.236359,-43.935135
chr2,112422586,112423084,-,-1,21.341007,-4.3021126,12.969128,-0.54261875,15.518372,-44.484253
chr2,112701405,112701897,+,0,21.208061,-4.5719666,24.692339,0.15340023,7.1237226,-43.75013
chr2,112707340,112707832,+,0,21.208061,-4.5719666,24.652761,0.1301749,7.1237226,-43.75013
chr2,113095788,113096281,+,6,21.214516,0.9604689,5.0956335,1.9695219,14.461688,16.017673
chr2,113101765,113102258,+,6,21.214516,0.9604689,5.0911593,1.9623697,14.462146,16.0177
chr2,113284011,113284504,-,10,20.229256,5.95375,6.4905977,5.252754,-28.157267,34.74071
chr2,113518467,113518959,-,1,20.013296,-5.4591756,-4.273195,15.017439,59.40786,-20.848133
chr2,113524371,113524863,-,1,20.013296,-5.4591756,-4.255314,15.06598,59.40786,-20.848133
chr2,114180871,114181363,-,-1,21.412712,-3.814605,1.8340331,1.4747995,22.227938,-21.97575
chr2,114186847,114187339,-,-1,21.412712,-3.814605,1.8491261,1.4570841,22.503193,-21.906622
chr2,114284131,114284624,-,9,19.95308,0.15996931,4.9780493,3.0895205,10.783591,5.520833
chr2,114582205,114582645,+,7,17.99495,2.068718,3.4990056,6.2266784,-16.889017,1.0621994
chr2,116524175,116524494,-,4,5.7367024,2.4504287,13.491705,12.285479,-34.820732,-25.947947
chr2,117245708,117246225,+,3,14.552728,5.3877096,9.736028,11.021577,-57.25714,7.8672204
chr2,123287932,123288372,-,7,17.768385,2.3563473,3.4082656,6.2280207,-15.718555,-4.277071
chr2,123293857,123294297,-,7,18.161922,2.4218497,3.3818018,6.2019715,-15.859704,-4.2982926
chr2,124318802,124319075,-,4,11.491771,-2.336431,13.64992,11.26067,-25.249844,-31.78227
chr2,125994904,125995396,+,-1,20.744257,-5.0952296,6.471253,19.197388,49.199875,48.417385
chr2,126000808,126001300,+,-1,20.744257,-5.0952296,6.4750495,19.193653,49.199875,48.417385
chr2,128480481,128480974,-,1,20.093102,-2.5376434,-0.47753882,12.861656,62.13773,2.940174
chr2,128486425,128486918,-,1,20.093102,-2.5376434,-0.4917195,12.878629,62.138412,2.940161
chr2,128954629,128955114,+,10,19.135826,6.657708,6.269843,5.702759,-31.356937,25.261637
chr2,130502704,130502809,+,4,0.00020940427,0.0010843843,13.905982,13.15164,-42.01385,-29.640657
chr2,130618007,130618222,+,4,7.987407,-0.6821102,13.653954,11.460895,-28.800606,-31.846437
chr2,131920473,131920964,-,-1,18.073511,0.96325696,2.3737295,4.730057,22.051073,43.75148
chr2,131926376,131926867,-,-1,18.073511,0.96325696,2.3750799,4.7286534,22.051073,43.75148
chr2,131965032,131965525,-,10,19.565554,5.115551,6.459419,5.160027,-25.198988,33.01528
chr2,132645642,132646135,+,9,20.316984,1.1362725,3.0876846,2.446751,13.033767,27.865213
chr2,132885602,132886095,-,9,20.426716,1.9353764,3.141978,4.1340294,0.21643136,30.919699
chr2,132891579,132892072,-,9,20.426716,1.9353764,3.1948302,4.097197,0.21723789,30.91956
chr2,135272266,135272758,+,9,20.343016,-3.504679,4.9354863,2.6381283,5.132661,-15.679509
chr2,136934486,136934974,-,10,18.21892,5.2225256,7.085747,6.2931824,-43.149582,28.1699
chr2,138112932,138113216,+,4,12.107593,0.7340478,13.602341,11.250907,-25.818577,-28.382248
chr2,140345879,140346372,-,-1,20.584244,-1.2400453,2.7425022,3.318001,41.66373,11.22573
chr2,140351856,140352349,-,-1,20.584244,-1.2400453,2.7355564,3.3449333,41.66373,11.22573
chr2,142464252,142464750,+,6,20.563929,-4.387172,7.1816163,0.21590374,38.190746,-30.746126
chr2,142470162,142470660,+,6,20.563929,-4.387172,7.179812,0.21661532,38.190746,-30.746126
chr2,142476878,142477376,-,0,21.829319,-4.6198473,24.590567,0.6768952,5.0047383,-48.140568
chr2,142482827,142483325,-,0,21.829319,-4.6198473,24.780602,0.5429251,5.0047383,-48.140568
chr2,142789149,142789647,+,1,21.07437,-5.619181,-3.798795,13.993455,56.15914,-18.141315
chr2,142795098,142795596,+,1,21.07437,-5.619181,-3.8011208,13.996851,56.48354,-18.664473
chr2,150223664,150224157,-,9,18.952864,0.922702,4.1006713,3.5420823,1.500792,15.095725
chr2,150728493,150728933,-,7,18.533966,1.7215201,3.489961,6.1879616,-18.27617,-4.7106614
chr2,150734385,150734825,-,7,18.533966,1.7215201,3.4601262,6.2021804,-18.275944,-4.710734
chr2,151896979,151897472,-,9,21.25167,0.36745393,3.594868,2.9512475,20.026354,14.710969
chr2,152263361,152263853,+,1,21.071753,-5.4041915,-3.7718203,13.965988,56.349747,-20.582186
chr2,152269306,152269798,+,1,21.071753,-5.4041915,-3.7988763,13.996406,56.349747,-20.582186
chr2,153200972,153201465,-,9,20.513527,-0.36253995,3.9330096,3.0688357,5.9354534,17.194395
chr2,155229936,155230429,-,9,19.938604,0.35378224,4.497078,2.510609,10.175504,0.05477018
chr2,157034656,157035149,+,10,19.722456,4.1712837,5.675479,4.666773,-11.514291,32.11641
chr2,157242708,157243201,+,9,20.579052,1.2067566,3.2539587,4.023578,3.3401096,28.625248
chr2,157528079,157528349,+,4,9.84071,-4.791255,13.710307,11.410918,-27.301193,-33.622112
chr2,158286275,158286768,+,-1,20.299782,-1.0732632,24.219381,16.556332,67.68384,11.250566
chr2,158292219,158292712,+,-1,20.299782,-1.0732632,24.308392,16.631418,67.68384,11.250566
chr2,158554678,158555170,+,0,21.271276,-4.6239347,24.62866,0.11422826,7.9787445,-44.681
chr2,163519124,163519616,-,0,21.596428,-4.4474454,24.8359,0.57420605,3.9512718,-40.597347
chr2,163525067,163525559,-,0,21.596428,-4.4474454,24.80934,0.6637026,2.1288855,-38.581463
chr2,163842796,163843289,-,-1,20.660479,-1.4189117,24.25023,16.574186,66.81088,6.299598
chr2,163848740,163849233,-,-1,20.660479,-1.4189117,24.281322,16.606833,65.85342,9.247109
chr2,164476999,164477484,-,3,13.712129,4.694895,10.003239,11.240922,-65.37741,3.4073088
chr2,167451537,167452030,-,10,19.608576,6.0463853,6.1260343,5.4242945,-26.894508,30.8699
chr2,167520522,167521015,+,9,19.89168,0.2437432,3.8019102,2.5343568,5.5035486,10.848618
chr2,167524896,167525330,+,7,18.395706,2.0981832,3.8008814,6.7431674,-24.542576,-2.1255717
chr2,171818036,171818528,-,9,21.321356,1.2797675,4.839711,3.7068079,11.743743,9.574884
chr2,171925751,171926249,-,-1,20.977144,-5.2676306,8.661412,24.105017,53.750877,46.266243
chr2,171931661,171932159,-,-1,20.977144,-5.2676306,8.68399,24.128891,53.750877,46.266243
chr2,175162904,175163392,+,10,19.323957,7.236516,7.149502,6.2371755,-40.183506,28.78853
chr2,177078091,177078380,-,4,11.614207,-3.1823783,13.62845,11.266323,-22.299217,-32.641125
chr2,182003770,182004262,+,-1,21.340454,-2.9936132,12.373636,-0.043553106,14.25068,-34.50236
chr2,182007699,182008191,+,-1,21.340454,-2.9936132,12.35504,-0.026466388,14.25068,-34.50236
chr3,3285406,3285875,-,3,11.634294,5.396076,9.58122,10.88291,-52.73821,10.2952385
chr3,3464777,3465270,-,10,19.173468,5.783747,6.462898,4.971013,-18.004362,26.005423
chr3,4082421,4082915,-,10,17.69807,5.8887386,7.1491156,6.2310824,-40.012676,31.169754
chr3,4426680,4427173,-,9,21.803122,-0.15139337,5.2179136,3.4339511,21.483786,5.361716
chr3,6062532,6062988,-,10,16.451962,1.0001836,4.533513,5.459853,-19.05685,10.8688
chr3,6909931,6910423,+,-1,20.812006,-4.586242,1.0244126,-1.8594186,43.31304,-20.982433
chr3,6915871,6916363,+,-1,20.812006,-4.586242,1.0240693,-1.8596729,43.313183,-20.982151
chr3,9310594,9311034,+,8,18.07315,6.1598625,5.1769357,6.5870285,-31.331367,10.635672
chr3,9316519,9316959,+,8,17.08869,4.427131,5.11144,6.645191,-32.305744,9.594125
chr3,9763382,9763822,-,8,17.427437,7.153847,5.7102847,6.8215375,-36.742153,17.18433
chr3,10217034,10217063,-,5,0.48024324,0.15332249,14.23037,14.262135,-46.014458,-31.655956
chr3,10219721,10220221,-,10,16.185238,4.780607,6.4794846,5.715263,-41.106873,35.626034
chr3,10445407,10445926,+,3,14.225834,4.622625,9.970465,11.224095,-63.20828,4.5222163
chr3,12248345,12248838,+,9,20.52434,1.1649082,4.9920015,3.8930027,-8.441017,13.872802
chr3,12254237,12254730,+,9,20.52434,1.1649082,4.9985647,3.9149132,-8.4409895,13.872819
chr3,12328957,12329450,+,9,20.814274,1.057922,4.822995,3.049153,7.4488783,5.732406
chr3,12981101,12981576,+,9,20.820473,1.1982566,3.310449,3.9404056,3.218163,30.874022
chr3,16411464,16411968,+,9,20.485447,1.2270553,4.806693,3.6563563,-6.6162753,9.585775
chr3,17110526,17110950,-,7,16.314047,0.75013673,3.5617027,6.3494,-20.755339,-1.8461941
chr3,23634971,23635411,-,7,17.549582,2.1186757,3.5783887,6.550401,-22.120802,-3.1602628
chr3,24042467,24042742,-,4,12.803431,-6.295187,13.647878,11.226313,-24.15029,-33.364597
chr3,24399195,24399688,+,9,20.100416,0.4916037,5.233688,3.436763,19.126787,3.4974024
chr3,24405100,24405593,+,9,20.100416,0.4916037,5.2087774,3.3963156,19.126787,3.4974024
chr3,27819316,27819821,-,9,19.736704,4.071846,4.6692996,3.9680536,-12.055881,24.048063
chr3,28883690,28884177,+,10,16.084314,7.2697916,7.106435,6.29724,-44.988987,30.5501
chr3,28889617,28890105,+,10,17.521261,7.1372747,7.0789304,6.3408914,-44.778923,30.773638
chr3,30564055,30564547,-,-1,21.454632,-3.4557154,11.812298,0.6731449,25.287466,-30.643898
chr3,30567119,30567611,-,-1,21.454632,-3.4557154,11.775656,0.6304023,25.28749,-30.643934
chr3,31178774,31179193,+,-1,16.167654,1.9102823,5.7161083,-1.6663473,7.3820796,52.829998
chr3,31651113,31651606,+,10,19.549812,3.9970067,6.0915112,4.891052,-18.37146,31.00282
chr3,31657087,31657580,+,10,19.533329,4.2859898,6.2669606,5.0154467,-18.570568,31.102892
chr3,33942373,33942865,+,-1,21.359612,-4.331148,2.8959734,7.589083,15.672444,-21.4247
chr3,33948316,33948808,+,-1,21.359612,-4.331148,2.8961382,7.590182,15.676811,-21.423235
chr3,35425945,35426443,-,-1,20.977144,-5.2676306,8.634076,24.077919,53.750877,46.266243
chr3,35431855,35432353,-,-1,20.977144,-5.2676306,8.595899,24.039797,53.750877,46.266243
chr3,35707024,35707516,+,-1,21.176792,-3.7734694,0.881176,25.17482,29.864151,-20.435232
chr3,35712972,35713464,+,-1,21.176792,-3.7734694,0.88126874,25.174978,29.864151,-20.435232
chr3,39546466,39546958,-,0,20.555109,-5.336876,21.983225,-4.5651665,50.533314,-41.603046
chr3,39552409,39552901,-,0,20.555109,-5.336876,21.983723,-4.5659704,50.555428,-42.581226
chr3,39877116,39877615,+,-1,20.549793,-0.32931203,4.3980026,1.6397617,11.406958,-2.9090204
chr3,39883100,39883599,+,9,21.018425,-0.75870067,4.2873054,2.3660445,11.393158,-2.8955913
chr3,51008235,51008524,-,4,12.759074,-1.571805,13.617787,11.280525,-24.79304,-29.26273
chr3,51218012,51218497,-,10,16.877588,6.0299883,6.8343983,5.757675,-36.34728,35.648106
chr3,52426351,52426840,+,-1,18.459064,1.2223814,2.758929,3.3364122,40.18875,12.196149
chr3,54483235,54483734,+,9,19.72943,1.2135942,5.077963,3.5504258,15.569775,7.582896
chr3,55162200,55162687,-,10,19.763325,5.3500223,6.3295903,5.184944,-24.978863,35.57882
chr3,56268757,56269250,+,10,19.981926,2.3805037,4.454823,4.717419,-13.301261,8.546982
chr3,56283698,56284191,-,9,20.491785,1.4153175,3.0644484,2.4469497,12.695667,25.624508
chr3,56799039,56799562,-,10,18.528944,6.151063,6.747664,5.595556,-34.53531,31.098764
chr3,57371936,57372428,-,-1,18.484049,3.2741446,2.483465,4.6423707,14.76402,41.76234
chr3,57378877,57379369,-,-1,18.484049,3.2741446,2.458134,4.665145,14.76402,41.76234
chr3,60850841,60851318,-,-1,16.732874,4.422425,5.3227534,5.3427796,-13.7635565,19.237411
chr3,60968352,60968850,+,-1,20.787996,-5.5092773,21.528736,11.966942,50.356506,-38.69701
chr3,60974295,60974793,+,-1,20.787996,-5.5092773,21.529623,11.967861,52.231266,-38.88765
chr3,61734530,61735023,+,10,19.001297,4.3566375,6.354883,5.1188574,-22.934523,37.793743
chr3,62356898,62357391,-,-1,20.660479,-1.4189117,24.241476,16.564716,65.72861,6.8384194
chr3,62362875,62363368,-,-1,20.660479,-1.4189117,24.207315,16.573053,65.72861,6.8384194
chr3,62363879,62364377,+,-1,21.542946,-4.5099444,12.964809,-0.5383653,15.230032,-41.922146
chr3,62367187,62367685,+,-1,20.64036,-4.28534,12.978243,-0.5518115,15.02366,-41.49525
chr3,65323312,65323800,-,10,16.672417,5.750967,6.999482,6.353988,-41.098843,25.425745
chr3,66450486,66451009,-,9,21.598804,0.43237948,3.0820389,2.5234735,10.718787,24.648159
chr3,66456531,66457030,-,9,20.482332,0.85785,3.0693336,2.5136924,10.714024,24.67908
chr3,66795658,66795735,+,4,0.053020455,0.026304247,13.895426,13.11967,-41.427704,-29.355825
chr3,66855325,66855823,+,-1,20.977144,-5.2676306,8.641427,24.085268,53.750877,46.266243
chr3,66861235,66861733,+,-1,20.977144,-5.2676306,8.65296,24.096733,53.750877,46.266243
chr3,68901438,68901810,-,4,16.129545,-2.2362638,13.487826,10.552009,-18.131136,-25.237247
chr3,68902145,68902238,+,5,2.726711,0.5875653,14.808314,14.9839525,-54.955647,-32.979404
chr3,69848379,69848877,+,6,21.790852,-4.3793645,7.8060308,-0.22090715,18.698833,-19.909824
chr3,69854289,69854787,+,6,21.790852,-4.3793645,7.788363,-0.21760817,18.698833,-19.909824
chr3,69941574,69942073,+,9,20.724266,1.9605681,3.1717641,2.3158085,18.02073,25.099482
chr3,70836520,70837003,-,9,19.794338,1.8265913,3.5393875,3.631023,5.922347,24.973824
chr3,70842053,70842493,-,7,17.803709,2.2203321,3.478358,6.2253895,-16.805847,0.6446033
chr3,73251722,73252214,+,-1,20.760515,-2.9597287,11.768554,0.6048029,26.772512,-35.87538
chr3,73257626,73258118,+,-1,20.760515,-2.9597287,11.767986,0.6044552,26.772512,-35.87538
chr3,76886549,76887042,+,9,20.29739,1.8505459,4.867284,3.7555156,-7.6799617,8.387283
chr3,76892484,76892977,+,9,19.861126,2.0719364,4.9006085,3.7945745,-7.6977854,8.366299
chr3,77227195,77227288,-,4,3.545678,-1.1714083,13.6940975,12.253985,-34.544254,-32.507824
chr3,77549658,77550175,+,3,9.685367,3.8991244,10.035156,11.265314,-62.31085,1.4739908
chr3,78385769,78386251,+,10,17.827665,5.3042207,5.901018,5.53159,-28.64051,28.866154
chr3,79046228,79046727,-,-1,18.63811,-0.3758665,3.470377,2.3559334,8.039629,-3.8102877
chr3,79052212,79052711,-,9,19.125134,-0.21083532,3.530891,2.3674319,8.028201,-3.7942286
chr3,82283365,82283856,-,1,20.425514,-5.012077,-4.1982055,15.279477,65.53073,-13.957054
chr3,82288162,82288653,-,1,20.425514,-5.012077,-4.201545,15.275464,65.13099,-12.949289
chr3,85597215,85597684,-,10,18.96478,5.8818855,5.9187913,5.612306,-28.533405,24.077562
chr3,86042609,86042652,+,4,0.41010672,0.2459288,14.03901,13.489024,-45.21835,-28.35662
chr3,86492607,86493100,+,9,20.119308,-0.5379353,4.910957,2.6619358,4.581581,-13.670893
chr3,86498545,86499038,+,9,19.637877,-0.6210168,4.9084253,2.669081,4.576215,-13.642139
chr3,89919606,89920099,-,9,19.754658,1.6677814,4.82561,3.3270562,9.408512,10.451959
chr3,92347766,92348224,+,10,17.545761,4.2224674,6.0095706,5.423984,-24.653646,23.439692
chr3,92348749,92348785,+,5,0.4844634,0.16048539,14.269519,14.265952,-45.679398,-31.12463
chr3,93990572,93991065,+,9,21.803122,-0.15139337,5.234304,3.4458792,21.483858,5.361852
chr3,93996477,93996970,+,9,21.803122,-0.15139337,5.228113,3.4570496,21.483059,5.359351
chr3,93997957,93998450,-,-1,20.141373,-0.10003635,2.9737315,3.265044,41.928425,11.878236
chr3,95363579,95364072,+,9,21.494762,2.0855064,3.5997107,3.5015223,5.843319,22.664705
chr3,95369558,95369656,+,4,4.1608524,-1.1648418,13.682762,12.303431,-33.877983,-32.598602
chr3,95369679,95369755,+,5,2.4715672,1.6431597,14.796076,14.9715,-54.057735,-31.11971
chr3,95431364,95431856,-,9,21.820354,-1.5149119,4.0834417,2.5420578,2.085104,0.20316972
chr3,96200244,96200737,-,-1,18.996212,0.81764185,5.724953,-1.679765,6.6464906,51.324764
chr3,96206188,96206681,-,-1,18.996212,0.81764185,5.72521,-1.6808136,6.6464906,51.324764
chr3,97245150,97245648,+,-1,21.4945,-4.3183966,11.926211,1.339355,19.877878,-26.982199
chr3,97251060,97251558,+,-1,21.4945,-4.3183966,11.937131,1.3452358,19.598486,-27.036888
chr3,98985975,98986469,+,10,18.843527,5.4525437,6.4748516,5.053404,-23.714668,35.71685
chr3,99398083,99398602,-,3,15.473803,5.888168,9.8473625,11.125281,-61.05196,6.4314265
chr3,100390968,100391458,+,9,21.100515,2.7494514,4.0400944,3.8116202,1.677492,19.397558
chr3,104406303,104406743,+,8,17.927954,4.5836654,5.1729965,6.712947,-34.28412,10.143928
chr3,104534863,104535038,-,4,5.5264606,2.372069,13.577458,12.043643,-31.796452,-28.815498
chr3,106590662,106591160,-,-1,21.39613,-2.7534208,12.091447,0.23143391,28.258518,-30.133648
chr3,106592174,106592672,-,-1,21.39613,-2.7534208,12.109402,0.21263893,28.258709,-30.133787
chr3,109354462,109354949,-,10,19.289993,4.9399586,5.222441,4.98644,-22.408571,22.527979
chr3,109863086,109863580,+,10,19.884544,2.5124345,5.0649033,4.7667804,-12.983127,19.051659
chr3,110861695,110862163,-,10,16.8872,1.6491063,4.5494184,5.403035,-19.21496,8.735235
chr3,112266398,112266891,+,10,20.715431,4.4173336,6.166796,5.100119,-13.70888,24.065687
chr3,112709589,112710023,-,7,14.565959,3.5991158,4.2376094,6.1414223,-22.249777,8.441499
chr3,112913765,112914258,-,9,20.153955,2.2971187,4.786577,3.7880466,12.159032,8.4483795
chr3,112919743,112920183,-,7,17.63852,2.6040668,3.9851549,6.646208,-28.78904,0.87725437
chr3,113640892,113641011,+,4,3.5260766,-0.33747774,13.667429,12.283545,-34.093483,-31.992498
chr3,113646479,113646919,+,7,17.040518,3.670378,4.2241178,6.1895823,-23.763062,6.573255
chr3,113717021,113717211,+,5,6.4785647,2.6296155,15.591067,15.492339,-60.03456,-21.836184
chr3,115020737,115021176,+,-1,18.894558,-2.274312,3.1962547,7.227721,-4.285743,-24.265896
chr3,115026588,115027027,+,-1,18.894558,-2.274312,3.189045,7.2400723,-4.285743,-24.265896
chr3,115452270,115452709,+,-1,16.63146,3.926111,2.542224,4.845562,-18.719086,4.423002
chr3,115483902,115484336,-,7,17.536467,1.8865099,3.7902822,6.723659,-24.476837,-2.0511622
chr3,119609513,119610006,+,10,20.150328,3.136381,6.0047383,4.8061986,-16.323128,31.834545
chr3,119831736,119832170,+,7,18.115349,2.2386537,3.8153906,6.7868104,-23.978485,-4.6114407
chr3,119837650,119838137,+,9,20.559587,-0.7942742,4.58064,2.7833612,-0.122704335,0.6888231
chr3,120800864,120801357,-,-1,20.251534,-0.4164858,13.901976,-3.5104334,40.349865,15.236067
chr3,122172444,122172815,-,4,4.8912964,2.5123374,13.2659235,12.5981045,-39.171192,-24.582191
chr3,124255845,124256335,+,9,19.28901,-0.67811644,3.8172166,2.484392,5.3342395,-5.933721
chr3,126159245,126159684,+,7,16.84546,2.5238676,3.4376338,6.5753994,-20.29389,-5.627077
chr3,126165168,126165608,+,7,18.476177,2.5028934,3.4550452,6.4518785,-20.413513,-5.524776
chr3,126178162,126178357,-,5,6.8203287,1.4585452,15.636518,15.515826,-61.17168,-18.657366
chr3,128259075,128259509,-,8,17.289341,6.505805,5.3682556,6.537061,-32.960358,17.49162
chr3,131928553,131929046,-,1,21.114618,-1.4109669,-0.4904997,12.889135,64.276436,0.6307641
chr3,131934497,131934990,-,1,21.114618,-1.4109669,-0.48978657,12.881751,64.4327,0.5786788
chr3,133431589,133432076,-,10,18.889656,3.8956811,5.8232646,5.4774847,-12.800029,41.562187
chr3,134007440,134007933,+,-1,20.421011,-0.68932474,5.8081546,-0.3595999,26.274,4.3221393
chr3,134013378,134013871,+,-1,20.421011,-0.68932474,5.806285,-0.3602647,26.274,4.3221393
chr3,134752627,134753146,+,3,13.322734,4.4010844,9.96105,11.18197,-62.477997,5.996249
chr3,134901481,134901974,+,10,20.192915,2.9174583,4.710183,4.956562,-11.512282,18.896284
chr3,135057018,135057384,-,4,16.653404,-4.6139235,13.547661,10.6353,-16.442017,-27.26418
chr3,135192996,135193489,+,10,20.485815,5.4818983,5.9247746,5.0608444,-24.642862,28.769346
chr3,136443584,136443824,-,5,7.0422177,2.6196337,15.588343,15.434957,-63.105297,-20.897797
chr3,137621220,137621696,+,10,18.749945,5.1870594,6.4092517,5.2906165,-26.640781,34.93976
chr3,137874671,137875188,+,3,13.607563,5.9205217,9.901023,11.166504,-62.259014,7.7079287
chr3,139812537,139813065,-,9,23.365803,-0.7883597,4.046247,2.6460793,2.4360495,-3.6875257
chr3,140760527,140761026,-,-1,21.13667,0.3407619,6.084258,-0.056352835,29.02578,12.651891
chr3,140766436,140766931,-,-1,20.905064,0.35237175,6.0087857,-0.16545358,29.026306,12.645148
chr3,146911716,146912209,-,9,21.219343,0.68086874,4.8216124,2.975579,7.740817,6.156297
chr3,147555896,147556389,-,-1,19.435558,0.901039,-12.071567,3.6624928,0.2276023,-77.417305
chr3,147561840,147562333,-,-1,19.435558,0.901039,-12.033949,3.6953084,0.2276023,-77.417305
chr3,148618131,148618624,-,9,20.234581,0.74747753,4.1440115,2.5240712,-1.5726093,-1.8768401
chr3,148710525,148711017,-,0,20.555109,-5.336876,21.982054,-4.5629106,51.53636,-41.709064
chr3,148716468,148716960,-,0,20.555109,-5.336876,22.011782,-4.5941324,50.533314,-41.603046
chr3,149695735,149695795,-,4,2.2893183,-0.8895531,13.666806,12.391284,-36.15154,-31.696129
chr3,151886914,151887407,+,10,19.065517,5.385761,6.42614,5.1045027,-25.739237,37.098946
chr3,152535784,152536277,+,6,20.40024,0.89951193,6.0643353,0.97680736,24.159443,21.284363
chr3,152541728,152542221,+,6,20.40024,0.89951193,6.043555,0.99711424,24.160414,21.283308
chr3,153096439,153096914,-,10,17.26279,2.574371,4.5468187,5.3505564,-16.131004,14.890774
chr3,157703870,157704363,-,9,21.354578,0.87894726,3.8570867,3.3597288,7.6240783,17.95556
chr3,157726215,157726708,-,9,19.872292,0.7722961,3.995871,2.4492128,-2.4069326,-0.5119493
chr3,158871429,158871898,+,10,16.275553,1.803877,4.5644984,5.3694534,-19.613657,10.904884
chr3,158882796,158883265,+,7,16.417336,1.2602513,4.271422,6.131449,-19.817244,10.700966
chr3,159510593,159511098,-,9,21.124336,0.5537978,3.081005,2.35803,16.635605,27.485693
chr3,159593555,159593928,+,7,13.616354,1.2079208,4.26128,6.6864486,-24.007294,-12.547631
chr4,3373986,3374478,+,0,21.596428,-4.4474454,24.81394,0.71054935,-0.20987664,-37.99948
chr4,3379890,3380382,+,0,21.067043,-4.4378,24.791763,0.53738177,-6.995507,-48.325195
chr4,3847571,3848090,+,3,13.53021,5.8725076,9.811577,11.090764,-58.717476,7.5463142
chr4,8488247,8488739,-,0,21.596428,-4.4474454,24.810009,0.71601456,2.5210683,-42.568485
chr4,8494151,8494643,-,0,21.596428,-4.4474454,24.847178,0.7036268,3.9512718,-40.597347
chr4,15819709,15820135,+,8,13.614662,5.5485616,5.6754546,6.8504953,-37.308628,13.61295
chr4,16878817,16879309,+,0,21.596428,-4.4474454,24.768084,0.61946994,2.8228157,-40.98048
chr4,16884720,16885212,+,0,21.596428,-4.4474454,24.766222,0.6049574,4.057536,-39.510033
chr4,16956940,16957300,+,8,12.828513,4.777255,5.856208,7.023477,-44.229877,12.744581
chr4,18948152,18948645,+,6,19.244497,0.47458977,6.726405,0.3388834,19.228115,-5.95873
chr4,20575353,20575846,+,-1,17.466705,5.629871,5.6469,5.8697157,-23.854488,44.852306
chr4,20938801,20939306,+,9,21.634481,0.29372516,3.697325,3.0479302,21.242788,13.099323
chr4,20944757,20945262,+,9,21.634481,0.29372516,3.707223,3.0522249,21.241747,13.098596
chr4,22679210,22679703,-,9,18.967615,4.241607,3.2241538,4.416914,-2.576198,37.085144
chr4,26184196,26184700,-,9,20.840736,0.8178471,4.684812,3.425611,-5.32854,21.587864
chr4,26190184,26190688,-,9,20.926638,0.7671255,4.760615,3.3000345,-5.316451,21.580486
chr4,33628727,33629211,-,9,21.35271,1.3631103,3.9725566,3.1628313,7.4993887,16.538645
chr4,34512864,34513356,+,-1,21.310055,-4.3375425,12.984903,-0.55906034,15.028072,-43.14173
chr4,34518768,34519260,+,-1,21.310055,-4.3375425,12.987457,-0.5618332,15.028072,-43.14173
chr4,35070182,35070675,+,-1,20.507347,0.91948605,1.0544542,1.292482,32.569054,-7.6662064
chr4,35077296,35077789,+,-1,20.507347,0.91948605,1.0530683,1.2918422,32.569054,-7.6662064
chr4,35181073,35181566,-,-1,20.243965,1.1156001,2.3171604,0.4775858,28.756338,26.423376
chr4,39647471,39647963,-,-1,20.744257,-5.0952296,6.4725094,19.196226,49.199875,48.417385
chr4,39653375,39653867,-,-1,20.744257,-5.0952296,6.472379,19.196457,50.103767,47.630592
chr4,40460633,40461132,+,9,19.34342,1.1552147,3.9940448,2.7805755,-3.52665,-8.938779
chr4,40466610,40467109,+,9,19.543604,2.1079247,4.0104847,2.7778187,-3.5257668,-8.935633
chr4,41957310,41957803,-,-1,20.016964,-0.4168968,13.901825,-3.510379,39.85795,15.241776
chr4,41963281,41963774,-,-1,20.251534,-0.4164858,13.901871,-3.5105073,40.349865,15.236067
chr4,42309524,42310017,-,-1,20.016964,-0.4168968,13.901932,-3.5105228,39.85795,15.241776
chr4,42315495,42315988,-,-1,20.251534,-0.4164858,13.901558,-3.51061,40.349865,15.236067
chr4,42530520,42531013,+,-1,20.251534,-0.4164858,13.901509,-3.5107558,40.349865,15.236067
chr4,42536491,42536984,+,-1,20.016964,-0.4168968,13.900022,-3.5119026,39.85795,15.241776
chr4,42744021,42744514,+,9,18.809977,1.8693254,3.9107428,2.9761646,12.409841,21.11418
chr4,44217142,44217174,-,5,0.4799072,0.17034234,14.228687,14.155688,-45.63827,-30.346054
chr4,44867943,44868383,-,7,18.382124,2.417659,3.8654122,6.7659054,-25.447256,-2.9981713
chr4,44869385,44869508,-,4,3.3047967,-1.134523,13.709439,12.2403555,-34.56394,-32.536057
chr4,45289986,45290479,-,9,20.898947,1.1760789,3.858353,3.3779156,9.712835,19.225645
chr4,45295948,45296441,-,9,20.539822,0.9346808,3.8395474,3.4442527,9.669432,19.343348
chr4,45665140,45665639,-,-1,19.137426,-1.1749256,23.818275,16.394468,59.208298,7.7763596
chr4,45671048,45671547,-,-1,19.137426,-1.1749256,23.833485,16.402657,59.208298,7.7763596
chr4,46335210,46335729,+,3,16.349613,4.1901355,9.896487,11.155684,-61.25662,5.264153
chr4,48695973,48696492,+,3,15.501438,5.6065626,9.876158,11.127907,-61.549103,6.3941464
chr4,48743690,48744183,-,9,21.270283,0.5394612,4.1359253,3.1838877,6.0808387,19.059948
chr4,52160489,52160982,+,6,19.933704,0.27870697,6.8400626,0.29020044,19.195442,-6.0383563
chr4,52379288,52379781,-,10,18.572062,4.692109,5.8435106,5.4695697,-13.743314,39.898052
chr4,52385260,52385753,-,10,18.572062,4.692109,5.800977,5.42033,-13.743314,39.898052
chr4,53328473,53328966,-,9,21.374798,1.2154948,3.0720737,2.4147375,13.2199,27.325068
chr4,53334378,53334871,-,9,21.722752,1.3448893,3.0513458,2.44176,12.892198,26.92543
chr4,53608063,53608555,-,-1,20.984903,-4.5140314,13.086812,-0.6651033,12.530839,-45.07344
chr4,53614006,53614498,-,-1,20.984903,-4.5140314,12.988975,-0.56442106,12.530839,-45.07344
chr4,59138815,59139313,-,-1,20.787996,-5.5092773,21.531876,11.969942,51.343388,-38.076622
chr4,61876869,61877380,-,3,12.37323,4.3916483,10.00278,11.234979,-59.51774,2.5483923
chr4,63610284,63610730,+,7,18.48479,2.1722038,3.7110665,6.574537,-19.450611,-2.123584
chr4,67427293,67427777,+,10,16.934267,5.9251814,6.3844147,5.3598,-20.13816,25.1888
chr4,68111095,68111588,-,10,19.453642,6.1484,6.447638,5.4868093,-30.287941,30.729969
chr4,70457707,70457951,+,5,8.636877,3.42582,15.676302,15.57326,-59.267197,-18.005144
chr4,70472318,70472816,+,1,21.24658,-5.2359548,-3.7995775,13.997203,53.23715,-19.399391
chr4,70478267,70478765,+,1,21.07437,-5.619181,-3.8038597,14.010996,56.4017,-18.358221
chr4,71782976,71783461,-,9,18.671257,-0.3633168,4.0046053,2.6565437,-0.746129,4.4844265
chr4,71788942,71789435,-,9,19.82651,-0.24295507,4.180955,2.8075106,0.0786639,4.6608663
chr4,73723207,73723722,+,3,14.407456,5.080049,9.9738035,11.220351,-60.174603,3.4331045
chr4,73842679,73843130,+,3,10.740708,2.6171818,9.958408,11.168457,-58.229244,1.3317547
chr4,73846765,73847258,+,-1,19.501274,0.11729033,-11.989343,3.7334075,1.1796812,-79.3285
chr4,73852710,73853203,+,-1,19.501274,0.11729033,-11.989781,3.7326837,1.1796815,-79.3285
chr4,74220904,74221397,-,10,19.435774,4.404933,5.729946,5.170861,-17.577904,37.917995
chr4,74434629,74435122,+,6,20.226994,1.0898347,6.528683,0.40790763,28.79428,15.490063
chr4,74440564,74441057,+,6,20.416687,1.1400044,6.557271,0.39195952,28.794178,15.4739485
chr4,75830492,75830940,+,3,14.090926,4.7191596,9.708378,11.004216,-55.1328,7.331836
chr4,76603420,76603914,+,9,19.316713,1.8654268,4.8411975,3.495163,9.414963,9.55713
chr4,79934042,79934086,-,5,1.5769637,0.5712241,14.614763,14.809814,-51.523117,-32.62639
chr4,80227266,80227706,-,7,16.21659,0.24119426,3.922788,6.4727716,-23.080694,1.9465784
chr4,80232958,80233398,-,7,13.914832,2.6861343,3.6986673,6.3442473,-22.138288,1.4424024
chr4,80562980,80563473,-,2,18.712267,0.8034795,8.303084,-6.888129,33.727737,38.233524
chr4,80568957,80569450,-,2,19.174107,0.6297867,8.309492,-6.852806,33.744232,38.248394
chr4,81264019,81264511,-,-1,19.87565,-4.7337213,-12.797603,3.0951385,10.592852,-75.55786
chr4,83156285,83156783,-,-1,20.81227,-2.780538,12.120476,0.19845769,29.583706,-30.769735
chr4,83162267,83162765,-,-1,20.81227,-2.780538,12.135107,0.18215947,29.583706,-30.769735
chr4,83366248,83366746,-,1,21.23563,-2.792827,-0.5421781,13.0107,65.52801,-1.0420512
chr4,83372051,83372549,-,1,21.23563,-2.792827,-0.5593809,13.001566,65.52801,-1.0420512
chr4,83442806,83443298,+,6,21.204575,-4.058674,7.800404,-0.25928575,18.73452,-15.996703
chr4,83448748,83449240,+,6,21.204575,-4.058674,7.744092,-0.19476138,19.534906,-16.529873
chr4,84863118,84863558,+,7,17.47242,1.1467632,3.770176,6.681495,-25.786905,-5.2930536
chr4,85234279,85234771,-,0,21.596428,-4.4474454,24.785612,0.61082834,2.026591,-40.965054
chr4,85240223,85240715,-,0,21.108389,-4.471499,24.817614,0.5893049,16.889942,-57.073566
chr4,86640078,86640518,+,8,16.235218,7.036349,5.851515,6.861372,-37.945206,16.584522
chr4,86754867,86755359,+,-1,20.770803,-4.211671,5.31185,11.048113,11.791511,-40.92805
chr4,86760806,86761245,+,0,17.9413,-3.1232555,24.349352,0.53907245,-6.485812,-47.36717
chr4,86892644,86893137,-,-1,20.623842,0.79394484,5.910658,-0.23017982,30.550543,4.413574
chr4,86895726,86896219,-,-1,20.623842,0.79394484,5.9226375,-0.216009,30.550543,4.413574
chr4,88048255,88048774,-,3,14.883902,5.099111,9.97527,11.223539,-61.107777,4.278021
chr4,88640263,88640754,+,9,18.984596,-0.40972078,5.1975245,3.4327137,16.389374,5.2131405
chr4,90316733,90317226,-,-1,20.844046,1.8657552,4.7342486,4.3640914,11.877365,28.460882
chr4,90321470,90321963,-,9,19.679304,1.7690578,3.0508125,2.4174657,11.551063,28.713648
chr4,90392534,90393021,-,10,18.79082,5.809049,6.541092,5.28737,-29.1857,35.03223
chr4,93104042,93104535,+,-1,18.996212,0.81764185,5.7497983,-1.708024,6.6464906,51.324764
chr4,93626462,93626954,-,1,20.841482,-5.446779,-4.2766914,15.164426,61.850838,-15.283156
chr4,93631550,93632042,-,1,20.841482,-5.446779,-4.2799554,15.173089,59.988514,-15.35415
chr4,97198758,97199251,+,10,19.341053,3.0913877,6.398875,4.8901887,-16.923273,25.814865
chr4,100607453,100607945,+,-1,20.933155,-3.6266112,1.9135948,1.4429297,23.874203,-25.41724
chr4,100613362,100613854,+,-1,20.933155,-3.6266112,1.9154327,1.4434313,23.874203,-25.41724
chr4,101407668,101408160,-,-1,19.589277,-4.6238184,-12.575313,3.2885938,6.1722364,-74.52616
chr4,101413611,101414103,-,-1,19.589277,-4.6238184,-12.5677185,3.2959123,6.1722364,-74.52616
chr4,101843829,101844302,-,8,16.434267,5.74194,5.104306,6.6545935,-30.738478,9.421863
chr4,101974915,101975408,-,-1,18.893217,-0.6900427,5.7161183,-1.6775285,9.539209,52.41318
chr4,101980859,101981352,-,-1,18.893217,-0.6900427,5.70616,-1.6710327,9.539209,52.41318
chr4,105502576,105503069,+,6,19.953714,1.604158,5.062767,1.9772727,14.798695,15.397756
chr4,105742727,105743167,-,7,18.341602,2.315476,4.069784,6.533954,-27.479683,-0.12290512
chr4,105805007,105805500,+,9,20.319447,2.1057878,4.9624395,3.8312972,-8.059496,12.355011
chr4,106236821,106237314,+,2,18.611612,0.009914497,8.310948,-6.8641906,33.752186,39.682682
chr4,106240912,106241405,+,2,18.80904,0.52176607,8.362141,-6.939679,33.628735,39.83536
chr4,107506470,107506968,-,-1,21.184923,-3.2158716,4.4098306,1.5013726,33.926464,-30.170238
chr4,107512419,107512917,-,-1,21.184923,-3.2158716,4.4092674,1.5020199,33.926464,-30.170238
chr4,107645133,107645625,-,-1,19.970522,-4.5568814,-12.774339,3.1403532,11.624131,-79.48002
chr4,107648518,107649010,-,-1,19.970522,-4.5568814,-12.742843,3.1627955,11.624131,-79.48002
chr4,107697720,107698207,-,10,18.122429,5.4690056,6.3610177,4.8954062,-18.643814,24.848278
chr4,109176556,109177008,-,7,17.912268,1.8673445,3.9149582,6.723223,-27.28817,4.2101493
chr4,109348126,109348571,+,1,18.086128,-3.3361454,-0.55915797,13.394604,53.314354,-34.052795
chr4,109353983,109354428,+,1,18.086128,-3.3361454,-0.56689334,13.425466,53.314354,-34.052795
chr4,111960762,111961255,-,10,18.598158,5.991941,6.329671,5.5946593,-29.148502,30.693346
chr4,112568466,112568906,+,8,17.733482,5.621187,5.66215,6.774112,-36.696323,14.488921
chr4,112574391,112574831,+,8,17.512009,6.288927,5.7324495,6.7230124,-36.7765,14.90348
chr4,112923378,112923865,+,-1,16.77304,6.2953234,5.6635637,5.958846,-25.326334,45.898457
chr4,112929355,112929842,+,-1,16.37068,6.221377,5.648806,5.9310455,-25.476973,46.085133
chr4,113023606,113024098,+,6,20.78722,-4.160569,7.7440805,-0.18597883,17.939302,-16.916334
chr4,113029510,113030002,+,6,20.78722,-4.160569,7.800564,-0.23895602,17.934855,-16.908003
chr4,114527306,114527781,+,10,20.165623,3.592304,5.271527,5.006917,-16.738571,20.827711
chr4,116542490,116543035,+,2,23.69973,-7.2388697,8.584445,-7.942872,50.94199,36.151287
chr4,116548486,116549031,+,2,23.69973,-7.2388697,8.567713,-7.9269276,50.94199,36.151287
chr4,118491045,118491537,-,9,19.186531,-3.4450274,4.957808,2.5995483,5.2222795,-16.218485
chr4,118496982,118497474,-,9,19.186531,-3.4450274,4.942356,2.6473112,5.2222795,-16.218485
chr4,118653933,118654426,-,10,20.476297,5.0854545,6.26088,5.081633,-22.381083,28.298746
chr4,135399346,135399545,-,5,4.6957226,2.4613214,15.440345,15.221754,-54.18436,-23.660557
chr4,143470782,143471216,-,4,2.932002,0.73418933,13.269534,12.569046,-39.17489,-24.63108
chr4,143473005,143473060,-,4,1.5189514,0.1499226,13.649583,12.406525,-36.682926,-30.545229
chr4,143474704,143475144,-,-1,17.94364,-0.31561235,24.28706,16.625288,72.78836,3.9882414
chr4,143480596,143481089,-,-1,20.660479,-1.4189117,24.300398,16.62669,67.151924,7.539848
chr4,143521905,143522391,+,8,14.5875635,5.2147417,6.1522026,7.210911,-52.43962,18.090565
chr4,143546543,143547029,+,8,14.5875635,5.2147417,6.1371503,7.206888,-52.440685,18.089375
chr4,143562310,143562796,+,8,14.5875635,5.2147417,6.1637483,7.228879,-52.43962,18.090565
chr4,143605042,143605476,-,8,15.11643,5.5378923,5.7044516,6.9744263,-39.413246,14.195066
chr4,143713569,143714062,-,10,20.009577,5.5384483,6.239914,4.9679546,-20.52097,27.973825
chr4,143905983,143906417,+,8,14.288235,5.32091,5.7752795,6.866533,-39.268288,14.389417
chr4,143959571,143960057,-,8,14.799335,5.0812626,6.1479235,7.257592,-52.422916,17.999168
chr4,144006212,144006705,-,6,20.494244,0.8129445,6.02657,1.0143459,23.11952,21.069546
chr4,144012156,144012649,-,6,21.287384,0.67196614,5.8833585,1.1630205,22.770441,21.140173
chr4,144838841,144839340,+,10,20.05978,2.8857443,5.7742243,4.568168,-7.26303,43.154697
chr4,144848599,144849110,+,10,20.295284,2.4983528,5.834846,4.5511665,-7.2614107,43.157246
chr4,145610482,145610916,-,8,16.119892,6.4100585,5.703284,6.61023,-33.43912,18.598063
chr4,145864818,145865309,+,10,18.554047,4.4473133,5.889528,4.813546,-15.719969,34.966114
chr4,147246653,147247087,-,8,16.981388,6.487964,5.5390987,6.6443963,-33.663708,18.470179
chr4,147306564,147307052,+,10,19.640198,4.252404,5.831756,4.8345356,-15.659555,34.97847
chr4,147587556,147587977,+,1,14.345561,1.9000322,-0.55667275,13.364257,74.06977,0.9939403
chr4,147593428,147593849,+,1,14.472672,2.0750043,-0.5544102,13.357981,74.066864,0.9954776
chr4,147767578,147768012,+,8,16.361122,6.298751,5.6376224,6.6471,-34.25802,18.340996
chr4,152752967,152753249,-,4,13.087084,-6.287133,13.632242,11.240506,-24.149614,-33.227898
chr4,155180293,155180335,+,4,0.00012476923,0.00025069225,13.938056,13.121316,-41.831654,-30.014278
chr4,155181811,155182030,+,5,8.043004,3.8040342,15.5460615,15.44378,-57.859756,-19.866692
chr4,155911429,155911863,+,7,17.356094,4.119719,3.838677,6.3376,-28.196892,12.458345
chr4,155927301,155927735,+,7,17.158583,4.3452106,4.285297,6.56846,-29.633415,13.539732
chr5,6151657,6152150,-,9,20.07845,0.7234373,4.1005726,3.7976484,2.051572,17.35278
chr5,7525493,7525986,+,9,19.298351,1.5112089,4.9597607,3.716145,-8.841992,6.1286035
chr5,7531433,7531926,+,9,19.682552,1.5192809,5.043165,3.8296623,-8.844894,6.150925
chr5,8193564,8194052,-,10,16.722773,6.3517346,7.162429,6.287763,-40.17161,27.132849
chr5,11391429,11391909,+,10,14.695853,5.8188376,6.909674,6.431216,-48.472866,27.732073
chr5,11820479,11820959,+,10,15.181257,5.8290935,6.8941975,6.4195185,-48.48161,27.728329
chr5,11894196,11894676,+,10,14.8864,5.4786305,6.8935757,6.4688582,-48.464733,27.73787
chr5,13367044,13367484,+,8,18.242302,4.8172927,5.1516147,6.7544403,-34.32822,10.04786
chr5,13714929,13715369,-,7,18.801437,1.7586901,3.3509843,6.641454,-20.319551,-9.342442
chr5,17312849,17313282,+,7,16.391882,2.7452054,4.096335,6.6438746,-25.706606,1.4347429
chr5,17318721,17319155,+,7,16.15029,2.5758743,4.00944,6.6778684,-25.699593,1.646067
chr5,18928137,18928576,+,7,16.257675,2.373588,3.5604846,6.5121737,-16.797897,-12.407989
chr5,18934061,18934500,+,7,15.618937,2.1360655,3.4997962,6.509679,-16.798107,-12.41131
chr5,20823586,20824078,+,2,20.830158,-5.134298,5.199826,-11.958285,42.757072,-17.751842
chr5,20829528,20830020,+,2,20.830158,-5.134298,5.199709,-11.958225,42.757072,-17.751842
chr5,21453200,21453634,-,8,15.857737,5.5253854,6.124051,7.1466866,-43.506405,11.550005
chr5,22566116,22566608,+,0,21.596428,-4.4474454,24.781994,0.59670347,2.9668717,-40.331253
chr5,22572022,22572514,+,0,21.596428,-4.4474454,24.865274,0.70830095,0.8348314,-39.93203
chr5,24564404,24564890,-,10,18.625977,3.8601394,6.422813,5.076396,-24.186684,36.71709
chr5,26032030,26032522,+,10,17.42915,2.4370387,4.72395,4.860675,-15.31612,12.708427
chr5,26067658,26068151,+,9,18.227345,1.5162952,4.663262,4.013347,-15.249447,12.738677
chr5,26411332,26411801,+,10,17.526108,3.138481,4.6932683,4.9693155,-17.50513,14.712031
chr5,27985194,27985687,-,9,19.243982,-0.24160674,3.7437375,3.1866288,-1.1627985,9.821331
chr5,27990780,27991273,-,9,19.762276,0.72788507,3.539875,3.1349432,-1.1742057,9.83878
chr5,28303337,28303831,+,10,16.43809,7.261695,6.9729743,6.2777042,-38.117508,25.123024
chr5,29449712,29449920,+,5,7.1586094,3.0901997,15.615967,15.516903,-60.56653,-22.039032
chr5,32674399,32674891,-,-1,21.211357,-4.072085,5.3118196,11.04781,10.429878,-41.38114
chr5,32680303,32680795,-,-1,21.211357,-4.072085,5.3116283,11.048291,10.4294405,-41.383034
chr5,33323849,33324289,+,8,16.915188,7.1391087,5.7251005,6.7948422,-36.87189,17.513424
chr5,33560828,33561321,+,10,19.268126,2.4134016,5.287571,4.9395943,-16.47064,20.960909
chr5,33904127,33904620,-,2,20.448143,-1.0606767,8.344549,-6.9535775,37.771187,43.820248
chr5,33907135,33907633,+,-1,21.4945,-4.3183966,11.936501,1.3513155,19.598486,-27.036888
chr5,33908343,33908841,+,-1,21.4945,-4.3183966,11.930549,1.3443501,19.877878,-26.982199
chr5,33911782,33912275,-,2,20.448143,-1.0606767,8.340636,-6.9493003,37.771187,43.820248
chr5,39009968,39010455,-,10,20.42545,2.9597914,4.6047235,4.942387,-11.362654,15.445417
chr5,42438887,42438980,+,4,2.7010705,1.3951268,13.649419,12.32782,-35.14906,-29.283794
chr5,43204745,43205073,+,4,11.253423,0.68466854,13.541573,10.718711,-22.571661,-24.96929
chr5,46007795,46008076,-,4,12.5845375,-1.2037092,13.470191,10.53893,-17.423515,-22.84593
chr5,47152825,47153318,+,-1,20.660479,-1.4189117,24.240948,16.564676,66.81088,6.299598
chr5,47158769,47159262,+,-1,20.660479,-1.4189117,24.086054,16.411364,67.151924,7.539848
chr5,52723673,52724166,+,9,20.195189,0.21464513,3.8116527,3.436196,2.0554178,5.981021
chr5,55259550,55259990,-,7,17.360123,1.7576365,3.7355745,6.8414392,-27.69202,-4.253897
chr5,56286864,56287304,+,7,16.891111,1.6969929,3.479825,6.3457446,-17.498709,-0.4989063
chr5,56529412,56529899,+,10,17.65915,5.8494244,6.160066,5.533385,-26.871819,27.690918
chr5,60855036,60855535,-,6,18.822676,1.1217222,7.3418484,0.05914285,15.727009,-7.133889
chr5,62271782,62272274,-,2,20.571026,-5.3874154,8.543684,-7.84605,46.01117,33.387264
chr5,62277686,62278178,-,2,20.571026,-5.3874154,8.5448065,-7.8527093,46.00028,33.387123
chr5,62772575,62773068,-,10,20.175951,3.704352,6.1390486,5.0860925,-14.5654335,24.186499
chr5,62775355,62775853,-,10,19.998894,3.7205749,6.142701,5.144396,-14.573963,24.201458
chr5,63848222,63848714,+,-1,21.155313,-4.9578085,1.0240198,-1.8597177,42.983074,-19.75137
chr5,63854126,63854618,+,-1,21.155313,-4.9578085,1.0238467,-1.8596421,42.289616,-19.72928
chr5,64914336,64914829,-,9,21.080418,1.2019938,4.6309943,3.345437,8.302737,9.613571
chr5,65603261,65603350,-,5,2.865291,1.681018,14.866846,15.033957,-55.487057,-31.298674
chr5,67037608,67038099,+,-1,21.022951,-2.4203327,1.8314615,1.4473076,26.667225,-24.156702
chr5,67043547,67044038,+,-1,21.022951,-2.4203327,1.8294942,1.4491838,26.667263,-24.15647
chr5,67270126,67270618,-,-1,21.098875,-3.983888,11.768218,0.61146134,25.241203,-33.821213
chr5,67276069,67276561,-,-1,21.098875,-3.983888,11.768133,0.6116908,25.240759,-33.821285
chr5,68210387,68210880,-,-1,19.165495,-0.0022999372,-12.057033,3.6740146,1.8517551,-73.999664
chr5,68737756,68738195,-,-1,17.585352,1.7979907,2.665077,4.836672,20.89739,39.70018
chr5,68743607,68744092,-,-1,19.332386,0.8315047,2.6126733,3.8026824,48.45602,11.737797
chr5,69368291,69368789,-,-1,21.28536,-2.3377614,12.9963045,-0.56992126,17.021126,-46.769493
chr5,69374201,69374705,-,-1,21.518248,-2.5101638,12.999216,-0.572916,16.958454,-46.598766
chr5,69771811,69772303,+,-1,18.780699,-4.6288376,-12.597639,3.2756548,13.642096,-73.14133
chr5,69777754,69778246,+,-1,18.780699,-4.6288376,-12.639209,3.2388403,13.642096,-73.14133
chr5,70542294,70542786,-,0,20.913876,-4.768724,24.487335,-0.27299538,-7.0147514,-35.617886
chr5,70548237,70548729,-,0,21.196487,-4.4987693,24.46033,0.23066905,-7.2382903,-37.97036
chr5,70558033,70558526,+,9,18.968302,0.2504303,4.0384693,3.7507594,1.1158572,7.453302
chr5,76098854,76099348,-,9,19.886293,-0.22872503,4.1249557,3.14344,6.286305,19.748104
chr5,78090542,78091035,-,-1,19.892078,-3.8580966,8.589707,24.023018,55.18707,41.18038
chr5,78140968,78141461,+,9,20.226385,3.0321274,3.1487532,2.2555313,16.066767,32.82284
chr5,78146944,78147437,+,9,20.226385,3.0321274,3.1805713,2.2896056,16.066767,32.82284
chr5,78330741,78331233,-,-1,19.87565,-4.7337213,-12.7679,3.0923307,9.120553,-76.297295
chr5,82746096,82746583,+,9,19.14155,0.031692717,3.9897714,3.735283,0.66766036,7.2289605
chr5,86187943,86188154,-,4,8.207967,1.7964901,13.5516205,11.594071,-29.6076,-29.402561
chr5,90048344,90048837,-,9,20.210917,0.7269531,4.085611,2.6429954,0.69626796,1.9740732
chr5,91924822,91925326,+,1,20.2522,0.068747155,-0.5036642,12.894026,59.830692,11.889454
chr5,91930607,91931111,+,1,20.2522,0.068747155,-0.5036323,12.893703,59.8318,11.88962
chr5,94347912,94348410,-,-1,20.028913,-3.2324834,4.409902,1.4920657,35.095753,-31.455065
chr5,94371095,94371588,+,9,19.895845,0.3184927,4.918254,2.6527386,4.568445,-13.600324
chr5,94377033,94377526,+,9,20.413286,-0.5865883,4.914941,2.6542306,4.570262,-13.633248
chr5,94847058,94847551,+,9,18.791517,1.3664109,4.9971156,2.9719844,13.792018,2.0369039
chr5,94853035,94853528,+,9,18.791517,1.3664109,5.0029106,2.9554472,13.792018,2.0369039
chr5,95170189,95170682,+,9,19.264156,1.5739185,5.00627,2.9352896,13.776505,2.1192198
chr5,95176166,95176342,+,4,5.9942317,-2.1430812,13.710376,11.874348,-31.246649,-32.929623
chr5,96605911,96606397,-,10,19.299374,6.4048624,6.4060593,5.66342,-30.64772,30.423029
chr5,97615467,97615960,+,9,20.112543,3.0104523,4.47291,3.5144854,-3.3867028,11.198757
chr5,98074194,98074693,+,9,20.48984,1.9722717,4.3629847,3.1031833,0.4844064,2.155518
chr5,101976272,101976328,+,5,1.4744904,0.41388825,14.437778,14.6395035,-49.832516,-34.524796
chr5,101977076,101977499,-,4,18.40886,-2.7321687,13.440531,10.473133,-14.232622,-24.549318
chr5,103630594,103631086,-,1,20.365465,-5.515695,-4.2384233,15.201299,62.577854,-19.021881
chr5,103636499,103636991,-,1,20.365465,-5.515695,-4.2692423,15.105263,62.577576,-19.022064
chr5,106151565,106152064,+,9,19.79345,0.9574389,3.0922396,2.1576152,17.66219,29.10541
chr5,108663402,108663827,+,4,16.575186,-0.35387835,13.468185,10.512857,-13.941473,-23.855726
chr5,109064592,109065085,+,10,21.116451,3.9352634,5.746628,4.7373347,-14.547953,35.35707
chr5,109070568,109071061,+,10,21.116451,3.9352634,5.768762,4.7535324,-14.547953,35.35707
chr5,109549248,109549681,+,8,16.247185,6.440805,5.8700256,6.79042,-38.19925,15.974979
chr5,110737918,110737946,+,5,0.9133185,0.2762809,14.398495,14.590487,-48.506565,-32.18014
chr5,112187014,112187512,-,-1,20.787996,-5.5092773,21.537489,11.976087,51.343388,-38.076622
chr5,112192963,112193461,-,-1,20.787996,-5.5092773,21.536106,11.974644,51.343388,-38.076622
chr5,113383852,113384342,-,-1,20.659872,-2.0453875,12.979425,-0.55456483,17.816965,-41.797665
chr5,113389793,113390286,-,-1,20.802465,-2.0073404,12.944966,-0.5217328,17.81702,-41.79709
chr5,115556750,115556901,+,4,3.8164124,2.1664562,13.6417885,12.2773075,-33.492645,-28.791185
chr5,115557047,115557494,+,3,12.290259,2.4960968,10.041445,11.286667,-58.765812,-1.184565
chr5,116147049,116147541,-,2,19.846596,-5.1581383,8.549562,-7.963139,47.938023,31.130093
chr5,116152992,116153484,-,2,19.846596,-5.1581383,8.567212,-7.9476705,47.938023,31.130093
chr5,117027946,117028439,+,9,19.607656,0.462077,3.8367271,3.1465306,3.9796557,6.094055
chr5,121201301,121201425,+,4,5.5314584,0.09291085,13.904011,13.142973,-43.89093,-24.494797
chr5,121583025,121583523,+,-1,20.843601,-4.275913,12.383339,-0.060398355,16.125582,-37.582203
chr5,121676239,121676676,-,8,18.064285,5.0371847,4.807401,6.5990405,-29.010672,5.4618025
chr5,122383277,122383788,-,6,20.26777,0.3166789,7.433193,0.009092865,13.885171,-8.751478
chr5,122389240,122389751,-,6,20.26777,0.3166789,7.4575157,-0.014304049,13.885171,-8.751478
chr5,123207724,123208222,-,6,21.157291,-3.669274,7.1480017,0.19871292,23.529762,-19.937223
chr5,123213673,123214171,-,6,21.157291,-3.669274,7.1124496,0.22025941,23.529762,-19.937223
chr5,123547624,123548117,+,9,20.4331,0.33180508,3.1936526,4.057802,4.6304364,32.25617
chr5,123553532,123554025,+,9,20.796038,0.7627107,3.174977,4.0960298,4.6423254,32.29354
chr5,126453356,126453849,+,9,20.23491,0.87196624,3.9321742,3.2772188,10.403643,17.762947
chr5,126819440,126819939,+,2,20.469555,-2.9374318,8.426918,-7.1220098,45.032024,45.2135
chr5,126825351,126825850,+,2,20.469555,-2.9374318,8.413456,-7.094105,45.032192,45.213745
chr5,127537959,127538458,+,-1,19.983376,2.1884885,2.4329221,0.65628713,23.542473,27.45991
chr5,127541325,127541824,+,-1,19.983376,2.1884885,2.4652793,0.7092267,23.542473,27.45991
chr5,132175145,132175643,+,-1,21.271654,-2.994388,11.927326,1.3404078,19.04714,-28.305027
chr5,132181099,132181597,+,-1,21.271654,-2.994388,11.928604,1.3424677,18.832674,-28.139631
chr5,136730349,136730854,-,9,21.180185,1.054294,3.3544557,3.89344,2.7803109,34.787113
chr5,136736305,136736757,-,9,17.93741,2.1916845,3.3379927,3.9633384,-16.182848,3.1016393
chr5,137721893,137722008,-,5,4.184611,1.1212429,15.40202,15.177425,-51.475185,-21.388775
chr5,138067511,138067951,+,7,18.433825,1.2705765,3.3716874,6.6294723,-20.621489,-8.380154
chr5,138073435,138073875,+,7,18.432558,1.2668977,3.3623545,6.649009,-20.621365,-8.374655
chr5,139487557,139488049,+,6,20.853773,-4.1569,7.8584757,-0.25337264,20.12452,-19.239668
chr5,140558406,140558898,-,-1,18.19584,0.5281434,23.803698,16.387407,59.362183,9.491527
chr5,140561518,140562010,-,-1,18.19584,0.5281434,23.801634,16.386652,59.3624,9.491408
chr5,140860889,140861382,+,-1,17.938707,-0.28946456,-11.91682,3.791526,-0.8247019,-75.315796
chr5,140866792,140867285,+,-1,17.938707,-0.28946456,-11.914272,3.79091,-0.8247019,-75.315796
chr5,141073148,141073640,-,-1,21.155313,-4.9578085,1.0236506,-1.8595737,42.289616,-19.72928
chr5,141834411,141834848,+,9,17.765617,0.36768824,4.740772,2.8767629,-5.5308743,4.191602
chr5,143185685,143186193,+,3,13.374554,3.6455758,10.001046,11.248612,-60.713577,3.1833496
chr5,143190424,143190946,+,3,12.7077675,5.0892863,9.999604,11.245639,-59.857613,3.5099142
chr5,143349071,143349565,+,10,19.11711,7.2982287,7.194392,6.28654,-40.131546,28.685873
chr5,144654982,144655475,+,-1,19.795906,2.6286132,5.5387664,4.1162176,-8.355983,34.165928
chr5,145539420,145539912,+,2,21.194803,-4.7934217,8.530186,-7.9627604,48.07854,33.825
chr5,145545359,145545851,+,2,21.194803,-4.7934217,8.574862,-7.9591784,47.85026,33.244827
chr5,146153158,146153657,+,-1,20.443487,-1.9574733,2.7359233,3.3452804,42.255272,10.29154
chr5,146741733,146742226,+,6,19.93986,0.08619082,6.184165,0.82727,26.673773,19.37563
chr5,146747677,146748164,+,9,19.720901,0.27872103,3.7395227,3.0012643,20.308907,14.826702
chr5,149326781,149327155,-,4,16.332386,-1.914496,13.490749,10.560281,-18.608908,-25.750805
chr5,151463535,151463975,+,7,18.013315,1.2917114,3.7410898,6.7931314,-25.815817,-6.639015
chr5,151469444,151469884,+,7,18.202225,1.3657196,3.7608135,6.8191447,-25.823524,-6.6616683
chr5,151679590,151680082,+,0,21.596428,-4.4474454,24.82942,0.60486,0.91584474,-37.942432
chr5,151685494,151685986,+,0,21.596428,-4.4474454,24.962858,0.78278315,1.2675155,-38.657528
chr6,3051175,3051446,-,5,9.055947,3.914081,15.504979,15.355366,-55.685356,-18.363981
chr6,5661029,5661522,-,6,18.531982,0.35628387,7.362038,0.04611234,17.323456,-8.029755
chr6,7581230,7581342,+,5,3.2594614,1.7974105,15.432556,15.219392,-50.93856,-22.226345
chr6,7780988,7781480,-,0,21.596428,-4.4474454,24.83366,0.5982232,1.5347732,-42.446068
chr6,9859194,9859687,-,9,18.75661,1.4633185,5.083365,2.9128542,14.804812,3.9191837
chr6,10195582,10196010,-,3,11.77696,2.3022103,9.939235,11.152193,-56.70984,1.5263195
chr6,11120426,11120912,-,-1,20.30805,-3.8876128,2.9124908,7.570493,14.8935585,-21.945694
chr6,11126324,11126757,-,-1,18.355976,-2.0930438,3.2478917,7.167065,-2.4783301,-23.468138
chr6,11760906,11761405,+,-1,19.127264,-2.7074487,23.807333,16.389221,58.441654,3.7565093
chr6,17035557,17036049,-,-1,19.269901,-4.544273,-12.528879,3.3410006,13.445084,-72.78148
chr6,17041461,17041953,-,-1,19.747593,-4.366399,-12.522968,3.3423014,12.957077,-72.6549
chr6,19971325,19971826,-,3,12.702036,5.328793,9.77311,11.0554285,-59.37108,7.742824
chr6,26695830,26696323,+,-1,19.567345,-0.42575178,24.183483,16.518282,69.64875,5.391614
chr6,26953656,26954096,-,7,18.868502,2.3246722,3.5304418,6.2984285,-15.8549185,-0.6886745
chr6,30863960,30864452,+,-1,21.438915,-2.8550348,1.8049507,1.4340895,26.524418,-23.409668
chr6,36082328,36082375,-,4,0.05053517,0.024866052,13.855728,13.068884,-43.381363,-29.80655
chr6,37973755,37974253,+,2,20.693161,-5.0283794,8.503867,-7.620052,46.478706,36.980682
chr6,37979665,37980163,+,2,20.693161,-5.0283794,8.505154,-7.6309757,46.479015,36.981785
chr6,42009534,42010027,+,-1,20.17125,-0.45825276,5.772864,-0.40055966,27.07036,3.7221072
chr6,42015472,42015965,+,-1,20.605871,-0.5286852,5.837734,-0.32241073,27.312763,4.1526556
chr6,42844269,42844762,-,2,19.128595,-1.5362762,8.256478,-6.836559,35.129284,39.514637
chr6,43042839,43043273,+,8,17.40989,5.943838,5.6062183,6.7864385,-35.547913,17.20041
chr6,44106669,44107162,+,9,18.896145,1.53754,3.3858838,2.9589772,11.058662,-7.0812736
chr6,44112646,44113139,+,9,19.292374,0.88506263,3.359245,2.9446077,11.063672,-7.0805116
chr6,44702662,44703155,-,9,21.96397,1.0961492,4.012806,2.6660044,1.5607985,1.0065057
chr6,47782690,47783183,+,6,20.586477,0.7735542,5.1042075,1.9420079,14.190333,16.735264
chr6,49444381,49444868,-,9,18.505983,1.6509526,3.8839688,2.6712546,-2.0120318,-7.3573008
chr6,50623956,50624444,+,10,17.52511,3.8210132,7.1618257,6.4000773,-44.189037,31.531157
chr6,51625855,51626342,-,10,18.90069,2.627599,5.215124,4.948784,-20.12595,19.465786
chr6,53786514,53787006,-,0,21.596428,-4.4474454,24.955435,0.45695883,2.167843,-40.302525
chr6,53792418,53792910,-,0,21.596428,-4.4474454,24.84765,0.5428432,2.612386,-39.730896
chr6,55267758,55268250,-,1,20.841482,-5.446779,-4.3219786,15.132975,61.850838,-15.283156
chr6,55272300,55272792,-,1,20.841482,-5.446779,-4.301296,15.151208,59.988514,-15.35415
chr6,55653532,55654025,-,-1,18.615541,0.35626787,-12.032669,3.6938336,2.4873362,-75.35552
chr6,55659477,55659970,-,-1,18.615541,0.35626787,-12.049509,3.6778402,2.4873362,-75.35552
chr6,57299421,57299909,-,10,18.861015,7.3690147,7.2089114,6.248499,-39.59448,28.718435
chr6,59782335,59782826,+,-1,20.349981,-5.2706156,6.4760504,19.19326,49.045155,46.237
chr6,59788238,59788729,+,-1,20.349981,-5.2706156,6.474268,19.195036,49.045155,46.237
chr6,59875587,59876080,-,9,20.51505,0.8932355,4.19475,2.8359387,0.08698567,4.692777
chr6,59893169,59893687,+,3,8.172549,2.605316,9.962827,11.180072,-60.482666,-0.99880993
chr6,60059764,60060257,+,9,20.720158,2.3062537,4.857934,4.1997967,-14.769204,16.66557
chr6,60162631,60163118,+,10,16.587486,6.8153424,6.6096897,5.6394644,-31.924816,36.02842
chr6,60591504,60591717,+,5,7.476221,3.0752423,15.596121,15.485458,-62.724953,-19.844572
chr6,61255477,61255970,+,9,21.121494,0.73074865,4.2046165,2.7933939,-1.9361376,6.698598
chr6,61257014,61257239,-,4,9.544266,-3.862028,13.711533,11.154278,-24.52821,-34.865856
chr6,61257559,61257626,-,5,2.1259408,0.6480033,14.680209,14.867889,-53.236954,-32.902657
chr6,61284192,61284632,-,7,18.295547,1.8479474,3.3949523,6.239228,-17.352451,-3.4151042
chr6,61778748,61779293,+,-1,22.128016,-6.6556873,-12.722307,3.1527095,14.633419,-76.70137
chr6,61784741,61785286,+,-1,22.22364,-6.9076986,-12.69779,3.1455755,14.64118,-76.6823
chr6,64041364,64041857,-,9,20.257942,2.0040982,4.338249,3.088437,1.3239737,22.164143
chr6,64924001,64924499,+,-1,21.327242,-4.1943283,11.926792,1.3383508,19.470985,-26.36444
chr6,64929911,64930409,+,-1,21.327242,-4.1943283,11.92699,1.3382486,19.470985,-26.36444
chr6,65512593,65512979,+,4,5.784002,3.3730137,13.241368,12.561564,-38.581306,-23.659441
chr6,67239554,67240047,-,9,19.283255,0.40138698,5.333002,3.4024389,19.091568,3.2322783
chr6,68136461,68136960,-,2,20.666948,-0.9541071,8.311853,-6.9170856,37.887733,41.25145
chr6,68142408,68142907,-,2,20.666948,-0.9541071,8.3111925,-6.921363,37.88775,41.25147
chr6,68611017,68611516,+,-1,18.465355,-1.3516351,-11.970921,3.7498562,1.6183926,-81.0335
chr6,68616958,68617457,+,-1,18.465355,-1.3516351,-11.973493,3.747923,1.6183926,-81.0335
chr6,69065288,69065728,+,8,16.668945,6.190616,5.58882,6.683202,-33.69662,17.055117
chr6,69089997,69090496,-,-1,19.898619,-0.20833755,2.6570191,3.5904493,44.517494,7.158763
chr6,69095941,69096440,-,-1,20.785124,0.17873989,2.6928174,3.546302,44.399338,7.1462436
chr6,70783945,70784189,-,4,9.442217,3.6868107,13.56719,11.69515,-28.95922,-28.421553
chr6,73737237,73737730,-,9,19.207378,1.6291883,4.0395675,3.7963862,22.504858,33.09871
chr6,73743210,73743703,-,9,19.207378,1.6291883,4.0161643,3.8047345,22.50486,33.098804
chr6,74510159,74510206,-,5,1.2654885,0.44705296,14.520613,14.7233515,-50.64715,-32.160637
chr6,77700451,77700944,+,9,21.960764,0.8783964,4.142305,3.151185,6.665553,18.765955
chr6,77706429,77706922,+,9,21.960764,0.8783964,4.1663847,3.0885544,6.665553,18.765955
chr6,81240216,81240650,+,-1,14.899641,6.1943913,6.610363,6.659074,-42.38085,17.055407
chr6,84676371,84676563,-,5,6.746596,1.385948,15.6291275,15.524071,-61.123463,-18.537758
chr6,85670569,85671061,-,-1,19.864782,-3.9110188,0.8811958,25.17512,32.418686,-17.136812
chr6,85675172,85675664,-,-1,19.864782,-3.9110188,0.8813659,25.17523,32.41867,-17.13681
chr6,85870944,85871442,-,-1,20.787996,-5.5092773,21.559437,11.997334,51.343388,-38.076622
chr6,85876893,85877391,-,-1,20.787996,-5.5092773,21.576103,12.0139265,51.343388,-38.076622
chr6,85941531,85942012,+,9,19.43324,0.04146254,3.8478096,2.6015732,-2.7921855,-0.08942089
chr6,86491620,86492062,-,6,19.201273,-4.5193334,7.7779903,-0.20978485,16.065329,-15.520911
chr6,87194992,87195491,-,2,21.089182,-1.2664951,8.426754,-7.0661473,42.305954,44.605064
chr6,87200903,87201402,-,2,21.089182,-1.2664951,8.429308,-7.066054,42.305843,44.605034
chr6,87971078,87971570,+,-1,21.469624,-3.8243213,0.9010266,25.154636,29.38211,-19.660383
chr6,87977021,87977513,+,-1,21.469624,-3.8243213,0.88182783,25.17328,29.352814,-19.10554
chr6,89202695,89202891,-,5,5.6478677,1.6545337,15.601433,15.47878,-56.800983,-24.903502
chr6,91341961,91342401,+,7,18.35279,1.6712916,3.4810348,6.4188843,-20.712936,-2.0250266
chr6,91639975,91640468,-,10,20.012745,3.876937,5.358855,5.083662,-24.388767,23.387732
chr6,91865344,91865429,+,4,0.00091248046,0.0057532745,13.897225,13.12554,-42.687607,-29.12537
chr6,94342180,94342667,+,10,19.76803,5.638257,6.0932965,5.4521155,-27.94183,25.528893
chr6,95046099,95046592,+,9,20.639008,1.7216955,3.1285026,2.7822974,-1.5871093,13.707746
chr6,101116248,101116747,-,9,21.045275,-0.12593529,4.0729356,2.5564587,-0.6351267,-1.1358672
chr6,106209958,106210398,-,8,16.52825,6.4555645,5.791726,6.838423,-38.373898,17.04192
chr6,110229924,110230364,-,7,18.099747,1.0026945,3.764167,6.7109647,-25.269775,-5.3500757
chr6,116061463,116061523,+,5,1.672016,0.2687275,14.377198,14.5413,-49.03754,-30.558231
chr6,116685155,116685649,+,6,19.683006,0.6459937,7.456067,-0.0146804275,15.566879,-9.560812
chr6,116691078,116691572,+,6,20.076544,0.71149737,7.432542,0.0013482478,15.622598,-8.861729
chr6,117221659,117222177,+,3,15.453496,6.2215495,9.749338,11.028399,-60.52445,5.719968
chr6,117634792,117635284,-,-1,20.744257,-5.0952296,6.470493,19.198257,49.199875,48.417385
chr6,117640696,117641188,-,-1,20.744257,-5.0952296,6.4701037,19.197775,50.294743,48.514072
chr6,118488924,118489416,+,0,21.596428,-4.4474454,24.850643,0.60819423,1.4954207,-39.215034
chr6,118494828,118495320,+,0,21.596428,-4.4474454,24.843443,0.59648144,-0.6276655,-37.153507
chr6,122196585,122197077,-,6,21.204575,-4.058674,7.7543836,-0.20136179,18.974518,-16.608501
chr6,124331708,124332200,-,-1,21.412712,-3.814605,1.8519922,1.4576076,22.503193,-21.906622
chr6,124337651,124338143,-,-1,21.412712,-3.814605,1.8817161,1.487812,22.215235,-21.823849
chr6,127099997,127100490,+,-1,20.238222,-1.3780544,24.324316,16.650324,69.82809,8.596027
chr6,127588605,127589097,+,9,20.659143,-0.97345847,3.7224712,2.52145,4.181534,-2.0089884
chr6,130321402,130321895,+,-1,19.926027,-0.59943837,2.3145838,0.4754534,30.209818,24.991207
chr6,131358292,131358732,+,8,15.606115,5.41098,5.4441786,6.789803,-37.205143,7.419388
chr6,131448493,131448985,+,2,21.030626,-5.205132,8.554239,-7.921075,46.225098,34.39418
chr6,136505865,136506353,+,10,16.33331,6.232658,7.192322,6.2717075,-41.49723,26.7666
chr6,138062988,138063428,+,8,14.188058,6.0566707,5.6453543,6.914761,-40.899017,7.593123
chr6,138068909,138069349,+,8,15.062897,6.249991,5.60728,6.9004655,-40.87568,7.61929
chr6,140753193,140753627,+,8,15.366484,6.294928,5.8168244,6.8463235,-41.543617,18.441454
chr6,145541536,145541981,-,7,17.28008,2.1503456,3.6113703,6.6984262,-25.366934,-3.1974444
chr6,147711037,147711529,-,-1,19.589277,-4.6238184,-12.581774,3.2837868,6.1722364,-74.52616
chr6,147716980,147717472,-,-1,19.589277,-4.6238184,-12.596491,3.2711976,6.1722364,-74.52616
chr6,147833023,147833516,+,9,20.358387,0.52138263,4.009953,2.7569735,-1.4578631,4.8476515
chr6,148645620,148646182,+,3,12.718374,4.005235,10.024682,11.268909,-63.985626,1.5093313
chr6,149225416,149225909,-,9,20.913157,1.7916548,3.078989,2.6452966,11.128955,25.96322
chr6,149231387,149231880,-,9,20.913157,1.7916548,3.0579474,2.519072,11.128955,25.96322
chr7,3092195,3092688,+,10,19.773212,3.2869565,5.713827,4.568821,-11.807162,35.586857
chr7,3771142,3771472,+,5,11.82766,2.441017,15.656742,15.538834,-56.367622,-16.379488
chr7,3772918,3773034,-,4,4.791055,-0.8219472,13.687784,12.206864,-32.82613,-32.285698
chr7,3870263,3870703,-,7,17.157328,1.6870433,3.6247017,6.2852364,-14.760608,-1.6085775
chr7,3916511,3916601,-,4,2.637434,1.7876972,13.603297,12.292125,-34.795887,-28.76351
chr7,3917264,3917746,-,10,17.842474,6.01653,7.1354756,6.1894627,-40.971798,28.782423
chr7,5221671,5222163,+,0,21.275543,-4.573531,24.490149,-0.29672107,-6.356206,-33.93266
chr7,5226759,5227251,+,0,21.275543,-4.573531,24.490206,-0.29669896,-6.356206,-33.93266
chr7,5696853,5697389,-,9,20.45073,2.6006749,3.2434728,2.8845417,-1.8570082,11.789472
chr7,9250536,9251028,-,1,20.363806,-5.6414685,-4.299691,15.247763,58.574684,-16.54385
chr7,9256049,9256541,-,1,20.36313,-5.615458,-4.268868,15.140498,61.798637,-13.311745
chr7,10157259,10157746,+,10,17.27875,5.5053453,6.174675,5.824101,-31.33016,26.866043
chr7,10824796,10825294,+,-1,20.787996,-5.5092773,21.572552,12.010362,50.97676,-39.202534
chr7,10830706,10831204,+,-1,20.787996,-5.5092773,21.611542,12.049574,50.356506,-38.69701
chr7,10897477,10897965,-,10,18.631884,6.1750402,7.186872,6.200652,-38.183716,30.636513
chr7,11021485,11021984,+,9,20.13917,0.40862897,3.0870826,2.3486302,17.307316,27.741352
chr7,11027464,11027963,+,9,20.600922,0.3987001,3.0613828,2.3170526,17.264322,27.693687
chr7,11169945,11170439,+,6,19.59126,0.67932427,7.466271,-0.02206694,15.850973,-9.085804
chr7,11175890,11176384,+,6,19.597874,0.5478406,7.465138,-0.019722309,15.467521,-8.72773
chr7,11303104,11303592,-,10,19.112383,6.3531237,7.1045976,6.259551,-38.195507,30.664576
chr7,12825617,12826110,+,10,20.668617,4.0054407,6.1924324,5.2014146,-14.300126,24.120337
chr7,13186590,13187082,-,6,20.978521,-2.2626333,7.545683,-0.057267006,17.507921,-13.870079
chr7,13192494,13192986,-,6,20.978521,-2.2626333,7.5810647,-0.08686361,17.507753,-13.869782
chr7,13251981,13252510,+,-1,21.708971,-0.7422169,5.8868446,-0.2690645,27.859972,1.4330647
chr7,13257994,13258523,+,-1,21.708971,-0.7422169,5.870593,-0.28210327,27.859972,1.4330647
chr7,13686091,13686521,+,-1,17.224045,4.5234003,4.5342884,6.1364264,-25.234232,11.261134
chr7,14394461,14394931,-,10,14.6216955,5.1385274,6.9076853,6.493738,-46.08494,29.804817
chr7,14967461,14967961,-,2,19.44238,2.7586162,8.266098,-6.691985,-11.025162,20.731647
chr7,15670361,15670440,-,5,2.058013,1.7147621,14.730044,14.916427,-53.499367,-31.751328
chr7,15670544,15670978,-,8,12.649362,4.3889713,6.225774,7.114343,-46.038445,18.877031
chr7,15806105,15806540,-,7,16.506605,3.129661,3.8842504,6.5325084,-23.481632,3.3903072
chr7,15811994,15812429,-,7,17.25011,3.3955805,3.8320427,6.5440726,-23.474152,3.4596834
chr7,17640605,17641098,-,-1,19.973475,-0.5280324,5.771009,-0.3982398,29.433716,6.6944656
chr7,17646549,17647042,-,-1,19.973475,-0.5280324,5.7608085,-0.4110144,29.433716,6.6944656
chr7,18763661,18764153,-,0,21.16181,-4.3770137,23.649403,1.3035411,-7.4463615,-44.43765
chr7,18769565,18770057,-,0,21.596428,-4.4474454,24.826134,0.5726088,2.4793496,-41.719826
chr7,18869467,18869916,+,6,19.498713,-2.6160104,7.7094145,-0.17150109,16.089071,-15.002548
chr7,18871013,18871505,+,6,20.978521,-2.2626333,7.659952,-0.1488036,17.507921,-13.870079
chr7,19897092,19897527,+,7,17.836903,2.4291198,3.3180616,6.677571,-21.09985,-6.638447
chr7,19903011,19903446,+,7,17.933477,2.241205,3.3768673,6.6373596,-21.094746,-6.679796
chr7,20307646,20308139,-,9,18.67405,1.5800362,3.1142902,2.7927566,-4.485806,16.666029
chr7,20322399,20322892,-,9,19.27478,0.9779863,3.1586065,2.8487794,-3.1845355,15.755936
chr7,20985956,20986449,-,9,18.299786,1.5386522,3.1093915,2.8020217,-4.410449,16.592936
chr7,21000787,21001280,-,9,19.989418,1.207636,3.0437868,2.7338488,-3.1244102,15.855935
chr7,21244734,21245227,-,9,19.397764,1.7623663,3.0809793,2.8391929,-3.0028055,16.831427
chr7,21250711,21251204,-,9,19.110518,1.5830253,3.044171,2.8681393,-3.32982,16.835009
chr7,22303298,22303791,-,9,18.67405,1.5800362,3.0546138,2.7810974,-4.485806,16.666029
chr7,22318051,22318544,-,9,19.27478,0.9779863,3.0957074,2.7813146,-3.184454,15.75604
chr7,23638238,23638723,-,9,19.011086,1.9803902,3.1828861,4.095387,-0.057969887,30.244791
chr7,25495707,25496200,-,9,19.743229,1.8731173,3.2080884,2.8400185,-0.9524575,12.599298
chr7,25501650,25502143,-,6,20.12371,0.6926386,7.1074743,0.16136613,18.855597,-7.7316318
chr7,25542337,25542830,+,1,19.375652,-1.4908385,-0.51197773,13.012711,67.81168,2.2389493
chr7,25548242,25548735,+,1,19.819637,-1.4865115,-0.51163816,13.00808,67.75839,2.2022476
chr7,25820268,25820702,+,7,15.635473,4.9320273,4.2516007,6.293404,-23.819782,7.7269044
chr7,26651996,26652489,+,2,19.557774,-1.3043337,8.17915,-6.766304,37.014263,39.080585
chr7,26657901,26658394,+,2,19.557774,-1.3043337,8.149037,-6.733199,37.014263,39.080585
chr7,26922822,26923317,-,9,20.311115,0.4620048,3.0400927,2.3506856,14.826557,29.040268
chr7,26928790,26929285,-,9,19.356867,0.30757907,3.0451028,2.3857787,14.337026,28.87165
chr7,29661770,29662263,-,2,20.26842,-5.21314,8.585913,-7.8336115,45.78695,32.622974
chr7,29667705,29668198,-,2,20.26842,-5.21314,8.552659,-7.8399053,45.78695,32.622974
chr7,31955228,31955661,+,7,16.512352,1.8065894,3.8519428,6.8372216,-30.359745,-5.2421722
chr7,31957628,31958061,+,7,16.929552,2.4883106,3.9369645,6.891116,-30.110916,-5.1087008
chr7,32687649,32688082,+,7,16.411694,3.168271,3.956377,6.8711,-31.011047,-5.439043
chr7,32690049,32690482,+,7,16.766901,2.3822496,3.8617861,6.826469,-30.109905,-5.135082
chr7,32914545,32914978,+,7,16.411694,3.168271,3.9143724,6.884457,-31.011047,-5.439043
chr7,32916945,32917378,+,7,16.766901,2.3822496,3.8846529,6.839709,-30.109962,-5.135189
chr7,33974919,33975412,+,-1,20.557749,-0.6928971,5.7756867,-0.39454573,27.919403,6.611459
chr7,34524519,34525011,-,1,20.841482,-5.446779,-4.2795463,15.173437,61.334778,-16.692116
chr7,34530462,34530954,-,1,20.841482,-5.446779,-4.327732,15.126455,59.753883,-16.320036
chr7,38467881,38468370,+,10,19.68089,4.0735545,6.0944247,5.1127605,-26.45243,24.78569
chr7,38742946,38743434,+,10,18.661848,3.7509334,6.1227756,4.966058,-24.399357,20.412663
chr7,38881871,38882359,+,-1,16.756363,3.8114457,5.4990854,6.2717576,-25.455372,20.155039
chr7,38978476,38978922,+,-1,18.34511,4.599976,4.6984468,6.5977545,-28.365599,9.125891
chr7,39117770,39118260,+,10,18.60412,3.3755348,6.1088266,4.9294868,-23.763014,20.564508
chr7,39237058,39237546,+,8,17.551643,3.9108903,5.3736796,6.410142,-25.632732,20.167112
chr7,39333705,39334151,+,7,17.984413,4.945624,4.7180915,6.565899,-28.240828,8.957155
chr7,39390315,39390805,+,10,18.60412,3.3755348,6.159031,4.9449,-23.763014,20.564508
chr7,42853162,42853654,+,10,19.548258,3.4110568,5.9746027,4.791273,-17.576208,34.605675
chr7,43179768,43180261,-,9,20.088146,0.44703954,4.400078,2.6404114,-2.2983234,-3.6896086
chr7,44021577,44022017,+,7,18.687445,2.2463427,3.9104266,6.8692484,-26.904139,-3.5330293
chr7,44027501,44027941,+,7,18.689327,2.199823,3.7595763,6.9300127,-26.882687,-3.56176
chr7,44156019,44156511,+,1,20.841482,-5.446779,-4.365936,15.080829,59.988514,-15.35415
chr7,44161962,44162454,+,1,20.841482,-5.446779,-4.299583,15.149184,59.988514,-15.35415
chr7,48541752,48542243,-,1,20.425514,-5.012077,-4.181674,15.298362,64.81041,-13.549456
chr7,48547638,48548129,-,1,20.271587,-4.977562,-4.0461287,14.486504,58.25318,-21.059181
chr7,52138560,52139053,-,9,21.722752,1.3448893,3.0272884,2.4413695,12.892109,26.925356
chr7,52144465,52144958,-,9,21.722752,1.3448893,3.0470028,2.4624739,12.891861,26.925636
chr7,56946680,56947168,-,10,19.272272,6.4973407,7.1603036,6.286192,-38.4203,27.813469
chr7,57355522,57356015,+,10,19.318203,4.914287,6.1416163,4.903072,-18.308754,33.489983
chr7,58160996,58161489,-,9,20.3826,1.8261623,3.0162258,2.4538686,14.329221,27.14068
chr7,58166978,58167471,-,9,20.412786,0.8800776,3.0665162,2.3778691,14.56472,27.057695
chr7,58751735,58751916,+,5,4.6362085,1.6473277,15.475234,15.367004,-60.093456,-25.758997
chr7,59670020,59670507,+,10,15.852354,5.3975744,7.1058497,6.219577,-42.229237,34.869064
chr7,61804576,61805095,+,3,12.893314,5.6867504,9.647179,10.939377,-58.109913,9.11745
chr7,61867124,61867617,+,-1,17.903973,4.456117,5.65671,5.8308125,-23.772669,44.575565
chr7,62620265,62620756,-,1,20.425514,-5.012077,-4.168898,15.311658,65.687195,-12.946466
chr7,62626168,62626659,-,1,20.425514,-5.012077,-4.173558,15.30976,65.53073,-13.957054
chr7,63372975,63373467,-,0,20.113983,-5.0357594,21.990599,-4.5711226,51.352978,-43.28327
chr7,65260087,65260580,+,9,20.402885,1.0246066,4.025967,3.2848623,11.731225,15.936337
chr7,65266064,65266557,+,9,20.845669,0.86542124,4.1576266,3.225895,11.746174,15.919506
chr7,67778296,67778783,-,9,20.64762,1.6590632,3.8749278,2.8923585,6.218565,15.756892
chr7,68753164,68753656,-,-1,21.469624,-3.8243213,0.8821949,25.173124,30.114206,-18.227423
chr7,69230118,69230552,-,7,17.996168,4.922433,4.3479147,6.5444374,-29.859678,3.1374586
chr7,69607222,69607721,-,9,21.721134,1.3160812,4.1605015,3.395961,5.1557827,14.665171
chr7,72555859,72556352,-,-1,18.733625,5.67146,5.6495767,5.812012,-23.538593,43.8579
chr7,72999961,73000000,-,5,1.4168602,0.4786727,14.541246,14.742102,-50.639145,-32.835876
chr7,73000000,73000454,-,10,18.2659,3.946683,5.872697,4.888246,-18.245186,35.89422
chr7,73672202,73672695,-,9,21.936836,1.3431473,3.6217625,3.4258235,6.7206836,21.816437
chr7,73678220,73678713,-,10,20.221455,3.2477164,5.3465176,4.4433417,4.368997,22.964457
chr7,74494473,74494669,+,5,6.134797,2.999383,15.59318,15.421621,-61.094036,-22.382187
chr7,75180768,75181260,+,-1,21.469624,-3.8243213,0.8812201,25.174099,29.34558,-18.146624
chr7,75186711,75187203,+,-1,21.469624,-3.8243213,0.8813495,25.174112,29.072802,-19.921515
chr7,82828847,82829068,-,5,7.834274,2.9451482,15.6062,15.491874,-59.844807,-19.805573
chr7,83418795,83419288,+,10,18.27601,3.6380823,6.057471,5.441679,-25.431866,25.677866
chr7,83424719,83425212,+,10,18.876781,3.814017,6.068158,5.5803523,-25.594936,25.55063
chr7,84751046,84751539,+,-1,20.432219,-0.76641905,5.803722,-0.36491328,26.992325,7.1342793
chr7,85177879,85178370,-,1,20.425514,-5.012077,-4.17442,15.309083,64.81041,-13.549456
chr7,85183782,85184273,-,1,20.425514,-5.012077,-4.078407,15.405795,65.13099,-12.949289
chr7,85880253,85880433,+,5,5.2772107,3.3129106,15.525125,15.373083,-56.68877,-22.843287
chr7,87614721,87615213,-,0,21.207567,-4.6111975,24.489662,-0.3009754,-5.898739,-33.97667
chr7,87620664,87621156,-,0,21.207567,-4.6111975,24.489151,-0.30214107,-5.898739,-33.97667
chr7,89374024,89374516,+,-1,19.87565,-4.7337213,-12.706465,3.1825702,9.120553,-76.297295
chr7,89379967,89380459,+,-1,19.87565,-4.7337213,-12.708156,3.1789389,9.120553,-76.297295
chr7,89857881,89858373,-,2,20.830158,-5.134298,5.199902,-11.958012,42.757072,-17.751842
chr7,89863824,89864316,-,2,20.540178,-4.617959,5.202168,-11.959667,43.34249,-16.913254
chr7,92968248,92968741,-,-1,21.385807,-1.5860975,12.9004,-0.48623806,18.239153,-39.293682
chr7,92974192,92974685,-,-1,21.385807,-1.5860975,12.899039,-0.485209,18.239153,-39.293682
chr7,93198582,93198768,-,5,5.9796734,2.528677,15.638744,15.528045,-61.329243,-21.005772
chr7,93912991,93913478,-,10,19.503466,5.9424486,6.4701366,5.2772,-27.997034,33.88555
chr7,97114411,97114903,-,9,20.1393,0.8749909,5.2440042,3.4177287,16.891586,9.6366415
chr7,97120388,97120880,-,9,20.465527,0.40864807,5.162911,3.4589083,16.87634,9.6276455
chr7,98296026,98296525,+,6,19.906395,0.816272,5.7005982,1.3309668,20.139309,24.099176
chr7,98301967,98302466,+,6,19.906395,0.816272,5.699725,1.3316264,20.139685,24.099022
chr7,99779355,99779826,+,10,18.049305,5.172507,5.713385,5.4722686,-29.96017,11.333667
chr7,100519420,100519857,-,7,18.826424,1.2864574,3.3572688,6.6226015,-17.961037,-7.779653
chr7,103260769,103261256,-,10,18.97898,5.791058,6.7454495,5.708414,-34.260803,35.698154
chr7,103267001,103267435,-,8,16.266975,4.8980875,5.6702404,6.94717,-39.259743,12.74233
chr7,103415552,103416039,+,9,21.10603,1.2338182,3.323583,2.9556983,-2.7355752,11.730101
chr7,104514190,104514678,+,10,18.25976,7.3185987,7.0866632,6.258306,-43.399605,28.873049
chr7,104520676,104521169,+,9,21.09519,1.0211201,4.730963,3.6160166,11.932774,9.205497
chr7,106284576,106284636,-,4,0.13713637,-0.0011758571,13.679525,12.521315,-41.332687,-30.842604
chr7,107056251,107056346,+,5,3.54976,2.2071953,14.807101,14.984808,-55.98247,-30.496609
chr7,109117842,109118335,-,1,18.979021,-0.854335,-0.50984037,12.880762,59.684376,1.8979748
chr7,109123817,109124310,-,1,18.810286,-1.7858269,-0.4532884,12.852841,59.752888,1.7186829
chr7,115907568,115907750,-,5,5.5545774,3.427962,15.5839,15.488734,-57.90441,-21.980055
chr7,116950235,116950733,-,-1,20.787996,-5.5092773,21.543215,11.981065,51.343388,-38.076622
chr7,118434873,118435348,+,7,19.32918,0.69691217,3.3237205,6.7219267,-17.884186,-7.308938
chr7,118473135,118473767,-,4,8.712177,3.5997388,13.235137,12.561863,-39.003326,-21.659369
chr7,119397936,119398429,+,10,20.05666,5.653618,6.3819656,5.617596,-30.024239,31.26109
chr7,119430256,119430749,-,-1,20.660479,-1.4189117,24.267506,16.592924,65.7496,8.18664
chr7,122910913,122911412,-,9,20.910906,2.2360766,3.005841,2.8830817,-4.1136494,13.680764
chr7,122916896,122917395,-,9,20.910906,2.2360766,3.0708532,2.860642,-4.1136494,13.680764
chr7,122962404,122962897,-,9,21.209785,1.7755438,4.625008,3.5931194,-5.526444,10.496579
chr7,125298370,125298868,-,-1,20.977144,-5.2676306,8.702415,24.14626,53.750877,46.266243
chr7,125304280,125304778,-,-1,20.977144,-5.2676306,8.689756,24.139135,53.750877,46.266243
chr7,125902331,125902822,+,0,21.026957,-4.174756,24.527102,0.09726335,-3.5716646,-37.199306
chr7,125908234,125908725,+,0,21.026957,-4.174756,24.52927,0.14311568,-3.5716646,-37.199306
chr7,127731967,127732465,-,1,21.07437,-5.619181,-3.7982817,13.996223,55.90904,-18.100965
chr7,127737916,127738414,-,1,21.07437,-5.619181,-3.8085222,14.004415,56.161095,-18.977407
chr7,128315523,128315967,+,7,18.747078,1.971653,3.486435,6.0575514,-16.38358,2.0983846
chr7,128826112,128826580,+,-1,17.414955,4.056865,4.6059933,6.143155,-25.136402,12.008624
chr7,129667111,129667610,+,-1,20.458788,0.907107,2.3223407,0.48503825,28.367708,26.035843
chr7,129807504,129808001,+,9,18.710857,1.5865022,3.9374595,3.0882208,-2.4024298,18.155624
chr7,130345217,130345710,-,-1,20.660479,-1.4189117,24.252028,16.57652,65.7496,8.18664
chr7,130351163,130351656,-,-1,20.660479,-1.4189117,24.359468,16.677923,67.151924,7.539848
chr7,130440914,130441407,-,10,20.17569,5.551816,5.667968,5.41728,-21.144276,39.86161
chr7,130446819,130447312,-,10,20.17569,5.551816,5.575833,5.41738,-21.144463,39.8617
chr7,130594266,130594329,-,4,1.9385476,-1.0617207,13.668975,12.430316,-36.432957,-31.815857
chr7,132023432,132023924,+,0,21.596428,-4.4474454,24.843996,0.6217445,1.729436,-39.857586
chr7,132926321,132926840,+,3,13.850448,4.8975573,9.709271,10.998551,-60.926434,9.265951
chr7,138916934,138917427,+,9,20.774672,1.2663444,4.9545856,2.975258,13.369691,4.0418634
chr7,139111935,139112427,+,0,21.023626,-3.7059357,24.489416,-0.30191526,-5.0589104,-32.749268
chr7,139117839,139118331,+,0,20.447819,-3.683845,24.490887,-0.27358595,-4.943005,-32.6331
chr7,140014720,140014758,-,5,1.0114229,0.31567255,14.416578,14.610899,-48.88939,-32.25482
chr7,140021337,140021798,-,10,17.773556,4.6490016,6.3118277,4.8172708,-17.852205,25.408752
chr7,140027242,140027735,-,10,19.233433,5.168479,6.22975,4.8349447,-17.867668,25.501549
chr7,140349172,140349665,+,9,19.470383,1.3094606,4.713119,3.4188926,-4.3181634,8.151993
chr7,140432279,140432772,-,9,18.05573,1.6501197,3.8478067,3.048195,-2.5979798,4.319811
chr7,140435307,140435546,+,4,9.595052,0.077830486,13.635708,11.344138,-27.529512,-30.802937
chr7,141019587,141019776,+,5,6.8010654,3.9137907,15.5736475,15.469724,-57.92921,-21.254263
chr7,141935699,141936191,+,10,17.407307,6.699561,7.1524563,6.261435,-42.750687,28.562557
chr7,143824163,143824655,+,-1,19.86941,-4.4987307,6.4687157,19.200756,47.559944,47.825474
chr7,143849351,143849843,-,-1,21.906624,-2.9879081,12.334554,-0.011926427,14.543545,-34.5904
chr7,143855255,143855747,-,-1,21.906624,-2.9879081,12.331472,-0.010288569,14.542895,-34.591614
chr8,3099272,3099760,-,10,18.00737,6.737933,7.1469035,6.2526455,-42.7925,28.7152
chr8,3772635,3773134,+,9,21.326162,0.74033725,3.0672162,2.6031642,12.861223,24.362505
chr8,3778619,3779118,+,9,19.953947,1.1708673,3.056823,2.4743738,12.740197,25.072474
chr8,3779303,3779822,-,3,12.901593,4.852929,9.964315,11.252454,-60.553867,6.058733
chr8,3785794,3786018,-,5,4.121384,2.1190648,15.450351,15.232023,-50.232937,-25.148195
chr8,3786457,3786719,-,4,6.7059455,3.4116628,13.498418,12.200293,-34.669334,-26.207954
chr8,4074643,4075136,+,9,20.970592,0.2158054,3.8432777,2.935153,18.676971,15.052811
chr8,5440846,5441339,-,9,20.749727,0.73804027,4.1566715,2.7914402,0.8728584,1.1096524
chr8,6558949,6559442,-,10,18.537561,4.613063,5.577328,4.634418,-10.709803,37.31846
chr8,6864698,6865199,+,3,13.584916,5.6744785,9.581929,10.88787,-54.98621,9.800852
chr8,7259969,7260461,-,2,21.030626,-5.205132,8.572843,-7.9487343,46.441864,34.75693
chr8,7265873,7266365,-,2,21.030626,-5.205132,8.548857,-7.901662,46.33668,34.94465
chr8,7608604,7609092,-,10,18.96989,6.521727,7.103492,6.222938,-40.980186,32.440426
chr8,10334549,10335040,-,10,19.204914,7.2878456,6.2792325,5.74888,-31.18156,29.329098
chr8,10552978,10553471,-,-1,20.660479,-1.4189117,24.373848,16.698126,64.77548,7.5858355
chr8,13860723,13861215,-,1,20.841482,-5.446779,-4.24846,15.2095,60.724316,-16.052471
chr8,13866666,13867158,-,1,20.841482,-5.446779,-4.3228474,15.135191,61.264275,-14.729219
chr8,14240986,14241479,+,9,21.17976,-0.462667,4.418324,2.4207218,9.327862,-0.32756108
chr8,14242300,14242793,+,9,21.17976,-0.462667,4.4118576,2.4445848,9.327783,-0.3275433
chr8,15692023,15692514,-,0,20.855309,-4.189234,24.639894,0.08228774,8.210659,-45.02096
chr8,15697926,15698417,-,0,20.855309,-4.189234,24.644686,0.07086245,8.210659,-45.02096
chr8,17066815,17067314,-,9,22.102455,-0.5840358,5.331805,3.3785086,22.62592,4.8450527
chr8,17072798,17073297,-,9,22.102455,-0.5840358,5.374087,3.326107,22.626081,4.845196
chr8,19947097,19947378,+,4,10.8321705,2.2439115,13.491523,11.54819,-26.788319,-27.88285
chr8,21258097,21258588,-,2,20.434742,0.25151375,8.297985,-6.893543,35.979774,41.733875
chr8,21264067,21264560,-,2,20.294516,-0.50702065,8.3032675,-6.893626,36.04155,41.66711
chr8,21516441,21516976,-,9,21.27935,0.43925405,3.0313926,2.066475,19.019547,29.705475
chr8,21522388,21522923,-,9,21.27935,0.43925405,3.031066,2.0616868,19.019547,29.705475
chr8,21626502,21626942,-,7,17.82924,0.7564133,3.6481845,6.5482893,-12.550031,-3.3419235
chr8,21632423,21632916,-,2,20.105902,-0.68035865,8.228979,-6.809828,36.161667,41.626186
chr8,21942590,21943083,+,10,19.426905,3.9261363,6.3289423,5.1365294,-13.569801,23.465816
chr8,21951395,21951888,-,9,21.255589,0.97579134,3.2346501,3.962812,8.355696,23.63914
chr8,22088284,22088654,+,-1,14.360655,0.65763706,2.9055772,3.292111,46.238937,11.505619
chr8,23369335,23369827,-,0,21.596428,-4.4474454,24.87191,0.56321084,3.4798796,-42.31317
chr8,23372579,23373071,-,0,20.890547,-4.9671926,24.704184,0.11050723,6.739078,-43.21035
chr8,24177585,24178084,-,9,21.115667,-0.6548875,3.939044,2.2755182,8.207522,-1.246734
chr8,27313897,27314337,-,7,17.785559,2.218427,3.5493677,6.378643,-20.275753,0.74556017
chr8,29257184,29257682,-,2,20.90282,-5.0318856,8.500873,-7.625029,48.087383,36.741577
chr8,29263094,29263592,-,2,20.90282,-5.0318856,8.494742,-7.605934,48.087383,36.741577
chr8,29980562,29981055,+,2,18.57919,0.39276788,8.265396,-6.8425684,32.692352,42.267963
chr8,29986539,29987032,+,2,18.57919,0.39276788,8.285978,-6.863846,32.692352,42.267963
chr8,31745163,31745785,-,3,16.512814,3.4461677,10.002292,11.255216,-65.19152,1.2060046
chr8,34295742,34296229,-,10,19.697115,5.2958927,6.1437793,5.244136,-27.075024,26.176981
chr8,37470075,37470568,+,-1,19.843946,0.13795233,13.901219,-3.5111434,41.267567,13.751813
chr8,43914432,43914924,-,-1,20.744257,-5.0952296,6.468966,19.199617,49.920147,47.54518
chr8,43920336,43920828,-,-1,20.744257,-5.0952296,6.466978,19.202755,50.294743,48.514072
chr8,44606212,44606704,+,0,21.207567,-4.6111975,24.486668,-0.3072847,-5.898739,-33.97667
chr8,46985351,46985791,-,7,18.829794,1.3228843,3.3952754,6.5580463,-20.877918,-8.388414
chr8,51488135,51488568,-,8,14.437018,5.807124,6.08745,7.258263,-45.82403,14.203701
chr8,51553412,51553905,+,10,19.283045,5.363835,6.6274014,5.4512877,-30.491116,35.033787
chr8,51974817,51975304,+,10,19.46754,5.1678534,6.5346584,5.199015,-28.281748,34.561626
chr8,52563712,52564206,+,3,14.883193,4.7261276,9.494363,10.819285,-55.12641,10.921356
chr8,54983720,54984212,-,0,21.275543,-4.573531,24.48898,-0.29950887,-6.356206,-33.93266
chr8,55090658,55091152,+,3,16.498993,5.768111,9.508316,10.886965,-54.704224,11.799255
chr8,55440686,55441228,+,10,18.696314,6.171352,7.225326,6.351085,-43.84498,33.253143
chr8,55574132,55574652,+,10,18.267683,4.897054,7.260441,6.3772197,-43.890514,33.38158
chr8,55643721,55644240,+,3,15.290435,4.402328,9.742094,11.0230665,-60.688686,8.146364
chr8,56743773,56744266,+,9,20.664024,0.5391562,4.586596,3.0818481,11.416215,11.7401905
chr8,56749745,56750238,+,9,20.337797,1.0054995,4.644657,3.07781,11.432646,11.706287
chr8,59226915,59227347,-,8,12.63602,5.344101,6.0515966,7.1541414,-45.452328,15.522296
chr8,59310909,59311290,-,4,14.582012,1.9863423,13.500606,10.55938,-21.808432,-23.721807
chr8,60340543,60341036,+,9,19.8325,0.17087753,4.083599,2.4431233,0.831287,-2.9957561
chr8,61918296,61918789,-,10,17.796347,5.4488096,6.2436557,5.7613006,-29.578537,22.164421
chr8,64972415,64972920,+,9,21.250113,0.14860031,4.808044,3.0386307,10.0115185,2.9636624
chr8,64978394,64978899,+,9,21.250113,0.14860031,4.7880507,3.036492,10.0115185,2.9636624
chr8,66060080,66060539,+,-1,19.848183,-4.6654854,11.92656,1.337453,18.798471,-25.591743
chr8,66214243,66214282,+,4,0.078258246,-0.14324781,13.812989,13.008742,-42.171917,-30.935797
chr8,69031942,69032429,+,10,19.47318,5.871892,6.1882324,5.525593,-28.549278,31.25942
chr8,71794515,71795008,-,10,19.703466,3.6081817,5.6883903,4.584421,-13.44788,39.109707
chr8,72455903,72456396,-,10,20.497738,4.9693565,6.188056,4.9495726,-23.339224,29.622662
chr8,73592639,73593132,-,9,20.595222,-0.8749992,3.933954,2.6177485,5.252448,-4.8743463
chr8,74043662,74044154,-,-1,19.87565,-4.7337213,-12.736439,3.1467438,10.592852,-75.55786
chr8,74049605,74050097,-,-1,19.87565,-4.7337213,-12.69682,3.1867251,9.120553,-76.297295
chr8,74631426,74631925,-,10,19.532711,4.077425,5.650595,4.6808867,-11.449933,32.16824
chr8,75175720,75176212,+,-1,19.87565,-4.7337213,-12.678619,3.2044094,10.592852,-75.55786
chr8,75181624,75182116,+,-1,19.87565,-4.7337213,-12.689183,3.1938856,9.120553,-76.297295
chr8,80697737,80698231,+,10,19.533909,3.176268,6.400372,5.257707,-9.402526,24.342583
chr8,84156471,84156990,+,3,16.272114,5.918255,9.881782,11.154328,-59.33278,8.529002
chr8,85702392,85702885,-,-1,18.987259,-0.29617378,13.901393,-3.510984,40.681553,16.302286
chr8,86286661,86287070,+,9,16.920929,-0.3856892,4.75056,3.4903026,-14.843639,-21.628155
chr8,86288025,86288518,+,9,20.706497,3.07635,4.687855,3.6422086,-4.4434695,10.030108
chr8,86678956,86679448,+,1,20.841482,-5.446779,-4.229106,15.248003,60.675903,-14.635317
chr8,86684900,86685392,+,1,20.841482,-5.446779,-4.2568235,15.196594,60.479614,-16.351938
chr8,95114677,95115170,-,-1,18.996212,0.81764185,5.729235,-1.6885898,6.6464906,51.324764
chr8,95120618,95121111,-,-1,18.996212,0.81764185,5.728741,-1.690016,6.6464906,51.324764
chr8,95412128,95412619,+,1,20.425514,-5.012077,-4.109934,15.379906,65.90966,-13.130329
chr8,95418070,95418561,+,1,20.425514,-5.012077,-4.135097,15.348088,65.53073,-13.957054
chr8,96114538,96115073,+,9,21.27935,0.43925405,3.0285518,2.0387554,19.019567,29.705284
chr8,96669261,96669777,-,3,11.551226,3.2691436,9.97107,11.203817,-60.114655,1.112734
chr8,97712023,97712511,-,10,17.663218,6.819883,7.193034,6.2811985,-39.524227,27.521406
chr8,98483915,98484409,-,3,14.241962,5.7106214,9.630698,10.8117,-52.774742,10.620533
chr8,99561907,99562422,+,3,12.636125,5.6504126,9.843897,11.105972,-59.86484,4.9874935
chr8,106444033,106444313,+,4,13.310425,-2.2604127,13.613459,11.275087,-24.0471,-30.688118
chr8,107732117,107732610,+,1,20.203835,-1.4784398,-0.47761753,13.116986,66.955536,1.7261361
chr8,107738094,107738587,+,1,20.203835,-1.4784398,-0.48624125,13.127882,66.955536,1.7261361
chr8,108117072,108117565,-,1,20.467106,-0.5957685,-0.42923194,12.818384,61.222965,0.65216833
chr8,108122977,108123470,-,1,20.467106,-0.5957685,-0.46457765,12.881151,61.222965,0.65216833
chr8,109065847,109066338,+,10,18.701475,6.7669406,7.21945,6.3234277,-37.753155,28.932758
chr8,115280737,115281230,+,9,20.884455,0.123484835,4.0315604,2.6324708,1.0043756,-0.38610345
chr8,121323143,121323176,-,5,1.1561364,0.36315054,14.443826,14.655645,-49.40812,-32.289318
chr8,124032604,124032924,-,4,14.019747,-1.1986588,13.500332,10.5508995,-17.45009,-22.895864
chr8,124127315,124127808,+,10,19.453346,2.1312137,5.683559,4.5416675,-10.566487,34.51544
chr8,124133253,124133746,+,10,19.453346,2.1312137,5.5917597,4.4728265,-10.566891,34.515205
chr8,124846027,124846520,-,1,19.912176,-1.0826346,-0.60073215,13.58744,70.21191,-2.7007802
chr8,124851971,124852464,-,1,19.912176,-1.0826346,-0.6006363,13.58725,70.21191,-2.7007802
chr8,127468954,127469342,-,4,14.365559,2.2026734,13.501574,10.575357,-20.26212,-23.97534
chr9,3331813,3332306,-,9,20.652134,0.12270908,4.0418897,3.2561889,8.11546,19.564222
chr9,4333737,4334177,+,8,15.765969,4.7651086,5.519644,6.761126,-37.16985,7.671093
chr9,8048217,8048714,+,1,19.259867,0.73973227,-0.4984399,13.135246,68.79906,0.07605212
chr9,8054165,8054662,+,1,19.259867,0.73973227,-0.4925267,13.115502,68.79906,0.07605212
chr9,9631331,9631825,+,10,17.745264,3.7399814,4.6100764,5.1884565,-15.946421,9.523022
chr9,14419316,14419814,-,-1,20.352331,-5.269687,21.495754,11.935095,52.012157,-36.32246
chr9,14425265,14425763,-,-1,20.352331,-5.269687,21.528753,11.967775,52.012157,-36.32246
chr9,17425112,17425552,-,7,17.400745,4.011304,4.145527,6.3405137,-23.807411,7.052876
chr9,18048696,18049190,-,10,17.350801,6.8139796,7.1093144,6.2277455,-39.433205,32.123154
chr9,20367764,20368257,-,-1,21.444893,-0.9204431,5.8466806,-0.31509387,26.577824,5.271769
chr9,20373669,20374162,-,-1,21.444893,-0.9204431,5.788957,-0.3759886,26.577824,5.271769
chr9,20407414,20407854,-,8,15.840946,6.5290775,5.80251,6.9684596,-39.79711,15.54525
chr9,20417124,20417623,-,-1,19.81067,2.0026968,2.5604055,0.93369687,22.800524,27.796144
chr9,20619187,20619679,-,0,21.596428,-4.4474454,24.866692,0.58243895,-0.08790259,-39.52468
chr9,20625091,20625583,-,0,21.104355,-4.501545,24.878136,0.50356156,-8.299784,-38.62668
chr9,22233139,22233633,+,2,20.806366,-2.4149153,8.47302,-7.124963,40.699226,40.261837
chr9,22718870,22719362,-,1,20.841482,-5.446779,-4.3054214,15.148865,61.720543,-16.01557
chr9,22724813,22725305,-,1,20.841482,-5.446779,-4.3197,15.136862,61.720543,-16.01557
chr9,22920017,22920509,-,-1,20.744257,-5.0952296,6.445375,19.223803,49.199875,48.417385
chr9,22925921,22926413,-,-1,20.744257,-5.0952296,6.4602275,19.209087,49.199875,48.417385
chr9,23516215,23516655,-,9,18.031904,3.2726552,3.1485376,4.159369,-1.5554245,30.400537
chr9,24121459,24121952,+,9,21.111485,-0.11350964,4.892685,2.705718,2.5588336,-8.480933
chr9,25812741,25813228,-,10,18.683771,6.5117345,6.4158716,5.6226106,-36.34776,29.01996
chr9,30352662,30352711,+,5,1.6941036,1.0624171,14.233564,14.110749,-43.418385,-32.90346
chr9,30690407,30690846,+,-1,18.671715,-0.9503054,3.1864305,7.24576,-4.136209,-25.229067
chr9,30696258,30696697,+,-1,18.894558,-2.274312,3.1866803,7.255079,-4.285743,-24.265896
chr9,31430699,31431070,+,4,16.633774,-6.016111,13.532127,10.627644,-16.198689,-27.219494
chr9,35388364,35388835,-,-1,18.60119,3.1617277,2.4487014,4.6783333,17.572498,41.07746
chr9,35394323,35394795,-,-1,17.809675,3.3027823,2.422331,4.6907883,17.52684,41.029976
chr9,35797337,35797890,-,3,12.597309,4.445535,10.042081,11.285503,-63.925385,1.613068
chr9,35814440,35814892,-,8,18.992208,5.9176364,5.3324137,6.6416683,-31.998976,13.857205
chr9,36353285,36353754,+,10,18.618055,4.931075,5.9673343,5.0028925,-26.722792,24.037546
chr9,37441767,37442232,+,9,18.790203,1.402567,4.243428,3.2593944,-11.146754,-0.48369014
chr9,37447716,37448156,+,7,17.851599,1.465196,3.5106666,6.3105755,-13.824596,-1.9998162
chr9,37978710,37979204,+,10,19.40771,2.3028271,5.4878554,4.596144,-15.664373,37.44445
chr9,39334594,39335087,+,9,21.115242,1.3093104,3.853989,3.4331868,3.899075,17.441702
chr9,40097526,40097960,-,8,15.209136,6.762392,5.838055,7.0524592,-41.53104,14.915523
chr9,44009067,44009248,+,5,5.163304,3.0472374,15.521371,15.2895,-54.232822,-23.529354
chr9,44214298,44214796,-,-1,21.341007,-4.3021126,12.993121,-0.5678559,15.99886,-44.34887
chr9,44220247,44220745,-,-1,21.341007,-4.3021126,12.994533,-0.5691576,15.99886,-44.34887
chr9,44251271,44251383,-,4,0.12718081,0.37700984,13.90012,13.135722,-41.2274,-28.507254
chr9,46285327,46285820,+,10,18.846006,2.2464347,4.7618585,4.713776,-14.143836,13.428903
chr9,50081988,50082486,+,-1,20.991222,-4.3730583,8.672376,24.115522,55.158066,42.029423
chr9,50087898,50088396,+,-1,21.46891,-4.195187,8.65326,24.094654,55.198765,42.104847
chr9,53865362,53865489,-,5,2.5258596,1.7936748,15.405176,15.173413,-51.22315,-22.78958
chr9,55521173,55521665,+,6,21.043612,-4.109718,7.092683,0.17984967,22.435347,-17.780436
chr9,57767883,57768081,+,5,6.5371017,2.7278252,15.573443,15.518382,-62.68959,-23.536459
chr9,59046269,59046767,-,-1,19.906603,-4.698292,-12.714488,3.167057,8.416957,-73.82917
chr9,59052218,59052716,-,-1,19.906603,-4.698292,-12.685126,3.1967392,8.416957,-73.82917
chr9,60042312,60042722,-,8,14.08761,5.705729,5.9957614,7.130546,-44.730988,12.76596
chr9,61264465,61264659,+,4,0.5428849,-0.13314006,13.902368,13.1435175,-42.635155,-27.158646
chr9,62408704,62408987,-,4,12.743904,-2.1659532,13.644395,11.264683,-24.750372,-31.200872
chr9,62410099,62410282,-,5,5.6755576,3.2381978,15.583269,15.4588175,-61.25529,-24.06298
chr9,62861831,62862323,-,1,20.505337,-3.8615305,-0.72043675,13.063587,61.83608,-8.85802
chr9,62867807,62868299,-,1,20.505337,-3.8615305,-0.7599282,13.1360655,61.836075,-8.857978
chr9,67198623,67199115,+,1,21.002743,-2.6204245,-0.5373406,13.111775,65.01528,-0.91497046
chr9,67204566,67205005,+,1,18.285904,-1.5171261,-0.5878428,13.279979,73.10639,3.014217
chr9,67514040,67514469,+,8,14.212988,5.8552513,6.06091,7.2115407,-46.153015,13.474797
chr9,67538490,67538982,+,-1,19.557447,1.919446,2.3856788,4.7197323,19.172407,43.78304
chr9,69918409,69918900,-,0,21.180464,-4.012744,24.537888,0.06624002,-4.1040277,-39.52753
chr9,71114431,71114923,-,-1,18.889162,2.5503328,2.4100235,4.7002325,19.319992,45.137993
chr9,71120374,71120866,-,-1,18.889162,2.5503328,2.386618,4.7241926,19.319992,45.137993
chr9,71421074,71421566,+,-1,21.469624,-3.8243213,0.8752603,25.180761,28.913738,-18.285347
chr9,71434125,71434617,+,-1,21.469624,-3.8243213,0.8806217,25.175549,30.313437,-19.431797
chr9,72895852,72896350,-,-1,21.043646,-2.8858464,11.738408,0.55708164,26.960537,-34.69318
chr9,72900340,72900838,-,-1,21.043646,-2.8858464,11.791822,0.6254203,26.960537,-34.69318
chr9,77401880,77402372,+,-1,21.438915,-2.8550348,1.8011413,1.4168509,26.009752,-23.661839
chr9,78282764,78283256,-,-1,20.303127,-4.794113,6.467156,19.200855,49.794315,49.781998
chr9,78288668,78289160,-,-1,19.400227,-4.5689096,6.472351,19.195883,50.321175,50.55667
chr9,80147508,80147697,+,5,7.0815654,3.217077,15.640069,15.528002,-60.795162,-21.124693
chr9,81988906,81989340,-,8,16.071972,6.7022486,5.7692256,7.0158453,-40.633556,11.006654
chr9,83147959,83148255,+,4,13.626495,-6.18614,13.651843,11.1527,-23.6915,-33.2585
chr9,84513471,84513958,-,1,20.421785,-5.2445474,-4.1320605,15.345734,59.88236,-12.686917
chr9,84515905,84516192,-,4,13.43131,-6.2231884,13.664575,11.144689,-23.818285,-33.242645
chr9,85094779,85095153,+,4,15.277015,1.2962835,13.456787,10.52117,-19.366203,-23.934626
chr9,86289913,86290406,+,9,21.330227,2.6567757,4.5696936,3.6766047,-11.4900875,25.444052
chr9,86295895,86296388,+,9,21.805845,2.592985,4.63054,3.68045,-11.485097,25.456827
chr9,86914894,86915280,-,3,12.042497,3.8425937,9.832773,11.054814,-55.511234,1.5152031
chr9,88810692,88811190,-,-1,19.886564,-3.2579849,4.410701,1.4892309,34.625362,-32.035458
chr9,88816602,88817100,-,-1,20.028913,-3.2324834,4.4104853,1.4847895,35.095753,-31.455065
chr9,88873460,88873746,+,4,11.789925,-1.1581798,13.647166,11.265725,-22.72626,-31.219131
chr9,90808145,90808638,-,9,20.231663,1.077583,3.0732255,2.3420496,16.687767,25.79794
chr9,90814083,90814576,-,9,20.231663,1.077583,3.0756972,2.3443441,16.687767,25.79794
chr9,93394811,93395304,-,-1,20.660479,-1.4189117,24.257957,16.582022,67.11534,8.7659025
chr9,93400788,93401281,-,-1,20.660479,-1.4189117,24.230059,16.552673,67.11534,8.7659025
chr9,94821688,94822180,+,-1,19.919125,-0.017070886,5.708403,-1.673879,8.210587,50.182224
chr9,94827591,94828083,+,-1,19.919125,-0.017070886,5.6795793,-1.6445106,8.210587,50.182224
chr9,96024599,96025092,-,10,19.969007,4.721566,6.54528,5.2032824,-28.662285,35.308567
chr9,96104892,96105384,-,2,21.194803,-4.7934217,8.528946,-7.9064784,48.07854,33.825
chr9,96110868,96111360,-,2,21.194803,-4.7934217,8.560022,-7.937091,47.85026,33.244827
chr9,99266713,99267211,-,-1,21.853146,-3.0504086,12.360483,-0.036663137,16.142565,-36.695156
chr9,99272623,99273121,-,-1,21.853146,-3.0504086,12.360623,-0.03625803,16.142843,-36.694958
chr9,99756890,99757382,-,-1,21.469624,-3.8243213,0.88308936,25.172928,28.613546,-18.50137
chr9,99762833,99763325,-,-1,21.469624,-3.8243213,0.86673415,25.189396,28.605001,-19.115086
chr9,100637116,100637614,-,9,19.580645,1.5841929,3.2497582,2.8551812,-0.60480726,12.818056
chr9,102277372,102277865,-,6,21.03024,0.052364603,6.918664,0.243568,19.403494,-8.489464
chr9,102283307,102283800,-,6,21.03024,0.052364603,7.024334,0.1953135,19.40359,-8.489451
chr9,106258069,106258503,-,8,17.155762,7.065873,5.5854936,6.6499233,-35.901497,18.3177
chr9,106492966,106493458,+,10,19.294132,4.142233,6.340391,5.4348474,-21.607061,31.36992
chr9,106498943,106499383,+,8,17.6569,4.927565,5.310858,6.5759807,-31.066252,16.785887
chr9,108118205,108118391,+,5,5.3436327,3.665664,15.512385,15.370087,-57.077812,-23.05043
chr9,108601237,108601604,+,4,15.214393,2.0490942,13.5024,10.558208,-19.857004,-23.88557
chr9,108653494,108653928,-,8,13.746205,5.6323414,5.809454,6.9603534,-37.76969,12.993872
chr9,108665647,108665842,-,5,6.486712,0.6500175,15.627352,15.531029,-63.23965,-25.57559
chr9,109410467,109410960,+,9,21.024214,1.522359,3.52882,3.5378556,6.7343197,22.310133
chr9,110032539,110032723,-,5,4.552229,2.7887013,15.408064,15.175512,-53.7043,-22.969994
chr9,110454875,110455083,+,4,7.9267497,1.6239493,13.542045,11.696527,-29.76229,-29.746206
chr9,112330045,112330537,+,-1,21.020916,-2.549507,1.7727981,1.4134568,26.449795,-22.443508
chr9,112336021,112336513,+,-1,20.544424,-2.494097,1.8240297,1.4571323,26.461569,-22.343275
chr9,114219045,114219538,+,9,21.84466,0.56311953,4.192997,3.1859622,5.501397,16.263876
chr9,114225022,114225515,+,9,21.84466,0.56311953,4.0405326,3.1145902,5.5014477,16.26381
chr9,119990247,119990740,-,9,19.946909,2.7683907,5.10175,4.231512,-14.607224,16.876438
chr9,120265336,120265827,+,0,20.765562,-3.768433,24.426111,0.31963235,-5.009547,-42.254826
chr9,120271239,120271730,+,0,20.765562,-3.768433,24.447256,0.35655433,-5.009547,-42.254826
chr9,121178382,121178875,-,-1,20.01306,-1.1590681,24.23019,16.57083,65.98898,12.441063
chr9,121184042,121184535,-,-1,20.01306,-1.1590681,24.206394,16.544737,65.987076,12.440476
chr9,121696032,121696525,+,9,20.10643,1.6254147,4.863044,3.6306174,10.291594,9.282949
chr9,122328593,122329085,-,-1,19.368338,2.944864,2.4831548,4.6331916,17.983875,41.785862
chr9,122334570,122335061,-,-1,19.451742,2.7411902,2.432007,4.668756,17.956284,41.885353
chr9,122660657,122661150,+,-1,20.507347,0.91948605,1.0460203,1.2902004,33.279453,-8.007001
chr9,122666603,122667096,+,-1,20.507347,0.91948605,1.0505577,1.2909209,32.569054,-7.6662064
chr9,122703432,122703929,+,-1,21.078535,-3.8836963,11.931555,1.3453301,20.319551,-27.492954
chr9,122709380,122709877,+,-1,21.078535,-3.8836963,11.931794,1.3469547,20.319551,-27.492954
chr9,122872975,122873434,-,8,15.339605,4.6834145,6.074485,7.2612576,-46.611084,12.727098
chrX,3469680,3470172,-,0,20.079292,-5.4702826,21.986061,-4.5687046,50.082264,-43.7266
chrX,3475624,3476116,-,0,20.555109,-5.336876,21.98754,-4.5692043,50.533314,-41.603046
chrX,5160426,5160918,-,-1,21.469624,-3.8243213,0.8804317,25.175737,28.605001,-19.115086
chrX,5166369,5166861,-,-1,21.034601,-3.58107,0.8796194,25.175858,31.22213,-19.595406
chrX,5561329,5561834,-,9,21.180185,1.054294,3.3391995,3.9188323,2.779244,34.788452
chrX,5567285,5567790,-,9,21.180185,1.054294,3.3351197,3.9011793,2.779244,34.788452
chrX,5641529,5642004,-,8,17.675632,5.4503436,5.7022295,6.482826,-22.020819,25.581902
chrX,9236274,9236762,-,10,17.851439,6.6994033,7.2831426,6.31721,-39.6978,29.48542
chrX,9637193,9637686,+,10,18.195145,6.081283,6.478782,5.2607284,-29.615723,33.33071
chrX,13317609,13318102,-,9,20.30404,1.4081445,3.857483,3.4156296,11.538742,20.18275
chrX,13323547,13324040,-,9,20.30404,1.4081445,3.7775292,3.4631824,11.538742,20.18275
chrX,15022811,15023245,-,8,15.448256,4.8044386,5.504243,6.709218,-34.98777,11.884486
chrX,15024089,15024204,+,5,2.5647109,1.6878438,14.842346,15.002661,-54.939445,-29.468388
chrX,15415786,15415999,-,5,7.7727113,3.8625257,15.601523,15.496895,-57.497684,-20.251713
chrX,15421233,15421734,+,9,20.89832,1.3578851,3.713872,3.4811444,6.799627,22.535036
chrX,15933151,15933644,-,-1,20.557749,-0.6928971,5.776195,-0.3940661,28.149351,6.4245577
chrX,15939056,15939549,-,-1,20.557749,-0.6928971,5.7676425,-0.4023888,27.348026,6.242022
chrX,16087894,16088387,+,10,19.082428,5.549352,6.368271,5.5314255,-29.438158,26.393873
chrX,17472415,17472908,+,1,19.295492,-1.5094248,-0.4379375,12.83212,58.846,-0.400519
chrX,17584473,17584961,-,10,18.541664,5.862045,7.137577,6.1650863,-41.590336,31.428537
chrX,17588730,17588986,-,4,10.742569,-2.0596824,13.623829,11.26606,-26.767483,-31.553839
chrX,17646164,17646662,-,9,20.15857,1.0831779,5.0281053,3.5873895,14.347146,7.343493
chrX,17652138,17652590,-,7,18.896109,1.6167951,3.8928323,6.7601447,-28.509327,-0.97394615
chrX,17696686,17697185,-,9,22.160473,0.8370474,5.08884,3.559402,14.74893,7.2121005
chrX,18293327,18293819,-,-1,19.173244,1.9113735,2.3791847,4.763733,19.871618,43.95034
chrX,18299270,18299762,-,-1,19.173244,1.9113735,2.3296616,4.771102,19.871618,43.95034
chrX,18302554,18303046,-,-1,19.87565,-4.7337213,-12.733239,3.2238588,9.120553,-76.297295
chrX,18308497,18308989,-,-1,19.87565,-4.7337213,-12.657162,3.2296026,9.120553,-76.297295
chrX,18982818,18983337,+,3,14.630138,5.3303866,9.960317,11.20945,-59.06911,3.565681
chrX,20033943,20034429,+,-1,19.575659,-2.9201498,12.321253,-0.003330734,13.139117,-31.728325
chrX,20039867,20040353,+,-1,19.575659,-2.9201498,12.340766,-0.019209595,13.139117,-31.728325
chrX,21007334,21007833,-,-1,20.45582,-0.5638492,2.3296077,0.48524943,29.530437,23.789793
chrX,22066903,22067387,+,10,18.892939,6.089921,6.7824306,5.5978465,-35.10305,31.267355
chrX,22072699,22073192,+,9,19.129025,2.1081326,4.7330985,3.1330752,-1.0023787,24.19788
chrX,22397701,22398194,+,10,19.028757,5.6066017,6.9629564,5.87111,-34.718235,33.86739
chrX,22403620,22404110,+,10,17.612713,5.8939476,6.87517,5.706921,-35.113365,34.26095
chrX,22404224,22404262,+,5,0.47892705,0.15053235,14.276545,14.332966,-46.197674,-32.178535
chrX,22457271,22457419,+,5,2.7337701,1.8226141,15.43015,15.210697,-50.84676,-22.220243
chrX,24927226,24927450,+,-1,6.4408107,3.6392,15.769624,16.883009,-68.388504,-20.039307
chrX,27291901,27292125,+,-1,6.4408107,3.6392,15.769782,16.882885,-68.94342,-21.37214
chrX,27645653,27645877,-,-1,6.4408107,3.6392,15.769998,16.883156,-68.25649,-19.210642
chrX,27720449,27720673,+,-1,6.4408107,3.6392,15.76951,16.881834,-68.388504,-20.039307
chrX,27992492,27992716,-,-1,6.4408107,3.6392,15.769452,16.881697,-67.42041,-21.431854
chrX,28079693,28079917,+,-1,6.4408107,3.6392,15.769368,16.882097,-68.01784,-20.900621
chrX,28404661,28404885,+,-1,6.4408107,3.6392,15.769971,16.884655,-68.388504,-20.039307
chrX,28653593,28653817,-,-1,6.4408107,3.6392,15.769992,16.884813,-67.42263,-20.351686
chrX,28728415,28728639,+,-1,6.4408107,3.6392,15.7700405,16.884706,-67.380806,-19.580318
chrX,29000338,29000562,-,-1,6.4408107,3.6392,15.765375,16.889883,-68.01784,-20.900621
chrX,29079984,29080208,+,-1,6.4408107,3.6392,15.768647,16.887018,-66.96568,-19.992891
chrX,29853520,29853744,-,-1,6.4408107,3.6392,15.769401,16.892824,-67.34056,-21.078493
chrX,29928383,29928607,+,-1,6.4408107,3.6392,15.769215,16.890522,-69.2534,-20.029871
chrX,30186162,30186386,-,-1,6.4408107,3.6392,15.769338,16.890965,-69.18594,-20.7161
chrX,30286592,30286816,+,-1,6.4408107,3.6392,15.769028,16.890335,-67.42263,-20.351686
chrX,30553575,30553799,-,-1,6.0170093,3.4675267,15.790178,16.904348,-68.184845,-21.86265
chrX,30605564,30606056,-,-1,21.310055,-4.3375425,13.054745,-0.6292683,15.028072,-43.14173
chrX,30633651,30633875,+,-1,6.4408107,3.6392,15.766244,16.887629,-69.18594,-20.7161
chrX,30886413,30886637,-,-1,6.4408107,3.6392,15.76894,16.890686,-67.70321,-19.343231
chrX,30977117,30977341,+,-1,6.4408107,3.6392,15.76904,16.890747,-68.388504,-20.039307
chrX,34941512,34941736,-,-1,6.0170093,3.4675267,15.77259,16.89296,-68.184845,-21.86265
chrX,34993501,34993993,-,-1,21.310055,-4.3375425,12.98681,-0.5615036,15.028072,-43.14173
chrX,35021588,35021812,+,-1,6.4408107,3.6392,15.769002,16.890648,-68.56184,-21.073769
chrX,35270361,35270585,-,-1,6.040864,3.5878763,15.769304,16.89045,-69.265,-19.073715
chrX,35361054,35361278,+,-1,6.297446,3.272031,15.769354,16.89112,-66.72345,-20.849552
chrX,39156308,39156801,+,6,19.373915,0.19603273,6.867084,0.29641238,18.916739,-6.560292
chrX,39162244,39162737,+,6,19.373915,0.19603273,6.9306674,0.2569328,18.916739,-6.560292
chrX,39703679,39704079,+,3,11.383661,2.727252,10.018253,11.1063795,-56.72324,0.86429834
chrX,39775876,39776374,-,-1,21.240307,-3.4626067,8.545818,23.973652,55.62318,41.73708
chrX,40111012,40111527,+,3,13.075104,4.836721,9.877188,11.126142,-57.924942,4.08051
chrX,41886524,41887017,+,-1,20.557749,-0.6928971,5.7677402,-0.40235284,27.860846,5.674404
chrX,41892429,41892922,+,-1,20.557749,-0.6928971,5.7789187,-0.39196578,28.092714,5.771092
chrX,42328755,42329273,-,3,14.050313,5.048569,9.8137665,11.097473,-59.633373,7.643383
chrX,45662185,45662676,+,9,20.614452,3.1464717,3.4544435,4.226011,-2.37572,35.010628
chrX,48691163,48691660,+,10,17.41874,5.9358525,6.4122057,5.7343073,-32.686867,24.98037
chrX,51566662,51567155,+,-1,18.785849,-0.94868255,-11.945291,3.7767034,2.4829507,-79.254555
chrX,51572606,51573099,+,-1,18.756298,-0.12325958,-12.056291,3.6715908,2.572563,-78.29455
chrX,52355428,52355920,+,0,21.596428,-4.4474454,24.825836,0.53020346,0.25620386,-40.819527
chrX,52361333,52361825,+,0,21.596428,-4.4474454,24.774572,0.5152909,-0.7701595,-41.02951
chrX,55542567,55543060,+,9,18.605555,1.3571988,4.7637286,3.6056902,-5.429614,8.476323
chrX,56070428,56070897,+,10,17.958344,3.132993,4.5826764,5.350529,-18.850494,14.319403
chrX,56075112,56075354,+,4,8.869448,1.8856264,13.725858,12.260608,-31.28658,-35.970234
chrX,62064632,62065125,-,-1,18.003069,5.3564005,5.6670794,5.8882346,-24.78904,46.574673
chrX,63399011,63399527,+,3,15.136085,5.9132876,9.838645,11.099677,-58.69623,5.5139685
chrX,63687550,63688043,-,3,14.615699,5.756686,9.513056,10.836853,-57.188118,11.465049
chrX,65379613,65380104,-,9,18.725569,2.034502,4.0953083,3.692258,0.08764064,17.561707
chrX,66166261,66166780,-,3,12.241538,3.1533573,10.02635,11.2724695,-62.17463,0.46032932
chrX,67474147,67474675,+,9,23.269157,0.48722762,4.064204,3.0533261,7.503524,11.891099
chrX,67491621,67492114,+,9,18.52307,1.1170552,3.608757,3.4214396,-4.461739,1.8016763
chrX,67497520,67498013,+,9,18.92108,0.1992119,3.5644598,3.4349465,-4.352072,1.7579538
chrX,70194233,70194673,-,-1,16.997965,5.880299,5.584817,6.357769,-36.029488,14.690692
chrX,72130357,72130850,-,10,20.161673,4.2337556,6.152959,4.751596,-18.237558,30.514496
chrX,72367966,72368104,+,4,0.65717584,0.77157795,13.631528,12.451847,-39.11687,-28.475891
chrX,74534671,74535164,+,9,21.43539,-0.2653853,5.327831,3.4267266,22.96199,6.0477586
chrX,74540615,74541108,+,9,21.43539,-0.2653853,5.2800097,3.4413087,22.96199,6.0477586
chrX,75619277,75619757,+,-1,17.268,5.0578604,5.646843,5.899907,-24.375874,45.233902
chrX,75620227,75620240,+,5,0.19011173,0.051881388,14.176055,14.036724,-43.891037,-30.74203
chrX,75855606,75855645,+,5,0.86502075,0.26017484,14.415134,14.617994,-48.10262,-32.751614
chrX,76095153,76095658,+,3,16.09035,4.4118705,10.01064,11.261976,-64.86545,5.836917
chrX,76799214,76799706,-,9,19.341364,3.0739179,4.1514726,3.2661757,8.48613,15.789617
chrX,77013231,77013549,+,4,6.2580276,1.8165979,13.545876,12.337353,-35.88167,-27.20025
chrX,77803089,77803582,-,2,19.991951,-1.4505824,8.226843,-6.805983,36.417786,38.603653
chrX,78858275,78858736,-,3,10.748798,4.3291273,9.915419,11.172295,-56.20109,1.4864309
chrX,78938198,78938690,-,0,21.596428,-4.4474454,24.81973,0.47451717,-1.1093782,-40.075912
chrX,78944103,78944595,-,0,21.596428,-4.4474454,24.791487,0.4946375,0.82735866,-41.254097
chrX,78946586,78947079,+,9,18.905727,2.6805367,3.646307,3.4835088,2.8000908,27.539597
chrX,79875398,79875891,+,10,20.177765,3.1776235,5.8178053,4.8116937,-13.842772,33.2154
chrX,81485004,81485522,+,3,12.84595,5.7289567,9.776917,11.035435,-58.529297,6.6115665
chrX,82084376,82084869,-,6,20.015076,0.2431348,5.8555126,1.1996945,19.384901,20.59656
chrX,82090352,82090845,-,6,18.191774,0.54041827,6.009978,1.033552,19.417454,20.60377
chrX,84189604,84190092,-,10,18.500172,7.2352204,7.1500416,6.317385,-40.96648,32.48265
chrX,90510670,90510706,+,5,1.2954712,0.41590068,14.455941,14.66246,-49.88478,-33.085968
chrX,90571753,90572272,+,3,11.110488,3.7051432,9.980496,11.228732,-61.574833,2.185534
chrX,90578038,90578531,+,10,19.792585,5.120367,5.997131,5.1182814,-23.614729,30.399273
chrX,90711789,90712281,-,0,21.596428,-4.4474454,24.815434,0.4835649,-0.41012073,-38.854546
chrX,90717637,90718129,-,0,21.596428,-4.4474454,24.814814,0.5409741,1.5840777,-41.594803
chrX,91062200,91062719,+,3,12.727646,5.952859,9.833193,11.096341,-58.371914,4.090414
chrX,93094159,93094586,+,7,16.10513,3.482868,4.053627,6.506435,-29.869555,3.1378605
chrX,94064024,94064516,-,6,21.204575,-4.058674,7.742956,-0.19261082,18.735533,-16.16332
chrX,95566971,95567468,+,9,19.71306,0.26857686,4.8264065,3.1851225,3.898652,6.207496
chrX,95572952,95573498,+,9,23.158798,0.24810567,4.590788,3.6092365,4.319505,6.5559216
chrX,95628824,95629312,+,10,19.545128,6.538024,6.9661827,6.0532722,-38.76785,32.651585
chrX,95822258,95822763,+,2,20.815973,-1.2106006,8.366667,-6.972823,38.293053,40.945183
chrX,95828175,95828680,+,2,20.815973,-1.2106006,8.272634,-6.8721375,38.293053,40.945183
chrX,105424029,105424518,+,3,14.931124,5.0487275,9.611886,10.924218,-56.435204,9.29075
chrX,106332958,106333463,-,9,21.183937,1.3492955,3.0780315,2.3555262,16.48625,27.269434
chrX,106696877,106697311,+,8,16.106945,6.6797447,5.8520203,7.0796666,-41.251694,12.865783
chrX,109265131,109265624,+,2,20.06609,-0.23532112,8.432044,-7.060676,40.41146,45.32595
chrX,109271036,109271529,+,2,20.06609,-0.23532112,8.43077,-7.05915,40.411446,45.32595
chrX,110514701,110515194,-,0,20.755863,-4.5212145,24.413607,0.45287827,-7.698754,-38.372753
chrX,110520606,110521098,-,0,21.596428,-4.4474454,24.696522,0.47571743,-0.120845735,-41.72277
chrX,110619293,110619786,-,9,20.8652,0.6506306,5.023172,3.6269288,14.93802,8.40093
chrX,110725501,110725999,-,-1,20.813553,-4.794391,1.042632,-1.8949823,40.75353,-26.899424
chrX,110731411,110731909,-,-1,20.813553,-4.794391,1.0456198,-1.8930732,40.75353,-26.899424
chrX,112727448,112727888,+,7,17.804533,1.3019078,3.4367297,6.465073,-19.183552,-0.3479696
chrX,112733375,112733815,+,7,18.166473,2.068665,3.522383,6.3367014,-19.22299,-0.3715853
chrX,114212052,114212492,-,8,17.584494,6.9142666,5.692857,6.880406,-38.2139,11.339624
chrX,114497174,114497666,-,-1,20.697847,-3.724674,1.4789522,1.3499818,29.256227,-15.697709
chrX,114503078,114503570,-,-1,20.697847,-3.724674,1.4790574,1.3498882,29.256227,-15.697709
chrX,117271853,117272346,-,9,21.713957,0.029234432,4.0417857,2.679486,1.1223432,-0.35098258
chrX,118118732,118118848,-,4,4.634229,-1.3058498,13.69041,12.233401,-33.11626,-32.811417
chrX,118773082,118773574,-,0,21.596428,-4.4474454,24.86044,0.59099674,-1.207341,-39.1675
chrX,118965550,118966019,-,10,15.849538,3.2260146,4.5855565,5.397617,-20.707823,12.5740795
chrX,119749495,119749977,-,9,21.187548,-0.6201177,3.633525,3.4622545,-2.9139879,1.9764444
chrX,121132408,121132895,-,10,18.044281,5.5379066,6.6209836,5.6319804,-31.475687,33.219467
chrX,123814420,123814913,-,-1,19.196545,-1.7750268,-12.468546,3.3259358,5.3699975,-78.01939
chrX,123820364,123820857,-,-1,19.67968,-1.7756835,-12.469173,3.361788,5.36157,-78.02661
chrX,126313690,126314130,-,7,15.908015,1.8759403,3.8060963,6.7382507,-26.43671,-2.209212
chrX,126875552,126876044,-,-1,19.453566,0.7566464,5.7071295,-1.6719042,7.4902825,51.543545
chrX,126881495,126881987,-,-1,19.453566,0.7566464,5.7117143,-1.6768775,7.4902825,51.543545
chrX,127001200,127001694,+,9,20.617502,-0.65173787,4.792844,2.8820667,7.1660643,3.7707696
chrX,127007179,127007498,+,4,14.644103,-3.4051864,13.620651,11.032447,-21.95256,-29.826515
chrX,127007995,127008489,+,9,20.610434,-0.69515395,4.8358455,2.8013217,7.1785693,3.7750053
chrX,128522575,128523061,-,10,18.397667,5.50188,6.2975597,4.8812046,-19.823797,25.03581
chrX,128546210,128546885,+,-1,14.228369,-0.54905266,5.7805414,-1.7461433,4.1141024,52.701157
chrX,128547684,128548177,-,-1,20.660479,-1.4189117,24.285254,16.608694,67.11534,8.7659025
chrX,128550725,128551013,+,4,10.474593,0.047869533,13.638807,11.220594,-22.15877,-31.602354
chrX,128552172,128552453,-,4,12.849924,-6.169117,13.664568,11.16752,-24.08546,-34.102173
chrX,128552715,128552848,+,5,3.8984385,2.8087416,15.067108,15.14043,-56.22544,-28.611921
chrX,131144288,131144767,+,10,19.180313,4.8355184,6.340826,5.054496,-21.384087,28.655827
chrX,132632291,132632766,-,10,17.485256,4.443386,6.1613727,5.3257604,-24.50716,31.672247
chrX,132750023,132750522,-,9,19.972641,2.9723208,4.204075,3.582122,3.4096603,23.052006
chrX,134008591,134008876,+,4,10.316339,2.1652737,13.519847,11.391389,-25.79619,-27.312357
chrX,138508825,138509316,+,-1,20.596186,-3.847879,14.668163,-8.864782,-0.8119438,-52.33632
chrX,138514725,138515216,+,-1,20.596186,-3.847879,14.668328,-8.864668,-0.8119438,-52.33632
chrX,139146491,139146984,+,9,20.376127,1.5828122,5.0007763,3.6406553,14.218617,6.534472
chrX,140482922,140483140,+,4,7.271185,-0.34266624,13.706068,11.78741,-30.2974,-31.908264
chrX,147625996,147626483,-,10,17.351995,6.2100863,6.6060038,5.8410406,-36.0702,25.38579
chrX,148804652,148805144,-,0,21.596428,-4.4474454,24.79529,0.3717086,0.6564353,-42.222897
chrX,148810556,148811048,-,0,21.596428,-4.4474454,24.879278,0.49170667,-1.1023839,-38.092354
chrX,150193719,150194212,+,2,19.557774,-1.3043337,8.246394,-6.8351207,37.014263,39.080585
chrX,150199624,150200117,+,2,19.557774,-1.3043337,8.246444,-6.835313,37.014263,39.080585
chrX,151328961,151329163,+,5,6.099692,3.8331463,15.558662,15.483143,-58.14735,-22.26899
chrX,151776176,151776207,+,4,0.43675983,0.06609054,13.629632,12.640157,-40.522297,-29.443554
chrX,153798249,153798742,-,9,20.897173,0.8369126,4.863946,2.9827924,10.568962,2.0320632
chrX,154591430,154591923,-,9,19.547783,-0.34567192,4.4505835,2.4093473,8.572246,-0.95760745
chrX,155990852,155991344,+,0,21.410917,-4.487138,24.759327,0.5069392,7.0652556,-33.782326
chrX,155996756,155997248,+,0,21.410917,-4.487138,24.800352,0.47987318,7.0652556,-33.782326
chrX,157380206,157380698,+,0,21.596428,-4.4474454,24.83866,0.46248186,-0.20860033,-40.22147
chrX,157987286,157987779,+,9,20.086721,1.2673767,3.7976053,3.4200323,9.938734,19.70459
chrX,159662807,159663299,+,-1,20.986036,-3.4106078,8.50182,23.918596,32.46484,-24.374826
chrX,159668712,159669204,+,-1,20.986036,-3.4106078,8.473851,23.886435,32.46484,-24.374826
chrX,161179180,161179678,-,-1,20.977144,-5.2676306,8.634616,24.072515,53.750877,46.266243
chrX,161185090,161185588,-,-1,20.977144,-5.2676306,8.690259,24.135712,53.750877,46.266243
chrX,165341109,165341543,-,8,15.279593,5.2147894,5.7195997,6.778755,-36.54437,13.67934
chrX,167629954,167630147,+,5,5.910664,2.975492,15.574244,15.463329,-60.178886,-23.675392
chrY,704889,705299,-,4,17.593096,-0.23720296,13.46159,10.515274,-14.130349,-24.197117
chrY,1372443,1372485,-,5,0.4385043,0.15095404,14.227364,14.155462,-45.363968,-30.634974
chrY,1461969,1462462,-,9,19.51155,2.9409027,3.123371,4.151454,-0.6857059,30.529257
chrY,1785046,1785539,-,10,18.382236,4.1232457,6.7281,5.66575,-33.989716,33.567135
chrY,1903909,1904402,-,10,17.002613,5.9371705,6.7228837,5.5807495,-31.22087,37.31885
chrY,2038916,2039409,+,8,15.198095,5.832747,5.8917475,6.6225185,-32.908573,20.785301
chrY,2044851,2045350,+,10,17.717741,4.8366656,6.118455,5.58917,-28.509676,22.417444
chrY,2284972,2285462,-,9,21.414885,2.871665,4.584135,3.4889529,-7.958318,20.655907
chrY,2288355,2288848,-,9,21.557478,2.9097118,4.661861,3.5243723,-7.961501,20.657774
chrY,3966583,3967012,-,7,16.850552,3.1831875,4.2004695,6.201527,-22.669043,7.730786
chrY,4006237,4006668,-,7,17.307798,1.8792678,3.7897866,6.7522054,-23.843145,-6.5950913
chrY,4012128,4012557,-,7,16.692865,2.2497644,3.798737,6.7627454,-23.837002,-6.940628
chrY,4062083,4062542,-,-1,14.014422,5.3554864,5.6631904,6.401602,-30.492943,20.453602
chrY,4361354,4361857,+,10,17.224783,4.0369644,5.875382,5.4222264,-10.659635,39.853355
chrY,6765305,6765798,+,6,20.894186,0.7616555,5.1765537,1.8622134,15.208631,16.482746
chrY,6770044,6770537,+,6,20.894186,0.7616555,5.1673913,1.8707418,15.208584,16.4824
chrY,9923116,9923607,-,10,16.847103,3.0790672,5.7115335,4.5157614,-9.439403,36.856712
chrY,12389157,12389597,-,7,16.358025,1.811151,3.347183,6.183619,-15.162367,-5.4375505
chrY,12898083,12898577,+,10,15.824515,3.027349,6.541096,5.0105767,-23.842766,16.753414
chrY,12903996,12904490,+,10,16.656511,3.2552037,6.5871363,5.0128484,-24.879171,16.488344
chrY,17101046,17101486,-,7,16.358025,1.811151,3.3262527,6.1603675,-15.162367,-5.4375505
chrY,17611298,17611792,+,10,15.824515,3.027349,6.566047,4.969949,-23.842766,16.753414
chrY,17617211,17617705,+,10,16.656511,3.2552037,6.51743,5.039551,-24.879171,16.488344
chrY,21804143,21804421,+,4,12.757611,-2.2832112,13.637334,11.219282,-23.86377,-30.771133
chrY,23124356,23124849,+,9,20.623968,-0.17765824,3.3820152,2.9518163,23.985342,14.541724
chrY,23130300,23130793,+,9,20.623968,-0.17765824,3.377332,2.9498882,23.984894,14.541396
chrY,41248547,41249040,+,9,19.995756,1.461115,4.9363513,3.0170202,8.464032,4.5783668
chrY,79042021,79042514,-,9,20.623968,-0.17765824,3.3843002,2.9652345,23.985142,14.541856
chrY,79047965,79048458,-,9,20.623968,-0.17765824,3.3771806,2.9517925,23.985058,14.541277
