motif	consensus	observed_consensus	consensus_full	motif_width	copies_with_hit	n_copies	pct_copies	pct_copies_bg	fold_prevalence	hits	hits_per_kb	hits_per_kb_bg	best_score	fisher_p	fdr_q
Tfcp2l1 (MA0145.2)	CCRGYYHVRDCCRG	CCAGYVHMADCCWG	CCRGYYHVRDCCRG	14	275	523	52.58	19.488	2.7	494	0.59	0.18	12.466	1.385779044908596e-60	1.2180997804746559e-57
MTF1 (MA0863.1)	TKTGCACACGKCMC	TKWGCACAYVKCAS	TKTGCACACGKCMC	14	212	523	40.54	13.446	3.01	270	0.32	0.109	13.597	3.02424537433182e-50	1.329155842018835e-47
GRHL1 (MA0647.2)	AACCGGTT	MAACMRGTTK	WAACCGGTTW	10	221	523	42.26	15.281	2.77	559	0.67	0.205	10.478	5.656481365493997e-47	1.6573490400897412e-44
TFAP2C (MA0815.1)	GCCCYBRGGGC	KSCCYYSRRGGSM	WGCCCYBRGGGCW	13	169	523	32.31	9.338	3.46	533	0.64	0.149	10.939	1.4869539994710838e-45	3.2675814138377067e-43
TFAP2A (MA0872.1)	GCCCYBRGGGC	KSCCCYSRGGGSM	WGCCCYBRGGGCW	13	168	523	32.12	9.943	3.23	348	0.42	0.148	10.891	1.2019769979214829e-41	2.113075562345967e-39
TFAP2B (MA0813.1)	GCCCYBRRGGC	RSCCCYBRRGGSM	WGCCCYBRRGGCW	13	174	523	33.27	10.883	3.06	448	0.54	0.158	10.775	2.1175233359188276e-40	3.1021716871210826e-38
TFCP2 (MA1968.2)	AACCGGWT	MAACYRGWT	RAACCGGWT	9	183	523	34.99	12.558	2.79	401	0.48	0.122	10.694	1.0341337069347043e-37	1.2985764691365788e-35
REL (MA0101.1)	GGRNWTTCC	KGGKMTTTYC	SGGRNWTTCC	10	215	523	41.11	17.69	2.32	384	0.46	0.152	9.82	2.5045850677622038e-34	2.6637626149242344e-32
SATB1 (MA1963.2)	CTAATAA	CTAATAA	CTAATAA	7	237	523	45.32	20.887	2.17	370	0.44	0.181	9.395	2.7274019948029703e-34	2.6637626149242344e-32
HMBOX1 (MA0895.2)	TRGTTA	TAGTTAA	TRGTTAM	7	201	523	38.43	16.543	2.32	242	0.29	0.134	8.217	1.542977173241059e-31	1.356276935278891e-29
GRHL2 (MA1105.3)	AACAGGTT	ARCWGGTT	AACAGGTT	8	252	523	48.18	25.101	1.92	607	0.73	0.241	10.162	9.364153326321068e-29	7.482809794396563e-27
ZIC1 (MA0696.1)	CCCCCYGCTGYG	BMCMCCMYRCKGTG	KRCCCCCYGCTGYG	14	171	523	32.7	13.338	2.45	212	0.25	0.117	12.394	1.6040389946357054e-28	1.1749585635706543e-26
VEZF1 (MA1578.2)	CCCCCC	CCCCCC	CCCCCC	6	221	523	42.26	20.581	2.05	469	0.56	0.262	8.042	5.6381490063274085e-28	3.812256135816763e-26
MYBL1 (MA0776.1)	CGTTAAC	AMAGTTAACRKT	RCCGTTAACSKY	12	103	523	19.69	5.522	3.57	125	0.15	0.051	11.874	1.520406096002754e-27	9.54597827418872e-26
ETV5 (MA0765.4)	CCGGAAGT	MCCGGAARY	RCCGGAAGT	9	86	523	16.44	4.122	3.99	102	0.12	0.03	9.878	7.247994319139424e-26	4.2473246710157024e-24
TP63 (MA0525.2)	ACATGTYRKRACATGT	ARMAWGTTDWRACWTGTY	RACATGTYRKRACATGTM	18	168	523	32.12	13.751	2.34	281	0.34	0.146	11.091	1.0449224457473929e-25	5.7405426863247395e-24
NR4A1 (MA1112.3)	AAAGGTCA	AAAGGTYA	AAAGGTCA	8	289	523	55.26	32.574	1.7	574	0.69	0.328	10.326	1.3584593372471792e-25	7.02403386729571e-24
ZIC4 (MA0751.2)	CCMCCYGYDG	SMCYCCMYRCKGTG	KRCCMCCYGYDGHK	14	153	523	29.25	11.847	2.47	192	0.23	0.103	12.289	2.0034586241862706e-25	9.783556281442955e-24
IRF5 (MA1420.1)	GAAACCRA	YCAAAACCAAAAYY	YYGAAACCRAWMMY	14	196	523	37.48	17.996	2.08	386	0.46	0.147	12.614	9.012266617753099e-25	4.169359135265776e-23
PLAGL2 (MA1548.2)	GGGCCCC	KGGCCCCC	GGGCCCCY	8	145	523	27.72	11.189	2.48	314	0.38	0.132	10.04	4.4129463508234224e-24	1.9394899211868939e-22
SMAD5 (MA1557.1)	GTCTAGAC	WGTSYRGACW	YGTCTAGACW	10	114	523	21.8	7.465	2.92	197	0.24	0.092	8.398	7.981572537770051e-24	3.3408582193808928e-22
ELK3 (MA0759.3)	CCGGAAGT	MCCGGAARY	RCCGGAAGT	9	84	523	16.06	4.551	3.53	99	0.12	0.033	9.872	4.1000073013839387e-22	1.6381392808711283e-20
IRF4 (MA1419.2)	CGAAACCGAAAC	CAAAACCAAAAYYM	CGAAACCGAAACYW	14	231	523	44.17	24.474	1.8	454	0.54	0.217	10.761	6.02928360964617e-22	2.304234909947384e-20
SPDEF (MA0686.2)	AMCCGGATRT	WMCCGGAWRY	AMCCGGATRT	10	107	523	20.46	7.388	2.77	136	0.16	0.054	11.739	1.0971669937973231e-20	2.6539992775547306e-19
FOXA3 (MA1683.2)	GTAAACA	GTAAACA	GTAAACA	7	197	523	37.67	19.686	1.91	244	0.29	0.162	8.909	1.1171555548296365e-20	2.6539992775547306e-19
FOXD1 (MA0031.2)	GTAAACA	GTAAACA	GTAAACA	7	197	523	37.67	19.686	1.91	244	0.29	0.162	9.079	1.1171555548296365e-20	2.6539992775547306e-19
FOXI1 (MA0042.2)	GTAAACA	GTAAACA	GTAAACA	7	197	523	37.67	19.686	1.91	244	0.29	0.162	9.233	1.1171555548296365e-20	2.6539992775547306e-19
FOXK1 (MA0852.3)	GTAAACA	GTAAACA	GTAAACA	7	197	523	37.67	19.686	1.91	244	0.29	0.162	9.118	1.1171555548296365e-20	2.6539992775547306e-19
FOXK2 (MA1103.3)	TAAACA	GTAAACA	GTAAACA	7	197	523	37.67	19.686	1.91	244	0.29	0.162	8.902	1.1171555548296365e-20	2.6539992775547306e-19
FOXL1 (MA0033.2)	TAAACA	GTAAACA	RTAAACA	7	197	523	37.67	19.686	1.91	244	0.29	0.162	8.57	1.1171555548296365e-20	2.6539992775547306e-19
FOXO4 (MA0848.1)	GTAAACA	GTAAACA	GTAAACA	7	197	523	37.67	19.686	1.91	244	0.29	0.162	8.876	1.1171555548296365e-20	2.6539992775547306e-19
FOXP1 (MA0481.4)	GTAAACA	GTAAACA	GTAAACA	7	197	523	37.67	19.686	1.91	244	0.29	0.162	8.878	1.1171555548296365e-20	2.6539992775547306e-19
FOXP3 (MA0850.1)	RYAAAYA	GTAAACA	RYAAAYA	7	197	523	37.67	19.686	1.91	244	0.29	0.162	8.112	1.1171555548296365e-20	2.6539992775547306e-19
FOXP4 (MA2117.1)	TAAACA	GTAAACA	GTAAACA	7	197	523	37.67	19.686	1.91	244	0.29	0.162	8.864	1.1171555548296365e-20	2.6539992775547306e-19
Foxf1 (MA1606.2)	TAAACA	GTAAACA	RTAAACA	7	197	523	37.67	19.686	1.91	244	0.29	0.162	8.773	1.1171555548296365e-20	2.6539992775547306e-19
Foxo1 (MA0480.3)	GTAAACA	GTAAACA	GTAAACA	7	197	523	37.67	19.686	1.91	244	0.29	0.162	8.832	1.1171555548296365e-20	2.6539992775547306e-19
Foxo3 (MA0157.4)	GTAAACA	GTAAACA	GTAAACA	7	197	523	37.67	19.686	1.91	244	0.29	0.162	8.945	1.1171555548296365e-20	2.6539992775547306e-19
ELK4 (MA0076.3)	CTTCCGG	MRYTTCCKG	BRCTTCCGG	9	141	523	26.96	12.023	2.24	208	0.25	0.09	9.566	1.3706132912420164e-19	3.170444955267717e-18
ZNF449 (MA1656.2)	AGCCCAAC	ARGCCCAMCC	MAGCCCAACM	10	209	523	39.96	22.027	1.81	258	0.31	0.201	12.15	1.5512975977784253e-19	3.496386124223682e-18
ZNF136 (MA1588.1)	ATTCTKGGYTG	MWATKCYWRGTTRRH	RWATTCTKGGYTGRM	15	275	523	52.58	33.117	1.59	538	0.64	0.332	15.164	2.3947396690702386e-19	5.26244042278185e-18
IRF2 (MA0051.2)	GAAAGYGAAAS	BRAAAVYRAAASMHAA	SGAAAGYGAAASYNWW	16	287	523	54.88	35.388	1.55	616	0.74	0.378	11.91	4.442569585131802e-19	9.524435769099645e-18
SMAD3 (MA0795.1)	GTCTAGAC	WGTSTAGACA	YGTCTAGACW	10	130	523	24.86	10.853	2.29	234	0.28	0.122	8.421	1.1809144058233616e-18	2.471485149330321e-17
HOXB8 (MA1502.2)	YMATTA	GCAATTA	KYMATTA	7	158	523	30.21	14.837	2.04	271	0.32	0.114	7.926	2.4565292866303247e-18	4.907475552154671e-17
HOXD8 (MA0910.3)	YMATTA	GCAATTA	RYMATTA	7	158	523	30.21	14.837	2.04	271	0.32	0.114	7.934	2.4565292866303247e-18	4.907475552154671e-17
NKX2-2 (MA1645.2)	CACTCA	CCACTCMA	CCACTCAA	8	214	523	40.92	23.388	1.75	359	0.43	0.209	10.038	2.7453945473860623e-18	5.362670682560775e-17
KLF13 (MA0657.2)	RMCACGCCCCY	KGMCASGYCCCTKKTTW	KRMCACGCCCCYTTDKK	17	147	523	28.11	13.369	2.1	178	0.21	0.103	7.192	4.3713024728271526e-18	8.352988855684929e-17
PBX1 (MA0070.2)	ATCAATCA	ATCAAKCAR	ATCAATCAW	9	224	523	42.83	25.239	1.7	288	0.34	0.242	11.266	8.238350083859016e-18	1.5407467497259734e-16
DMRTA2 (MA1478.2)	GWWACA	GTTACA	GWWACA	6	293	523	56.02	37.277	1.5	592	0.71	0.417	6.873	1.2799505108985743e-17	2.343909373083014e-16
PAX8 (MA2094.1)	GTCACGCWYSR	STMCAYGCWYGGCYRA	SGTCACGCWYSRVYRM	16	97	523	18.55	6.983	2.66	116	0.14	0.049	10.226	1.3638601073354191e-17	2.4465980292812926e-16
Atoh1 (MA1467.3)	CAGATG	CAGATGG	CAGATGK	7	197	523	37.67	21.033	1.79	251	0.3	0.177	9.118	1.497994997188609e-17	2.5818384363309553e-16
NEUROG2 (MA1642.2)	CAGATG	CAGATGG	CAGATGK	7	197	523	37.67	21.033	1.79	251	0.3	0.177	9.083	1.497994997188609e-17	2.5818384363309553e-16
Nr2e1 (MA0676.1)	AAGTCA	WWAAGTCAW	WRAAGTCAW	9	291	523	55.64	37.055	1.5	678	0.81	0.416	10.577	2.271897996938387e-17	3.840381421747773e-16
ETV4 (MA0764.4)	CCGGA	MCCGGAARY	RCCGGAAGY	9	91	523	17.4	6.34	2.74	115	0.14	0.046	9.629	2.5587344684571493e-17	4.243636976931763e-16
TP53 (MA0106.3)	CATGYCYRGRCATGT	RRMRWGYYBVRRCWWKYY	RACATGYCYRGRCATGTY	18	160	523	30.59	15.541	1.97	309	0.37	0.189	10.555	2.8214206820851035e-17	4.592645888060751e-16
ETS2 (MA1484.2)	ACCGGAWG	ASMGGAWGY	ACCGGAWGY	9	119	523	22.75	9.889	2.3	164	0.2	0.073	10.769	3.951396339959008e-17	6.31504978695267e-16
ELK1 (MA0028.3)	CCGGAAGT	MCCGGAARY	RCCGGAAGT	9	89	523	17.02	6.226	2.73	112	0.13	0.045	9.676	7.670866002482283e-17	1.2040520028896296e-15
IRF7 (MA0772.2)	CGAAARYGAAA	VDAAARYVAAARW	CGAAARYGAAAVW	13	333	523	63.67	45.461	1.4	1078	1.29	0.64	11.662	1.719400795866114e-16	2.6514970167830074e-15
GLIS1 (MA0735.2)	GACCCCCCACGWWG	WGRCCCCCCAYDHWG	MGACCCCCCACGWWG	15	93	523	17.78	6.83	2.6	104	0.12	0.05	13.591	2.336410722967028e-16	3.5408707336000304e-15
NR1D2 (MA1532.2)	TRGGTYAGTRGGTCA	YRKRTTASTGKGTYA	TRGGTYAGTRGGTCA	15	228	523	43.59	26.692	1.63	302	0.36	0.253	13.486	2.946090305632621e-16	4.389175218052668e-15
GLIS2 (MA0736.1)	ACCCCCCRCRDHG	SRCCCCCYMYRSWG	KACCCCCCRCRDHG	14	124	523	23.71	10.853	2.18	172	0.21	0.089	13.349	3.0331011370148976e-16	4.443493165726825e-15
HOXC11 (MA0651.3)	GTCGTAAAA	WRGTMRTWAAA	WRGTCGTAAAA	11	155	523	29.64	15.273	1.94	205	0.25	0.119	13.672	3.880107677420738e-16	5.591171554840702e-15
FOXN3 (MA1489.1)	GTAAACAA	GTAAACAA	GTAAACAA	8	95	523	18.16	7.174	2.53	96	0.11	0.05	10.866	5.369739561573812e-16	7.612904959069969e-15
HNF4A (MA1494.2)	GTYCAAAGGTC	RRGTMMAAAKKKYA	RRGTYCAAAGGTCR	14	203	523	38.81	22.822	1.7	258	0.31	0.194	12.486	8.228126474781342e-16	1.1480195510052063e-14
NR4A2 (MA0160.3)	AAAGGTCA	RAAGGKCA	AAAGGTCA	8	257	523	49.14	31.931	1.54	399	0.48	0.316	9.993	9.615109682727464e-16	1.3205752204871001e-14
GATA1 (MA0035.5)	CTWATCT	CTAATCT	CTWATCT	7	152	523	29.06	15.105	1.92	177	0.21	0.115	8.784	1.736120073671807e-15	2.3477685303961822e-14
Hand1 (MA2123.1)	CAGACC	YMCAGACCH	DCCAGACCY	9	215	523	41.11	25.025	1.64	339	0.41	0.238	10.669	2.4611115619478108e-15	3.277753125685039e-14
NFE2 (MA0841.2)	ATGACTCAT	ATGAVYCAYY	ATGACTCATS	10	178	523	34.03	19.159	1.78	282	0.34	0.213	12.736	3.232940877833726e-15	4.241425420322157e-14
Dlx5 (MA1476.3)	GCAATTA	GCAATTAR	GCAATTAK	8	185	523	35.37	20.39	1.73	353	0.42	0.171	10.078	6.1530209405820024e-15	7.953684421722913e-14
ZBTB7C (MA0695.2)	ACCACC	RGACCACC	SRACCACC	8	145	523	27.72	14.325	1.94	182	0.22	0.113	9.432	6.618672887582682e-15	8.431613722007504e-14
Znf423 (MA0116.1)	SMMCCYWRGGKKKM	RSMMCCYWDGGKKBM	RSMMCCYWRGGKKKM	15	150	523	28.68	15.151	1.89	264	0.32	0.148	11.81	1.0805417160667395e-14	1.3568516691752344e-13
RELA (MA0107.1)	GGRRTTTCC	SGGRRTTTYC	SGGRRTTTCC	10	183	523	34.99	20.489	1.71	280	0.34	0.194	11.699	4.1031272514255945e-14	5.079787118314222e-13
ZNF341 (MA1655.2)	AACAGC	GAACAGCM	SAACAGCH	8	188	523	35.95	21.3	1.69	258	0.31	0.182	9.845	4.375228453469634e-14	5.341424736944178e-13
CTCF (MA0139.2)	CCASYAGRKGGC	DCCASMAGADGGMDS	RCCASYAGRKGGCRS	15	196	523	37.48	22.654	1.65	307	0.37	0.217	11.203	5.804698838600871e-14	6.989493533055022e-13
Nr1h3::Rxra (MA0494.2)	TGMCCYVDRRTRRCC	TGDCMYRWRRTAAMYT	TGMCCYVDRRTRRCCY	16	246	523	47.04	31.143	1.51	406	0.49	0.321	13.106	7.743386595233792e-14	9.197887590825004e-13
MGA (MA0801.1)	GTGTGA	KGGTGTGA	RGGTGTGA	8	231	523	44.17	28.612	1.54	304	0.36	0.277	9.855	9.651210518708396e-14	1.131121872792624e-12
KLF17 (MA1514.2)	CCACRCWCCC	ACCACRCWYCCMYY	MCCACRCWCCCMYY	14	199	523	38.05	23.266	1.64	295	0.35	0.255	11.865	9.784869250313362e-14	1.131697377766506e-12
ZNF816 (MA1719.2)	GGGGACMTG	WGGRGACMWKMHRRG	KGGGGACMTGYHDRV	15	196	523	37.48	22.792	1.64	436	0.52	0.222	13.086	1.0406213015666653e-13	1.1879300312689595e-12
TFAP2E (MA1569.2)	SCCYSRGGS	SCCTSAGGS	SCCYSRGGS	9	123	523	23.52	11.885	1.98	272	0.33	0.196	9.545	3.737161721153435e-13	4.2114937857613706e-12
IRF9 (MA0653.1)	AWCGAAACCGAAAC	RWMAAAAMYVAAASY	AWCGAAACCGAAACY	15	275	523	52.58	36.88	1.43	634	0.76	0.421	8.126	5.996654955009624e-13	6.672227475257543e-12
GATA2 (MA0036.4)	TTATC	CTTATCT	YTTATCT	7	165	523	31.55	18.279	1.73	195	0.23	0.147	9.0	6.615071232929984e-13	7.26830951718182e-12
ZNF682 (MA1599.2)	GCYAAGCCCC	RGRBMAGCCCC	RGCYAAGCCCC	11	162	523	30.98	17.92	1.73	268	0.32	0.167	10.9	1.072225961603805e-12	1.1635637287033884e-11
ZNF530 (MA1981.2)	GMARGGMVAGGG	GRMRGGMMAGRGGM	GMARGGMVAGGGSC	14	242	523	46.27	31.228	1.48	494	0.59	0.411	13.156	1.3509323081723012e-12	1.4481335352237228e-11
ZBTB7A (MA0750.3)	CCGGAAG	CMGGAAGSK	CCGGAAGYS	9	139	523	26.58	14.654	1.81	203	0.24	0.115	9.438	3.40300872686989e-12	3.603909242070642e-11
ELK1::SREBF2 (MA1933.2)	CGGAAGTSRCGTG	SVGGAWGYGWGGTGR	SCGGAAGTSRCGTGA	15	95	523	18.16	8.428	2.16	104	0.12	0.061	12.174	4.386789909056733e-12	4.5904622976915106e-11
ELF4 (MA0641.1)	CCGGAAGT	VACCMGGAAGYD	DWMCCGGAAGTR	12	134	523	25.62	13.981	1.83	160	0.19	0.107	11.531	4.86809132675213e-12	5.0341791484883786e-11
Sox6 (MA0515.1)	CWTTGT	YYTTTGTYTT	YCWTTGTYYY	10	289	523	55.26	40.275	1.37	498	0.6	0.465	10.754	9.004969528214876e-12	9.203916529419624e-11
Plagl1 (MA1615.2)	GGGGCCA	KGGGGCCA	WGGGGCCA	8	185	523	35.37	22.126	1.6	369	0.44	0.211	10.068	1.0033158397997997e-11	1.013694969177039e-10
ETV2::HOXB13 (MA1943.2)	CGGAWMYATWA	SAGGAAMWRTWAD	SCGGAWMYATWAA	13	149	523	28.49	16.436	1.73	213	0.26	0.127	10.378	1.1328330649529739e-11	1.131545754651891e-10
Dlx2 (MA0885.3)	GCAATTA	GCAATTAR	GCAATTAR	8	185	523	35.37	22.226	1.59	355	0.43	0.19	10.089	1.474657963515377e-11	1.456431853853951e-10
ZBTB33 (MA0527.2)	TCTCGCG	TCCCGCGATG	TCTCGCGRKR	10	37	523	7.07	1.813	3.9	38	0.05	0.017	9.016	2.391050132945233e-11	2.3352589631765114e-10
Prdm15 (MA1616.2)	AAAACCYGG	SAAARMCTGGA	BAAAACCYGGM	11	253	523	48.37	34.065	1.42	379	0.45	0.347	11.722	2.7874997630583884e-11	2.692540979921235e-10
TFAP2A (MA0810.2)	CCYBVRGGC	MSCCCBRGGGC	YSCCYBVRGGC	11	133	523	25.43	14.256	1.78	285	0.34	0.16	10.402	3.653296473576171e-11	3.4904865220363633e-10
PROX1 (MA0794.1)	AAGACGYCTT	YAWGAYKYCTKR	YAAGACGYCTTR	12	119	523	22.75	12.337	1.84	189	0.23	0.105	11.808	7.970619681545658e-11	7.416472394020253e-10
BARX1 (MA0875.2)	ATTA	CAATTA	YMATTA	6	306	523	58.51	44.237	1.32	829	0.99	0.609	7.152	9.365511214291787e-11	7.416472394020253e-10
BSX (MA0876.2)	ATTA	CAATTA	YVATTA	6	306	523	58.51	44.237	1.32	829	0.99	0.609	6.838	9.365511214291787e-11	7.416472394020253e-10
DLX1 (MA0879.3)	ATTA	CAATTA	YMATTA	6	306	523	58.51	44.237	1.32	829	0.99	0.609	7.213	9.365511214291787e-11	7.416472394020253e-10
DLX6 (MA0882.2)	AATTA	CAATTA	YAATTA	6	306	523	58.51	44.237	1.32	829	0.99	0.609	7.181	9.365511214291787e-11	7.416472394020253e-10
Dlx3 (MA0880.2)	ATTA	CAATTA	YAATTA	6	306	523	58.51	44.237	1.32	829	0.99	0.609	6.928	9.365511214291787e-11	7.416472394020253e-10
Dlx4 (MA0881.2)	ATTA	CAATTA	YAATTA	6	306	523	58.51	44.237	1.32	829	0.99	0.609	7.066	9.365511214291787e-11	7.416472394020253e-10
GBX2 (MA0890.2)	AATTA	CAATTA	YAATTA	6	306	523	58.51	44.237	1.32	829	0.99	0.609	7.552	9.365511214291787e-11	7.416472394020253e-10
HESX1 (MA0894.2)	TAATT	TAATTG	TAATTR	6	306	523	58.51	44.237	1.32	829	0.99	0.609	7.575	9.365511214291787e-11	7.416472394020253e-10
HOXA7 (MA1498.3)	ATTA	CAATTA	YMATTA	6	306	523	58.51	44.237	1.32	829	0.99	0.609	6.459	9.365511214291787e-11	7.416472394020253e-10
LBX2 (MA0699.2)	AATTA	CAATTA	YAATTA	6	306	523	58.51	44.237	1.32	829	0.99	0.609	6.903	9.365511214291787e-11	7.416472394020253e-10
LHX2 (MA0700.3)	CAATTA	CAATTA	CAATTA	6	306	523	58.51	44.237	1.32	829	0.99	0.609	7.995	9.365511214291787e-11	7.416472394020253e-10
MSX1 (MA0666.3)	AATTA	CAATTA	YAATTA	6	306	523	58.51	44.237	1.32	829	0.99	0.609	7.752	9.365511214291787e-11	7.416472394020253e-10
MSX2 (MA0708.3)	AATTA	CAATTA	YAATTA	6	306	523	58.51	44.237	1.32	829	0.99	0.609	7.715	9.365511214291787e-11	7.416472394020253e-10
Msx3 (MA0709.2)	AATTA	CAATTA	YAATTA	6	306	523	58.51	44.237	1.32	829	0.99	0.609	7.743	9.365511214291787e-11	7.416472394020253e-10
Nobox (MA0125.2)	TAATT	TAATTG	TAATTR	6	306	523	58.51	44.237	1.32	829	0.99	0.609	7.32	9.365511214291787e-11	7.416472394020253e-10
RAX (MA0718.2)	AATTA	CAATTA	YAATTA	6	306	523	58.51	44.237	1.32	829	0.99	0.609	7.35	9.365511214291787e-11	7.416472394020253e-10
RAX2 (MA0717.2)	ATTA	CAATTA	YAATTA	6	306	523	58.51	44.237	1.32	829	0.99	0.609	6.792	9.365511214291787e-11	7.416472394020253e-10
SHOX (MA0630.2)	TAAT	TAATTG	TAATTR	6	306	523	58.51	44.237	1.32	829	0.99	0.609	6.846	9.365511214291787e-11	7.416472394020253e-10
BCL11A (MA2324.1)	TGACC	CTGACCA	CTGACCW	7	151	523	28.87	17.285	1.67	233	0.28	0.14	8.78	1.1225445401906363e-10	8.809970096674726e-10
NFIC (MA0161.3)	CTTGGCA	CTTGGCA	CTTGGCA	7	157	523	30.02	18.31	1.64	261	0.31	0.145	9.142	1.533353862551759e-10	1.1927593320203506e-09
ELF2 (MA1483.3)	CCGGAA	WMCMGGAARY	WMCCGGAART	10	139	523	26.58	15.885	1.67	170	0.2	0.129	11.659	7.864806365808986e-10	6.064179645215876e-09
Arid3b (MA0601.2)	TTAAT	TATTAAT	WWTTAAT	7	201	523	38.43	26.057	1.47	466	0.56	0.318	8.34	9.00377606137439e-10	6.882016659085295e-09
HOXD3 (MA0912.2)	TAATTA	YTAATTRC	YTAATTAS	8	171	523	32.7	21.055	1.55	288	0.34	0.194	9.845	9.492925223092868e-10	7.193345923360889e-09
MEIS1 (MA1639.2)	ATMAATCA	YATMAATCA	YATMAATCA	9	218	523	41.68	29.071	1.43	315	0.38	0.296	10.851	1.1831511747874582e-09	8.888802415710904e-09
ERF (MA0760.2)	ACCGGAART	ACMGGAARY	ACCGGAART	9	98	523	18.74	9.996	1.87	124	0.15	0.072	10.197	2.658496003466507e-09	1.9760890211258473e-08
FOXA2 (MA0047.4)	GTAAACA	WGTAAAYA	WGTAAACA	8	234	523	44.74	32.153	1.39	348	0.42	0.337	9.518	2.6752513482818642e-09	1.9760890211258473e-08
CEBPD (MA0836.3)	TTGCRCAA	TTRCAYAA	TTGCRCAA	8	203	523	38.81	26.784	1.45	280	0.34	0.245	10.185	3.0841768176349863e-09	2.2591595189176277e-08
NEUROD1 (MA1109.2)	CAGATGG	RCAGMTGG	RCAGATGG	8	213	523	40.73	28.727	1.42	286	0.34	0.274	10.077	5.921580726365647e-09	4.266450375799511e-08
Neurod2 (MA0668.3)	CAGATGG	RCAGMTGG	MCAGATGG	8	213	523	40.73	28.727	1.42	286	0.34	0.274	10.151	5.921580726365647e-09	4.266450375799511e-08
SMAD2 (MA1964.2)	CCAGAC	CCAGAC	CCAGAC	6	265	523	50.67	38.21	1.33	471	0.56	0.445	8.097	9.588798204633364e-09	6.852482619408721e-08
ZNF282 (MA1154.2)	TTTCCCMYWACAC	MYKTCYCYYAACACW	STTTCCCMYWACACK	15	193	523	36.9	25.468	1.45	309	0.37	0.223	11.941	1.0589392218726303e-08	7.506512709887436e-08
PBX3 (MA1114.2)	TGAKTGACAG	TGAGWGACWSK	TGAKTGACAGS	11	230	523	43.98	32.076	1.37	399	0.48	0.32	13.227	1.6601987306118933e-08	1.1674517473662833e-07
ZSCAN29 (MA1602.2)	GTCTACRC	KGTCYACACRK	YGTCTACRCVG	11	93	523	17.78	9.744	1.82	114	0.14	0.071	12.38	2.538437692092846e-08	1.7708624851981046e-07
Lef1 (MA0768.3)	CTTTGAT	MCTTTGAW	SCTTTGAT	8	220	523	42.07	30.524	1.38	311	0.37	0.292	9.979	3.076265469272108e-08	2.1291632657403014e-07
HOXB6 (MA1500.2)	TAATKR	TAATTRC	TAATKRY	7	194	523	37.09	26.226	1.41	432	0.52	0.259	7.447	6.067191295710566e-08	4.1664540226012404e-07
TFAP2B (MA0811.2)	CCYBVRGGC	GCCCYRGGGCT	SCCYBVRGGCR	11	120	523	22.94	14.05	1.63	247	0.3	0.165	10.819	6.428794306617219e-08	4.3805505391601054e-07
Dmrt1 (MA1603.2)	ACAAWGT	HACAAAGTD	WACAAWGTW	9	234	523	44.74	33.4	1.34	399	0.48	0.366	10.734	8.623085631035261e-08	5.830532515138458e-07
TFAP2C (MA0524.3)	CCYBVRGG	GCCCYRGGGCT	SCCYBVRGGSR	11	119	523	22.75	14.065	1.62	248	0.3	0.168	10.771	1.2165462954645207e-07	8.162932776437509e-07
FOXA1 (MA0148.5)	GTAAACA	GTAAACAW	GTAAACAW	8	234	523	44.74	33.576	1.33	348	0.42	0.358	10.1	1.3626202939072235e-07	9.073812411700374e-07
TFAP2A (MA0003.5)	CCTCAGG	SCCTCWGGS	SCCTCAGGS	9	167	523	31.93	21.996	1.45	370	0.44	0.247	10.853	1.7914814800633283e-07	1.183994151109523e-06
ETS1 (MA0098.4)	CCGGAW	ACMGGAARY	RCCGGAWRY	9	99	523	18.93	11.098	1.71	124	0.15	0.081	10.212	1.8799345654584674e-07	1.2331809574910394e-06
CTCF (MA1930.2)	TGCAVTDHHVVVHHHHDDCCWSYAGRKGG	YKRYAGWSSYRHBDMWWRRSCASMAGRKRGMDV	BTGCAVTDHHVVVHHHHDDCCWSYAGRKGGMRS	33	162	523	30.98	21.407	1.45	199	0.24	0.203	10.752	3.7668334311636535e-07	2.43459307793592e-06
SOX9 (MA0077.2)	ATTGT	CMATTGWT	BYATTGTW	8	164	523	31.36	21.744	1.44	252	0.3	0.19	9.076	3.766705205604586e-07	2.43459307793592e-06
LIN54 (MA0619.2)	TTTRAA	TTTAAAT	TTTRAAY	7	325	523	62.14	51.159	1.21	672	0.8	0.927	8.507	4.5404662476738194e-07	2.913189658179042e-06
HOXA10 (MA0899.2)	ATWAA	HTAATAAAA	RYMATWAAH	9	297	523	56.79	45.759	1.24	839	1.0	0.656	9.493	4.58615386840227e-07	2.9211806161779676e-06
ZNF652 (MA1657.2)	AAGRGTTA	AARAGTTAR	AAGRGTTAM	9	234	523	44.74	34.111	1.31	554	0.66	0.361	11.196	5.227017242902105e-07	3.305430328425144e-06
Hmx1 (MA0896.2)	CAATTAA	DRCAATTAA	RRCAATTAA	9	199	523	38.05	27.916	1.36	310	0.37	0.269	11.166	5.748416944084855e-07	3.6091846384647056e-06
GABPA (MA0062.4)	CTTCCT	CHCTTCCTST	YACTTCCTGY	10	246	523	47.04	36.39	1.29	579	0.69	0.391	11.913	6.597676374755002e-07	4.113019527240884e-06
ZKSCAN3 (MA1973.2)	AGGCTAGCCC	CMMAGGCTRGCYCV	MYVAGGCTAGCCCW	14	149	523	28.49	19.511	1.46	221	0.26	0.172	12.425	8.497777226255892e-07	5.260243790055584e-06
PAX1 (MA0779.2)	GTCACGCWTSAVT	STYCAYGCWTGRCYRA	SGTCACGCWTSAVTKM	16	74	523	14.15	7.778	1.82	79	0.09	0.055	8.562	9.70324362882194e-07	5.9644413634506895e-06
ESR2 (MA0258.2)	GGTCASVVWG	RGGTCASDYWGMCYY	RGGTCASVVWGHCYY	15	171	523	32.7	23.319	1.4	320	0.38	0.229	11.519	1.117037385873186e-06	6.818582376267573e-06
HLF (MA0043.4)	TTATGYAA	TTATRYAAH	TTATGYAAY	9	193	523	36.9	27.182	1.36	411	0.49	0.271	11.136	1.2958657118620447e-06	7.855627315356807e-06
ZBTB32 (MA1580.1)	GTACAGT	WDTACAGTWW	WGTACAGTRW	10	198	523	37.86	28.122	1.35	365	0.44	0.27	11.823	1.520706543015019e-06	9.155486652809601e-06
Six3 (MA0631.2)	GGGTATCA	AWRRGRKATCA	WWRGGGTATCA	11	145	523	27.72	19.12	1.45	179	0.21	0.16	11.976	1.8961885077348452e-06	1.1338433321761421e-05
Bcl11B (MA1989.2)	ACCACA	AAACCAMAA	WAACCACAR	9	250	523	47.8	37.713	1.27	699	0.84	0.411	10.732	2.562815428330816e-06	1.5221045685829642e-05
ZNF677 (MA2101.1)	AAGAACAG	DRWAAGAMCAGY	RRYAAGAACAGY	12	266	523	50.86	40.803	1.25	486	0.58	0.464	11.594	3.3535912241862137e-06	1.9783937490333438e-05
POU2F1 (MA0785.2)	TATGYWAA	KATGYWAAW	TATGYWAAT	9	254	523	48.57	38.685	1.26	522	0.63	0.485	10.812	4.275160717238037e-06	2.5052441803014898e-05
CDX4 (MA1473.2)	GYMATAAA	MYMATAAAA	GYMATAAAM	9	267	523	51.05	41.224	1.24	549	0.66	0.539	10.771	5.530459485359181e-06	3.2193866805501455e-05
GLIS3 (MA0737.1)	ACCCCCCACRAMG	GRYCMCCCAYRNWG	KACCCCCCACRAMG	14	115	523	21.99	14.57	1.51	138	0.17	0.115	13.009	5.717876080996954e-06	3.3065875494712645e-05
NR1I3 (MA1534.2)	TGAACT	TGAACTTW	TGAACTHW	8	180	523	34.42	25.56	1.35	231	0.28	0.235	9.416	6.481604573194678e-06	3.7237453724432174e-05
TP73 (MA0861.2)	CAWGTYBDRACAYG	ACATGYCWYRACWTKY	RCAWGTYBDRACAYGY	16	118	523	22.56	15.113	1.49	144	0.17	0.163	10.121	6.803465136636161e-06	3.8832765292877826e-05
BHLHE22 (MA1635.2)	CAGCTG	CAGCTG	CAGCTG	6	224	523	42.83	33.43	1.28	662	0.79	0.748	8.297	7.19831373375365e-06	3.979445139603433e-05
Neurod2 (MA1993.2)	CAGCTG	CAGCTG	CAGCTG	6	224	523	42.83	33.43	1.28	662	0.79	0.748	8.284	7.19831373375365e-06	3.979445139603433e-05
Olig2 (MA1997.2)	CAGCTG	CAGCTG	CAGCTG	6	224	523	42.83	33.43	1.28	662	0.79	0.748	8.263	7.19831373375365e-06	3.979445139603433e-05
Tcf12 (MA0521.3)	CAGCTG	CAGCTG	CAGCTG	6	224	523	42.83	33.43	1.28	662	0.79	0.748	8.117	7.19831373375365e-06	3.979445139603433e-05
Twist2 (MA0633.3)	CAGCTG	CAGCTG	CAGCTG	6	224	523	42.83	33.43	1.28	662	0.79	0.748	8.281	7.19831373375365e-06	3.979445139603433e-05
ERF::FOXO1 (MA1936.2)	ACMGGAA	RWMAMCAGGAAR	RWMWACMGGAAR	12	243	523	46.46	36.994	1.26	398	0.48	0.394	11.364	8.848859543665592e-06	4.861342211801284e-05
Hand1::Tcf3 (MA0092.2)	TCTGG	ATCTGGTAT	RTCTGGMWN	9	193	523	36.9	28.061	1.32	302	0.36	0.257	9.371	1.0800840367605205e-05	5.896856324922345e-05
JUND (MA0491.3)	TGASTCA	RTGAYTYAT	RTGASTCAT	9	157	523	30.02	21.813	1.38	208	0.25	0.254	11.262	1.1300774960566065e-05	6.131716784158993e-05
Tbx6 (MA1567.3)	GGTGTGAA	KGGTGTGAS	RGGTGTGAA	9	222	523	42.45	33.331	1.27	254	0.3	0.342	10.25	1.2742998857884704e-05	6.87183803440531e-05
Gli1 (MA1990.2)	GACCACCCA	RGMCCACCCW	RGACCACCCA	10	155	523	29.64	21.545	1.38	190	0.23	0.189	12.082	1.3612094376845576e-05	7.295750583687355e-05
FOXS1 (MA2118.1)	GTAAACA	TGTAAACA	WGTAAACA	8	219	523	41.87	32.834	1.28	310	0.37	0.343	9.975	1.4067609329104989e-05	7.49419915168684e-05
Rhox11 (MA0629.2)	GCTGTW	TGSTGTWAA	YGCTGTWAW	9	120	523	22.94	15.786	1.45	134	0.16	0.125	9.697	1.857709310409828e-05	9.836906529218307e-05
RFX7 (MA1554.2)	GTTRC	SGTTGCTR	SGTTRCYR	8	80	523	15.3	9.453	1.62	108	0.13	0.066	8.756	2.195011023650256e-05	0.00011553381375979491
RREB1 (MA0073.2)	MCMCMAMMCAMCMMC	MMMCMMMMCAMMMMMMMMM	MCMCMAMMCAMCMMCMMMS	19	253	523	48.37	39.373	1.23	878	1.05	1.039	11.98	2.615593650512914e-05	0.00013685159635719353
TFDP1 (MA1122.2)	GCGGGAA	YGCGGGAM	SGCGGGAA	8	63	523	12.05	6.945	1.73	71	0.09	0.058	9.441	2.7248254721781205e-05	0.0001417231710085543
Ikzf3 (MA1992.2)	CAGGAAG	CAGGAASBR	CAGGAAGYS	9	238	523	45.51	36.642	1.24	474	0.57	0.404	11.062	2.8534380379417907e-05	0.0001475395314912255
NR2F2 (MA1111.2)	AAGGTCA	AAGGTCA	AAGGTCA	7	152	523	29.06	21.354	1.36	232	0.28	0.178	9.176	2.9978344849659164e-05	0.00015320328559796745
Ppara (MA2338.1)	AAGGTC	AAGGTCA	AAGGTCM	7	152	523	29.06	21.354	1.36	232	0.28	0.178	8.989	2.9978344849659164e-05	0.00015320328559796745
GLI3 (MA1491.3)	GACCACCCACGWHG	DGMYCMCCCABRVYK	RGACCACCCACGWHG	15	166	523	31.74	23.793	1.33	198	0.24	0.226	14.765	3.152959188973688e-05	0.00016019948711606195
ZNF768 (MA1731.2)	TCTCTG	SYCTCTCTG	VCSTCTCTG	9	234	523	44.74	35.985	1.24	567	0.68	0.416	10.797	3.3308274270095046e-05	0.00016826421312306634
FOXJ2::ELF1 (MA1952.2)	ACMGGAA	AWAMARGAARY	MWACMGGAARW	11	244	523	46.65	37.843	1.23	449	0.54	0.419	11.139	3.4396198126053236e-05	0.000172767189444576
FEV (MA0156.4)	ACCGGAAGT	ACCGGAART	ACCGGAAGT	9	54	523	10.33	5.79	1.78	62	0.07	0.04	10.462	5.377000594315957e-05	0.00026854451831839353
MYF6 (MA0667.1)	AACARCTGTY	ARCARYTGYT	AACARCTGTY	10	153	523	29.25	21.828	1.34	363	0.43	0.269	12.319	6.084042110794451e-05	0.000302139718383521
Ahr::Arnt (MA0006.2)	GCGTG	GCGTG	GCGTG	5	240	523	45.89	37.499	1.22	408	0.49	0.558	6.682	7.369644197088091e-05	0.0003639279353505861
ZNF692 (MA1986.2)	GGCCCA	KGGCCCAC	RGGCCCAS	8	115	523	21.99	15.549	1.41	155	0.19	0.145	9.785	9.079228524581325e-05	0.00044336899295038806
IKZF2 (MA2326.1)	AGGAAG	AGGAAG	AGGAAG	6	350	523	66.92	58.7	1.14	1087	1.3	1.124	8.224	9.0589060691271e-05	0.00044336899295038806
GATA6 (MA1104.3)	TTATC	KCTTATCT	YCTTATCT	8	173	523	33.08	25.621	1.29	224	0.27	0.233	9.954	0.00011678229334260305	0.0005671361096582767
ZNF680 (MA1729.2)	CMAAGAAGAMT	CYARGAARAMY	CMAAGAAGAMT	11	279	523	53.35	45.109	1.18	522	0.63	0.581	11.303	0.00012798106430434125	0.0006181063490303075
NFYB (MA0502.3)	ATTGGCC	YCAYTGGCC	YSATTGGCC	9	143	523	27.34	20.459	1.34	196	0.23	0.172	10.531	0.00013572058278004493	0.0006502022130554118
EBF1 (MA0154.5)	CCCAGGG	KYCCCWKGGGM	KCCCCAGGGRM	11	148	523	28.3	21.323	1.33	386	0.46	0.277	11.355	0.00013610603777269143	0.0006502022130554118
Erg (MA0474.4)	CAGGAAG	MSAGGAAGHR	RCAGGAAGYR	10	233	523	44.55	36.543	1.22	508	0.61	0.391	11.896	0.00013770896435877096	0.0006543036738992415
PLAG1 (MA0163.1)	GGGGCCMWMGGGGG	RWGKSYMWMRGGGR	GGGGCCMWMGGGGG	14	190	523	36.33	28.742	1.26	307	0.37	0.365	12.917	0.0001419681482034083	0.0006709139907032037
GCM2 (MA0767.2)	TGCGGG	ATGGGGGT	ATGCGGGY	8	87	523	16.63	11.235	1.48	96	0.11	0.083	9.78	0.00018973423051001775	0.0008918523455524363
SREBF2 (MA0596.1)	TGGSGTGA	RTGGSSTGAY	RTGGSGTGAY	10	185	523	35.37	28.038	1.26	238	0.29	0.265	10.103	0.00020591684813456665	0.0009627707952674685
CDX1 (MA0878.3)	GYMATAAA	KKYHATAAAA	RGYMATAAAM	10	226	523	43.21	35.618	1.21	423	0.51	0.393	11.766	0.0002649015146240917	0.0012320022822993471
Hoxa13 (MA0650.4)	CAATAAA	CYAATAAA	SCAATAAA	8	251	523	47.99	40.428	1.19	476	0.57	0.495	10.069	0.0003554712796242714	0.0016445223936301817
NFIL3 (MA0025.3)	TTATGYAA	TTATRYAAH	TTATGYAAY	9	210	523	40.15	32.88	1.22	504	0.6	0.363	10.649	0.00037316733567818364	0.0017173512463933163
NR2F6 (MA1539.1)	AGGTCABTGACCT	WAGGCCASTGGCCTW	RAGGTCABTGACCTY	15	103	523	19.69	14.187	1.39	219	0.26	0.171	10.472	0.0004447039281115452	0.002035910170885668
MEIS2 (MA0774.1)	TGACAG	WTGACAGS	WTGACAGS	8	154	523	29.45	22.967	1.28	186	0.22	0.197	9.412	0.00047014742114662877	0.0021412413636678067
Pax7 (MA0680.3)	AATCAATT	WAATMAAWTA	WAATCAATTA	10	238	523	45.51	38.18	1.19	382	0.46	0.602	12.269	0.0004762019820073389	0.0021576368153837676
E2F3 (MA0469.4)	WTTTGGCGCCAAAW	WWWTGGYRCCAWWW	WTTTGGCGCCAAAW	14	33	523	6.31	3.335	1.89	71	0.09	0.041	9.511	0.0006140743782204475	0.002768058351055248
Bhlha15 (MA1472.3)	CAGCTG	MCAGCTGK	MCAGCTGK	8	116	523	22.18	16.65	1.33	242	0.29	0.27	10.131	0.0008139016818335263	0.003631571463612536
MGA::EVX1 (MA1960.2)	GTGWTAAT	ARKTGMTAAWK	RRGTGWTAATK	11	183	523	34.99	28.428	1.23	235	0.28	0.267	10.783	0.0008119651638283428	0.003631571463612536
NFIA (MA0670.2)	TGCCAA	TGCCAA	TGCCAA	6	264	523	50.48	43.411	1.16	694	0.83	0.525	8.318	0.0008481019250102914	0.0037461386536886744
NFIX (MA0671.2)	GCCA	TGCCAA	HGCCAR	6	264	523	50.48	43.411	1.16	694	0.83	0.525	7.062	0.0008481019250102914	0.0037461386536886744
ZNF382 (MA1594.1)	AKGRGAYATYACYACMGAYMCYAC	AKRDKMMADYMYYASMRAHYYMAV	AKGRGAYATYACYACMGAYMCYAC	24	179	523	34.23	27.748	1.23	305	0.37	0.262	15.673	0.0008694518736989997	0.003821240984907104
ZFP42 (MA1651.2)	AARATGGC	MAARATGGCWSHH	MAARATGGCKSCY	13	169	523	32.31	26.042	1.24	350	0.42	0.237	11.819	0.00101345396312294	0.004431970316343604
ZIC5 (MA1584.2)	ACCCCCCGCYGHG	KMCYCCCYRYNGDGR	KACCCCCCGCYGHGM	15	86	523	16.44	11.717	1.4	96	0.11	0.101	12.807	0.0010463541699583469	0.004553194630660331
ZNF35 (MA2333.1)	AATTCTA	AATTCTA	AATTCTA	7	168	523	32.12	25.904	1.24	220	0.26	0.247	8.7	0.001089212433298073	0.004716343491965548
RORA (MA0072.2)	AWBTAGGTCA	AATSTAGGTMA	WAWBTAGGTCA	11	171	523	32.7	26.524	1.23	202	0.24	0.234	10.677	0.0012558016631789035	0.005411027754579687
ZNF93 (MA1721.2)	CRGCRGCRG	RRCATMAGCAGYKG	RGYRKCRGCRGCRG	14	90	523	17.21	12.467	1.38	103	0.12	0.175	12.074	0.001284951386092653	0.005509620821343619
HIF1A (MA1106.2)	ACGTGC	ACGTGC	ACGTGC	6	95	523	18.16	13.346	1.36	122	0.15	0.113	7.953	0.0014175368276365301	0.006048615881031601
SREBF1 (MA0595.1)	TCACSCCA	MTCASRCCAY	RTCACSCCAY	10	178	523	34.03	27.908	1.22	293	0.35	0.272	10.475	0.001549441171003137	0.006579511059477089
HOXB13 (MA0901.3)	CAATAAAA	HYWATAAAA	MCAATAAAA	9	316	523	60.42	53.797	1.12	1054	1.26	0.967	11.274	0.001601233170384759	0.0067667497921548225
IRF8 (MA0652.2)	CGAAACCGAAACT	YRAAASYRAAASY	CGAAACCGAAACT	13	172	523	32.89	26.86	1.22	245	0.29	0.249	7.261	0.0016368940221522768	0.006884353327616514
ZNF189 (MA1725.2)	CTGTTCC	KRCTGTTCY	YKCTGTTCC	9	185	523	35.37	29.247	1.21	221	0.26	0.282	11.037	0.0017424635035470748	0.007293454379132756
TFAP2B (MA0812.2)	GCCYSAGGC	SCCTVAGGS	GCCYSAGGC	9	92	523	17.59	12.956	1.36	164	0.2	0.17	10.6	0.0018287425447557142	0.007618316098769066
Ddit3::Cebpa (MA0019.2)	TGCAAT	ATGMAATRSY	RTGCAATMSY	10	154	523	29.45	23.709	1.24	242	0.29	0.215	10.511	0.001838744027780633	0.0076238490585810205
ZNF175 (MA2332.1)	AGGAAG	ACAGGAAGB	RCAGGAAGY	9	217	523	41.49	35.159	1.18	384	0.46	0.362	10.956	0.0018931022935289024	0.007812379887379837
NR1H4::RXRA (MA1146.2)	GKTCRWT	AGGYCAYTGRCCT	RGKTCRWTGACCY	13	105	523	20.08	15.212	1.32	131	0.16	0.137	9.991	0.0020471164022964044	0.008391849256192343
CTCF (MA1929.2)	GCWVYDYYHVVDDBDDMCWSHAGRKG	CWGMWSWYYHHDYDBYBRBCARHRSRDGGHR	VTGCWVYDYYHVVDDBDDMCWSHAGRKGGMR	31	148	523	28.3	22.707	1.25	225	0.27	0.221	11.643	0.002052613868124407	0.008391849256192343
POU5F1B (MA0792.1)	ATGYWAA	KATGYWAAW	YATGYWAAT	9	245	523	46.85	40.551	1.16	553	0.66	0.525	10.467	0.0024617191259389505	0.010017829220834896
MYF5 (MA1641.2)	CAGCTG	MCAGCTGK	RCAGCTGY	8	124	523	23.71	18.608	1.27	266	0.32	0.302	10.084	0.002553440303669298	0.010295752417088591
Ptf1A (MA1619.2)	CAGCTG	MCAGCTGK	RCAGCTGY	8	124	523	23.71	18.608	1.27	249	0.3	0.258	9.838	0.002553440303669298	0.010295752417088591
EPAS1 (MA2325.1)	GCACGT	VGCACGTMS	BGCACGTMS	9	33	523	6.31	3.671	1.72	35	0.04	0.026	9.152	0.0027004668536413285	0.010838860111190538
TRPS1 (MA1970.2)	TTATC	KYTTATCT	YCTTATCT	8	191	523	36.52	30.669	1.19	296	0.35	0.304	9.86	0.0029167524615286715	0.011653751880380465
MSC (MA0665.1)	ACAGCTGTT	WACAGCTGKT	RACAGCTGTT	10	148	523	28.3	22.929	1.23	201	0.24	0.266	12.575	0.0029921637076121524	0.011847350896356225
ZNF701 (MA1987.2)	GAGMASYDDRGGGGG	GAGVRDBRRRRRGRRVR	GAGMASYDDRGGGGGRR	17	216	523	41.3	35.281	1.17	414	0.5	0.477	12.067	0.002983352110870581	0.011847350896356225
Zfp335 (MA2002.2)	CAGGCA	TCAGGCA	KCAGGCA	7	130	523	24.86	19.763	1.26	134	0.16	0.16	8.828	0.0030805610891978695	0.012142660078049
Sox17 (MA0078.3)	ACAATG	ADAACAATKG	RRRACAATGR	10	206	523	39.39	33.476	1.18	358	0.43	0.345	10.758	0.0031677175584859277	0.012430463097808616
PAX3 (MA1546.2)	GTCACGSYHRTT	TTTTATGGTTATTA	SGTCACGSYHRTTA	14	74	523	14.15	10.218	1.38	79	0.09	0.074	8.663	0.0033441911003910295	0.013064639898860956
KLF9 (MA1107.3)	CACACCCMC	SVCACACMCAC	SMCACACCCMC	11	201	523	38.43	32.642	1.18	464	0.56	0.764	11.443	0.0035920614384761726	0.013970893824869716
ERF::NHLH1 (MA1938.2)	GCAGCTGCCGGA	RKCAGCTKSCRGRKGY	VGCAGCTGCCGGAWRY	16	131	523	25.05	20.061	1.25	155	0.19	0.175	11.07	0.003808672193829829	0.014748118318838852
PAX4 (MA0068.2)	AATT	YTAATTAV	YKAATTMR	8	89	523	17.02	12.795	1.33	138	0.17	0.165	9.098	0.0038430716308253386	0.014816052471471372
ETV2 (MA0762.2)	ACCGGAAR	ACMGGAARY	ACCGGAARY	9	105	523	20.08	15.572	1.29	138	0.17	0.123	11.396	0.004148797966767463	0.015924862064579038
MZF1 (MA0056.3)	ATCCCC	WATCCCCR	MATCCCCW	8	147	523	28.11	22.967	1.22	223	0.27	0.201	10.077	0.004261779276828744	0.016287408627532463
HOXC13 (MA0907.2)	CTCGTAAA	CTMRTAAAM	CTCGTAAAW	9	158	523	30.21	24.948	1.21	243	0.29	0.22	9.981	0.004332777132253058	0.01648706103571618
NFKB2 (MA0778.2)	GGGGAWTCCCC	GGGKHWDMCCC	GGGGAWTCCCC	11	129	523	24.67	19.832	1.24	350	0.42	0.317	11.149	0.004693774391941647	0.017707414980758403
Ebf4 (MA2122.1)	CCCAGGGGA	KYCCCWGGGGM	KYCCCAGGGGA	11	145	523	27.72	22.669	1.22	364	0.44	0.274	11.569	0.004680577031791949	0.017707414980758403
ETV1 (MA0761.3)	CAGGAAG	MCAGGAARB	RCAGGAAGY	9	226	523	43.21	37.507	1.15	433	0.52	0.411	11.014	0.004991937963826337	0.018751766966680985
Thap11 (MA1573.2)	ACTACAWBTCCC	MSTMCARBTSCCAK	ACTACAWBTCCCRK	14	180	523	34.42	29.033	1.19	278	0.33	0.275	12.499	0.005043070347811288	0.01886322908819626
CTCFL (MA1102.3)	AGGGGGC	YAGGGGGC	SAGGGGGC	8	101	523	19.31	15.013	1.29	125	0.15	0.134	10.268	0.0053140244792885165	0.01979248948006189
EBF3 (MA1637.2)	CCCMRGGG	CCCMWGGGM	CCCMRGGGA	9	145	523	27.72	22.776	1.22	355	0.43	0.257	11.159	0.005542325359111454	0.020555713040755142
INSM1 (MA0155.1)	TGYMWGGGG	KKKCWGGGGYYR	TGYMWGGGGKYR	12	144	523	27.53	22.662	1.21	233	0.28	0.222	10.694	0.006122584350252208	0.022612401865007105
BARHL1 (MA0877.4)	CGTTTA	CGTTTA	CGTTTA	6	82	523	15.68	11.885	1.32	104	0.12	0.087	7.857	0.006769363594307619	0.024792794164151654
BARHL2 (MA0635.2)	TAAWYG	TAAACG	TAAWYG	6	82	523	15.68	11.885	1.32	104	0.12	0.087	7.082	0.006769363594307619	0.024792794164151654
ZSCAN21 (MA2336.1)	AGCACT	AAGCACT	MAGCACT	7	127	523	24.28	19.786	1.23	160	0.19	0.164	8.802	0.007758679984947021	0.02829825604468229
Stat5b (MA1625.2)	TTCCMAGAA	TTCMHRGAA	TTCCMAGAA	9	227	523	43.4	38.065	1.14	494	0.59	0.639	11.389	0.008127736826541254	0.02952182095260232
ZNF667 (MA1984.2)	TAMRAGCWCA	TTRWRAGCHCA	KTAMRAGCWCA	11	160	523	30.59	25.767	1.19	254	0.3	0.229	10.209	0.008544491729736575	0.030907852800158227
HAND2 (MA1638.2)	CAGATG	CAGATG	CAGATG	6	286	523	54.68	49.3	1.11	534	0.64	0.692	8.173	0.008860643159730633	0.0319201038418165
OLIG1 (MA0826.1)	AMCATATG	ACCWTAWGGT	AMCATATGKT	10	110	523	21.03	16.895	1.24	246	0.29	0.248	11.781	0.00923653610029063	0.033138429519001894
TCF7 (MA0769.3)	CTTTGA	CTTTGAT	CTTTGAW	7	133	523	25.43	21.04	1.21	179	0.21	0.175	8.875	0.010335005326972254	0.03692873854637647
Tcf21 (MA0832.2)	AACAGCTGTT	WMCAGCTGKW	AACAGCTGTT	10	131	523	25.05	20.719	1.21	266	0.32	0.233	13.315	0.010904384726136168	0.03880548248693803
Rarb (MA0858.1)	AGGTCAHVYWRAGGTCA	WGSTSAWVBRRRGSTCW	AGGTCAHVYWRAGGTCA	17	134	523	25.62	21.262	1.21	195	0.23	0.18	6.38	0.01101571075287121	0.039043587708765294
TFAP4 (MA0691.1)	CAGCTG	WMCAGCTGKW	AWCAGCTGWY	10	121	523	23.14	18.983	1.22	248	0.3	0.274	11.693	0.011656480211668976	0.041148779542397707
IRF3 (MA1418.2)	AHSGAAACSGAAAC	VRAAHVRAAAVHRAAAB	RRAAHSGAAACSGAAAC	17	268	523	51.24	46.126	1.11	702	0.84	0.698	12.513	0.012111682284446493	0.042584674912113867
ZNF157 (MA2331.1)	AGCARTAYACYT	ARRRYWSMARTAYACYWWYAV	RGGMCAGCARTAYACYTKYAC	21	160	523	30.59	26.18	1.17	222	0.27	0.238	8.981	0.015000031635113518	0.052529991264003116
ZBTB7B (MA0694.2)	CGACCMCC	MRMCCMCCVA	CGACCMCCRW	10	76	523	14.53	11.319	1.28	88	0.11	0.086	10.364	0.016309922683856178	0.05689056364726024
TCF7L1 (MA1421.1)	AGATCAAAG	WRAKAKCAAAGR	WAAGATCAAAGR	12	227	523	43.4	38.669	1.12	381	0.46	0.443	12.019	0.016895497543376554	0.058700167354260833
THRB (MA1576.2)	TSACCTBRSRTGACCTYA	KGRSKYYAMMTGACCTKM	TSACCTBRSRTGACCTYA	18	166	523	31.74	27.442	1.16	292	0.35	0.254	12.47	0.01855341647936519	0.06420650821008661
ZNF740 (MA0753.3)	CCCCCCCC	CCCMCCCCMY	CCCCCCCCMY	10	130	523	24.86	20.979	1.18	297	0.36	0.31	12.623	0.020369506925662993	0.07021488857905007
RXRA::VDR (MA0074.1)	RGGTCAWNGRGTTC	RGGTYRYKGGGTTWA	RGGTCAWNGRGTTCR	15	118	523	22.56	18.86	1.2	140	0.17	0.154	10.936	0.02132895799714919	0.07323497687302397
ZNF384 (MA1125.2)	AAAAAA	AAAAAAAR	AAAAAAWW	8	359	523	68.64	64.268	1.07	4770	5.71	4.918	10.174	0.02187269846370986	0.07480973521245513
PAX9 (MA0781.2)	GTCACGCWTSAVTG	SKYCAYGCWTGRSYRM	SGTCACGCWTSAVTGM	16	58	523	11.09	8.413	1.32	60	0.07	0.059	6.83	0.022102747562688433	0.07530354692869431
PPARA::RXRA (MA1148.2)	GGKBARAGGT	AWRTRGGYRARARTYHA	WWVKRGGKBARAGGTYR	17	179	523	34.23	29.981	1.14	250	0.3	0.289	11.163	0.02227624554141934	0.07560162096875521
GSX2 (MA0893.3)	ATTA	GTAATTA	SYMATTA	7	104	523	19.89	16.558	1.2	161	0.19	0.144	7.441	0.028047549270753605	0.09233631389135738
HOXA3 (MA2119.1)	TMATTA	GTAATTA	STMATTA	7	104	523	19.89	16.558	1.2	161	0.19	0.144	8.102	0.028047549270753605	0.09233631389135738
HOXA6 (MA1497.2)	ATWA	GTAATTA	SYMATWA	7	104	523	19.89	16.558	1.2	161	0.19	0.144	7.348	0.028047549270753605	0.09233631389135738
HOXB1 (MA2093.1)	TMATTR	GTAATTA	STMATTR	7	104	523	19.89	16.558	1.2	161	0.19	0.144	8.204	0.028047549270753605	0.09233631389135738
HOXB7 (MA1501.2)	GYAATTA	GTAATTA	GYAATTA	7	104	523	19.89	16.558	1.2	161	0.19	0.144	8.627	0.028047549270753605	0.09233631389135738
LHX5 (MA1519.2)	YAATTA	GTAATTA	SYAATTA	7	104	523	19.89	16.558	1.2	161	0.19	0.144	8.43	0.028047549270753605	0.09233631389135738
MEOX2 (MA0706.2)	ATYA	GTAATTA	STMATYA	7	104	523	19.89	16.558	1.2	161	0.19	0.144	7.626	0.028047549270753605	0.09233631389135738
SOX18 (MA1563.2)	ACAAT	AACAATTS	RACAATDV	8	160	523	30.59	26.662	1.15	214	0.26	0.255	8.303	0.0273376250456307	0.09233631389135738
GATA4 (MA0482.3)	CTTATCT	SCTTATCT	YCTTATCT	8	176	523	33.65	29.652	1.13	227	0.27	0.289	8.811	0.02888136601689368	0.09472656988376695
Jun (MA0489.3)	TGACTCA	TGAYTCAW	TGACTCAY	8	141	523	26.96	23.273	1.16	202	0.24	0.237	10.077	0.03013390485549643	0.09846729504825785
Mecom (MA0029.2)	GAYAAGATAA	AGATAAGMTAA	WGAYAAGATAA	11	217	523	41.49	37.43	1.11	415	0.5	0.431	13.687	0.03386833866993933	0.11026025811435804
STAT1 (MA0137.4)	TTCYRGGAA	TTCYDGGAA	TTCYRGGAA	9	200	523	38.24	34.348	1.11	472	0.57	0.485	10.887	0.03749485264699112	0.12161614567049887
FOXG1 (MA0613.1)	RTAAACA	GTAAACAW	RTAAACAW	8	224	523	42.83	38.899	1.1	310	0.37	0.447	9.899	0.03958979528238459	0.1279390810780002
Foxj2 (MA0614.1)	RTAAACA	GTAAACAW	RTAAACAN	8	229	523	43.79	39.847	1.1	314	0.38	0.471	9.569	0.03986468556212924	0.12835552604070183
ERF::HOXB13 (MA1937.2)	GGAWRYHRTWA	AGGAAATWRYAAA	MGGAWRYHRTWAM	13	128	523	24.47	21.163	1.16	165	0.2	0.176	11.256	0.040833379022794214	0.13099467212056976
BHLHE23 (MA0817.2)	AMCATATG	ACCATAAGGT	AMCATATGKY	10	105	523	20.08	17.033	1.18	122	0.15	0.204	11.688	0.04189290562704597	0.13390496016790332
TBX1 (MA0805.1)	AGGTGTGA	RGGTGTGA	AGGTGTGA	8	154	523	29.45	26.05	1.13	215	0.26	0.238	10.484	0.04756956540448937	0.15047021949680847
TBX15 (MA0803.1)	AGGTGTGA	RGGTGTGA	AGGTGTGA	8	153	523	29.25	25.866	1.13	212	0.25	0.236	10.649	0.047588988646317124	0.15047021949680847
TBX4 (MA0806.1)	ARGTGTKA	RGGTGTGA	ARGTGTKA	8	153	523	29.25	25.866	1.13	212	0.25	0.236	9.501	0.047588988646317124	0.15047021949680847
Six4 (MA2001.2)	AACCTGA	AACCTGA	AACCTGA	7	108	523	20.65	17.69	1.17	152	0.18	0.138	8.816	0.04870102873369523	0.15318297386665933
TBX5 (MA0807.1)	GTG	RGGTGTGR	RGGTGTKR	8	173	523	33.08	29.583	1.12	283	0.34	0.299	9.023	0.04883781393599349	0.15318297386665933
Gata3 (MA0037.5)	TTATCT	KYTTATCT	YCTTATCT	8	194	523	37.09	33.491	1.11	302	0.36	0.351	9.877	0.048969756150775055	0.15318297386665933
Hnf1A (MA1991.2)	CTTTGAT	YCTTTGATSW	SCTTTGATSY	10	199	523	38.05	34.44	1.1	361	0.43	0.355	10.25	0.049673820314571	0.15483435481031174
ETV3 (MA0763.2)	CGGAART	ACCGGAART	RCCGGAART	9	57	523	10.9	8.742	1.25	65	0.08	0.062	9.72	0.055083377499413624	0.1710893597949985
Nr2e3 (MA0164.2)	AAGCTT	AAGCTT	AAGCTT	6	176	523	33.65	30.287	1.11	742	0.89	0.583	8.12	0.056646802150851584	0.17532584186830474
ZNF766 (MA2098.1)	AAKAAACC	RRKAAACCW	AAKAAACCY	9	208	523	39.77	36.321	1.09	314	0.38	0.386	10.414	0.05988949254021118	0.18471180330823025
STAT3 (MA0144.3)	TKCYKGGAA	TTCYKGRAA	TKCYKGGAA	9	229	523	43.79	40.291	1.09	421	0.5	0.558	10.625	0.06077040234946862	0.18677336945868153
FLI1 (MA0475.3)	CCGGAA	ACMGGAART	ACCGGAARY	9	55	523	10.52	8.482	1.24	65	0.08	0.06	10.738	0.06354234487552078	0.19461226879993995
DMRTA1 (MA1707.2)	GWTACA	WTGHTACWKT	WYGWTACAWH	10	168	523	32.12	28.925	1.11	254	0.3	0.306	9.77	0.06398707500077361	0.19529388515861112
Hmx3 (MA0898.2)	CAATTAA	RGCAATTAA	ADCAATTAA	9	149	523	28.49	25.468	1.12	219	0.26	0.237	10.984	0.06777523767152083	0.20613990973448723
ZBTB24 (MA2330.1)	CAGGAC	KCCAGGRCCC	SCCAGGACCY	10	140	523	26.77	23.855	1.12	207	0.25	0.259	10.039	0.07087352496649854	0.21482009808811112
SPIB (MA0081.3)	CACTTCC	YCWCTTCCTSTYW	YCACTTCCYYWYY	13	246	523	47.04	43.74	1.08	592	0.71	0.556	12.119	0.07448971193515719	0.22500500615465008
Sox7 (MA2095.1)	AACAATG	ARAWCAATRR	RRAACAATGG	10	208	523	39.77	36.566	1.09	278	0.33	0.401	11.147	0.074792324792369	0.225145388672919
E2F7 (MA0758.1)	TTTCCCGCCAAAW	KYTTCCCDCVAAAA	WTTTCCCGCCAAAW	14	108	523	20.65	18.08	1.14	123	0.15	0.166	13.035	0.07703215099364162	0.23109645298092488
Hoxa11 (MA0911.2)	TCRTWAA	RTCRTAAAR	RTCRTWAAW	9	110	523	21.03	18.447	1.14	163	0.2	0.152	10.359	0.07732261888007103	0.23117885032511032
Esrrg (MA0643.2)	AAGGTCA	KSAAGGTCA	YSAAGGTCA	9	150	523	28.68	25.813	1.11	242	0.29	0.228	10.316	0.07930632526411227	0.23630596578696503
VENTX (MA0724.1)	CRATTA	ARCAATTAR	WVCRATTAR	9	108	523	20.65	18.126	1.14	134	0.16	0.146	9.464	0.08103129003132296	0.24063008087004353
Zfx (MA0146.3)	CBVGGCCT	RSTKRGGCCT	RSCBVGGCCT	10	168	523	32.12	29.178	1.1	202	0.24	0.335	9.993	0.08130916346823931	0.24064227167872848
MYBL2 (MA0777.1)	CCGTTWAAC	ADMMGKTAAACWBYT	RRCCGTTWAACBGYY	15	38	523	7.27	5.706	1.27	45	0.05	0.052	9.153	0.08323185169002995	0.24550603233401452
MYB (MA0100.4)	CAACTG	CAACTG	CAACTG	6	223	523	42.64	39.541	1.08	546	0.65	0.446	8.173	0.0850322162563095	0.249977652472562
ZNF263 (MA0528.3)	GGGAGGA	GGGAGGA	GGGAGGA	7	153	523	29.25	26.516	1.1	224	0.27	0.268	9.258	0.0911959502584196	0.26720413425716943
NHLH2 (MA1529.2)	CAGCTGCG	HRRCBCAKMTGVGYCD	DRHMKCAGCTGCGYMM	16	99	523	18.93	16.604	1.14	231	0.28	0.191	10.753	0.09184384314156077	0.268208432297116
RFX5 (MA0510.3)	GTTRCYATRGYAAC	GKTRYYWTRRYAMC	GTTRCYATRGYAAC	14	88	523	16.83	14.616	1.15	163	0.2	0.181	11.893	0.09225400491618804	0.26851414013685193
TCF7L2 (MA0523.2)	WTCAAAG	WSWTSAAAG	RSWTCAAAG	9	207	523	39.58	36.65	1.08	369	0.44	0.396	10.645	0.09449257067736147	0.27412201196501895
ZNF454 (MA1712.2)	GGCTCBVGG	GGCCCYYRGMCMTGGGG	GGCTCBVGGNYCYKVBS	17	94	523	17.97	15.809	1.14	116	0.14	0.196	9.964	0.10390587317810375	0.30043836356431974
NR1I2 (MA1533.2)	GMMCYSVDYGMAC	TGRACTSWBYRMACY	YGMMCYSVDYGMACY	15	91	523	17.4	15.335	1.13	121	0.14	0.12	11.682	0.11219631599627765	0.3233461041335346
EOMES (MA0800.2)	ARGTGTGA	RGGTGTGAY	ARGTGTGAW	9	161	523	30.78	28.314	1.09	217	0.26	0.267	9.901	0.11967966666169304	0.3437857091360398
POU5F1 (MA1115.2)	ATGCAAA	ATGYAAA	ATGCAAA	7	252	523	48.18	45.568	1.06	576	0.69	0.628	8.892	0.12870900648830408	0.36851862118312473
ETV5::HOXA2 (MA1948.2)	GGAWGTMRTYA	WGGAMRTSATKA	MGGAWGTMRTYA	12	105	523	20.08	18.119	1.11	134	0.16	0.147	9.955	0.14036114215549378	0.397991754692513
ZNF549 (MA1728.2)	GCTGCCC	TGCWGCCY	KGCTGCCC	8	129	523	24.67	22.547	1.09	151	0.18	0.229	10.138	0.1398953420063783	0.397991754692513
Zic2 (MA1629.2)	CWCAGCAGG	CMCAGCAKG	CWCAGCAGG	9	160	523	30.59	28.321	1.08	218	0.26	0.304	11.324	0.14027132614817403	0.397991754692513
HNF4G (MA0484.3)	CAAAGTCC	YAAAGTCCA	CAAAGTCCA	9	167	523	31.93	29.683	1.08	253	0.3	0.287	11.394	0.14606947032023604	0.41284586627487935
FOXB1 (MA0845.1)	GTMAAYA	WRWGTMAAYAW	WRWGTMAAYAW	11	279	523	53.35	50.929	1.05	721	0.86	1.232	11.515	0.14926061354725922	0.42051307470525917
NHLH1 (MA0048.3)	CAGCTG	MKCAGCTGM	MRCAGCTGY	9	125	523	23.9	21.897	1.09	180	0.22	0.253	10.172	0.1512828233831832	0.42484856790357195
LHX6 (MA0658.2)	TAATTA	YTAATTAR	YTAATTAR	8	103	523	19.69	17.836	1.1	230	0.28	0.294	9.354	0.1518764790221351	0.42515740465113616
Prdm4 (MA1647.3)	CTKGAAAC	MYTTGAAACWR	MCTKGAAACYS	11	169	523	32.31	30.18	1.07	194	0.23	0.288	10.795	0.16029946777305107	0.4473118481667044
POU3F1 (MA0786.2)	ATGYWAAT	WWATGYWAAW	WTATGYWAAT	10	251	523	47.99	45.706	1.05	676	0.81	0.695	11.194	0.1624182618014747	0.45179003836549453
Ascl2 (MA0816.1)	CAGCTG	ASCAGCTGYW	RRCAGCTGYY	10	144	523	27.53	25.568	1.08	250	0.3	0.324	11.468	0.16876414917436997	0.46796115812072936
ETV5::FIGLA (MA1945.2)	GGAWRCAGGTG	RSMGKAAGCAGSTK	RSMGGAWRCAGGTG	14	136	523	26.0	24.084	1.08	156	0.19	0.231	10.006	0.16992451895736968	0.46969701938216335
HOXB9 (MA1503.2)	TCRTAAA	RTCRTAAAR	RTCRTAAAW	9	113	523	21.61	19.862	1.09	167	0.2	0.168	11.06	0.17755580742390795	0.4877236085175471
HOXC9 (MA0485.3)	TCGTAAA	RTCRTAAAR	RTCGTAAAW	9	113	523	21.61	19.862	1.09	167	0.2	0.168	11.396	0.17755580742390795	0.4877236085175471
ZFP14 (MA1972.1)	GGAGSMHMHGGA	RGAGRSWHARGARDG	GGAGSMHMHGGARBG	15	206	523	39.39	37.338	1.05	400	0.48	0.462	11.876	0.18288197478919924	0.5007889590021998
EGR4 (MA0733.2)	CGCCCMCGC	MMVCCCMCSCM	MCGCCCMCGCM	11	67	523	12.81	11.434	1.12	77	0.09	0.109	9.831	0.18360951287657237	0.5012197572003327
FOXO6 (MA0849.1)	GTAAACA	RTAAACA	GTAAACA	7	231	523	44.17	42.141	1.05	326	0.39	0.516	9.248	0.19063541160530612	0.518788008672025
STAT1::STAT2 (MA0517.2)	GTTTCDBTTYC	RSTTTYYBTTYYY	RGTTTCDBTTYCY	13	302	523	57.74	55.832	1.03	935	1.12	0.937	13.204	0.20664579785723636	0.5606223960386134
HOXD12 (MA0873.2)	TCGTAAA	RVTCATAAAA	RRTCGTAAAW	10	92	523	17.59	16.199	1.09	128	0.15	0.127	11.859	0.2146193030424527	0.580462668844049
ERF::FOXI1 (MA1935.2)	GGA	RWAMAGGAAR	MWASMGGAWR	10	189	523	36.14	34.424	1.05	342	0.41	0.362	9.892	0.2226793804512437	0.6004146485173105
Ebf2 (MA1604.2)	CCCMRGGGA	CCCMDGGGA	CCCMRGGGA	9	140	523	26.77	25.231	1.06	309	0.37	0.258	11.307	0.22805252819141697	0.6130219335787631
ZNF416 (MA1979.2)	CTGGGC	WWWCTGGGCW	WRWCTGGGCW	10	204	523	39.01	37.323	1.05	490	0.59	0.461	11.926	0.23105081631841354	0.6191880108045289
Zbtb2 (MA2340.1)	CCGGAAG	ACMGGAAGYG	ACCGGAAGYS	10	38	523	7.27	6.402	1.14	41	0.05	0.044	9.63	0.2383783567641113	0.6245749674733435
RFX1 (MA0509.3)	GTTGCCATGGYAAC	WGKTRYYATRRYAMCW	SGTTGCCATGGYAACS	16	65	523	12.43	11.327	1.1	117	0.14	0.132	10.539	0.2369529132880743	0.6245749674733435
HOXD11 (MA0908.2)	TCGTAAA	RTCRTAAAR	RTCGTAAAW	9	129	523	24.67	23.22	1.06	200	0.24	0.204	10.645	0.2362145454993454	0.6245749674733435
NR2C1 (MA1535.2)	GGTCA	AGGTCA	RGGTCA	6	264	523	50.48	48.795	1.03	557	0.67	0.682	7.352	0.23874538005806986	0.6245749674733435
NR2C2 (MA1536.2)	GGTCR	AGGTCA	RGGTCR	6	264	523	50.48	48.795	1.03	557	0.67	0.682	6.703	0.23874538005806986	0.6245749674733435
Nr1H2 (MA1996.2)	AGGTCA	AGGTCA	AGGTCA	6	264	523	50.48	48.795	1.03	557	0.67	0.682	8.083	0.23874538005806986	0.6245749674733435
Nr1H4 (MA1110.3)	AGGTCA	AGGTCA	AGGTCA	6	264	523	50.48	48.795	1.03	557	0.67	0.682	8.115	0.23874538005806986	0.6245749674733435
Nr1h3 (MA2337.1)	AGGKCA	AGGTCA	AGGKCA	6	264	523	50.48	48.795	1.03	557	0.67	0.682	7.735	0.23874538005806986	0.6245749674733435
ZNF324 (MA1977.2)	GHYARGGATGGYT	RKDMAARGAYRGYK	RGHYARGGATGGYT	14	186	523	35.56	34.187	1.04	335	0.4	0.354	12.719	0.2721054798321527	0.7097350646067129
TEAD3 (MA0808.1)	CATTCC	GCATTCCW	RCATTCCW	8	129	523	24.67	23.449	1.05	148	0.18	0.21	9.332	0.27553869997351044	0.716563660581999
FOXC1 (MA0032.2)	RTMAAYA	WRWRTAAAYAW	WRWRTMAAYAW	11	287	523	54.88	53.553	1.02	651	0.78	1.068	11.332	0.2913251440561324	0.7553828956499716
ZNF784 (MA1717.2)	ACYTACC	ACCTACCW	ACYTACCK	8	73	523	13.96	13.063	1.07	75	0.09	0.098	9.23	0.2947895130576965	0.7621175940521036
ARNT::HIF1A (MA0259.2)	ACGTG	ACGTG	ACGTG	5	201	523	38.43	37.185	1.03	415	0.5	0.52	6.606	0.2964234586227729	0.7640944871830422
ESX1 (MA0644.3)	AATTA	CTAATTA	YYAATTA	7	97	523	18.55	17.644	1.05	104	0.12	0.156	8.32	0.3152499929339906	0.7872293857641413
GBX1 (MA0889.2)	AATTA	CTAATTA	SYAATTA	7	97	523	18.55	17.644	1.05	104	0.12	0.156	8.291	0.3152499929339906	0.7872293857641413
LBX1 (MA0618.2)	TAAYWRG	TAATTAG	TAAYWRG	7	97	523	18.55	17.644	1.05	104	0.12	0.156	8.507	0.3152499929339906	0.7872293857641413
MEOX1 (MA0661.2)	TMATTA	CTAATTA	STMATTA	7	97	523	18.55	17.644	1.05	104	0.12	0.156	8.254	0.3152499929339906	0.7872293857641413
NOTO (MA0710.2)	MATTA	CTAATTA	YWMATTA	7	97	523	18.55	17.644	1.05	104	0.12	0.156	8.215	0.3152499929339906	0.7872293857641413
PRRX2 (MA0075.4)	AATTA	CTAATTA	YYAATTA	7	97	523	18.55	17.644	1.05	104	0.12	0.156	8.752	0.3152499929339906	0.7872293857641413
VAX1 (MA0722.2)	AAT	CTAATTA	YYAATKR	7	97	523	18.55	17.644	1.05	104	0.12	0.156	7.496	0.3152499929339906	0.7872293857641413
VSX1 (MA0725.2)	AATT	CTAATTA	YYAATTR	7	97	523	18.55	17.644	1.05	104	0.12	0.156	8.107	0.3152499929339906	0.7872293857641413
VSX2 (MA0726.2)	AATTA	CTAATTA	YTAATTA	7	97	523	18.55	17.644	1.05	104	0.12	0.156	8.546	0.3152499929339906	0.7872293857641413
HNF4A (MA0114.5)	CAAAGTCC	YAAAGTCCA	CAAAGTCCA	9	168	523	32.12	30.99	1.04	256	0.31	0.306	11.383	0.3069048400805047	0.7872293857641413
Stat5a::Stat5b (MA0519.2)	TTCCMRGAA	TTCYWRGAA	TTCCMRGAA	9	186	523	35.56	34.424	1.03	376	0.45	0.508	10.694	0.31060416082732656	0.7872293857641413
Arid5a (MA0602.2)	AATATT	HAATATTR	YAATATTR	8	180	523	34.42	33.331	1.03	405	0.48	0.509	9.094	0.31813473504697043	0.7921825272132776
ZNF317 (MA1593.2)	ACAGCAGA	HCAGCAGA	ACAGCAGA	8	181	523	34.61	33.545	1.03	235	0.28	0.357	10.222	0.3222979266452654	0.8002821398903625
ATF4 (MA0833.3)	TGATGYAA	WTGATGAAAT	RTGATGYAAY	10	170	523	32.5	31.465	1.03	202	0.24	0.307	11.228	0.32332877793800574	0.8005802698803016
EGR1 (MA0162.5)	CRCCCMCRC	CMRCCCMCSC	MCRCCCMCRC	10	58	523	11.09	10.409	1.07	63	0.08	0.099	9.754	0.32967883025476663	0.8140103702076963
BACH2 (MA1470.2)	ATGACGTSAT	WDAWSAKRAMGTSMYHYYH	DWWBSATGACGTSATSVWW	19	85	523	16.25	15.511	1.05	102	0.12	0.133	6.806	0.34142009081720703	0.8406393832726191
NFIX (MA1528.2)	TGGCDBBDTGCCA	TKGGCASWSTGCCM	HTGGCDBBDTGCCA	14	85	523	16.25	15.549	1.05	145	0.17	0.186	11.06	0.35020025590966253	0.8598492316888083
EWSR1-FLI1 (MA0149.1)	GGAAGGAAGGAAGGAAGG	RRRAGRRARSMARRARRR	GGAAGGAAGGAAGGAAGG	18	242	523	46.27	45.346	1.02	660	0.79	1.227	5.53	0.35453528033686044	0.8680682769250706
HOXC12 (MA0906.2)	TCGTAAA	RRTMRTAAAA	RRTCGTAAAA	10	101	523	19.31	18.7	1.03	135	0.16	0.156	12.188	0.3803492360293724	0.9286860513050509
ZNF8 (MA1718.1)	TRKATRTACCACAKTTT	RWWTRKMTRWACYASAWYTW	GTRTRKATRTACCACAKTTT	20	188	523	35.95	35.266	1.02	279	0.33	0.441	7.93	0.3910296500987726	0.9521192865285905
NR1D1 (MA1531.2)	GGTYASTRGGTCA	RKGTTASKRKGWYA	RGGTYASTRGGTCA	14	149	523	28.49	27.901	1.02	187	0.22	0.296	14.273	0.4009120977324453	0.9734854527812691
ZNF684 (MA1600.2)	ACAGTCCACCCCWT	WCASTSCAYCCCTT	ACAGTCCACCCCWT	14	134	523	25.62	25.086	1.02	190	0.23	0.234	9.945	0.40792304273834384	0.9877805910936756
IRF6 (MA1509.1)	CCGAAACT	ACSRAAACW	RCCGAAACT	9	36	523	6.88	6.685	1.03	37	0.04	0.046	9.738	0.45508106972173284	1.0
E2F1 (MA0024.3)	GGCGCC	YWDGSCGCCHAD	WWWGGCGCCMWW	12	11	523	2.1	2.034	1.03	14	0.02	0.024	8.843	0.5005653047265639	1.0
JDP2 (MA0655.1)	ATGASTCAT	ATGASTYAT	ATGASTCAT	9	106	523	20.27	19.809	1.02	141	0.17	0.244	11.745	0.4160106004613674	1.0
FOSL2::JUN (MA1130.2)	TGASTCA	RTGAWTCAY	RTGASTCAY	9	96	523	18.36	18.011	1.02	195	0.23	0.216	10.6	0.4388295526897661	1.0
Lhx1 (MA1518.3)	TAATTA	KKTAATTARR	KYTAATTARM	10	81	523	15.49	15.143	1.02	144	0.17	0.225	9.863	0.43406219716439015	1.0
Rarb (MA0857.1)	AGGTCAAAAGGTCA	RYRGGTVAWMAGGBYA	WAAGGTCAAAAGGTCA	16	202	523	38.62	38.103	1.01	279	0.33	0.454	6.916	0.42174822839163795	1.0
ELF1 (MA0473.4)	AGGAAGT	CAGGAASKG	CAGGAAGTR	9	187	523	35.76	35.342	1.01	363	0.43	0.373	11.353	0.439917463198988	1.0
LMX1B (MA0703.3)	TTAATTA	YTAATTAH	TTAATTAM	8	151	523	28.87	28.482	1.01	414	0.5	0.444	10.32	0.44008163199379896	1.0
Nr5A2 (MA0505.3)	GRCCTTGA	TGRCCTTGR	WGRCCTTGA	9	141	523	26.96	26.662	1.01	212	0.25	0.243	10.153	0.4570045182657555	1.0
HOXD10 (MA1506.2)	TCGTAAA	RRTCATAAAW	RGTCGTAAAA	10	100	523	19.12	18.937	1.01	164	0.2	0.156	12.268	0.4764771952809055	1.0
POU3F2 (MA0787.1)	TATGYWAAT	WKATGBWAATKH	WTATGYWAATKW	12	246	523	47.04	47.082	1.0	691	0.83	0.72	11.713	0.5257044537322572	1.0
Elf5 (MA0136.4)	AGGAAG	AAGGAARY	MAGGAAGW	8	239	523	45.7	45.698	1.0	401	0.48	0.67	10.021	0.5173758504646335	1.0
ZNF24 (MA1124.1)	TTCATTCATT	MATWCATTCAWTY	YATTCATTCATTC	13	211	523	40.34	40.428	1.0	441	0.53	0.705	12.354	0.5323601478261246	1.0
POU3F4 (MA0789.1)	TATGCWAAT	TATGYWAAW	TATGCWAAT	9	205	523	39.2	39.159	1.0	332	0.4	0.508	11.231	0.5099957937741006	1.0
Msgn1 (MA1524.3)	CAAATGG	RMCAAAWGGT	RMCAAATGGY	10	159	523	30.4	30.509	1.0	252	0.3	0.306	11.56	0.5377634645390499	1.0
THAP1 (MA0597.3)	AGGGCA	MCAGGGCA	SSAGGGCA	8	137	523	26.2	26.241	1.0	192	0.23	0.266	9.813	0.5265812372249414	1.0
MAZ (MA1522.2)	CCCCTCC	CCCCTCCW	CCCCTCCY	8	134	523	25.62	25.721	1.0	167	0.2	0.289	10.506	0.537624857678441	1.0
HOXD12::ELK1 (MA1958.2)	CGGAAGTYGTAAA	MGRAARTYRTRAA	CGGAAGTYGTAAA	13	121	523	23.14	23.075	1.0	144	0.17	0.197	11.985	0.5046171587064673	1.0
FOSL2::JUNB (MA1138.2)	TGASTCA	RTGAKTCAT	RTGASTCAY	9	100	523	19.12	19.189	1.0	130	0.16	0.234	10.697	0.5339263471758585	1.0
FOXC2 (MA0846.2)	MAAYA	WRWRYAAAYAW	WRWRTMAAYAW	11	285	523	54.49	55.281	0.99	630	0.75	1.089	10.898	0.6558953774281671	1.0
POU2F1::SOX2 (MA1962.1)	ATTWRCATMACAA	HAYWWRMATMWYMAWDB	MATTWRCATMACAAWRS	17	252	523	48.18	48.673	0.99	639	0.77	0.746	13.297	0.6040494060383744	1.0
Spi1 (MA0080.7)	AGGAAG	ARAGAGGAAGWKR	RAAGAGGAAGTGR	13	252	523	48.18	48.834	0.99	720	0.86	0.733	12.719	0.6315355143905719	1.0
MEF2B (MA0660.1)	CTAWAAATAG	DMTAWWAATARV	RCTAWAAATAGM	12	248	523	47.42	47.977	0.99	613	0.73	0.78	12.617	0.6158858642965249	1.0
FLI1::FOXI1 (MA1950.2)	ACAGGA	HMDACAGGAWR	HMAACAGGAWR	11	189	523	36.14	36.359	0.99	385	0.46	0.39	10.774	0.5580090384149784	1.0
FOS (MA0476.2)	TGASTCA	TKAYTCAT	TGASTCAY	8	123	523	23.52	23.732	0.99	157	0.19	0.244	9.973	0.5623834700748336	1.0
FOS::JUNB (MA1134.2)	TGASTCA	ATGAVTCAY	RTGASTCAY	9	100	523	19.12	19.258	0.99	131	0.16	0.235	10.83	0.5494572334982939	1.0
FOSL2::JUND (MA1144.2)	TGASTCA	RTGABTCAT	RTGASTCAY	9	100	523	19.12	19.258	0.99	131	0.16	0.235	10.743	0.5494572334982939	1.0
FOXE1 (MA1487.3)	TAARYAAACA	YWRWAHAAACWW	YTAARYAAACAW	12	302	523	57.74	59.22	0.98	768	0.92	1.18	13.004	0.76423376170999	1.0
RBPJ (MA1116.2)	TGGGAA	TGGGAA	TGGGAA	6	286	523	54.68	55.533	0.98	705	0.84	0.899	8.184	0.6660875831197182	1.0
POU1F1 (MA0784.3)	TMATTWGCATA	VKHATTWVCATMWW	CTMATTWGCATAWW	14	232	523	44.36	45.461	0.98	634	0.76	0.66	10.089	0.7053562941128392	1.0
ZNF184 (MA2120.1)	GAAAG	WRGAAAGWVKMAW	KRGAAAGDBGMRK	13	191	523	36.52	37.346	0.98	345	0.41	0.405	11.195	0.6649832758239678	1.0
HNF1B (MA0153.2)	GTTAATVATTAA	KTWAAWHATTRAY	GTTAATVATTAAY	13	172	523	32.89	33.4	0.98	365	0.44	0.526	11.197	0.6127468906568204	1.0
ZNF707 (MA1715.1)	CCCCACTYCTGGT	SCYYACWCCTGSTMD	CCCCACTYCTGGTMM	15	140	523	26.77	27.258	0.98	207	0.25	0.264	12.754	0.6141629171690679	1.0
ZNF274 (MA1592.2)	TGAGTYCTC	YRKGWSTTCTYR	YRTGAGTYCTCR	12	139	523	26.58	27.143	0.98	207	0.25	0.255	13.026	0.629032953455009	1.0
MEIS3 (MA0775.2)	TGACA	TTGACAG	DTGACAB	7	86	523	16.44	16.78	0.98	92	0.11	0.132	8.061	0.5987943078988842	1.0
ZNF417 (MA1727.2)	GGCGCCA	GGTGCCA	GGCGCCA	7	81	523	15.49	15.847	0.98	85	0.1	0.137	9.556	0.6064082719595647	1.0
ETV6 (MA0645.2)	GGAAGT	SWGGAAGTG	SMGGAAGTR	9	74	523	14.15	14.486	0.98	81	0.1	0.11	10.135	0.6044832070149437	1.0
Arid3a (MA0151.1)	ATYAAW	ATTAAA	ATYAAW	6	314	523	60.04	62.18	0.97	1297	1.55	1.44	7.431	0.8498087450925558	1.0
Irf1 (MA0050.4)	GAAASTGAAA	WRAAARWRAAA	WGAAASTGAAA	11	296	523	56.6	58.616	0.97	900	1.08	1.118	12.044	0.8326024198420074	1.0
Yy1 (MA0095.4)	AARATGG	HAAAATGG	CAARATGG	8	237	523	45.32	46.7	0.97	468	0.56	0.607	10.149	0.7474214690563468	1.0
EHF (MA0598.4)	ACTTCCT	CMYTTCCTG	YACTTCCTS	9	180	523	34.42	35.403	0.97	297	0.36	0.378	10.78	0.6936507834999908	1.0
ETV2::FOXI1 (MA1942.2)	ACAGGAWR	ADACAGGAWRY	MRACAGGAWRY	11	176	523	33.65	34.784	0.97	308	0.37	0.367	11.397	0.7180138582967918	1.0
Hmx2 (MA0897.2)	CAATTAA	WRKCAATTAWRRSWK	VAVCAATTAAHVVDD	15	176	523	33.65	34.761	0.97	256	0.31	0.396	11.819	0.7143610726400798	1.0
Spz1 (MA0111.1)	AGGGTWWCA	AGGGTWWCAKM	AGGGTWWCAGV	11	152	523	29.06	30.088	0.97	190	0.23	0.288	10.829	0.7073586495669952	1.0
RORB (MA1150.2)	AWDKRGGTCA	AWWTRGGYCA	AWDKRGGTCA	10	125	523	23.9	24.727	0.97	142	0.17	0.22	9.958	0.6825966725589503	1.0
FOSB::JUNB (MA1135.2)	TGASTCA	RTGAKTCAT	RTGASTCAY	9	100	523	19.12	19.709	0.97	129	0.15	0.232	10.608	0.6477374187346688	1.0
ZBTB11 (MA2329.1)	ACTTCCGG	CRCTTCCKG	CACTTCCGG	9	71	523	13.58	13.989	0.97	79	0.09	0.118	9.584	0.6249934925439038	1.0
HOXA5 (MA0158.2)	YMATTA	STAATTAS	SYMATTAS	8	67	523	12.81	13.262	0.97	134	0.16	0.135	8.657	0.6373007037687288	1.0
ZNF558 (MA2335.1)	AWYTGATGAAAGACATRAAYMYACAVAT	ADDWRRWDMAAGAHADRWWDWBAMADRKD	AWYTGATGAAAGACATRAAYMYACAVATY	29	316	523	60.42	62.662	0.96	1005	1.2	1.751	10.306	0.8608035889470476	1.0
ELF3 (MA0640.3)	ACTTCCT	CMSTTCCTG	YACTTCCTS	9	200	523	38.24	39.992	0.96	402	0.48	0.453	10.787	0.8014103766579794	1.0
ZBTB26 (MA1579.2)	TCCAGA	MTCCAGAR	YTCCAGAR	8	181	523	34.61	36.099	0.96	210	0.25	0.387	9.875	0.7707107215015467	1.0
Stat2 (MA1623.2)	AAASAGAAA	RAAASARAAA	RAAASAGAAA	10	317	523	60.61	63.556	0.95	920	1.1	1.433	12.243	0.921296162816533	1.0
Foxl2 (MA1607.2)	GTAAACA	WRTGTAAAMA	WWWGTAAACA	10	225	523	43.02	45.071	0.95	442	0.53	0.627	11.518	0.8336456444923452	1.0
POU2F3 (MA0627.3)	ATGCAAA	BATGYAAAT	WATGCAAAT	9	221	523	42.26	44.421	0.95	371	0.44	0.614	11.442	0.8466095615041962	1.0
POU2F2 (MA0507.3)	TATGCAAAT	KYATGYWAATDRB	WTATGCAAATKWR	13	218	523	41.68	43.679	0.95	381	0.46	0.623	11.437	0.8283027337464912	1.0
FOXP2 (MA0593.2)	GTAAACA	TGTAAACAW	WGTAAACAR	9	216	523	41.3	43.35	0.95	303	0.36	0.546	10.384	0.8346332113861233	1.0
TBP (MA0108.3)	ATAWA	TATAAAA	TATAWAW	7	206	523	39.39	41.461	0.95	742	0.89	0.555	8.219	0.8386534600629549	1.0
ZNF281 (MA1630.3)	GGGGGMGGGG	GGRGGHKGGG	GGGGGMGGGG	10	175	523	33.46	35.273	0.95	278	0.33	0.542	13.071	0.8151214032403513	1.0
mix-a (MA0621.2)	TAATTA	YTAATTA	YTAATTA	7	161	523	30.78	32.367	0.95	351	0.42	0.473	9.247	0.7895940104027539	1.0
FOXO1::ELK3 (MA1955.2)	MAACAGGAA	RWAAACARGAARW	RWMAACAGGAAGY	13	159	523	30.4	32.076	0.95	222	0.27	0.315	12.032	0.8027421081391568	1.0
PKNOX1 (MA0782.3)	GAKTGACA	TGAGTGACAK	WGAKTGACAK	10	159	523	30.4	31.893	0.95	227	0.27	0.313	12.135	0.7774332976436916	1.0
ZNF211 (MA1974.2)	ATATACCA	WMTATACCWW	YATATACCAY	10	136	523	26.0	27.304	0.95	192	0.23	0.298	11.794	0.7584461209461156	1.0
Dmbx1 (MA0883.2)	GGATTA	AARAGGATTA	RWHMGGATTA	10	99	523	18.93	19.969	0.95	107	0.13	0.164	9.89	0.7368129102116981	1.0
FOS::JUN (MA0099.4)	TGASTCA	ATGARTCAY	RTGASTCAY	9	97	523	18.55	19.564	0.95	126	0.15	0.221	10.551	0.7341114749708285	1.0
POU3F3 (MA0788.1)	TATGYWAAT	WWWATGBWAATWW	WWTATGYWAATWW	13	248	523	47.42	50.233	0.94	813	0.97	0.903	11.365	0.9043989224111654	1.0
Stat6 (MA0520.2)	TTCYWSRGAA	TTMYWSWGAA	TTCYWSRGAA	10	186	523	35.56	37.713	0.94	268	0.32	0.587	11.425	0.8511003593785136	1.0
GFI1 (MA0038.3)	AATCACDGC	AAATCASWGYM	MAATCACDGCH	11	169	523	32.31	34.386	0.94	200	0.24	0.349	10.473	0.8476279290430447	1.0
LMX1A (MA0702.3)	TAATTA	TTAATTA	YTAATTA	7	132	523	25.24	26.822	0.94	247	0.3	0.317	9.198	0.8024264560004024	1.0
NKX6-1 (MA0674.2)	YMATTA	TAATTAA	YMATTAW	7	132	523	25.24	26.822	0.94	247	0.3	0.317	8.213	0.8024264560004024	1.0
HOXC10 (MA0905.2)	TCRTWAA	RTCATWAAW	RTCRTWAAW	9	119	523	22.75	24.184	0.94	227	0.27	0.217	10.01	0.787775282304821	1.0
REST (MA0138.3)	CAGSACCWYGGACAG	AARGMASCCTGGACAGSTCC	YCAGSACCWYGGACAGMKSY	20	111	523	21.22	22.539	0.94	129	0.15	0.211	10.421	0.7752120941628298	1.0
RFX3 (MA0798.3)	GTTRCCATGGCAAC	WGKTRYYATRRYAMCW	SGTTRCCATGGCAACS	16	53	523	10.13	10.822	0.94	91	0.11	0.117	9.83	0.7113705929101575	1.0
ZNF354A (MA1978.2)	AAADG	WWAWWRWAAAWGDDHWAWWT	WWHDHRHAAADGRVYNMWHT	20	321	523	61.38	66.256	0.93	1465	1.75	2.045	14.214	0.9903341269826836	1.0
Nfat5 (MA0606.3)	TGGAAAA	MWGGAAAA	ATGGAAAA	8	249	523	47.61	51.067	0.93	719	0.86	0.75	10.182	0.9446773246902984	1.0
PROP1 (MA0715.1)	TAATYWAATTA	TAAWYWWATTW	TAATYWAATTA	11	221	523	42.26	45.285	0.93	463	0.55	0.99	12.017	0.9208909840384788	1.0
Foxj3 (MA0851.2)	RTAAACA	GTAAACAWR	RTAAACAAW	9	216	523	41.3	44.642	0.93	300	0.36	0.696	10.857	0.9400820071765321	1.0
Foxq1 (MA0040.2)	TGTTTA	MHWGTTTAKD	RWTGTTTAKW	10	205	523	39.2	42.272	0.93	448	0.54	0.542	11.097	0.9256328272780447	1.0
PBX2 (MA1113.3)	ATAAATCA	MATAAATYA	MATAAATCA	9	201	523	38.43	41.293	0.93	295	0.35	0.613	11.165	0.9116269016301658	1.0
LHX9 (MA0701.3)	YAATTA	CYAATTA	YYAATTA	7	133	523	25.43	27.426	0.93	207	0.25	0.276	8.758	0.8543208499032104	1.0
DUXA (MA0884.2)	TRAYTWARTYA	WTRACYWRGTYAW	YTRAYTWARTYAR	13	115	523	21.99	23.686	0.93	260	0.31	0.417	10.211	0.8284666552250721	1.0
PAX3 (MA0780.1)	AATYRATTA	WWATYRATWA	TAATYRATTA	10	111	523	21.22	22.776	0.93	227	0.27	0.375	11.808	0.8111764096623953	1.0
FOSL1::JUNB (MA1137.2)	TGASTMA	RTGAYTCAT	RTGASTMAY	9	101	523	19.31	20.742	0.93	131	0.16	0.223	9.867	0.8006793198600406	1.0
MEIS1 (MA0498.3)	TGACA	TGACA	TGACA	5	366	523	69.98	76.352	0.92	1651	1.98	2.302	6.494	0.9995573303208309	1.0
MXI1 (MA1108.3)	CACATG	CACATG	CACATG	6	234	523	44.74	48.642	0.92	495	0.59	0.726	8.123	0.963779450634496	1.0
ETV5::FOXO1 (MA1947.2)	AACAGGA	RWAARCAGGW	RWMAACAGGA	10	156	523	29.83	32.558	0.92	214	0.26	0.32	10.763	0.9130848934746868	1.0
ARGFX (MA1463.2)	TAATTA	DTAATTAA	YTAATTAR	8	134	523	25.62	27.755	0.92	292	0.35	0.397	9.85	0.8689235989473248	1.0
Nkx3-1 (MA0124.3)	CACTTA	CCACTTA	SCACTTA	7	76	523	14.53	15.839	0.92	81	0.1	0.123	8.939	0.8057394314530318	1.0
EN2 (MA0642.3)	YMATTA	CCAATTA	SYMATTA	7	73	523	13.96	15.212	0.92	103	0.12	0.12	7.998	0.8002924358178727	1.0
SOX10 (MA0442.3)	ACAAAG	ACAAAG	ACAAAG	6	271	523	51.82	56.765	0.91	748	0.9	0.974	8.143	0.9886242171886513	1.0
POU4F3 (MA0791.2)	TDMATWATTDAT	KKMATWWTTRAT	TDMATWATTDAT	12	228	523	43.59	47.908	0.91	472	0.57	0.927	11.19	0.9763689728203472	1.0
HNF1A (MA0046.3)	TWAATVATTAAC	RTWAAWDWTTRAM	RTWAATVATTAAC	13	184	523	35.18	38.73	0.91	417	0.5	0.702	12.136	0.9541957458025011	1.0
Rarg (MA0859.2)	RGGTCAAAAGGTCA	YRGGWMAAAAGGKYA	RRGGTCAAAAGGTCA	15	171	523	32.7	35.916	0.91	208	0.25	0.427	5.944	0.9404943095433097	1.0
ESR1 (MA0112.4)	RGGTCAMVRTGACCT	GKGKYWMHSTGACMY	RGGTCAMVRTGACCT	15	117	523	22.37	24.489	0.91	184	0.22	0.272	9.294	0.877174058079065	1.0
TAL1::TCF3 (MA0091.2)	AMCAKMTG	WMCAGCTGKW	AMCAKMTGKT	10	117	523	22.37	24.482	0.91	252	0.3	0.286	11.335	0.8763686878798584	1.0
JUNB (MA0490.3)	TGASTCA	RTGAYTCAT	RTGASTCAY	9	102	523	19.5	21.514	0.91	133	0.16	0.254	11.29	0.8763536425492147	1.0
RFX2 (MA0600.3)	GTTRCCATGGYAAC	GTTRYYATRRYAMC	GTTRCCATGGYAAC	14	69	523	13.19	14.547	0.91	140	0.17	0.203	13.404	0.8222121741835057	1.0
ISL2 (MA0914.2)	CAMTTA	CACTTA	CAMTTA	6	202	523	38.62	42.784	0.9	310	0.37	0.525	7.003	0.973702614934899	1.0
ZNF354C (MA0130.1)	CCAC	ATCCAC	MWCCAC	6	200	523	38.24	42.455	0.9	311	0.37	0.525	6.856	0.9752950969012582	1.0
TFAP2C (MA0814.3)	CCTGAGG	SCCWGAGGC	SCCTGAGGS	9	168	523	32.12	35.549	0.9	303	0.36	0.457	10.946	0.951651863427887	1.0
NKX2-5 (MA0063.3)	CACTCAA	CACTCAA	CACTCAA	7	141	523	26.96	30.103	0.9	186	0.22	0.292	9.011	0.9448641748143031	1.0
FOSL1 (MA0477.3)	TGACTCA	RTGAYTCAT	RTGACTCAY	9	102	523	19.5	21.598	0.9	132	0.16	0.253	11.078	0.8853806695179862	1.0
Isl1 (MA1608.2)	CCATTA	CCATTAG	CCATTAR	7	57	523	10.9	12.046	0.9	60	0.07	0.09	8.834	0.804054562133742	1.0
NR3C2 (MA0727.2)	GWACAYDRTGTWC	KGAACWHWRTGTKCC	RGWACAYDRTGTWCY	15	57	523	10.9	12.069	0.9	88	0.11	0.152	10.031	0.8083360442150936	1.0
ETV5::FOXI1 (MA1946.2)	GKMAACMGGAWG	RKMARYAGGAAG	GKMAACMGGAWG	12	140	523	26.77	29.989	0.89	191	0.23	0.283	11.502	0.9491993447210706	1.0
FOSL1::JUN (MA1128.2)	TGACTCA	RTGAYTCAT	RTGACTCAY	9	103	523	19.69	22.157	0.89	114	0.14	0.199	10.782	0.9184613682056713	1.0
ZNF257 (MA1710.2)	GAGGMRAG	GWGGMAAGRR	GAGGMRAGRK	10	202	523	38.62	43.939	0.88	345	0.41	0.652	11.326	0.9930243886112852	1.0
FOSL2 (MA0478.2)	TGASTCA	RRTGRBTCAT	RRTGASTCAB	10	151	523	28.87	32.704	0.88	225	0.27	0.387	11.014	0.9709857303848513	1.0
ZNF582 (MA1983.2)	TTACTTGCAGCYVA	YYWMYTRCTWGCWGCYDAM	YYYBTTACTTGCAGCYVAA	19	150	523	28.68	32.421	0.88	213	0.26	0.315	13.487	0.9682075365887867	1.0
PITX2 (MA1547.2)	TAATCC	TTAATCCW	YTAATCCY	8	125	523	23.9	27.136	0.88	149	0.18	0.246	9.585	0.9552689880782947	1.0
ZNF148 (MA1653.2)	CCCCTCCC	CCCCTCCYYC	CCCCTCCCSS	10	124	523	23.71	26.853	0.88	168	0.2	0.385	12.326	0.9511823258176174	1.0
FOS::JUND (MA1141.2)	TGAGTCA	ATGARTCAY	RTGAGTCAY	9	102	523	19.5	22.103	0.88	127	0.15	0.219	11.033	0.9296035776259173	1.0
ZNF574 (MA1982.2)	CYAGAGMGKC	RRCYAGAGWGGCMC	KSCYAGAGMGKCSS	14	74	523	14.15	16.153	0.88	84	0.1	0.138	11.1	0.9020179219618876	1.0
FOXD2 (MA0847.4)	TARRYAAACA	TWAWAYAAAYW	YTARRYAAACA	11	246	523	47.04	54.034	0.87	715	0.86	0.999	12.47	0.9992815425206488	1.0
ZNF460 (MA1596.1)	CTCMGCCTCCC	RYYWSMRYCTCCMRWS	RCCTCMGCCTCCCRRR	16	204	523	39.01	44.765	0.87	374	0.45	1.202	11.435	0.9960330724445112	1.0
HIC2 (MA0738.2)	TGCCM	ATGCCC	RTGCCM	6	172	523	32.89	37.836	0.87	237	0.28	0.42	6.873	0.9907141452308158	1.0
FOXO1::ELK1 (MA1954.2)	AACAGGAAG	MDMAAYAGGAARD	RWMAACAGGAAGY	13	164	523	31.36	36.176	0.87	236	0.28	0.389	12.026	0.9897438170940701	1.0
Sox11 (MA0869.3)	ACAAAG	RAACAAAG	GAACAAAG	8	163	523	31.17	35.709	0.87	274	0.33	0.371	10.217	0.9858229797210776	1.0
TBX3 (MA1566.3)	AGGTGTSA	AGGTGYKAA	AGGTGTSAA	9	135	523	25.81	29.698	0.87	175	0.21	0.285	9.467	0.9760073612407246	1.0
ZNF320 (MA1976.2)	GKRGGRBCMRGGGG	SKRGGRHMWGRGGKMHWKBY	GKRGGRBCMRGGGGMMWRKG	20	120	523	22.94	26.356	0.87	140	0.17	0.361	11.307	0.964657561412239	1.0
BCL6 (MA0463.3)	CTKTCKAGGAA	RMTKTCTWRGAAW	GCTKTCKAGGAAH	13	105	523	20.08	22.975	0.87	133	0.16	0.199	11.451	0.9469474927563988	1.0
RFX4 (MA0799.3)	GTTGCYWRGCAAC	GTYKCYWAGSAAC	GTTGCYWRGCAAC	13	34	523	6.5	7.503	0.87	47	0.06	0.097	6.288	0.8257865324792066	1.0
E2F8 (MA0865.3)	CCCGCSA	YTCCCGCVA	YWCCCGCSA	9	33	523	6.31	7.258	0.87	37	0.04	0.053	9.456	0.817052595018257	1.0
SOHLH2 (MA1560.2)	CACGTG	VCACGTGS	KCACGTGM	8	27	523	5.16	5.943	0.87	42	0.05	0.073	8.442	0.7963924579799819	1.0
FOXO1::FLI1 (MA1956.2)	AACAGGAAG	RWMAACARGAWRK	GWMAACAGGAAGT	13	172	523	32.89	38.44	0.86	278	0.33	0.42	12.103	0.9957364105716134	1.0
Pparg::Rxra (MA0065.3)	GDSARAGG	RGGSCARAGGSCM	RGGDSARAGGKSA	13	165	523	31.55	36.818	0.86	204	0.24	0.43	10.441	0.994163371965283	1.0
ETV7 (MA1708.2)	GGAAR	SWGGAAGTG	SMGGAARTR	9	78	523	14.91	17.392	0.86	84	0.1	0.141	9.409	0.9388906956269814	1.0
HOXA4 (MA1496.2)	YMATTA	GTCATTA	RYMATTA	7	70	523	13.38	15.633	0.86	94	0.11	0.119	7.534	0.9290936841112207	1.0
EGR3 (MA0732.2)	CGCCCMCGCA	MCNCCCMCVCW	MCGCCCMCGCA	11	45	523	8.6	9.973	0.86	53	0.06	0.096	8.448	0.865707241198505	1.0
MEF2C (MA0497.2)	YWAAAATA	WTMAAAATARR	MYWAAAATAGM	11	257	523	49.14	57.813	0.85	624	0.75	1.11	11.047	0.9999621215557062	1.0
PHOX2B (MA0681.3)	AATYAAATTA	WWATMWAATTWW	WAATYAAATTAW	12	232	523	44.36	52.482	0.85	558	0.67	1.223	10.643	0.9998880117279839	1.0
SOX4 (MA0867.3)	ACAAWG	RACAAAGR	RACAAWGR	8	176	523	33.65	39.702	0.85	286	0.34	0.465	9.264	0.9977818091182467	1.0
Atf3 (MA1988.2)	TGACTCA	TGACTCA	TGACTCA	7	85	523	16.25	19.059	0.85	109	0.13	0.155	9.064	0.9539028287933273	1.0
BATF (MA1634.2)	TGACTCA	TGACTCA	TGACTCA	7	85	523	16.25	19.059	0.85	109	0.13	0.155	9.04	0.9539028287933273	1.0
BATF3 (MA0835.3)	TGACTCA	TGACTCA	TGACTCA	7	85	523	16.25	19.059	0.85	109	0.13	0.155	9.177	0.9539028287933273	1.0
BATF::JUN (MA0462.3)	TGACTCA	TGASTCA	TGACTCA	7	85	523	16.25	19.059	0.85	218	0.26	0.31	9.088	0.9539028287933273	1.0
BNC2 (MA1928.2)	TGAGTCA	TGAGTCA	TGAGTCA	7	85	523	16.25	19.059	0.85	109	0.13	0.155	9.058	0.9539028287933273	1.0
PAX2 (MA0067.3)	AVYSRWGCGTGAC	KYRSYCAWGCRTGRMV	BYAVYSRWGCGTGACS	16	33	523	6.31	7.426	0.85	36	0.04	0.051	8.672	0.8521552390610317	1.0
Atf1 (MA0604.1)	TGACG	RTGACGYR	RTGACGYR	8	23	523	4.4	5.178	0.85	23	0.03	0.036	7.916	0.8125949358381355	1.0
Hmga1 (MA2124.1)	ATTTTTA	ATTTTTAW	ATTTTTAW	8	260	523	49.71	59.495	0.84	1206	1.44	1.3	9.912	0.999996122134393	1.0
MEF2D (MA0773.1)	CTAWAAATAG	VHTAWWAATARV	DCTAWAAATAGM	12	229	523	43.79	52.176	0.84	536	0.64	0.94	13.761	0.9999307653547955	1.0
PHOX2A (MA0713.1)	AAYYYAATTA	WWABYTAATTW	WAAYYYAATTA	11	173	523	33.08	39.358	0.84	340	0.41	0.656	11.692	0.9984540061698179	1.0
Stat4 (MA0518.2)	TTCYRRGAA	TTMYWRGAAA	TTCYRRGAAR	10	171	523	32.7	38.998	0.84	318	0.38	0.492	11.133	0.998535747884473	1.0
ALX3 (MA0634.2)	ATTA	TAATTA	YAATTA	6	166	523	31.74	37.828	0.84	630	0.75	0.935	6.926	0.9980981000693904	1.0
DRGX (MA1481.2)	AATTA	TAATTA	YAATTA	6	166	523	31.74	37.828	0.84	630	0.75	0.935	7.367	0.9980981000693904	1.0
EMX1 (MA0612.3)	TAATTA	TAATTA	TAATTA	6	166	523	31.74	37.828	0.84	630	0.75	0.935	7.83	0.9980981000693904	1.0
EMX2 (MA0886.2)	TAATTA	TAATTA	TAATTA	6	166	523	31.74	37.828	0.84	630	0.75	0.935	7.791	0.9980981000693904	1.0
EN1 (MA0027.3)	AATTA	TAATTA	YAATTA	6	166	523	31.74	37.828	0.84	630	0.75	0.935	7.326	0.9980981000693904	1.0
EVX1 (MA0887.2)	ATTA	TAATTA	YVATTA	6	166	523	31.74	37.828	0.84	630	0.75	0.935	6.931	0.9980981000693904	1.0
EVX2 (MA0888.2)	ATTA	TAATTA	YVATTA	6	166	523	31.74	37.828	0.84	630	0.75	0.935	6.982	0.9980981000693904	1.0
GSX1 (MA0892.2)	ATTA	TAATTA	YMATTA	6	166	523	31.74	37.828	0.84	630	0.75	0.935	6.5	0.9980981000693904	1.0
HOXA1 (MA1495.2)	TMATKA	TAATTA	TMATKA	6	166	523	31.74	37.828	0.84	630	0.75	0.935	7.17	0.9980981000693904	1.0
HOXA2 (MA0900.3)	TMATTA	TAATTA	TMATTA	6	166	523	31.74	37.828	0.84	630	0.75	0.935	7.854	0.9980981000693904	1.0
HOXB2 (MA0902.3)	ATTA	TAATTA	YMATTA	6	166	523	31.74	37.828	0.84	630	0.75	0.935	7.119	0.9980981000693904	1.0
HOXB3 (MA0903.2)	ATTA	TAATTA	YMATTA	6	166	523	31.74	37.828	0.84	630	0.75	0.935	6.783	0.9980981000693904	1.0
HOXB5 (MA0904.3)	TMATKA	TAATTA	TMATKA	6	166	523	31.74	37.828	0.84	630	0.75	0.935	7.392	0.9980981000693904	1.0
HOXC8 (MA1505.2)	YMATKR	TAATTA	YMATKR	6	166	523	31.74	37.828	0.84	630	0.75	0.935	6.835	0.9980981000693904	1.0
ISX (MA0654.2)	AATTA	TAATTA	YAATTA	6	166	523	31.74	37.828	0.84	630	0.75	0.935	7.562	0.9980981000693904	1.0
Lhx4 (MA0704.2)	ATTA	TAATTA	YMATTA	6	166	523	31.74	37.828	0.84	630	0.75	0.935	7.324	0.9980981000693904	1.0
Lhx8 (MA0705.2)	YRATYR	TAATTA	YRATYR	6	166	523	31.74	37.828	0.84	630	0.75	0.935	7.003	0.9980981000693904	1.0
MIXL1 (MA0662.2)	AATTA	TAATTA	YAATTA	6	166	523	31.74	37.828	0.84	630	0.75	0.935	6.89	0.9980981000693904	1.0
MNX1 (MA0707.3)	YRATTA	TAATTA	YRATTA	6	166	523	31.74	37.828	0.84	630	0.75	0.935	6.914	0.9980981000693904	1.0
NKX6-2 (MA0675.2)	ATTA	TAATTA	YMATTA	6	166	523	31.74	37.828	0.84	630	0.75	0.935	6.576	0.9980981000693904	1.0
PDX1 (MA0132.3)	ATTA	TAATTA	YMATTA	6	166	523	31.74	37.828	0.84	630	0.75	0.935	7.422	0.9980981000693904	1.0
POU6F1 (MA0628.2)	TAATTA	TAATTA	TAATTA	6	166	523	31.74	37.828	0.84	630	0.75	0.935	7.882	0.9980981000693904	1.0
PRRX1 (MA0716.2)	AATTA	TAATTA	YAATTA	6	166	523	31.74	37.828	0.84	630	0.75	0.935	7.119	0.9980981000693904	1.0
Shox2 (MA0720.2)	AATTA	TAATTA	YAATTA	6	166	523	31.74	37.828	0.84	630	0.75	0.935	7.293	0.9980981000693904	1.0
TLX2 (MA1577.2)	AATTA	TAATTA	YAATTA	6	166	523	31.74	37.828	0.84	630	0.75	0.935	7.488	0.9980981000693904	1.0
UNCX (MA0721.2)	ATTA	TAATTA	YAATTA	6	166	523	31.74	37.828	0.84	630	0.75	0.935	6.834	0.9980981000693904	1.0
VAX2 (MA0723.3)	ATTA	TAATTA	YMATTA	6	166	523	31.74	37.828	0.84	630	0.75	0.935	6.633	0.9980981000693904	1.0
Stat5a (MA1624.2)	TCCWRGAA	TTCYWRGAA	TTCCWRGAA	9	150	523	28.68	34.034	0.84	323	0.39	0.411	11.271	0.9955341079953193	1.0
ZNF75D (MA1601.2)	GTGGGAAABCCT	GKGGRAAAVCYT	GTGGGAAABCCT	12	117	523	22.37	26.776	0.84	160	0.19	0.25	10.264	0.9898284046387154	1.0
NRL (MA0842.3)	TGCTGAC	MTADTGCTGACM	WWWDTGCTGACR	12	110	523	21.03	25.086	0.84	127	0.15	0.22	9.543	0.9855399947345286	1.0
PAX6 (MA0069.1)	TYACGCWTSA	TYCAYGCATSRBTK	TTYACGCWTSAVTK	14	84	523	16.06	19.182	0.84	100	0.12	0.158	10.26	0.9690179351114769	1.0
BACH2 (MA1101.3)	ATGASTCAT	VATGASYCAYY	MATGASTCATS	11	67	523	12.81	15.312	0.84	90	0.11	0.188	12.911	0.9502780832544652	1.0
ZIM3 (MA1709.2)	AACAGAAABC	HAAMARAAAVM	MAACAGAAABC	11	216	523	41.3	49.514	0.83	351	0.42	0.725	12.658	0.9999076875222626	1.0
IKZF1 (MA1508.2)	ACAGGAA	WACAGGAA	MACAGGAA	8	166	523	31.74	38.463	0.83	289	0.35	0.427	10.097	0.9992730002007524	1.0
NR6A1 (MA1541.2)	AAGKTCAAG	RAWKKTCAAKKWYW	SAAGKTCAAGKKYR	14	138	523	26.39	31.618	0.83	212	0.25	0.313	10.423	0.9954729165250363	1.0
PATZ1 (MA1961.2)	GGMGGGG	RSRGGWGGGGS	SSRGGMGGGGS	11	118	523	22.56	27.159	0.83	143	0.17	0.398	12.416	0.9920025587456448	1.0
GCM1 (MA0646.2)	TGCGGGT	RTRCKGGYAC	ATGCGGGTRS	10	48	523	9.18	10.998	0.83	53	0.06	0.081	10.471	0.9188341439806942	1.0
HOXA9 (MA0594.3)	CRTWA	GTCGTAA	RYCRTWA	7	5	523	0.96	1.155	0.83	5	0.01	0.007	7.266	0.7217276041994023	1.0
Pou5f1::Sox2 (MA0142.1)	TTSWHATGCARA	HWTTDWWATGYWWRT	YWTTSWHATGCARAK	15	212	523	40.54	49.407	0.82	495	0.59	0.76	12.904	0.9999729802937004	1.0
OSR2 (MA1646.2)	CAGAAGC	MCAGAAGY	VCAGAAGC	8	129	523	24.67	29.973	0.82	156	0.19	0.323	9.778	0.9964596868397182	1.0
Rarg (MA0860.1)	AAGGTCAMSRRAGGTCA	AAGGTCARKWRARGTCM	AAGGTCAMSRRAGGTCA	17	119	523	22.75	27.694	0.82	157	0.19	0.268	8.252	0.9949571149830789	1.0
Lhx3 (MA0135.2)	AATTAATTA	WAATTAAYTWWY	WAATTAATTAWY	12	198	523	37.86	46.914	0.81	418	0.5	1.064	12.995	0.9999827067832943	1.0
Nfatc2 (MA0152.3)	TGGAAA	AVTGGAAA	MATGGAAA	8	174	523	33.27	41.109	0.81	269	0.32	0.486	10.087	0.9998744851955615	1.0
ESRRA (MA0592.4)	CAAGGTCA	YCAAKGKCA	YCAAGGTCA	9	118	523	22.56	27.908	0.81	216	0.26	0.257	10.502	0.9972671896004659	1.0
NFATC3 (MA0625.3)	GGAA	TGGAAA	YGGAAM	6	263	523	50.29	62.914	0.8	976	1.17	1.254	7.065	0.9999999968103711	1.0
Nfatc1 (MA0624.3)	TGGAAA	TGGAAA	TGGAAA	6	263	523	50.29	62.914	0.8	976	1.17	1.254	8.139	0.9999999968103711	1.0
ONECUT3 (MA0757.2)	AAATCRATA	MAWAATCAAWAM	RAAAATCRATAW	12	177	523	33.84	42.057	0.8	229	0.27	0.656	12.973	0.9999332234407223	1.0
PRDM1 (MA0508.4)	CTTTCTC	CTTTCTC	CTTTCTC	7	135	523	25.81	32.359	0.8	274	0.33	0.332	9.267	0.9994186786898444	1.0
Alx1 (MA0854.2)	TAATTA	WTAATTAW	YTAATTAR	8	119	523	22.75	28.62	0.8	322	0.39	0.582	9.549	0.99875746317584	1.0
RARA (MA0730.1)	AGGTCAHBYWRAGGTCA	RGGYCAWHYRMRGKTYA	AGGTCAHBYWRAGGTCA	17	85	523	16.25	20.359	0.8	101	0.12	0.174	8.726	0.9918227910957234	1.0
SRF (MA0083.3)	CCATATAWGG	TKHCYATRYATRGDMW	WKMCCATATAWGGKMW	16	69	523	13.19	16.482	0.8	116	0.14	0.172	11.968	0.9820955908647606	1.0
Crx (MA0467.3)	GGATTA	GGATTA	GGATTA	6	207	523	39.58	50.195	0.79	333	0.4	0.777	8.157	0.9999992929311048	1.0
GSC (MA0648.2)	TAAT	TAATCC	TAATCY	6	207	523	39.58	50.195	0.79	333	0.4	0.777	7.673	0.9999992929311048	1.0
GSC2 (MA0891.2)	TAAT	TAATCC	TAATCY	6	207	523	39.58	50.195	0.79	333	0.4	0.777	7.254	0.9999992929311048	1.0
OTX1 (MA0711.2)	TAATC	TAATCC	TAATCS	6	207	523	39.58	50.195	0.79	333	0.4	0.777	7.608	0.9999992929311048	1.0
PITX1 (MA0682.3)	TAATCC	TAATCC	TAATCC	6	207	523	39.58	50.195	0.79	333	0.4	0.777	8.128	0.9999992929311048	1.0
PITX3 (MA0714.2)	TAATCC	TAATCC	TAATCC	6	207	523	39.58	50.195	0.79	333	0.4	0.777	7.63	0.9999992929311048	1.0
RHOXF1 (MA0719.2)	TRAKCC	TAATCC	TRAKCC	6	207	523	39.58	50.195	0.79	333	0.4	0.777	6.675	0.9999992929311048	1.0
CEBPA (MA0102.5)	TTKCACAA	ATTGCAMAAW	RTTKCACAAY	10	145	523	27.72	34.998	0.79	206	0.25	0.369	10.315	0.9997923505890918	1.0
TWIST1 (MA1123.3)	CAGATG	VCAGATGY	MCAGATGK	8	109	523	20.84	26.539	0.79	133	0.16	0.24	10.039	0.9987229355784972	1.0
PPARG (MA0066.2)	TRGGTCANBDTSACCYA	WRGKTSAHWBKBWMYHMDW	TRGGTCANBDTSACCYANW	19	89	523	17.02	21.614	0.79	143	0.17	0.201	9.849	0.9956814748571591	1.0
ZKSCAN1 (MA1585.2)	AGTAGG	HYAGTAGGY	AYAGTAGGY	9	74	523	14.15	17.996	0.79	96	0.11	0.145	9.207	0.9910429891682934	1.0
PAX5 (MA0014.4)	GCGTGAC	SCGTGACC	GCGTGACC	8	25	523	4.78	6.05	0.79	26	0.03	0.043	10.044	0.9053825225638177	1.0
FOXO1::ELF1 (MA1953.2)	AACAGGAA	RDMAACARGAARH	RWMAACAGGAARY	13	154	523	29.45	37.583	0.78	251	0.3	0.409	11.823	0.9999477299306563	1.0
BARX2 (MA1471.2)	WAAYMRTTA	AAAYMRTTA	WAAYMRTTA	9	147	523	28.11	35.839	0.78	211	0.25	0.423	9.718	0.9999045653450825	1.0
TBR1 (MA0802.2)	ARGTGTGA	AGGTGYKAW	ARGTGTGAW	9	126	523	24.09	30.929	0.78	170	0.2	0.3	9.545	0.9997121090193859	1.0
ZSCAN31 (MA1722.2)	CATAAYTGCCCTGC	RYATWAWRGSYCTGCWWM	KCATAAYTGCCCTGCKDC	18	72	523	13.77	17.652	0.78	89	0.11	0.143	7.873	0.9920559198403666	1.0
MEF2A (MA0052.5)	AAAATA	HTAAAAATAR	YTAAAAATAR	10	228	523	43.59	56.849	0.77	505	0.6	1.074	11.968	0.9999999990584173	1.0
Zfp809 (MA2125.1)	TCCCAG	TTCCCAGBM	WTCCCAGMY	9	179	523	34.23	44.551	0.77	267	0.32	0.644	10.748	0.99999902381264	1.0
TEAD1 (MA0090.4)	ACATTCCA	RMATTCCAS	ACATTCCAR	9	133	523	25.43	32.971	0.77	158	0.19	0.335	11.299	0.9999029246625469	1.0
KLF16 (MA0741.1)	CMCRCCCMC	SCCMCVCCCCC	VMCMCRCCCMC	11	92	523	17.59	22.746	0.77	130	0.16	0.277	11.324	0.9980779848380239	1.0
ATOH7 (MA1468.1)	CATMTG	AHCATMTGKY	RVCATMTGKY	10	85	523	16.25	21.109	0.77	95	0.11	0.221	9.986	0.9974789367957254	1.0
ELK1::HOXB13 (MA1932.2)	CCGGAAGTHRTWA	RCMGGAARWYVTRRR	RCCGGAAGTHRTWAM	15	51	523	9.75	12.589	0.77	61	0.07	0.092	8.056	0.9795848356607096	1.0
Pgr (MA2323.1)	GRACADWDTGTYC	MWRAAMWWMHTGTKYYD	VRGRACADWDTGTYCTB	17	130	523	24.86	32.543	0.76	231	0.28	0.465	10.937	0.9999319010609923	1.0
Smad4 (MA1153.2)	GTCTRG	TGTCTRG	YGTCTRG	7	114	523	21.8	28.574	0.76	137	0.16	0.323	8.64	0.9997712206017844	1.0
Mafb (MA0117.3)	GCTGA	MWATTGCTGAC	WWWDYGCTGAS	11	112	523	21.41	28.168	0.76	128	0.15	0.255	9.392	0.9997760336445106	1.0
Zfp961 (MA2126.1)	GGGCGCCA	GGGTGCCA	GGGCGCCA	8	25	523	4.78	6.294	0.76	27	0.03	0.054	8.549	0.9373252483391892	1.0
SP5 (MA1965.2)	CCTCCC	CCTCCC	CCTCCC	6	225	523	43.02	57.117	0.75	418	0.5	1.386	8.267	0.9999999999156847	1.0
SOX21 (MA0866.1)	AACAATKKYAKTGTT	ARCAAWKDYMYTGTT	AACAATKKYAKTGTT	15	128	523	24.47	32.78	0.75	214	0.26	0.39	8.655	0.9999809820868412	1.0
SIX2 (MA1119.2)	GWAACCTGA	KGAAACYTSAT	WGWAACCTGAK	11	125	523	23.9	31.939	0.75	181	0.22	0.315	11.08	0.9999705233685543	1.0
ZSCAN16 (MA2100.1)	AKTGTTAACAGAGCCTC	HWDWKTYRMCARAGYMTS	VAKTGTTAACAGAGCCTC	18	88	523	16.83	22.6	0.74	105	0.13	0.19	-0.407	0.9994324380488707	1.0
MSANTD3 (MA1523.2)	ACTC	CACTCAC	YACTCAM	7	64	523	12.24	16.597	0.74	71	0.09	0.143	8.243	0.9973514685625937	1.0
EGR2 (MA0472.2)	CGCCCACGC	MCKYCCACGYA	MCGCCCACGCR	11	28	523	5.35	7.258	0.74	29	0.03	0.057	8.146	0.963597687770511	1.0
NR5A1 (MA1540.3)	TCAAGGYCA	WSKYCAAGGYCA	WRYTCAAGGYCA	12	132	523	25.24	34.677	0.73	190	0.23	0.37	10.669	0.9999980117828468	1.0
SRY (MA0084.2)	ACAA	AAACAAT	WWACAAW	7	121	523	23.14	31.725	0.73	144	0.17	0.336	7.894	0.9999917706151296	1.0
Ptf1A (MA1618.2)	CAGATG	RCAGATGKD	MCAGATGKB	9	113	523	21.61	29.652	0.73	138	0.17	0.284	9.373	0.9999813287034471	1.0
PRDM9 (MA1723.2)	GGBVAVGGRGGVVRHA	RRRRGRRARRGRGGVVRRRR	RRDGGBVAVGGRGGVVRHAR	20	176	523	33.65	46.685	0.72	415	0.5	1.102	15.295	0.9999999988470529	1.0
HOXD9 (MA0913.3)	GYMATAAA	RYMATAAAA	GYMATAAAM	9	151	523	28.87	39.832	0.72	245	0.29	0.49	10.67	0.9999998847861105	1.0
MEIS2 (MA1640.2)	GATTTAT	TGATTWATR	WGATTTATK	9	129	523	24.67	34.08	0.72	157	0.19	0.375	10.998	0.9999981326925145	1.0
TBX20 (MA0689.1)	AGGTGTGA	WRGGTGTRAWR	WAGGTGTGAWR	11	115	523	21.99	30.7	0.72	158	0.19	0.299	10.523	0.9999950697484793	1.0
RELB (MA1117.2)	ATTCCCC	ATTCCCC	ATTCCCC	7	51	523	9.75	13.606	0.72	58	0.07	0.102	8.974	0.9964962059952136	1.0
ZNF213 (MA2121.1)	CCCAGGC	KCCCWGGCWGSM	RCCCAGGCDGSR	12	157	523	30.02	42.44	0.71	184	0.22	0.806	12.087	0.9999999965064417	1.0
ZNF418 (MA1980.1)	GWRGCYAMAAGCA	MRRWRRMHWAAAGMA	MRGWRGCYAMAAGCA	15	157	523	30.02	42.356	0.71	205	0.25	0.508	10.277	0.9999999956353056	1.0
SPIC (MA0687.2)	AWSMGGAAG	RAAARRGRAARWH	RAAWSMGGAAGWM	13	145	523	27.72	39.312	0.71	214	0.26	0.448	11.157	0.9999999802877222	1.0
ZNF410 (MA0752.2)	CATCCCATAATA	MCWKSCCAKAAWARYM	MCATCCCATAATAHYM	16	101	523	19.31	27.212	0.71	128	0.15	0.251	9.703	0.9999851721507493	1.0
ZBTB17 (MA2102.1)	ATCGAT	MATCRATK	RATCGATY	8	36	523	6.88	9.759	0.71	60	0.07	0.081	8.051	0.9906149658068115	1.0
OVOL1 (MA1544.2)	ACCGTTA	DWMCCGTTAK	DWACCGTTAY	10	11	523	2.1	2.975	0.71	11	0.01	0.02	10.91	0.9068537275342096	1.0
ZBTB18 (MA0698.2)	CAGATGT	DKMCAGRTGTK	WKMCAGATGTK	11	132	523	25.24	35.939	0.7	173	0.21	0.397	11.894	0.9999998948944167	1.0
ETV5::DRGX (MA1944.2)	GGAWGYRRT	AGGMWGYARTKR	MGGAWGYRRTYA	12	88	523	16.83	24.107	0.7	112	0.13	0.211	10.693	0.9999716516860944	1.0
SP9 (MA1564.2)	CGCCC	CCMCVCCCCC	MCMCGCCCMY	10	70	523	13.38	19.09	0.7	96	0.11	0.216	11.073	0.9997260634527195	1.0
RUNX2 (MA0511.2)	ACCRCA	AAACCACAM	WRACCRCAR	9	63	523	12.05	17.201	0.7	71	0.09	0.135	10.418	0.999446120595975	1.0
ONECUT2 (MA0756.3)	GATCRATA	GATCRATA	GATCRATA	8	60	523	11.47	16.329	0.7	73	0.09	0.139	9.998	0.9991579789406129	1.0
ZBED4 (MA2328.1)	CGCYCCGC	CCCSCCCCVC	SYCGCYCCGC	10	24	523	4.59	6.516	0.7	26	0.03	0.084	9.481	0.9726729479407104	1.0
ONECUT1 (MA0679.3)	AATCAAT	ARATCAATR	WAATCAATA	9	139	523	26.58	38.317	0.69	228	0.27	0.553	11.393	0.9999999896234698	1.0
Prdm14 (MA1998.2)	GTCTCTA	GGTCTGTA	GGTCTCTA	8	103	523	19.69	28.681	0.69	138	0.17	0.276	10.073	0.9999985501035434	1.0
BCL6B (MA0731.1)	TGCTTTCTAGGAATT	TVYTKTCYAGBRWTYVM	TGCTTTCTAGGAATTMM	17	101	523	19.31	28.168	0.69	122	0.15	0.264	2.287	0.9999982494454803	1.0
SIX1 (MA1118.2)	AACCTGA	RWAACCTGA	GWAACCTGA	9	97	523	18.55	26.983	0.69	115	0.14	0.242	10.797	0.9999963366661793	1.0
SCRT2 (MA0744.3)	CAACAGGT	KCAACAGGTT	KCAACAGGTK	10	89	523	17.02	24.635	0.69	104	0.12	0.214	10.759	0.9999855678087104	1.0
Hic1 (MA0739.2)	TGCCA	GTGCCAMC	RTGCCARS	8	84	523	16.06	23.403	0.69	97	0.12	0.211	9.047	0.9999803466743968	1.0
NFIC (MA1527.2)	TGGCDBVVTGCCA	TKGGCWVHBTGCMAR	YTGGCDBVVTGCCAR	15	83	523	15.87	23.021	0.69	136	0.16	0.253	10.731	0.9999718740750114	1.0
ZBTB12 (MA1649.2)	CTRGAAC	CTGGAAC	CTRGAAC	7	62	523	11.85	17.163	0.69	65	0.08	0.136	8.729	0.9996184143627429	1.0
TCF21 (MA1568.2)	CATATG	AYCATATGRT	RSCATATGKY	10	59	523	11.28	16.298	0.69	115	0.14	0.178	10.558	0.999426731112805	1.0
Gfi1B (MA0483.2)	AATCWSWG	AAATCASAGY	MAATCWSWGC	10	142	523	27.15	39.985	0.68	164	0.2	0.464	10.632	0.9999999993745932	1.0
ZKSCAN5 (MA1652.2)	GGARGTGA	GGAAGYGAG	GGARGTGAK	9	120	523	22.94	33.966	0.68	148	0.18	0.398	11.059	0.9999999742018654	1.0
TEAD4 (MA0809.3)	CATTCCA	AMATTCCA	ACATTCCA	8	119	523	22.75	33.66	0.68	147	0.18	0.364	10.173	0.9999999672436423	1.0
ZNF214 (MA1975.2)	ATYAABRKCCT	WCAKYAABRWSCT	WMATYAABRKCCT	13	99	523	18.93	27.969	0.68	129	0.15	0.259	11.11	0.9999989915124171	1.0
RARA::RXRA (MA0159.1)	RGKTCABVVRSVGKKSA	RGSTSAWVVRSAGKTYW	RGKTCABVVRSVGKKSA	17	83	523	15.87	23.495	0.68	101	0.12	0.208	10.273	0.9999902139672596	1.0
Rfx6 (MA1724.2)	CMTAGCAA	CMTAGCARC	CMTAGCAAC	9	68	523	13.0	19.189	0.68	81	0.1	0.157	9.407	0.9999122389238434	1.0
RARA::RXRG (MA1149.2)	GGTCAHNBDVRGG	RGGYYAWHHRVRGKYYW	RGGTCAHNBDVRGGKYR	17	63	523	12.05	17.782	0.68	69	0.08	0.147	9.663	0.9998346351315072	1.0
OVOL2 (MA1545.2)	CCGTTA	ACCGTTA	WCCGTTA	7	6	523	1.15	1.675	0.68	6	0.01	0.011	9.085	0.8687463511778324	1.0
HOXB4 (MA1499.2)	TMATTA	TCATTA	TMATTA	6	169	523	32.31	48.436	0.67	323	0.39	0.721	7.536	0.9999999999999172	1.0
HOXC4 (MA1504.2)	YMATTA	TCATTA	YMATTA	6	169	523	32.31	48.436	0.67	323	0.39	0.721	7.313	0.9999999999999172	1.0
HOXD4 (MA1507.2)	YMATTA	TCATTA	YMATTA	6	169	523	32.31	48.436	0.67	323	0.39	0.721	7.309	0.9999999999999172	1.0
NFATC4 (MA1525.3)	GGAAA	WTGGAAAMW	RYGGAAAMW	9	132	523	25.24	37.82	0.67	193	0.23	0.419	9.753	0.9999999992366282	1.0
MAFF (MA0495.4)	TCAGCA	GTCAGCAWTWK	STCAGCAWWWW	11	118	523	22.56	33.621	0.67	154	0.18	0.34	10.942	0.9999999791634223	1.0
RUNX3 (MA0684.3)	ACCWCA	AACCTCAW	RACCWCAR	8	107	523	20.46	30.646	0.67	120	0.14	0.292	9.597	0.9999999003613909	1.0
ZNF143 (MA0088.2)	CCCAYRATGCA	YWMCCAKRATHCMWSY	YWCCCAYRATGCAYYR	16	91	523	17.4	25.813	0.67	101	0.12	0.235	6.799	0.9999973240966891	1.0
ETV2::DRGX (MA1940.2)	CGGAWRYRATTA	RGGAAMYWATTW	CGGAWRYRATTA	12	70	523	13.38	19.855	0.67	89	0.11	0.166	10.877	0.9999458482621242	1.0
MYOG (MA0500.3)	CAGCTG	SCAGCTGS	RCAGCTGY	8	61	523	11.66	17.3	0.67	136	0.16	0.303	9.512	0.9998218032655701	1.0
ERF::SREBF2 (MA1939.2)	CGGAWRTCACGTGA	MWGGAARTVASSTGWY	SCGGAWRTCACGTGAY	16	42	523	8.03	12.061	0.67	50	0.06	0.09	9.01	0.9986417606832825	1.0
HEY1 (MA0823.1)	CACGTG	VVCACGTGSM	SRCACGTGYM	10	25	523	4.78	7.174	0.67	39	0.05	0.086	10.207	0.9887967833987158	1.0
HES2 (MA0616.3)	CACGTG	KSCACGTGY	GKCACGTGY	9	24	523	4.59	6.815	0.67	24	0.03	0.067	10.36	0.985230529046638	1.0
CREB3L4 (MA1475.2)	TSACGTSA	VTSACGTSA	RTSACGTSA	9	21	523	4.02	6.004	0.67	34	0.04	0.051	8.908	0.9809514276232183	1.0
ZNF16 (MA1654.2)	GGGAGCCAYKGRRGG	AVKAGGGAGYCAWRRARRGWK	AVKRGGGAGCCAYKGRRGGYK	21	100	523	19.12	28.91	0.66	127	0.15	0.294	12.166	0.9999998282586311	1.0
NFIB (MA1643.2)	TGGCWYDRWGCCA	YTKGGCASWSTGCCMAR	YYTGGCWYDRWGCCARR	17	96	523	18.36	27.771	0.66	190	0.23	0.366	12.873	0.9999996666474298	1.0
NFKB1 (MA0105.4)	GGGGAWTCCCC	AGGGKWWWMCCCT	MGGGGAWTCCCCK	13	74	523	14.15	21.392	0.66	154	0.18	0.348	10.087	0.9999874309444365	1.0
BHLHE22 (MA0818.2)	AMCATATG	AMCATATGWT	AMCATATGKY	10	50	523	9.56	14.47	0.66	61	0.07	0.184	11.052	0.9996199599817329	1.0
YY2 (MA0748.3)	ATGGCG	ATGGCGG	ATGGCGG	7	13	523	2.49	3.786	0.66	14	0.02	0.027	9.058	0.9579892636741879	1.0
FIGLA (MA0820.2)	CACCTG	CACCTG	CACCTG	6	172	523	32.89	50.815	0.65	255	0.31	0.874	7.729	0.9999999999999999	1.0
ZEB1 (MA0103.4)	CACCTG	CACCTG	CACCTG	6	172	523	32.89	50.815	0.65	255	0.31	0.874	8.12	0.9999999999999999	1.0
NR2C2 (MA0504.2)	GGTCARAGGKCR	GRKGKSAGAGKKBA	RRGGTCARAGGKCR	14	94	523	17.97	27.786	0.65	115	0.14	0.285	9.909	0.9999998945530424	1.0
Nfe2l2 (MA0150.3)	TGASTCAGCA	RTKAYTCWGSA	RTGASTCAGCA	11	92	523	17.59	26.952	0.65	121	0.14	0.246	11.62	0.9999997133894939	1.0
Zic1::Zic2 (MA1628.2)	CAGCAGG	CAGCAGG	CAGCAGG	7	73	523	13.96	21.637	0.65	87	0.1	0.205	9.314	0.9999958589291503	1.0
Zic3 (MA0697.3)	CAGCAGG	CAGCAGG	CAGCAGG	7	73	523	13.96	21.637	0.65	87	0.1	0.205	9.169	0.9999958589291503	1.0
Alx4 (MA0853.2)	TAATTA	YBTYTTAATTAR	VSHDYTAATTAR	12	71	523	13.58	21.002	0.65	99	0.12	0.281	10.522	0.9999935412346453	1.0
NR4A2::RXRA (MA1147.2)	GGYCRWTGACC	RGGYCWWTSAMCY	RGGYCRWTGACCY	13	47	523	8.99	13.782	0.65	62	0.07	0.122	10.069	0.9996168633621884	1.0
FOS::JUN (MA1126.2)	TKRCRTCA	RTBRCSTCAT	RTKRCRTCAY	10	41	523	7.84	12.084	0.65	55	0.07	0.118	9.389	0.9992183919665224	1.0
ZSCAN4 (MA1155.1)	GCACACMCTGWAA	YRCACACMCWBWHAM	YGCACACMCTGWAAR	15	103	523	19.69	30.73	0.64	138	0.17	0.645	9.305	0.9999999918384568	1.0
Wt1 (MA1627.2)	CTCCCCC	CCTCCCCCWS	MCTCCCCCRC	10	92	523	17.59	27.373	0.64	99	0.12	0.321	12.201	0.9999999021441757	1.0
TFAP4::FLI1 (MA1967.2)	CGGAAACAGCTG	DVMVKAARCAGCTG	RSCGGAAACAGCTG	14	78	523	14.91	23.189	0.64	86	0.1	0.223	7.503	0.9999985514873347	1.0
OSR1 (MA1542.2)	GCTACYG	RCTACTGT	GCTACYGT	8	49	523	9.37	14.547	0.64	57	0.07	0.11	9.967	0.9998082703565314	1.0
XBP1 (MA0844.2)	CACGTCA	KHCACGTCABK	KMCACGTCAKY	11	17	523	3.25	5.101	0.64	17	0.02	0.035	8.919	0.982395335384557	1.0
Gli2 (MA0734.4)	GACCACCCA	GMCCACCCW	GACCACCCA	9	101	523	19.31	30.486	0.63	122	0.15	0.318	11.525	0.9999999952061821	1.0
PGR (MA2327.1)	ACABDVTGT	ACAKWMTGT	ACABDVTGT	9	66	523	12.62	20.138	0.63	137	0.16	0.323	8.521	0.9999966669701826	1.0
HEY2 (MA0649.2)	GVCACGTG	SMCACGTGC	GVCACGTGY	9	24	523	4.59	7.25	0.63	26	0.03	0.072	9.923	0.9944070060948902	1.0
CREB3L4 (MA1474.2)	CACGT	KCCACGTCAH	KMCACGTSRY	10	23	523	4.4	6.96	0.63	25	0.03	0.051	10.278	0.9936570756355834	1.0
POU4F2 (MA0683.2)	TGMATAATTAAT	WSMATWWTTAAWKWH	TGMATAATTAATKAR	15	148	523	28.3	45.851	0.62	228	0.27	0.776	10.632	0.9999999999999999	1.0
SCRT1 (MA0743.3)	CAACAGGT	KCWACAGGTK	KCAACAGGTK	10	84	523	16.06	25.904	0.62	97	0.12	0.226	9.815	0.9999999577628464	1.0
NFIC::TLX1 (MA0119.1)	TGGCASSRHGCCAA	KKGCASWBWGCCMA	TGGCASSRHGCCAA	14	81	523	15.49	24.987	0.62	133	0.16	0.263	9.486	0.9999999192848675	1.0
MAX::MYC (MA0059.2)	CACGTGG	RSCAYGTGGH	RSCACGTGGY	10	37	523	7.07	11.342	0.62	50	0.06	0.11	10.665	0.9994937657792886	1.0
MYC (MA0147.4)	CACGTG	MCACGTGC	CCACGTGS	8	29	523	5.54	8.964	0.62	29	0.03	0.086	9.902	0.9983853203613989	1.0
Nr2F6 (MA0728.1)	AGGTCAARAGGTCA	MRGGTHAMRAGGKCA	RAGGTCAARAGGTCA	15	119	523	22.75	37.384	0.61	141	0.17	0.497	9.85	0.9999999999993365	1.0
Runx1 (MA0002.3)	TGTGG	BTGTGGTYW	YTGTGGYYW	9	108	523	20.65	33.621	0.61	158	0.19	0.348	10.059	0.9999999999526982	1.0
NFYA (MA0060.4)	CCAATCA	CCAATCAS	CCAATCAS	8	56	523	10.71	17.621	0.61	61	0.07	0.148	10.035	0.9999943528485784	1.0
HOXB2::ELK1 (MA1957.1)	CGGAAGTMRT	MCCRGAAGTHRTYW	RSCGGAAGTMRTYA	14	44	523	8.41	13.836	0.61	48	0.06	0.104	10.92	0.999934710498453	1.0
Npas2 (MA0626.2)	CACGTG	SCACGTGB	SCACGTGK	8	27	523	5.16	8.474	0.61	41	0.05	0.103	9.397	0.9983351806200201	1.0
USF2 (MA0526.5)	TCACGTGA	RYCACGKGRY	RTCACGTGAY	10	19	523	3.63	5.981	0.61	30	0.04	0.079	5.531	0.9933064430506384	1.0
DUX4 (MA0468.1)	AAYYYAATCA	HAAMYKMATCA	WAAYYYAATCA	11	116	523	22.18	37.124	0.6	151	0.18	0.44	10.821	0.9999999999998159	1.0
ZNF75A (MA2097.1)	TTTTCCCAC	DMTTYTCMCACW	KMTTTTCCCACM	12	98	523	18.74	31.319	0.6	123	0.15	0.309	11.488	0.9999999999382129	1.0
TBX21 (MA0690.3)	TCACACCT	WTCACACCTD	TTCACACCTY	10	96	523	18.36	30.379	0.6	110	0.13	0.292	10.635	0.999999999727555	1.0
SP8 (MA0747.2)	CACKCCC	CCMCBCCCMCH	MCACKCCCMYY	11	85	523	16.25	26.96	0.6	129	0.15	0.317	10.737	0.9999999957752119	1.0
TGIF1 (MA0796.1)	TGACAGCTGTCA	TGACAKRTSTMA	TGACAGCTGTCA	12	81	523	15.49	25.851	0.6	128	0.15	0.305	7.199	0.9999999925416383	1.0
Bach1::Mafk (MA0591.2)	TGACTCAGCA	RRWGASWCAGCW	SRTGACTCAGCA	12	78	523	14.91	24.665	0.6	86	0.1	0.224	7.984	0.9999999696547393	1.0
NFYC (MA1644.2)	CCAATCA	CCAATCA	CCAATCA	7	46	523	8.8	14.554	0.6	49	0.06	0.12	9.012	0.9999647939241737	1.0
DMRTC2 (MA1479.2)	GMTACA	WWTTGMYACAK	WWWTGMTACAW	11	102	523	19.5	33.315	0.59	175	0.21	0.361	10.492	0.9999999999980533	1.0
ZNF140 (MA1589.2)	GAGYRGAATTGC	BKGRSYKGAAKTGYWGSVW	RKGAGYRGAATTGCTRRRB	19	100	523	19.12	32.581	0.59	118	0.14	0.325	10.992	0.9999999999951106	1.0
MAFG::NFE2L1 (MA0089.3)	ATGACTCAGCA	AWGACTCWGSW	ATGACTCAGCA	11	84	523	16.06	27.35	0.59	101	0.12	0.252	11.625	0.9999999992994143	1.0
POU6F2 (MA0793.2)	CTMATTA	BMCTMATTA	DSCTMATTA	9	80	523	15.3	25.813	0.59	90	0.11	0.237	9.79	0.9999999956695226	1.0
RORC (MA1151.2)	AWBTRGGKCA	AWWTRGGYCA	AWBTRGGKCA	10	70	523	13.38	22.815	0.59	74	0.09	0.193	9.828	0.9999999688283105	1.0
TFAP4 (MA1570.1)	CAYRTG	AYCATATGRT	RHCAYRTGKY	10	60	523	11.47	19.365	0.59	125	0.15	0.281	9.499	0.9999993233458702	1.0
ZNF610 (MA1713.2)	GCCGCTCC	VHGCCGCTCC	SVGCCGCTCC	10	18	523	3.44	5.881	0.59	18	0.02	0.058	10.075	0.9953519808208813	1.0
NKX6-3 (MA1530.2)	YCATTA	GTCATTAA	SYCATTAW	8	78	523	14.91	25.614	0.58	108	0.13	0.235	8.777	0.9999999979710893	1.0
Vdr (MA0693.4)	AGTTCA	GAGTTCA	RAGTTCA	7	78	523	14.91	25.904	0.58	105	0.13	0.235	8.816	0.9999999991437171	1.0
ASCL1 (MA1100.3)	CASSTG	GCAGCTGS	RCASSTGY	8	57	523	10.9	18.639	0.58	81	0.1	0.28	9.047	0.999999282378596	1.0
BHLHE41 (MA0636.1)	KCACGTGA	RTCMCGKGAY	RKCACGTGAY	10	14	523	2.68	4.604	0.58	23	0.03	0.054	6.695	0.9901047996337071	1.0
Npas4 (MA1995.2)	CGTGAC	TCGTGAC	TCGTGAC	7	7	523	1.34	2.325	0.58	7	0.01	0.015	8.736	0.9578650979742237	1.0
FEZF2 (MA2341.1)	CCAGCCT	MCCAGSCT	CCCAGCCT	8	141	523	26.96	47.166	0.57	246	0.29	1.315	9.964	1.0	1.0
Ptf1A (MA1620.2)	CACCTG	ACACCTGK	RCACCTGY	8	95	523	18.16	31.793	0.57	113	0.14	0.369	9.87	0.9999999999983469	1.0
ESRRB (MA0141.4)	CAAGGTCA	YCAAGGKCAW	TCAAGGTCAW	10	79	523	15.11	26.577	0.57	97	0.12	0.237	11.154	0.9999999997756089	1.0
FOSL1::JUND (MA1142.2)	TGASKMA	ATGAYTCA	RTGASKMA	8	65	523	12.43	21.683	0.57	75	0.09	0.203	8.52	0.9999999718882175	1.0
TBX19 (MA0804.2)	TMRCACVTRBGTGYKA	TMDCAMVTASKTGHKAR	TMRCACVTRBGTGYKAH	17	50	523	9.56	16.65	0.57	79	0.09	0.196	10.697	0.9999982546051419	1.0
TGIF2LX (MA1571.1)	GACASSTGTC	TGASAYRTSTCA	TGACASSTGTCA	12	41	523	7.84	13.836	0.57	82	0.1	0.198	10.072	0.9999898565330209	1.0
POU4F1 (MA0790.2)	TRMATWATTDA	TNMATWWTTWAT	TRMATWATTDAT	12	145	523	27.72	49.331	0.56	236	0.28	1.046	10.913	1.0	1.0
Nkx3-2 (MA0122.4)	CACTTA	WDMCACTTAW	WWMCACTTAW	10	83	523	15.87	28.207	0.56	92	0.11	0.27	11.198	0.9999999999750564	1.0
KLF14 (MA0740.2)	GGGCGKG	GGGGYGGGR	KGGGCGKGR	9	79	523	15.11	26.792	0.56	89	0.11	0.34	11.023	0.9999999998841861	1.0
MYCN (MA0104.5)	CACGTG	SCACGTGS	CCACGTGG	8	15	523	2.87	5.086	0.56	30	0.04	0.074	8.242	0.9946886287656846	1.0
FOXD3 (MA0041.3)	AAAYAA	WRWRWAAAYAAAHW	WRNRHAAAYAAWCW	14	176	523	33.65	61.346	0.55	366	0.44	1.649	12.46	1.0	1.0
ZNF675 (MA1714.2)	GRGGMYARAAYG	DDDHHRRGWKGMMWAAAWG	KGVHYVRGRGGMYARAAYG	19	97	523	18.55	33.881	0.55	121	0.14	0.344	11.886	0.9999999999999937	1.0
ZNF528 (MA1597.1)	AGGGAAGYCATTYC	BHMWGGDARGVMATTKM	YBMAGGGAAGYCATTYC	17	88	523	16.83	30.83	0.55	108	0.13	0.31	9.47	0.9999999999998007	1.0
TFAP4::ETV1 (MA1966.2)	GGAWRCASSTG	SMGGAAGCAKRKG	SCGGAWRCASSTG	13	53	523	10.13	18.593	0.55	55	0.07	0.162	9.897	0.9999999456271128	1.0
TBXT (MA0009.2)	TMRCACVTABGTGYKA	TMDCAMSTWSKTGHDA	TMRCACVTABGTGYKA	16	44	523	8.41	15.403	0.55	75	0.09	0.205	10.77	0.9999990150351723	1.0
TGIF2LY (MA1572.1)	GACASSTGTC	TGASAYRTSTCA	YGACASSTGTCR	12	38	523	7.27	13.293	0.55	78	0.09	0.189	9.575	0.9999940101223983	1.0
Ar (MA0007.4)	RGWACAYVRTGTWC	RRGRACWNWRWGTKCC	RRGWACAYVRTGTWCY	16	36	523	6.88	12.543	0.55	56	0.07	0.139	9.446	0.9999877320116224	1.0
RORA (MA0071.1)	AGGTCA	WAVDRGGTCA	WWVDAGGTCA	10	76	523	14.53	27.029	0.54	85	0.1	0.249	10.405	0.9999999999942637	1.0
MAF::NFE2 (MA0501.2)	TGACTCAGCA	RTGACWCWGSA	RTGACTCAGCA	11	73	523	13.96	25.935	0.54	79	0.09	0.237	11.825	0.9999999999797741	1.0
OLIG2 (MA0678.1)	CATATG	AWCATATGKT	AMCATATGKY	10	58	523	11.09	20.39	0.54	71	0.09	0.254	11.216	0.9999999906236494	1.0
PKNOX2 (MA0783.1)	TGACAGSTGTCA	TGRBAKSTGWCA	TGACAGSTGTCA	12	83	523	15.87	30.004	0.53	102	0.12	0.342	8.369	0.9999999999999373	1.0
GATA1::TAL1 (MA0140.3)	TATCWBBVHVVHVCA	YTATCWRWVWWWWVCAS	TTATCWBBVHVVHVCAS	17	76	523	14.53	27.495	0.53	83	0.1	0.251	10.971	0.9999999999987903	1.0
ZNF76 (MA1716.2)	CCCAYMATGCMHYRC	WCCCAVARTYCMRCWSS	WCCCAYMATGCMHYRCR	17	65	523	12.43	23.457	0.53	74	0.09	0.212	9.741	0.9999999998727391	1.0
TBX2 (MA0688.2)	GTGTBA	AGGTGTKAH	RRGTGTBAW	9	82	523	15.68	30.111	0.52	93	0.11	0.29	9.36	0.9999999999999811	1.0
CUX2 (MA0755.2)	ATCRAT	WRATCRATW	WRATCRATH	9	48	523	9.18	17.583	0.52	58	0.07	0.148	10.495	0.9999999714635238	1.0
SP3 (MA0746.3)	CCACGCCC	VCCMCDCCCMC	RCCACGCCCMY	11	62	523	11.85	23.449	0.51	64	0.08	0.247	11.072	0.9999999999880542	1.0
Atoh1 (MA0461.3)	CATATG	RMCATATG	RMCATATG	8	57	523	10.9	21.293	0.51	67	0.08	0.227	9.433	0.9999999997405139	1.0
ERF::FIGLA (MA1934.2)	MGGAWRCASSTG	SWGGAWSMASSTK	SMGGAWRCASSTG	13	48	523	9.18	17.912	0.51	54	0.06	0.151	8.696	0.9999999896928141	1.0
ZNF343 (MA1711.2)	GCTTCMCSDCGG	MYGCTTCMYCRMGRSA	VYGCTTCMCSDCGGYM	16	44	523	8.41	16.551	0.51	44	0.05	0.135	7.566	0.999999968095264	1.0
SP1 (MA0079.5)	GGGGMGGRG	GGGGMGGRR	GGGGMGGRG	9	60	523	11.47	22.891	0.5	72	0.09	0.275	11.41	0.9999999999849837	1.0
Sox5 (MA0087.3)	AACAATG	AACAAWGS	AACAATGS	8	86	523	16.44	33.415	0.49	106	0.13	0.343	10.102	1.0	1.0
ATF2 (MA1632.2)	ATGABGTCA	ATGAKGTCWT	ATGABGTCAY	10	76	523	14.53	29.614	0.49	94	0.11	0.311	11.656	0.9999999999999994	1.0
ZNF547 (MA2334.1)	GCTAATGCWRC	TGCTWATGCWRCW	TGCTAATGCWRCM	13	68	523	13.0	26.417	0.49	77	0.09	0.259	10.59	0.9999999999999353	1.0
DPRX (MA1480.2)	TMATC	AGMTWATCY	VGMTMATCY	9	49	523	9.37	19.235	0.49	58	0.07	0.163	9.468	0.9999999996773055	1.0
SOX13 (MA1120.2)	ACAATG	ACAATGG	ACAATGR	7	49	523	9.37	19.312	0.49	54	0.06	0.158	8.767	0.9999999997499471	1.0
SOX2 (MA0143.5)	ACAATG	ACAATGG	ACAATGR	7	49	523	9.37	19.312	0.49	54	0.06	0.158	8.789	0.9999999997499471	1.0
Sox3 (MA0514.3)	ACAATG	ACAATGG	ACAATGR	7	49	523	9.37	19.312	0.49	54	0.06	0.158	8.827	0.9999999997499471	1.0
Arnt (MA0004.1)	CACGTG	CACGTG	CACGTG	6	31	523	5.93	12.214	0.49	62	0.07	0.194	7.871	0.9999992344086588	1.0
MAX (MA0058.4)	CACGTG	CACGTG	CACGTG	6	31	523	5.93	12.214	0.49	62	0.07	0.194	8.161	0.9999992344086588	1.0
MNT (MA0825.2)	CACGTG	CACGTG	CACGTG	6	31	523	5.93	12.214	0.49	62	0.07	0.194	8.124	0.9999992344086588	1.0
Mlxip (MA0622.2)	CACGTG	CACGTG	CACGTG	6	31	523	5.93	12.214	0.49	62	0.07	0.194	8.314	0.9999992344086588	1.0
CEBPG (MA0838.1)	TTRCGCAA	ATTACVCAAY	RTTRCGCAAY	10	27	523	5.16	10.639	0.49	28	0.03	0.091	8.924	0.9999959728600964	1.0
KLF15 (MA1513.2)	CCCGCCC	YCCCGCCC	SCCCGCCC	8	23	523	4.4	9.025	0.49	25	0.03	0.102	10.432	0.9999769990703399	1.0
CREM (MA0609.3)	TGACGTCA	RTGACSTCAY	RTGACGTCAY	10	21	523	4.02	8.229	0.49	39	0.05	0.111	8.149	0.999947578595893	1.0
CEBPB (MA0466.4)	TTGCGCAA	RTTRYRYAAY	RTTGCGCAAY	10	19	523	3.63	7.426	0.49	38	0.05	0.099	6.403	0.9998785486754429	1.0
HINFP (MA0131.3)	CGTCCGC	MSGTCCGC	RCGTCCGC	8	7	523	1.34	2.723	0.49	7	0.01	0.02	9.882	0.9876458297247387	1.0
NR3C1 (MA0113.4)	GWACAYDRTGTWC	RRRACAHWDWGTYYY	RGWACAYDRTGTWCY	15	30	523	5.74	11.946	0.48	51	0.06	0.154	8.781	0.9999992172213498	1.0
RARA (MA0729.1)	RAGGTCAWAAGGTCA	WARRWSAWAAGGTCAMKY	RAGGTCAWAAGGTCAWKK	18	85	523	16.25	34.906	0.47	96	0.11	0.383	7.099	1.0	1.0
SP4 (MA0685.2)	GGGMGGRG	RGGGMGKRG	KGGGMGGRG	9	76	523	14.53	30.914	0.47	85	0.1	0.383	11.209	1.0	1.0
KLF7 (MA1959.2)	GGGCGKKG	GGGYGGGG	GGGCGKKG	8	53	523	10.13	21.56	0.47	60	0.07	0.233	10.059	0.99999999999641	1.0
FLI1::DRGX (MA1949.2)	CGGAWRYMAT	RYAGGAASYAATTM	RYCGGAWRYMATYR	14	44	523	8.41	17.836	0.47	53	0.06	0.141	10.675	0.999999999506864	1.0
MLX (MA0663.1)	TCACGTGA	RKSACGTGRY	RTCACGTGAY	10	15	523	2.87	6.08	0.47	16	0.02	0.058	7.885	0.9997129989641469	1.0
CLOCK (MA0819.3)	CACGTG	ACACGTG	MCACGTG	7	14	523	2.68	5.667	0.47	14	0.02	0.048	8.844	0.9995505352965416	1.0
KLF10 (MA1511.2)	GGGGCGKGG	GGGGYGGGG	GGGGCGKGG	9	64	523	12.24	26.646	0.46	72	0.09	0.335	11.453	0.9999999999999993	1.0
Sox1 (MA0870.1)	ACAATWVCATTGT	VMCAAWDVYAKTGHH	MACAATWVCATTGTY	15	62	523	11.85	25.973	0.46	81	0.1	0.32	10.246	0.9999999999999987	1.0
ZNF331 (MA1726.2)	GCWGAGC	RGCAGAGCCT	WGCWGAGCMH	10	59	523	11.28	24.298	0.46	69	0.08	0.234	10.868	0.9999999999999561	1.0
TGIF2 (MA0797.1)	TGACAGSTGTCA	TGASAKSTGTCA	TGACAGSTGTCA	12	51	523	9.75	21.017	0.46	69	0.08	0.249	9.248	0.999999999995941	1.0
CDX2 (MA0465.3)	CAATAAA	KCAATAAA	GCAATAAA	8	100	523	19.12	42.233	0.45	139	0.17	0.557	10.146	1.0	1.0
HSF4 (MA0771.1)	TCYRGAABVTTC	TWCTRGMAYATTC	WTCYRGAABVTTC	13	56	523	10.71	23.556	0.45	59	0.07	0.215	10.006	0.9999999999999587	1.0
CUX1 (MA0754.3)	AATCRAT	WRATCRATA	YAATCRATA	9	44	523	8.41	18.516	0.45	49	0.06	0.161	11.075	0.9999999999525127	1.0
HES6 (MA1493.1)	GGCACGTGT	GGCACRTGTW	GGCACGTGTY	10	35	523	6.69	14.738	0.45	35	0.04	0.116	8.556	0.9999999937390623	1.0
CREB3 (MA0638.2)	CACGTCA	DKMCACGTCABN	YKMCACGTCAYH	12	15	523	2.87	6.356	0.45	15	0.02	0.045	9.727	0.9998808685783028	1.0
Gmeb1 (MA0615.2)	RCGY	TACGTA	KRCGYM	6	15	523	2.87	6.424	0.45	30	0.04	0.093	6.506	0.9999047881499397	1.0
ZNF135 (MA1587.1)	CTCGACCTCC	RCYMRRCCTCCDRR	YCTCGACCTCCYRR	14	102	523	19.5	43.901	0.44	127	0.15	1.333	10.391	1.0	1.0
FOXH1 (MA0479.2)	AATMCACA	AATMCACA	AATMCACA	8	91	523	17.4	39.771	0.44	104	0.12	0.475	10.324	1.0	1.0
MAFK (MA0496.4)	TGACTCAGC	HWGACTCAGS	MTGACTCAGC	10	80	523	15.3	34.945	0.44	98	0.12	0.42	9.102	1.0	1.0
Hoxd13 (MA0909.4)	CAATAA	CAATAAA	CAATAAM	7	79	523	15.11	34.119	0.44	93	0.11	0.373	9.281	1.0	1.0
ZNF85 (MA1720.2)	AGATTMCWKC	RAGATTVCWRYR	RAGATTMCWKCA	12	75	523	14.34	32.283	0.44	95	0.11	0.328	12.737	1.0	1.0
Dux (MA0611.3)	GATTBAATCA	DGATTBAATCW	WGATTBAATCA	11	61	523	11.66	26.792	0.44	91	0.11	0.39	10.337	1.0	1.0
SREBF1 (MA0829.3)	TCACSTGA	RTSACCTSAY	RTCACSTGAY	10	54	523	10.33	23.457	0.44	59	0.07	0.312	8.95	0.9999999999999912	1.0
TEF (MA0843.2)	TTACRTAA	ATTAYATAAT	RTTACRTAAY	10	40	523	7.65	17.308	0.44	61	0.07	0.191	9.127	0.9999999999164391	1.0
DBP (MA0639.2)	TTAYRTAA	ATTAYATAAT	RTTAYRTAAY	10	35	523	6.69	15.105	0.44	67	0.08	0.2	9.443	0.9999999982135331	1.0
THRB (MA1575.2)	TGWCCTBRHYVAGGWCA	KRDCCTSVHBVAGGHYR	TGWCCTBRHYVAGGWCA	17	29	523	5.54	12.658	0.44	56	0.07	0.171	8.618	0.999999968412832	1.0
BHLHE40 (MA0464.3)	CACGTG	ACACGTGC	KCACGTGM	8	14	523	2.68	6.042	0.44	16	0.02	0.073	9.444	0.9998653884013828	1.0
Prdm5 (MA1999.2)	TCTCC	KTTCTCMMTCT	GYTCTCCAKYY	11	80	523	15.3	35.633	0.43	87	0.1	0.383	9.282	1.0	1.0
NR2F1 (MA0017.3)	RGGTCA	WAAGGTCAVWYK	WRRGGTCAHVVG	12	79	523	15.11	35.25	0.43	105	0.13	0.388	10.465	1.0	1.0
ZBTB6 (MA1581.2)	CTKGAGCC	VCTTGAGCM	SCTKGAGCC	9	62	523	11.85	27.786	0.43	75	0.09	0.292	10.264	1.0	1.0
FOSL1::JUND (MA1143.2)	TGAC	ATGACDWMA	RTGACKYMW	9	30	523	5.74	13.208	0.43	31	0.04	0.1	8.371	0.9999999879102737	1.0
ZNF770 (MA2099.1)	CRGCCTC	YRGCCTCM	CRGCCTCM	8	93	523	17.78	42.134	0.42	123	0.15	0.703	9.918	1.0	1.0
KLF1 (MA0493.3)	GGGYGKGG	GGGWGKGG	GGGYGKGG	8	75	523	14.34	33.767	0.42	84	0.1	0.452	9.929	1.0	1.0
KLF5 (MA0599.1)	CCMCRCCC	SCCMCRCCCM	BCCMCRCCCH	10	74	523	14.15	33.576	0.42	82	0.1	0.464	10.774	1.0	1.0
MYOD1 (MA0499.3)	CASCTGT	KCASCTGTY	SCASCTGTY	9	67	523	12.81	30.6	0.42	77	0.09	0.309	10.036	1.0	1.0
NKX2-4 (MA2003.2)	CACTYSA	CCACTTVA	SCACTYSA	8	47	523	8.99	21.568	0.42	49	0.06	0.179	8.726	0.9999999999999888	1.0
RXRG (MA1556.1)	GGTCAYGACC	RAGGTCAYRMNCTY	RRGGTCAYGACCYY	14	39	523	7.46	17.851	0.42	44	0.05	0.166	9.186	0.9999999999955361	1.0
CEBPG (MA1636.2)	TGATGCAA	RTKATGMAAY	RTGATGCAAT	10	74	523	14.15	34.577	0.41	81	0.1	0.36	11.107	1.0	1.0
FOXF2 (MA0030.2)	RTAAACA	MRTAAACAD	SRTAAACAW	9	74	523	14.15	34.317	0.41	80	0.1	0.36	10.699	1.0	1.0
SOX8 (MA0868.3)	ACAAT	AACAATG	RACAATR	7	50	523	9.56	23.503	0.41	56	0.07	0.206	8.405	0.9999999999999999	1.0
ELK1::HOXA1 (MA1931.1)	CGGAAG	HCMGGAAGKMAKWW	WSCGGAAGTMAKTW	14	27	523	5.16	12.574	0.41	28	0.03	0.092	9.093	0.9999999937308901	1.0
ATF6 (MA1466.2)	TGACGTGGC	VMRTGACGTGDMW	YKRTGACGTGGCR	13	16	523	3.06	7.488	0.41	16	0.02	0.053	7.152	0.9999931899306568	1.0
Foxn1 (MA1684.1)	GAMGC	GGACGC	RGAMGC	6	16	523	3.06	7.373	0.41	16	0.02	0.06	7.027	0.9999898823282238	1.0
SNAI3 (MA1559.2)	CAGGTG	RCAGGTGHR	RCAGGTGYR	9	73	523	13.96	34.669	0.4	78	0.09	0.402	10.822	1.0	1.0
KLF4 (MA0039.5)	CCCCACCC	CCCCRCCC	CCCCACCC	8	69	523	13.19	33.308	0.4	76	0.09	0.443	10.107	1.0	1.0
SNAI2 (MA0745.3)	CACCTGT	WCACCTGT	RCACCTGT	8	67	523	12.81	31.939	0.4	71	0.09	0.341	10.233	1.0	1.0
KLF2 (MA1515.2)	CMCRCCC	CCMCRCCC	MCMCRCCC	8	56	523	10.71	27.021	0.4	59	0.07	0.318	9.271	1.0	1.0
HSF1 (MA0486.2)	TTCYMGAAYVTTC	YTMYVGAAWWTTC	TTCYMGAAYVTTC	13	54	523	10.33	25.736	0.4	57	0.07	0.249	8.545	1.0	1.0
NKX2-3 (MA0672.2)	CACTT	CCACTTRA	SCACTTRW	8	48	523	9.18	23.189	0.4	52	0.06	0.198	9.161	1.0	1.0
KLF11 (MA1512.2)	CACRCCC	CCMCRCCCMC	MCACRCCCMC	10	47	523	8.99	22.241	0.4	50	0.06	0.227	11.596	0.9999999999999992	1.0
JUN (MA0488.2)	ATGAKGTMA	MTGAKGHMAY	ATGAKGTMAT	10	59	523	11.28	28.818	0.39	74	0.09	0.274	12.206	1.0	1.0
RXRB (MA0855.1)	RGGTCAAAGGTCA	DRGKTMAAAGKKYA	RRGGTCAAAGGTCA	14	55	523	10.52	26.662	0.39	64	0.08	0.242	12.816	1.0	1.0
NKX2-8 (MA0673.2)	CACTY	SCACTTVA	VCACTYSW	8	50	523	9.56	24.275	0.39	52	0.06	0.21	8.45	1.0	1.0
ARNT2 (MA1464.2)	CACGTG	GYCACGTG	RWCACGTG	8	18	523	3.44	8.765	0.39	18	0.02	0.084	8.578	0.9999994290941451	1.0
HES5 (MA0821.2)	CACGTG	RSCACGTGSY	VRCACGTGYB	10	18	523	3.44	8.75	0.39	36	0.04	0.128	8.928	0.9999993970684516	1.0
Mafg (MA0659.4)	TGASTCAGC	GMWGASTCAGCW	GMTGASTCAGCW	12	66	523	12.62	32.88	0.38	84	0.1	0.382	9.752	1.0	1.0
DMRT3 (MA0610.2)	TGTAWC	TGTATCM	TGTAWCM	7	54	523	10.33	27.511	0.38	60	0.07	0.259	8.691	1.0	1.0
Arx (MA0874.2)	TAATTA	HVTTAATTAA	MRYTAATTAR	10	49	523	9.37	24.551	0.38	81	0.1	0.338	11.134	1.0	1.0
ATF7 (MA0834.2)	ATGACGTCAY	ATGACGTSAY	ATGACGTCAY	10	17	523	3.25	8.444	0.38	23	0.03	0.099	7.58	0.9999993596059435	1.0
JUNB (MA1140.3)	ATGACGTCA	RTGACGTSATY	ATGACGTCAYS	11	15	523	2.87	7.572	0.38	21	0.03	0.074	8.021	0.9999981900447322	1.0
NR1H2::RXRA (MA0115.1)	AGGTCAAAGGTCA	MRRGKTMAAARGNYWDB	MRAGGTCAAAGGTCAAS	17	49	523	9.37	25.078	0.37	54	0.06	0.227	10.891	1.0	1.0
Nr2f6 (MA0677.2)	GGTCAAAGGTCA	RGKTMAAAGGKCA	RGGTCAAAGGTCA	13	49	523	9.37	25.537	0.37	53	0.06	0.233	10.367	1.0	1.0
POU6F1 (MA1549.2)	TAATGA	TAATGAG	TAATGAK	7	36	523	6.88	18.371	0.37	37	0.04	0.149	8.921	0.9999999999999745	1.0
FOSL2::JUN (MA1131.2)	TGACGTMA	RTGACRTMAK	RTGACGTMAY	10	27	523	5.16	13.958	0.37	32	0.04	0.137	9.615	0.9999999999628952	1.0
TCFL5 (MA0632.3)	CRCGCGC	YCACGCGC	KCRCGCGC	8	6	523	1.15	3.136	0.37	6	0.01	0.028	9.529	0.9989557644968509	1.0
RXRG (MA0856.1)	RGGTCAAAGGTCA	DRGKTHARAGKTYA	RRGGTCAAAGGTCA	14	48	523	9.18	25.499	0.36	55	0.07	0.231	13.065	1.0	1.0
BACH1 (MA1633.2)	ATGACTCA	WTGAHTCAT	ATGACTCAY	9	42	523	8.03	22.539	0.36	57	0.07	0.204	11.558	1.0	1.0
PPARD (MA1550.2)	GGTCAAAGGTCA	RRGKTVAAAGKKYA	RRGGTCAAAGGTCA	14	51	523	9.75	27.503	0.35	58	0.07	0.256	12.803	1.0	1.0
KLF6 (MA1517.2)	ACRCCC	CCMCRCCCM	MMACRCCCH	9	36	523	6.88	19.686	0.35	37	0.04	0.191	10.231	0.9999999999999999	1.0
Creb5 (MA0840.2)	ATGACGTCA	ATGACRTCAY	ATGACGTCAY	10	20	523	3.82	10.799	0.35	26	0.03	0.126	9.287	0.9999999973366392	1.0
SP2 (MA0516.3)	GGGCGGG	GGGGMGGRR	GGGGCGGGR	9	51	523	9.75	28.275	0.34	58	0.07	0.361	11.239	1.0	1.0
SOX15 (MA1152.2)	TTGT	CTATTGT	YYWTTGT	7	33	523	6.31	18.379	0.34	35	0.04	0.147	7.792	0.9999999999999993	1.0
NR2F1 (MA1538.1)	GGTCRBTGACC	RRGGTMAHTKACCYY	RRGGTCRBTGACCYY	15	24	523	4.59	13.308	0.34	36	0.04	0.132	10.969	0.9999999999845691	1.0
CEBPE (MA0837.3)	TTGCGCAA	RTTRYRYAAY	RTTGCGCAAY	10	19	523	3.63	10.6	0.34	38	0.05	0.151	7.392	0.9999999981905171	1.0
FOS (MA1951.2)	TGACGTCAT	DRTGAYRTSATHV	BRTGACGTCATMR	13	19	523	3.63	10.669	0.34	25	0.03	0.104	8.478	0.9999999986160117	1.0
CREB3L1 (MA0839.2)	GCCACGTCA	TGCCACGTSMDSW	YGCCACGTCABCR	13	17	523	3.25	9.468	0.34	17	0.02	0.068	8.916	0.9999999860371868	1.0
FOSL2::JUNB (MA1139.2)	TGACGTCA	RTGACGTCAY	RTGACGTCAY	10	16	523	3.06	8.925	0.34	34	0.04	0.126	9.633	0.9999999648790436	1.0
TBX18 (MA1565.2)	GGTGKGA	AGGTGTGAH	RGGTGKGAR	9	66	523	12.62	37.95	0.33	74	0.09	0.448	9.632	1.0	1.0
FOSB::JUNB (MA1136.1)	TKACGTCA	RTSACGTCAT	RTKACGTCAY	10	15	523	2.87	8.765	0.33	28	0.03	0.1	9.368	0.9999999800955416	1.0
Arntl (MA0603.2)	CACGTG	MKCACGTG	RTCACGTG	8	14	523	2.68	8.145	0.33	14	0.02	0.079	8.338	0.9999999332087603	1.0
FOSL1::JUN (MA1129.1)	TKACGTMA	RTSACGTCAT	RTKACGTMAY	10	14	523	2.68	7.992	0.33	28	0.03	0.105	9.092	0.9999998789990652	1.0
GMEB2 (MA0862.1)	ACGT	TKACGTMA	KKACGTMM	8	5	523	0.96	2.868	0.33	10	0.01	0.029	9.182	0.9991310032152821	1.0
GATA5 (MA0766.3)	GATAA	AGATAAGA	WGATAASR	8	35	523	6.69	20.665	0.32	37	0.04	0.174	8.573	1.0	1.0
KLF12 (MA0742.2)	GGGCGKGG	DGGGMGGGG	KGGGCGKGG	9	35	523	6.69	21.04	0.32	35	0.04	0.237	11.551	1.0	1.0
ETV2::FIGLA (MA1941.2)	GGAARCAGSTG	VMGGAWRMAGSTG	SCGGAARCAGSTG	13	33	523	6.31	19.625	0.32	35	0.04	0.172	9.863	1.0	1.0
FERD3L (MA1485.1)	GYRMCAGCTGYYRC	RHRSCASCTGHKRC	GYRMCAGCTGYYRC	14	27	523	5.16	16.107	0.32	31	0.04	0.185	8.937	0.9999999999999937	1.0
RARG (MA1553.2)	GKTCATGACC	AGGDYATGMCCTT	RGKTCATGACCYY	13	27	523	5.16	16.229	0.32	33	0.04	0.182	8.292	0.9999999999999962	1.0
BHLHA15 (MA0607.2)	CATATG	RMCAKMTGKY	RMCATATGKY	10	24	523	4.59	14.463	0.32	50	0.06	0.223	10.835	0.9999999999998593	1.0
MAFA (MA1521.2)	GCTGMSKCAGC	WGCTBMSKCWGCW	YGCTGMSKCAGCR	13	22	523	4.21	13.277	0.32	44	0.05	0.188	10.601	0.9999999999984704	1.0
ZBED2 (MA1971.2)	CGAAAC	CGAAACC	CGAAACY	7	7	523	1.34	4.245	0.32	7	0.01	0.029	9.019	0.9999514503162931	1.0
Rxra (MA0512.2)	GGTCAAAGGTCA	VRGKTMAAAKKKYA	RRGGTCAAAGGTCA	14	40	523	7.65	24.451	0.31	45	0.05	0.215	12.437	1.0	1.0
ZNF708 (MA1730.2)	GCTGTRCCT	KCTGTDCST	GCTGTRCCT	9	40	523	7.65	24.421	0.31	43	0.05	0.224	8.61	1.0	1.0
KLF3 (MA1516.2)	CCRCGCCC	BRCCACRCCC	RRCCRCGCCC	10	35	523	6.69	21.247	0.31	37	0.04	0.214	10.5	1.0	1.0
RXRB (MA1555.1)	GGTCRTGACC	BRKKTYATGAMCYH	RRGGTCRTGACCYY	14	27	523	5.16	16.505	0.31	34	0.04	0.176	8.439	0.9999999999999989	1.0
MAF (MA1520.2)	GCTKASWMAGC	TGCWKWVWMAGCA	TGCTKASWMAGCR	13	25	523	4.78	15.312	0.31	49	0.06	0.211	9.921	0.9999999999999858	1.0
THRA (MA1969.2)	TGWCCTCABDTGACCT	VTGWCCTSAHVTRRCCTB	STGWCCTCABDTGACCTY	18	55	523	10.52	35.059	0.3	61	0.07	0.397	13.709	1.0	1.0
JUND (MA0492.2)	ATGAYGTMA	RATGABSYMAY	RATGAYGTMAT	11	40	523	7.65	26.218	0.29	49	0.06	0.274	12.305	1.0	1.0
NR2F1 (MA1537.2)	GGTCAAAGGTCA	RGDTBADRGGYYM	RGGTCAAAGGTCA	13	37	523	7.07	24.413	0.29	38	0.05	0.219	8.87	1.0	1.0
JUN::JUNB (MA1132.2)	TGACKMA	VTGACTCA	RTGACKMA	8	30	523	5.74	19.954	0.29	31	0.04	0.163	9.242	1.0	1.0
OLIG3 (MA0827.1)	CATATG	AMCATMTGKY	RMCATATGBY	10	31	523	5.93	21.086	0.28	43	0.05	0.261	10.821	1.0	1.0
SOX14 (MA1562.2)	GAACAAT	BGAACAATK	YGAACAATK	9	31	523	5.93	21.491	0.28	32	0.04	0.185	9.422	1.0	1.0
ZNF524 (MA2096.1)	TCGVACCC	MTCGVACCC	YTCGVACCC	9	28	523	5.35	19.013	0.28	30	0.04	0.166	10.041	1.0	1.0
MLXIPL (MA0664.2)	CACGTG	RGCACGTG	RKCACGTG	8	11	523	2.1	7.495	0.28	11	0.01	0.069	8.662	0.9999999809537387	1.0
THRB (MA1574.2)	GGTCARAGGT	RKKTYARRGGTYR	RGGTCARAGGTYR	13	34	523	6.5	24.459	0.27	39	0.05	0.218	11.951	1.0	1.0
RARB (MA1552.2)	GGTCRTGACC	RAGKKYATRRCCT	RRGGTCRTGACCY	13	24	523	4.59	16.872	0.27	29	0.03	0.17	7.48	1.0	1.0
SOX12 (MA1561.2)	CGAACAA	MMHRAACAAW	MMCGAACAAY	10	25	523	4.78	18.08	0.26	27	0.03	0.144	8.336	1.0	1.0
FOSL2::JUND (MA1145.2)	TKACGTCA	RTSACRTCAY	RTKACGTCAY	10	18	523	3.44	12.994	0.26	30	0.04	0.131	9.979	0.9999999999999771	1.0
JUN::JUNB (MA1133.2)	TKACGTCA	TRTKABGTCAK	KRTKACGTCAK	11	16	523	3.06	12.054	0.25	18	0.02	0.101	9.045	0.9999999999999216	1.0
TFE3 (MA0831.3)	TCACGTGA	RBCACGTGVY	RTCACGTGAY	10	11	523	2.1	8.428	0.25	22	0.03	0.118	7.784	0.999999999637511	1.0
NEUROG2 (MA0669.1)	CATATGYY	AMCADATGKY	RMCATATGYY	10	26	523	4.97	20.52	0.24	33	0.04	0.229	10.51	1.0	1.0
FOSB::JUN (MA1127.1)	TGACGTMA	RATGACRTSAY	RRTGACGTMAY	11	16	523	3.06	12.803	0.24	27	0.03	0.125	9.204	0.9999999999999973	1.0
HSF2 (MA0770.1)	TTCTRGAABDTTC	YTCYRGAADWTTC	TTCTRGAABDTTC	13	33	523	6.31	27.503	0.23	40	0.05	0.282	9.641	1.0	1.0
TEAD2 (MA1121.2)	ACATTCC	ACATTCC	ACATTCC	7	23	523	4.4	19.419	0.23	23	0.03	0.175	9.087	1.0	1.0
JDP2 (MA0656.2)	ATGACGTCA	ATGAYRTCAY	ATGACGTCAY	10	16	523	3.06	13.163	0.23	24	0.03	0.139	9.118	0.9999999999999994	1.0
HES7 (MA0822.1)	GGCACGTGCC	HGSCACKTGCYV	YGGCACGTGCCR	12	14	523	2.68	11.893	0.23	23	0.03	0.151	5.997	0.9999999999999928	1.0
ZBED1 (MA0749.2)	TRTCGCGACAT	TGTCRCGACABM	TRTCGCGACATR	12	3	523	0.57	2.6	0.22	5	0.01	0.021	9.463	0.9998627095464795	1.0
ASCL1 (MA1631.2)	CACCTGC	VCASCTGCY	VCACCTGCY	9	35	523	6.69	31.289	0.21	50	0.06	0.36	10.031	1.0	1.0
Nkx2-1 (MA1994.2)	CACTTGA	CACTTGA	CACTTGA	7	30	523	5.74	26.937	0.21	30	0.04	0.26	9.189	1.0	1.0
CREB1 (MA0018.5)	TGAYGTCA	TGATGTCA	TGAYGTCA	8	34	523	6.5	32.65	0.2	37	0.04	0.335	10.164	1.0	1.0
ATF3 (MA0605.3)	TGACGTCA	MTGAYRTCAK	RTGACGTCAY	10	14	523	2.68	13.614	0.2	26	0.03	0.19	8.895	1.0	1.0
USF1 (MA0093.4)	CAYGTGA	GKCAKGTGRM	GYCAYGTGAY	10	23	523	4.4	22.776	0.19	26	0.03	0.206	9.05	1.0	1.0
NEUROG1 (MA0623.2)	CATATG	VVCATATGKB	RMCATATGKY	10	15	523	2.87	15.442	0.19	29	0.03	0.188	10.395	1.0	1.0
ZNF669 (MA1985.1)	GGSYGAYGMCC	RGGVWGATGMCBDSB	DGGSYGAYGMCCRBB	15	8	523	1.53	7.931	0.19	9	0.01	0.057	9.558	0.9999999999743895	1.0
E2F4 (MA0470.3)	TGGCGCS	YYTKSGCGCYYTD	WWKTGGCGCSMWW	13	3	523	0.57	3.021	0.19	3	0.0	0.027	8.851	0.9999801189845086	1.0
SNAI1 (MA1558.2)	CAGGTG	GCAGGTG	RCAGGTG	7	20	523	3.82	20.887	0.18	24	0.03	0.195	8.811	1.0	1.0
TCF12 (MA1648.2)	CACCTGC	CACCTGC	CACCTGC	7	20	523	3.82	20.887	0.18	24	0.03	0.195	8.908	1.0	1.0
TCF3 (MA0522.4)	CACCTGC	CACCTGC	CACCTGC	7	20	523	3.82	20.887	0.18	24	0.03	0.195	9.039	1.0	1.0
TFEB (MA0692.2)	CACRTG	CAYRTGAY	CACRTGMY	8	15	523	2.87	16.52	0.17	15	0.02	0.139	8.484	1.0	1.0
E2F2 (MA0864.3)	GCGC	WWDDGGCGCHMWK	WWWWSGCGCSMWW	13	5	523	0.96	5.468	0.17	6	0.01	0.044	8.822	0.9999999900200808	1.0
ZFP57 (MA1583.2)	TGCCGCA	TGCCGCA	TGCCGCA	7	3	523	0.57	3.281	0.17	3	0.0	0.022	9.195	0.9999941109112174	1.0
TCF4 (MA0830.3)	CACCTG	NCACCTGC	SCACCTGS	8	26	523	4.97	30.187	0.16	30	0.04	0.327	9.804	1.0	1.0
TFEC (MA0871.3)	CACGTGAC	CAYGTGAC	CACGTGAC	8	8	523	1.53	9.652	0.16	8	0.01	0.077	7.805	0.9999999999999929	1.0
E2F6 (MA0471.3)	GGCGGGA	GGMGGGAR	GGCGGGAA	8	15	523	2.87	21.231	0.14	16	0.02	0.191	8.54	1.0	1.0
Creb3l2 (MA0608.1)	KMCACGTG	KMSACGTSD	KMCACGTGD	9	5	523	0.96	6.891	0.14	7	0.01	0.065	10.013	0.9999999999890784	1.0
HES1 (MA1099.3)	CRCGTG	GRCRCGTG	KKCRCGTG	8	4	523	0.76	5.392	0.14	4	0.0	0.046	9.035	0.9999999980796863	1.0
Nrf1 (MA0506.3)	GCGCMTGCG	CTGCKCMTGCCC	SYGCGCMTGCGY	12	4	523	0.76	6.019	0.13	4	0.0	0.054	7.572	0.9999999999108857	1.0
SREBF2 (MA0828.3)	RTCACGTGAY	RTSACGTSAY	RTCACGTGAY	10	10	523	1.91	15.396	0.12	20	0.02	0.242	5.886	1.0	1.0
OTX2 (MA0712.3)	GGATTA	GGGATTA	RGGATTA	7	20	523	3.82	33.621	0.11	22	0.03	0.443	8.651	1.0	1.0
ZBTB14 (MA1650.2)	CGCGCAC	CCGCGCAS	CCGCGCAC	8	4	523	0.76	7.143	0.11	4	0.0	0.058	8.408	0.9999999999996809	1.0
Nanog (MA2339.1)	GCAATCA	GCAATCA	GCAATCA	7	8	523	1.53	15.258	0.1	8	0.01	0.12	8.852	1.0	1.0
MITF (MA0620.4)	TCACGTGA	RTCAYRTGAY	RTCACGTGAY	10	6	523	1.15	11.465	0.1	14	0.02	0.163	9.271	1.0	1.0
