motif	consensus	observed_consensus	consensus_full	motif_width	copies_with_hit	n_copies	pct_copies	pct_copies_bg	fold_prevalence	hits	hits_per_kb	hits_per_kb_bg	best_score	fisher_p	fdr_q
RFX3 (MA0798.3)	GTTRCCATGGCAAC	GGTYDCCMKRRVAACC	SGTTRCCATGGCAACS	16	1086	5590	19.43	3.379	5.75	1785	0.74	0.119	13.878	0.0	0.0
REL (MA0101.1)	GGRNWTTCC	KGGRRTTTCC	SGGRNWTTCC	10	1582	5590	28.3	5.716	4.95	2003	0.83	0.149	9.996	0.0	0.0
RELA (MA0107.1)	GGRRTTTCC	KGGRRTTTCC	SGGRRTTTCC	10	1704	5590	30.48	6.764	4.51	2287	0.95	0.188	11.699	0.0	0.0
ZNF682 (MA1599.2)	GCYAAGCCCC	KRMYMAGYCCC	RGCYAAGCCCC	11	1266	5590	22.65	6.082	3.72	1471	0.61	0.164	13.434	0.0	0.0
ZBTB24 (MA2330.1)	CAGGAC	YCCAGGAMCY	SCCAGGACCY	10	1678	5590	30.02	9.382	3.2	2024	0.84	0.263	11.474	0.0	0.0
ZNF707 (MA1715.1)	CCCCACTYCTGGT	CCCCACTYCWGRYRM	CCCCACTYCTGGTMM	15	1765	5590	31.57	9.975	3.17	2320	0.96	0.257	15.22	0.0	0.0
Dux (MA0611.3)	GATTBAATCA	TGATTHAATCA	WGATTBAATCA	11	1698	5590	30.38	9.795	3.1	3864	1.6	0.386	13.193	0.0	0.0
POU6F1 (MA1549.2)	TAATGA	TAATGAG	TAATGAK	7	1211	5590	21.66	6.167	3.51	1311	0.54	0.152	8.921	3.8949467694332975e-301	4.2795727629148355e-299
ZNF667 (MA1984.2)	TAMRAGCWCA	TTARGRGCTCA	KTAMRAGCWCA	11	1473	5590	26.35	8.984	2.93	1640	0.68	0.225	12.54	1.900350827121895e-295	1.856009307822384e-293
OSR2 (MA1646.2)	CAGAAGC	HCAGAAGC	VCAGAAGC	8	1646	5590	29.45	11.198	2.63	2082	0.86	0.303	9.778	2.966484455367239e-284	2.607539836267803e-282
ZNF341 (MA1655.2)	AACAGC	GAACAGCC	SAACAGCH	8	1275	5590	22.81	7.219	3.16	1365	0.57	0.178	9.845	3.248387429664659e-278	2.595756864250214e-276
ZNF148 (MA1653.2)	CCCCTCCC	CCCCTCCYYV	CCCCTCCCSS	10	1558	5590	27.87	10.775	2.59	2064	0.86	0.37	12.326	4.210323220805912e-259	3.0840617592403308e-257
ZNF282 (MA1154.2)	TTTCCCMYWACAC	SWKTCCCAYRASMCT	STTTCCCMYWACACK	15	1343	5590	24.03	8.839	2.72	1571	0.65	0.221	13.782	1.7979685235404255e-236	1.2157033324554106e-234
NFYB (MA0502.3)	ATTGGCC	TCATTGGCC	YSATTGGCC	9	1150	5590	20.57	6.752	3.05	1296	0.54	0.168	10.762	1.0393902234176801e-235	6.52588575988672e-234
MEIS1 (MA1639.2)	ATMAATCA	MATMAATCA	YATMAATCA	9	1530	5590	27.37	11.079	2.47	1901	0.79	0.29	10.851	3.39918447415359e-234	1.9919221018540037e-232
DUXA (MA0884.2)	TRAYTWARTYA	DTGATTWAATCAH	YTRAYTWARTYAR	13	1284	5590	22.97	8.265	2.78	2777	1.15	0.412	13.373	1.1924167103100755e-232	6.550839302265977e-231
KLF17 (MA1514.2)	CCACRCWCCC	VCCACMMHCCCMBY	MCCACRCWCCCMYY	14	1286	5590	23.01	8.542	2.69	1587	0.66	0.256	13.628	9.587159988727558e-222	4.95712566475972e-220
RFX1 (MA0509.3)	GTTGCCATGGYAAC	GGTTBYYMKRRVRACC	SGTTGCCATGGYAACS	16	765	5590	13.69	3.448	3.97	1464	0.61	0.133	13.883	2.5582972808571243e-211	1.2493018388185623e-209
PBX1 (MA0070.2)	ATCAATCA	ATCAATCAW	ATCAATCAW	9	1281	5590	22.92	8.751	2.62	1503	0.62	0.23	11.266	9.042427643437712e-211	4.18331257820092e-209
DUX4 (MA0468.1)	AAYYYAATCA	KRAYTYAATCW	WAAYYYAATCA	11	1762	5590	31.52	15.171	2.08	2453	1.02	0.425	12.409	1.7243956634778486e-196	7.578718940985144e-195
STAT1 (MA0137.4)	TTCYRGGAA	TKCYRGGAA	TTCYRGGAA	9	1630	5590	29.16	13.775	2.12	2090	0.87	0.458	10.887	3.983970561873508e-186	1.6675762494699112e-184
POU6F2 (MA0793.2)	CTMATTA	RYCTCATTA	DSCTMATTA	9	1246	5590	22.29	9.103	2.45	1368	0.57	0.234	10.358	1.1482560823077949e-181	4.5878049834025074e-180
HAND2 (MA1638.2)	CAGATG	CAGATG	CAGATG	6	2327	5590	41.63	23.909	1.74	3362	1.39	0.683	8.173	3.7525330049558295e-179	1.4341202223287712e-177
NR2C2 (MA0504.2)	GGTCARAGGKCR	RRGGKSARRGRBSR	RRGGTCARAGGKCR	14	1342	5590	24.01	10.445	2.3	1622	0.67	0.28	15.39	1.8988905168308876e-175	6.954686517893126e-174
Six4 (MA2001.2)	AACCTGA	AACCTGA	AACCTGA	7	932	5590	16.67	5.756	2.9	1003	0.42	0.14	8.816	8.632418950716768e-174	3.035158503072016e-172
ZNF530 (MA1981.2)	GMARGGMVAGGG	GVRRGGRRWGGGGV	GMARGGMVAGGGSC	14	1498	5590	26.8	12.845	2.09	1829	0.76	0.407	15.245	9.58396489092681e-163	3.2401173612017942e-161
MYB (MA0100.4)	CAACTG	CAACTG	CAACTG	6	1761	5590	31.5	16.589	1.9	2212	0.92	0.441	8.173	6.881622919165789e-158	2.2403505725728624e-156
PATZ1 (MA1961.2)	GGMGGGG	BRRGGWGGGGS	SSRGGMGGGGS	11	1326	5590	23.72	10.804	2.2	1661	0.69	0.385	12.416	1.317541758949914e-157	4.1361400218463375e-156
RFX5 (MA0510.3)	GTTRCYATRGYAAC	GTTBCYMKRGVAAC	GTTRCYATRGYAAC	14	779	5590	13.94	4.539	3.07	1464	0.61	0.177	14.816	4.3746237720594085e-156	1.3259635502207656e-154
CUX2 (MA0755.2)	ATCRAT	TAATCAATY	WRATCRATH	9	899	5590	16.08	5.81	2.77	965	0.4	0.147	10.495	8.549598891042202e-156	2.5050324750753655e-154
ZNF281 (MA1630.3)	GGGGGMGGGG	GGGGGWKGGG	GGGGGMGGGG	10	1669	5590	29.86	15.689	1.9	2293	0.95	0.538	13.071	1.6858596258906303e-148	4.7802277779285934e-147
KLF5 (MA0599.1)	CCMCRCCC	BCCMCWCCCY	BCCMCRCCCH	10	1546	5590	27.66	14.148	1.95	2034	0.84	0.445	10.774	8.201407008163379e-145	2.252823987554878e-143
TWIST1 (MA1123.3)	CAGATG	CCAGATGD	MCAGATGK	8	1163	5590	20.81	9.385	2.22	1315	0.55	0.237	10.039	2.1242169569974665e-138	5.658141530911434e-137
KLF4 (MA0039.5)	CCCCACCC	CCCCWCCC	CCCCACCC	8	1489	5590	26.64	13.727	1.94	1917	0.8	0.428	10.107	7.324091543786303e-136	1.8934930785259295e-134
ETV1 (MA0761.3)	CAGGAAG	YCAGGAARY	RCAGGAAGY	9	1590	5590	28.44	15.153	1.88	1949	0.81	0.4	11.014	6.65216097954033e-135	1.6706427145759858e-133
Pparg::Rxra (MA0065.3)	GDSARAGG	RGGRSARAGRBCA	RGGDSARAGGKSA	13	1582	5590	28.3	15.257	1.85	1911	0.79	0.419	13.135	7.436929409168433e-130	1.8158502640719592e-128
Hand1 (MA2123.1)	CAGACC	YCCAGMCCY	DCCAGACCY	9	1092	5590	19.53	8.912	2.19	1254	0.52	0.232	10.669	6.655073641438371e-126	1.5810296569795481e-124
NFIX (MA1528.2)	TGGCDBBDTGCCA	BKGGCWVVBWGCCM	HTGGCDBBDTGCCA	14	769	5590	13.76	5.141	2.68	1332	0.55	0.186	13.089	1.0290132566187821e-124	2.380270138336604e-123
BCL11A (MA2324.1)	TGACC	CTGACCA	CTGACCW	7	825	5590	14.76	5.77	2.56	868	0.36	0.141	8.78	1.508828651539686e-124	3.4006676530856e-123
HOXB4 (MA1499.2)	TMATTA	TCATTA	TMATTA	6	2156	5590	38.57	23.998	1.61	2908	1.21	0.715	7.536	8.235657160531883e-124	1.7236053914541725e-122
HOXC4 (MA1504.2)	YMATTA	TCATTA	YMATTA	6	2156	5590	38.57	23.998	1.61	2908	1.21	0.715	7.313	8.235657160531883e-124	1.7236053914541725e-122
HOXD4 (MA1507.2)	YMATTA	TCATTA	YMATTA	6	2156	5590	38.57	23.998	1.61	2908	1.21	0.715	7.309	8.235657160531883e-124	1.7236053914541725e-122
RFX2 (MA0600.3)	GTTRCCATGGYAAC	GTTBCYMKRRVAAC	GTTRCCATGGYAAC	14	721	5590	12.9	4.656	2.77	1465	0.61	0.202	15.278	3.409865100708711e-123	6.970398659355713e-122
MAZ (MA1522.2)	CCCCTCC	CCCCTCCY	CCCCTCCY	8	1148	5590	20.54	9.757	2.1	1318	0.55	0.276	10.506	6.698566865148303e-122	1.3381909714693996e-120
NFYA (MA0060.4)	CCAATCA	CCAATCAB	CCAATCAS	8	820	5590	14.67	5.81	2.52	905	0.38	0.148	10.035	5.675718289080109e-121	1.1086569724669814e-119
TEAD1 (MA0090.4)	ACATTCCA	AMATTCCAR	ACATTCCAR	9	1366	5590	24.44	12.687	1.93	1552	0.64	0.327	11.299	2.4018640697023373e-120	4.5896489505833794e-119
NFYC (MA1644.2)	CCAATCA	CCAATCA	CCAATCA	7	711	5590	12.72	4.643	2.74	781	0.32	0.118	9.012	2.9058124634170936e-119	5.434487564560905e-118
ZNF574 (MA1982.2)	CYAGAGMGKC	KSCYAGARDGGSYM	KSCYAGAGMGKCSS	14	770	5590	13.77	5.304	2.6	838	0.35	0.134	12.797	9.343480376432093e-119	1.711024843934127e-117
KLF10 (MA1511.2)	GGGGCGKGG	RGGGWGGGG	GGGGCGKGG	9	1187	5590	21.23	10.381	2.05	1449	0.6	0.322	11.453	1.367630021487847e-118	2.4533607936486073e-117
HNF4G (MA0484.3)	CAAAGTCC	CAAAGWCCA	CAAAGTCCA	9	1196	5590	21.4	10.628	2.01	1388	0.58	0.273	11.394	3.593126791742713e-115	6.316716899883689e-114
PAX3 (MA0780.1)	AATYRATTA	TRATYRATYA	TAATYRATTA	10	993	5590	17.76	8.098	2.19	2000	0.83	0.372	12.481	1.8255700106278748e-113	3.146423606552749e-112
MEIS2 (MA1640.2)	GATTTAT	TGATTKATK	WGATTTATK	9	1421	5590	25.42	13.81	1.84	1716	0.71	0.37	10.998	1.0669866290999992e-111	1.8036177826517297e-110
REST (MA0138.3)	CAGSACCWYGGACAG	HMRGVACYMRGGAMARMRMY	YCAGSACCWYGGACAGMKSY	20	979	5590	17.51	8.147	2.15	1116	0.46	0.21	14.542	6.284413191913764e-107	1.0422639991872074e-105
DMRT3 (MA0610.2)	TGTAWC	TGTATCC	TGTAWCM	7	1126	5590	20.14	10.111	1.99	1230	0.51	0.258	8.691	7.60377723669631e-105	1.237725961306677e-103
HNF4A (MA0114.5)	CAAAGTCC	CAAAGWCCA	CAAAGTCCA	9	1208	5590	21.61	11.303	1.91	1406	0.58	0.292	11.383	2.3813689959181634e-102	3.8058606316583014e-101
KLF1 (MA0493.3)	GGGYGKGG	GGGWGKGG	GGGYGKGG	8	1386	5590	24.79	14.067	1.76	1782	0.74	0.437	9.929	1.225006883362692e-95	1.9228233044210827e-94
KLF16 (MA0741.1)	CMCRCCCMC	SMCMCDCCCMY	VMCMCRCCCMC	11	981	5590	17.55	8.615	2.04	1261	0.52	0.275	12.427	8.004865457383048e-95	1.2344345152701228e-93
TEAD4 (MA0809.3)	CATTCCA	AMATTCCA	ACATTCCA	8	1322	5590	23.65	13.247	1.79	1491	0.62	0.348	10.173	5.751404404742676e-94	8.716352537532433e-93
KLF14 (MA0740.2)	GGGCGKG	GGGGWGGGG	KGGGCGKGR	9	1113	5590	19.91	10.478	1.9	1347	0.56	0.328	11.023	9.409165942351535e-92	1.4018062480215252e-90
ZNF740 (MA0753.3)	CCCCCCCC	CCCCCCCCMM	CCCCCCCCMY	10	898	5590	16.06	7.684	2.09	1419	0.59	0.311	12.623	2.0763926184805772e-91	3.0419151860740454e-90
Rxra (MA0512.2)	GGTCAAAGGTCA	RRGKTYARAGDYCA	RRGGTCAAAGGTCA	14	931	5590	16.65	8.162	2.04	1076	0.45	0.206	16.994	6.707856220269519e-90	9.665910848552306e-89
HNF4A (MA1494.2)	GTYCAAAGGTC	RRKKHCAAAGKKYW	RRGTYCAAAGGTCR	14	889	5590	15.9	7.64	2.08	1024	0.42	0.19	12.019	1.5670909976115207e-89	2.2217306240331075e-88
FOSL2::JUN (MA1130.2)	TGASTCA	RTGASTCAY	RTGASTCAY	9	749	5590	13.4	5.939	2.26	1359	0.56	0.212	10.6	1.2282268300088855e-88	1.713668862821921e-87
ZNF320 (MA1976.2)	GKRGGRBCMRGGGG	RKRGGKVHHRKGGGMHDSDK	GKRGGRBCMRGGGGMMWRKG	20	1114	5590	19.93	10.689	1.86	1344	0.56	0.346	13.372	2.9209615162886123e-87	4.011758082527641e-86
TCF7L1 (MA1421.1)	AGATCAAAG	AAAGWYCAAAKR	WAAGATCAAAGR	12	1510	5590	27.01	16.328	1.65	1826	0.76	0.435	13.535	1.7358317290279734e-86	2.34737859971629e-85
FOSL2::JUNB (MA1138.2)	TGASTCA	RTGASTCAY	RTGASTCAY	9	769	5590	13.76	6.317	2.18	1501	0.62	0.23	10.697	1.1793080673575e-84	1.5706239260715795e-83
FOS::JUNB (MA1134.2)	TGASTCA	RTGASTCAY	RTGASTCAY	9	770	5590	13.77	6.351	2.17	1480	0.61	0.232	10.83	4.824852585691714e-84	6.236831504151495e-83
FOSL2::JUND (MA1144.2)	TGASTCA	RTGASTCAY	RTGASTCAY	9	770	5590	13.77	6.351	2.17	1480	0.61	0.232	10.743	4.824852585691714e-84	6.236831504151495e-83
NR2F1 (MA1537.2)	GGTCAAAGGTCA	RGGKYARAGRYYR	RGGTCAAAGGTCA	13	933	5590	16.69	8.509	1.96	1059	0.44	0.216	16.163	7.955198397526547e-82	1.0134231002066426e-80
ZNF454 (MA1712.2)	GGCTCBVGG	GGCTCMBRGMMCYBRKS	GGCTCBVGGNYCYKVBS	17	718	5590	12.84	5.834	2.2	799	0.33	0.187	12.476	1.4943108624176066e-80	1.8764274972358232e-79
NFE2 (MA0841.2)	ATGACTCAT	RTGASTCAYD	ATGACTCATS	10	749	5590	13.4	6.216	2.16	1335	0.55	0.208	12.736	1.6692875146929704e-80	2.0666249653734098e-79
CUX1 (MA0754.3)	AATCRAT	TAATCAATY	YAATCRATA	9	757	5590	13.54	6.326	2.14	787	0.33	0.161	11.075	3.2860572316330352e-80	4.0117282036186636e-79
ZFP14 (MA1972.1)	GGAGSMHMHGGA	RGAGGVBMKGGARDB	GGAGSMHMHGGARBG	15	1458	5590	26.08	15.932	1.64	1878	0.78	0.456	13.496	6.060176240956354e-80	7.297116323014568e-79
RXRG (MA0856.1)	RGGTCAAAGGTCA	RRGKTYARRGKYYR	RRGGTCAAAGGTCA	14	940	5590	16.82	8.689	1.94	1097	0.45	0.22	16.762	9.810914535886484e-80	1.1653775509519215e-78
RBPJ (MA1116.2)	TGGGAA	TGGGAA	TGGGAA	6	2314	5590	41.4	29.352	1.41	3191	1.32	0.891	8.184	1.213898225540055e-78	1.4226887203329444e-77
STAT3 (MA0144.3)	TKCYKGGAA	TKCYRGGAA	TKCYKGGAA	9	1532	5590	27.41	17.178	1.6	1887	0.78	0.534	10.625	2.205116223740755e-77	2.55039100087911e-76
BACH2 (MA1101.3)	ATGASTCAT	HRTGASTCAYD	MATGASTCATS	11	632	5590	11.31	4.912	2.3	1253	0.52	0.187	13.106	3.763631368754159e-77	4.296405159915462e-76
RXRB (MA0855.1)	RGGTCAAAGGTCA	RRGKTBARAGKYYR	RRGGTCAAAGGTCA	14	970	5590	17.35	9.205	1.89	1130	0.47	0.233	17.302	4.866110794608001e-77	5.483732549308247e-76
SCRT1 (MA0743.3)	CAACAGGT	YCMACAGGTK	KCAACAGGTK	10	953	5590	17.05	8.978	1.9	1007	0.42	0.223	12.133	4.942254183806253e-77	5.499039781728729e-76
Atf3 (MA1988.2)	TGACTCA	TGACTCA	TGACTCA	7	747	5590	13.36	6.333	2.11	849	0.35	0.155	9.064	1.4517624262370183e-76	1.51916568174088e-75
BATF (MA1634.2)	TGACTCA	TGACTCA	TGACTCA	7	747	5590	13.36	6.333	2.11	849	0.35	0.155	9.04	1.4517624262370183e-76	1.51916568174088e-75
BATF3 (MA0835.3)	TGACTCA	TGACTCA	TGACTCA	7	747	5590	13.36	6.333	2.11	849	0.35	0.155	9.177	1.4517624262370183e-76	1.51916568174088e-75
BATF::JUN (MA0462.3)	TGACTCA	TGASTCA	TGACTCA	7	747	5590	13.36	6.333	2.11	1698	0.7	0.311	9.088	1.4517624262370183e-76	1.51916568174088e-75
BNC2 (MA1928.2)	TGAGTCA	TGAGTCA	TGAGTCA	7	747	5590	13.36	6.333	2.11	849	0.35	0.155	9.058	1.4517624262370183e-76	1.51916568174088e-75
PPARD (MA1550.2)	GGTCAAAGGTCA	RRGKTYARRGKKYR	RRGGTCAAAGGTCA	14	1007	5590	18.01	9.73	1.85	1167	0.48	0.247	16.446	1.9232221550481196e-76	1.9888379697497612e-75
FOSB::JUNB (MA1135.2)	TGASTCA	RTGASTCAY	RTGASTCAY	9	755	5590	13.51	6.465	2.09	1437	0.6	0.227	10.608	1.0225384318926975e-75	1.0451293972484664e-74
NKX2-4 (MA2003.2)	CACTYSA	CCACTTCA	SCACTYSA	8	793	5590	14.19	7.011	2.02	840	0.35	0.172	8.726	4.73959946852364e-74	4.788629807853195e-73
Ikzf3 (MA1992.2)	CAGGAAG	CAGGAASHK	CAGGAAGYS	9	1353	5590	24.2	14.776	1.64	1601	0.66	0.396	11.062	2.8551764733524045e-73	2.851931954632686e-72
FOSL1::JUND (MA1142.2)	TGASKMA	ATGAYTCA	RTGASKMA	8	820	5590	14.67	7.414	1.98	1115	0.46	0.202	8.52	1.096914112141429e-72	1.0833567467104675e-71
Sox6 (MA0515.1)	CWTTGT	YYTTTGTYYY	YCWTTGTYYY	10	1505	5590	26.92	17.109	1.57	1790	0.74	0.454	10.754	6.735417433175239e-72	6.578257693067817e-71
ZNF140 (MA1589.2)	GAGYRGAATTGC	HDGARYWGAATTGYWKRRY	RKGAGYRGAATTGCTRRRB	19	1166	5590	20.86	12.213	1.71	1319	0.55	0.316	13.188	6.655291486621668e-71	6.428572765648842e-70
FOS::JUN (MA0099.4)	TGASTCA	RTGASTCAY	RTGASTCAY	9	739	5590	13.22	6.451	2.05	1319	0.55	0.216	10.551	8.556820682614375e-71	8.175484108715256e-70
Gli1 (MA1990.2)	GACCACCCA	RGACCACCCA	RGACCACCCA	10	829	5590	14.83	7.687	1.93	947	0.39	0.198	12.082	5.283102008162892e-69	4.993383510941056e-68
PBX3 (MA1114.2)	TGAKTGACAG	TGASTGAYAGR	TGAKTGACAGS	11	1141	5590	20.41	11.981	1.7	1314	0.54	0.309	13.227	1.32806487772221e-68	1.2418819441678963e-67
ZNF76 (MA1716.2)	CCCAYMATGCMHYRC	WCCCAYMAKBCHVYBSH	WCCCAYMATGCMHYRCR	17	858	5590	15.35	8.11	1.89	959	0.4	0.204	15.515	4.376348428874903e-68	4.049273967348463e-67
Rfx6 (MA1724.2)	CMTAGCAA	CCTRGCAMC	CMTAGCAAC	9	725	5590	12.97	6.419	2.02	800	0.33	0.157	11.175	4.549408749283632e-67	4.1655523860628254e-66
FOSL1::JUNB (MA1137.2)	TGASTMA	RTGASTCAY	RTGASTMAY	9	761	5590	13.61	6.903	1.97	1292	0.54	0.218	9.867	1.473661275049737e-66	1.3354105781120811e-65
FOS::JUND (MA1141.2)	TGAGTCA	RTGASTCAY	RTGAGTCAY	9	805	5590	14.4	7.527	1.91	1267	0.53	0.216	11.033	2.0537431208438977e-65	1.8420818400222307e-64
NKX2-8 (MA0673.2)	CACTY	CCACTTCA	VCACTYSW	8	848	5590	15.17	8.099	1.87	901	0.37	0.2	8.45	2.1744722975389937e-65	1.9306678278149246e-64
JUN::JUNB (MA1132.2)	TGACKMA	RTGACTCA	RTGACKMA	8	723	5590	12.93	6.521	1.98	819	0.34	0.16	9.242	6.192834074830213e-64	5.443501151775757e-63
FOSL1::JUN (MA1128.2)	TGACTCA	RTGACTCAY	RTGACTCAY	9	796	5590	14.24	7.528	1.89	987	0.41	0.196	10.782	1.0078454725616108e-62	8.771249211699564e-62
JUNB (MA0490.3)	TGASTCA	RTGASTCAY	RTGASTCAY	9	780	5590	13.95	7.318	1.91	1442	0.6	0.25	11.29	1.1122421110273126e-62	9.584909956794194e-62
Stat4 (MA0518.2)	TTCYRRGAA	TKCYRGGAAV	TTCYRRGAAR	10	1385	5590	24.78	15.905	1.56	1674	0.69	0.468	11.133	1.4903911019532067e-62	1.2718968724435618e-61
FOSL1 (MA0477.3)	TGACTCA	RTGASTCAY	RTGACTCAY	9	777	5590	13.9	7.288	1.91	1475	0.61	0.249	11.078	1.8223914444445324e-62	1.5402712304487922e-61
NKX2-3 (MA0672.2)	CACTT	CCACTTSA	SCACTTRW	8	812	5590	14.53	7.779	1.87	870	0.36	0.192	9.161	6.978662163755806e-62	5.8421371828012885e-61
Jun (MA0489.3)	TGACTCA	TGASTCAB	TGACTCAY	8	835	5590	14.94	8.105	1.84	1396	0.58	0.239	10.077	1.6914417604263752e-61	1.4026201013347016e-60
Ebf4 (MA2122.1)	CCCAGGGGA	TYCCCAGRGRW	KYCCCAGGGGA	11	844	5590	15.1	8.26	1.83	1119	0.46	0.269	13.251	8.69295356593799e-61	7.141220733139713e-60
JUND (MA0491.3)	TGASTCA	RTGASTCAY	RTGASTCAT	9	773	5590	13.83	7.479	1.85	1457	0.6	0.253	11.262	3.948703869829715e-57	3.213806205166962e-56
EBF1 (MA0154.5)	CCCAGGG	TYCCCAGRGRD	KCCCCAGGGRM	11	786	5590	14.06	7.673	1.83	1069	0.44	0.271	13.149	1.0031680578091503e-56	8.0897680992132395e-56
MEIS1 (MA0498.3)	TGACA	TGACA	TGACA	5	3670	5590	65.65	55.073	1.19	7304	3.03	2.294	6.494	2.80559840142755e-56	2.241928177140742e-55
JDP2 (MA0655.1)	ATGASTCAT	RTGASTCAY	ATGASTCAT	9	701	5590	12.54	6.582	1.91	1304	0.54	0.241	11.745	7.36330795838221e-56	5.8309438697459126e-55
FOSL2 (MA0478.2)	TGASTCA	DRTGRSTCAY	RRTGASTCAB	10	1181	5590	21.13	13.312	1.59	1771	0.73	0.382	11.014	9.119758064280755e-56	7.157381552234628e-55
FOS (MA0476.2)	TGASTCA	TGASTCAY	TGASTCAY	8	813	5590	14.54	8.132	1.79	1354	0.56	0.24	9.973	7.603632459789051e-55	5.914684010756261e-54
SP4 (MA0685.2)	GGGMGGRG	RGGGAGGRG	KGGGMGGRG	9	1101	5590	19.7	12.278	1.6	1320	0.55	0.366	11.209	1.4111375377644372e-53	1.0880613120131055e-52
KLF12 (MA0742.2)	GGGCGKGG	RGGGAGGGG	KGGGCGKGG	9	765	5590	13.69	7.579	1.81	896	0.37	0.223	11.551	7.515302903935653e-53	5.7443054370082074e-52
Nr2f6 (MA0677.2)	GGTCAAAGGTCA	RGGWCARAGRYCA	RGGTCAAAGGTCA	13	856	5590	15.31	8.865	1.73	999	0.41	0.225	15.867	3.71522129431979e-52	2.8152409635405993e-51
BCL6 (MA0463.3)	CTKTCKAGGAA	RCTHTCYAGGRRY	GCTKTCKAGGAAH	13	799	5590	14.29	8.078	1.77	860	0.36	0.203	12.776	3.820060416491881e-52	2.8699428257233874e-51
HNF1B (MA0153.2)	GTTAATVATTAA	KYWAATHATTRAH	GTTAATVATTAAY	13	1168	5590	20.89	13.503	1.55	1942	0.81	0.512	14.703	6.136314933415634e-50	4.571034598705375e-49
THRB (MA1574.2)	GGTCARAGGT	RGGTYARRGKKYR	RGGTCARAGGTYR	13	819	5590	14.65	8.496	1.72	923	0.38	0.214	14.924	1.7682230840409075e-49	1.3061076393881999e-48
BACH1 (MA1633.2)	ATGACTCA	RTGACTCAB	ATGACTCAY	9	751	5590	13.43	7.597	1.77	894	0.37	0.201	11.558	9.881604636378876e-49	7.238275396147527e-48
TFAP4 (MA1570.1)	CAYRTG	AYCAYRTGRT	RHCAYRTGKY	10	670	5590	11.99	6.52	1.84	1381	0.57	0.283	9.777	2.4344653386391324e-48	1.7685082914576838e-47
NR1H2::RXRA (MA0115.1)	AGGTCAAAGGTCA	HRRGKWCAWAGRYCARV	MRAGGTCAAAGGTCAAS	17	830	5590	14.85	8.749	1.7	927	0.38	0.222	15.641	1.0990893247237503e-47	7.918848495345709e-47
ZNF449 (MA1656.2)	AGCCCAAC	MAGCCCMACC	MAGCCCAACM	10	765	5590	13.69	7.85	1.74	819	0.34	0.2	12.15	1.3601161903230792e-47	9.71985472596737e-47
Stat5a (MA1624.2)	TCCWRGAA	YTCCWRGAA	TTCCWRGAA	9	1130	5590	20.21	13.131	1.54	1467	0.61	0.401	11.271	4.055292817239922e-47	2.8746793438337835e-46
PHOX2A (MA0713.1)	AAYYYAATTA	TRATTYAATYM	WAAYYYAATTA	11	1407	5590	25.17	17.465	1.44	2111	0.88	0.65	12.095	1.5042781799528094e-45	1.0578084161428156e-44
MZF1 (MA0056.3)	ATCCCC	MATCCCCA	MATCCCCW	8	758	5590	13.56	7.876	1.72	833	0.35	0.198	10.077	2.526968254437139e-45	1.762861187024004e-44
ZNF214 (MA1975.2)	ATYAABRKCCT	WCAKBAADRKSCT	WMATYAABRKCCT	13	905	5590	16.19	9.955	1.63	1009	0.42	0.251	12.602	2.577739569328242e-45	1.7841205365665549e-44
PKNOX1 (MA0782.3)	GAKTGACA	TGAKTGAYAG	WGAKTGACAK	10	1017	5590	18.19	11.737	1.55	1133	0.47	0.3	12.135	4.803352804041214e-43	3.2985524334001774e-42
ERF::FIGLA (MA1934.2)	MGGAWRCASSTG	MAGGAWMCASVTG	SMGGAWRCASSTG	13	592	5590	10.59	5.736	1.85	633	0.26	0.144	13.064	4.897341705596035e-43	3.337025859859624e-42
ATF3 (MA0605.3)	TGACGTCA	RTKAYRTMAY	RTGACGTCAY	10	450	5590	8.05	3.913	2.06	878	0.36	0.179	9.807	8.541789339258159e-43	5.775563714775325e-42
ZBED1 (MA0749.2)	TRTCGCGACAT	TATYGTGATATA	TRTCGCGACATR	12	159	5590	2.84	0.726	3.92	172	0.07	0.02	13.411	1.1627362855865057e-42	7.801871717790371e-42
INSM1 (MA0155.1)	TGYMWGGGG	KGBMWGGGGKYD	TGYMWGGGGKYR	12	762	5590	13.63	8.088	1.69	870	0.36	0.213	12.748	1.4541544640350186e-42	9.683346771869556e-42
ZNF684 (MA1600.2)	ACAGTCCACCCCWT	MCWBTCCWSCCCWY	ACAGTCCACCCCWT	14	818	5590	14.63	8.884	1.65	911	0.38	0.229	14.854	1.7066801045171064e-42	1.1279487307297268e-41
SREBF1 (MA0829.3)	TCACSTGA	RTCACSTSAT	RTCACSTGAY	10	755	5590	13.51	8.039	1.68	978	0.41	0.304	12.036	1.0397253246536482e-41	6.820287763959378e-41
GCM2 (MA0767.2)	TGCGGG	ATGKGGGT	ATGCGGGY	8	408	5590	7.3	3.436	2.12	424	0.18	0.083	9.78	1.103439431394989e-41	7.18461674219404e-41
Pax7 (MA0680.3)	AATCAATT	WAATYAATYA	WAATCAATTA	10	1350	5590	24.15	16.908	1.43	1798	0.75	0.595	12.269	1.5470970774342277e-41	9.999252434299164e-41
Hic1 (MA0739.2)	TGCCA	RTGCCAVC	RTGCCARS	8	778	5590	13.92	8.376	1.66	841	0.35	0.209	9.047	1.7059852699520594e-41	1.094570111159022e-40
ELF1 (MA0473.4)	AGGAAGT	CAGGAASTG	CAGGAAGTR	9	1135	5590	20.3	13.627	1.49	1306	0.54	0.355	11.353	2.6132825520681834e-41	1.6645473646869083e-40
USF1 (MA0093.4)	CAYGTGA	RYCATGTGAY	GYCAYGTGAY	10	713	5590	12.75	7.491	1.7	843	0.35	0.198	12.162	4.941395498079785e-41	3.124810534397217e-40
SP1 (MA0079.5)	GGGGMGGRG	GGGGAGGRG	GGGGMGGRG	9	787	5590	14.08	8.542	1.65	898	0.37	0.26	11.41	7.195252146633933e-41	4.517590454922305e-40
SREBF2 (MA0596.1)	TGGSGTGA	MTGRGGTGAY	RTGGSGTGAY	10	887	5590	15.87	10.092	1.57	968	0.4	0.256	11.397	3.5705679814974496e-39	2.2259072735718143e-38
VEZF1 (MA1578.2)	CCCCCC	CCCCCC	CCCCCC	6	684	5590	12.24	7.21	1.7	930	0.39	0.264	8.042	7.228457425074626e-39	4.474516955380702e-38
ZBTB26 (MA1579.2)	TCCAGA	STCCAGAV	YTCCAGAR	8	1187	5590	21.23	14.615	1.45	1464	0.61	0.383	9.875	8.180854854683857e-39	5.028651340746231e-38
ELF4 (MA0641.1)	CCGGAAGT	WWCCMGGAAGYK	DWMCCGGAAGTR	12	449	5590	8.03	4.11	1.95	483	0.2	0.099	12.983	9.890531537305829e-38	6.037345292563766e-37
TFE3 (MA0831.3)	TCACGTGA	RYCAYRTGRY	RTCACGTGAY	10	316	5590	5.65	2.506	2.26	676	0.28	0.12	11.798	9.894193629507526e-37	5.9979284140255965e-36
PBX2 (MA1113.3)	ATAAATCA	MATMAATCA	MATAAATCA	9	1428	5590	25.55	18.558	1.38	1759	0.73	0.598	11.165	1.0784841956598257e-36	6.493065808116347e-36
PLAGL2 (MA1548.2)	GGGCCCC	GGGCCCCY	GGGCCCCY	8	421	5590	7.53	3.806	1.98	701	0.29	0.134	10.04	1.7362225751373447e-36	1.0381902337045756e-35
Msgn1 (MA1524.3)	CAAATGG	RMCARATGGW	RMCAAATGGY	10	998	5590	17.85	11.983	1.49	1100	0.46	0.31	11.56	8.739871915189556e-36	5.190775279359203e-35
SP2 (MA0516.3)	GGGCGGG	GGGGAGGGG	GGGGCGGGR	9	937	5590	16.76	11.12	1.51	1109	0.46	0.346	11.239	4.1234372740329103e-35	2.432551250922771e-34
MXI1 (MA1108.3)	CACATG	CACATG	CACATG	6	1747	5590	31.25	23.886	1.31	2278	0.94	0.741	8.123	8.178748063191697e-35	4.792746365030335e-34
PRDM9 (MA1723.2)	GGBVAVGGRGGVVRHA	RRRGGRRRRRGRGGVDRVRR	RRDGGBVAVGGRGGVVRHAR	20	1682	5590	30.09	22.88	1.32	2453	1.02	1.064	14.485	2.7671167273848954e-34	1.6107917903121345e-33
ZKSCAN5 (MA1652.2)	GGARGTGA	GGARGKGAG	GGARGTGAK	9	1086	5590	19.43	13.492	1.44	1250	0.52	0.39	11.059	1.1777441713308844e-33	6.810770569735838e-33
ERF::HOXB13 (MA1937.2)	GGAWRYHRTWA	AGGAWATWRYAAA	MGGAWRYHRTWAM	13	657	5590	11.75	7.149	1.64	712	0.3	0.176	12.043	1.558550929314299e-33	8.954027888021365e-33
CTCF (MA1930.2)	TGCAVTDHHVVVHHHHDDCCWSYAGRKGG	BTKYWSBBMBVBYBVHBBVMCWSBAGRKRGVRB	BTGCAVTDHHVVVHHHHDDCCWSYAGRKGGMRS	33	647	5590	11.57	7.088	1.63	718	0.3	0.185	14.652	3.047292591643728e-32	1.7393312909446993e-31
FOS (MA1951.2)	TGACGTCAT	RATGAYRTMATYR	BRTGACGTCATMR	13	347	5590	6.21	3.051	2.03	516	0.21	0.098	12.411	3.3472275056904037e-32	1.898201920968945e-31
ZBTB7A (MA0750.3)	CCGGAAG	CMGGAAGKK	CCGGAAGYS	9	456	5590	8.16	4.509	1.81	479	0.2	0.11	10.741	3.32439305461697e-31	1.8731676250053315e-30
ZBTB7B (MA0694.2)	CGACCMCC	SRACCMCCVA	CGACCMCCRW	10	371	5590	6.64	3.399	1.95	381	0.16	0.082	10.261	3.712391484053867e-31	2.078466314957547e-30
GLIS1 (MA0735.2)	GACCCCCCACGWWG	MKACCCCCCACKWYR	MGACCCCCCACGWWG	15	255	5590	4.56	1.98	2.3	267	0.11	0.048	7.7	4.5200179933224985e-31	2.5146176051458708e-30
FOS::JUN (MA1126.2)	TKRCRTCA	RTKACVTCAT	RTKRCRTCAY	10	380	5590	6.8	3.52	1.93	451	0.19	0.114	9.864	4.923360589259647e-31	2.7217823634963705e-30
Rarg (MA0859.2)	RGGTCAAAAGGTCA	VRGKTYARRRGKTSA	RRGGTCAAAAGGTCA	15	1168	5590	20.89	14.997	1.39	1358	0.56	0.412	13.104	5.439664417083434e-31	2.9884156391352115e-30
ELF2 (MA1483.3)	CCGGAA	WYCMGGAARY	WMCCGGAART	10	477	5590	8.53	4.809	1.77	494	0.2	0.119	11.659	7.006648481777443e-31	3.825368953715759e-30
SREBF1 (MA0595.1)	TCACSCCA	STCACCYCAY	RTCACSCCAY	10	845	5590	15.12	10.09	1.5	900	0.37	0.261	11.161	1.29910818279331e-30	7.048864769600737e-30
SMAD2 (MA1964.2)	CCAGAC	CCAGAC	CCAGAC	6	1217	5590	21.77	15.851	1.37	1422	0.59	0.431	8.097	4.434019267558006e-30	2.3911060958180903e-29
KLF7 (MA1959.2)	GGGCGKKG	GGGTGGGG	GGGCGKKG	8	693	5590	12.4	7.981	1.55	779	0.32	0.23	10.059	8.291511592179955e-29	4.444047981418402e-28
NR4A2::RXRA (MA1147.2)	GGYCRWTGACC	DGGTCWWTGAMCY	RGGYCRWTGACCY	13	405	5590	7.25	3.983	1.82	488	0.2	0.115	11.38	3.4508626996215744e-28	1.8383686745256753e-27
FOSL1::JUN (MA1129.1)	TKACGTMA	ATKAYRTMAT	RTKACGTMAY	10	271	5590	4.85	2.275	2.13	452	0.19	0.102	10.247	4.455867976472329e-28	2.359462621276613e-27
MAX::MYC (MA0059.2)	CACGTGG	ASCAYRTGGW	RSCACGTGGY	10	380	5590	6.8	3.658	1.86	514	0.21	0.111	11.597	4.482792552023162e-28	2.3595057803762627e-27
ZNF766 (MA2098.1)	AAKAAACC	RWKAAACCW	AAKAAACCY	9	1119	5590	20.02	14.522	1.38	1267	0.53	0.379	10.991	6.521384137793064e-28	3.412081343523871e-27
RREB1 (MA0073.2)	MCMCMAMMCAMCMMC	MCMCMMMMCMMCMMMMMMM	MCMCMAMMCAMCMMCMMMS	19	1237	5590	22.13	16.391	1.35	2243	0.93	1.031	16.639	8.0323499834346275e-28	4.177772565348543e-27
FOSL2::JUNB (MA1139.2)	TGACGTCA	RTKAYRTMAY	RTGACGTCAY	10	293	5590	5.24	2.579	2.03	602	0.25	0.123	10.701	2.9842037492623194e-27	1.5430088797656346e-26
MITF (MA0620.4)	TCACGTGA	RYCAYRTGRY	RTCACGTGAY	10	358	5590	6.4	3.419	1.87	770	0.32	0.161	11.113	4.7270548399115926e-27	2.4298720492878888e-26
FOSB::JUNB (MA1136.1)	TKACGTCA	ATKAYRTMAT	RTKACGTCAY	10	282	5590	5.04	2.484	2.03	433	0.18	0.097	10.426	3.1724795170661314e-26	1.6212845904076334e-25
FOSL2::JUN (MA1131.2)	TGACGTMA	RTGAYRTMAT	RTGACGTMAY	10	404	5590	7.23	4.082	1.77	490	0.2	0.13	11.254	5.0333911631724694e-26	2.5574282268373413e-25
ZNF75D (MA1601.2)	GTGGGAAABCCT	GTGGRAARVSYY	GTGGGAAABCCT	12	795	5590	14.22	9.717	1.46	877	0.36	0.247	13.594	6.237893138156993e-26	3.151211533586205e-25
SP3 (MA0746.3)	CCACGCCC	VCCMCWCCCMY	RCCACGCCCMY	11	712	5590	12.74	8.484	1.5	798	0.33	0.235	12.817	8.072605625272527e-26	4.0547544826368864e-25
CTCFL (MA1102.3)	AGGGGGC	VAGGKGGC	SAGGGGGC	8	486	5590	8.69	5.221	1.67	507	0.21	0.137	10.268	8.267553299492182e-26	4.1290791762804703e-25
SP8 (MA0747.2)	CACKCCC	CCMCHCCCMYY	MCACKCCCMYY	11	832	5590	14.88	10.313	1.44	1101	0.46	0.312	11.861	1.669949662253112e-25	8.293139848138336e-25
ZNF331 (MA1726.2)	GCWGAGC	TGCAGASCYY	WGCWGAGCMH	10	708	5590	12.67	8.534	1.48	786	0.33	0.225	12.145	1.8818782251115132e-24	9.293095280185507e-24
GLI3 (MA1491.3)	GACCACCCACGWHG	RGMCCMCMCAVVWWD	RGACCACCCACGWHG	15	711	5590	12.72	8.597	1.48	773	0.32	0.218	10.386	3.2121725877868844e-24	1.577374136684174e-23
SP9 (MA1564.2)	CGCCC	CCMCVCCCMC	MCMCGCCCMY	10	598	5590	10.7	6.947	1.54	733	0.3	0.211	11.073	5.75468262288717e-24	2.8102033475099014e-23
Stat5a::Stat5b (MA0519.2)	TTCCMRGAA	TTCCMRGAR	TTCCMRGAA	9	1059	5590	18.94	14.112	1.34	1456	0.6	0.485	10.694	1.1895830293166859e-22	5.777035816405342e-22
HSF2 (MA0770.1)	TTCTRGAABDTTC	KTCTRGAABDKTY	TTCTRGAABDTTC	13	781	5590	13.97	9.801	1.43	981	0.41	0.275	14.308	1.6127578516168742e-22	7.789088744896881e-22
Creb5 (MA0840.2)	ATGACGTCA	RTKAYRTMAY	ATGACGTCAY	10	308	5590	5.51	2.99	1.84	537	0.22	0.115	11.101	2.1587321469315343e-22	1.0368992115589172e-21
TAL1::TCF3 (MA0091.2)	AMCAKMTG	AMCAKCTGKD	AMCAKMTGKT	10	687	5590	12.29	8.394	1.46	1035	0.43	0.278	11.335	2.4403775186744474e-22	1.1658107820189343e-21
SOX4 (MA0867.3)	ACAAWG	RACAAAGR	RACAAWGR	8	1249	5590	22.34	17.213	1.3	1445	0.6	0.467	9.264	4.329957241658367e-22	2.057314819144705e-21
ZBTB17 (MA2102.1)	ATCGAT	AATCAATT	RATCGATY	8	300	5590	5.37	2.916	1.84	350	0.15	0.08	9.638	9.0074248841366e-22	4.256734662987135e-21
ZNF136 (MA1588.1)	ATTCTKGGYTG	RRMTTCTKGGYTGRY	RWATTCTKGGYTGRM	15	960	5590	17.17	12.667	1.36	1083	0.45	0.325	13.747	1.4690379719738716e-21	6.90526405008039e-21
FOSB::JUN (MA1127.1)	TGACGTMA	RATKAHRTMAT	RRTGACGTMAY	11	355	5590	6.35	3.687	1.72	515	0.21	0.118	10.646	3.633033259332145e-21	1.6986362951877424e-20
Stat5b (MA1625.2)	TTCCMAGAA	TTCCMAGAA	TTCCMAGAA	9	1146	5590	20.5	15.665	1.31	1457	0.6	0.599	11.389	3.743554931503728e-21	1.7410501506834798e-20
POU4F2 (MA0683.2)	TGMATAATTAAT	KKMATRWWWRATKAD	TGMATAATTAATKAR	15	1536	5590	27.48	22.029	1.25	2002	0.83	0.744	13.787	3.950576266516235e-21	1.8276613359304058e-20
POU3F4 (MA0789.1)	TATGCWAAT	TATGCTAAT	TATGCWAAT	9	1248	5590	22.33	17.315	1.29	1362	0.56	0.515	11.231	4.200696215618115e-21	1.9331999861404835e-20
RFX4 (MA0799.3)	GTTGCYWRGCAAC	GTWBCYWRGSRAC	GTTGCYWRGCAAC	13	241	5590	4.31	2.185	1.97	418	0.17	0.098	10.859	4.316536704134102e-21	1.9761644598613937e-20
ELK1::SREBF2 (MA1933.2)	CGGAAGTSRCGTG	MYGGAAGTSRBSKGR	SCGGAAGTSRCGTGA	15	247	5590	4.42	2.265	1.95	252	0.1	0.054	12.102	5.315461301871663e-21	2.4208758986244518e-20
CTCF (MA1929.2)	GCWVYDYYHVVDDBDDMCWSHAGRKG	BTKYWRBBHYHVHDVHDVMCWSHRGRKGKHR	VTGCWVYDYYHVVDDBDDMCWSHAGRKGGMR	31	655	5590	11.72	8.036	1.46	746	0.31	0.212	12.044	6.738170266556717e-21	3.053016321805852e-20
TFEB (MA0692.2)	CACRTG	CACRTGAY	CACRTGMY	8	470	5590	8.41	5.35	1.57	544	0.23	0.143	9.633	2.0214335810649263e-20	9.112000603877283e-20
JDP2 (MA0656.2)	ATGACGTCA	ATKAYRTMAY	ATGACGTCAY	10	359	5590	6.42	3.791	1.69	542	0.22	0.133	10.312	2.5610781708470327e-20	1.1485651592727254e-19
SOX10 (MA0442.3)	ACAAAG	ACAAAG	ACAAAG	6	2051	5590	36.69	30.838	1.19	2638	1.09	0.963	8.143	3.496278431868004e-20	1.5600145896507488e-19
GLIS3 (MA0737.1)	ACCCCCCACRAMG	SACCYCMYASDWWS	KACCCCCCACRAMG	14	411	5590	7.35	4.535	1.62	435	0.18	0.111	11.538	4.8780949280649644e-20	2.165578505943992e-19
TFAP2A (MA0003.5)	CCTCAGG	SCCTCAGGH	SCCTCAGGS	9	634	5590	11.34	7.859	1.44	736	0.31	0.243	10.853	2.6128939880266024e-19	1.1541375957162731e-18
TFAP4 (MA0691.1)	CAGCTG	MMCAGCTGDD	AWCAGCTGWY	10	518	5590	9.27	6.132	1.51	848	0.35	0.265	11.808	2.7546712089743894e-19	1.2106779963442443e-18
KLF9 (MA1107.3)	CACACCCMC	SCCMCACCCMY	SMCACACCCMC	11	982	5590	17.57	13.27	1.32	1253	0.52	0.751	13.215	3.2120270073226516e-19	1.4046625569336372e-18
POU1F1 (MA0784.3)	TMATTWGCATA	YTHATTARCATAMW	CTMATTWGCATAWW	14	1493	5590	26.71	21.599	1.24	1671	0.69	0.657	15.874	4.487447921280032e-19	1.9527062984183904e-18
Nr2e3 (MA0164.2)	AAGCTT	AAGCTT	AAGCTT	6	852	5590	15.24	11.273	1.35	1938	0.8	0.576	8.12	9.92122842662985e-19	4.295940781777162e-18
SIX1 (MA1118.2)	AACCTGA	SWAACCTGA	GWAACCTGA	9	732	5590	13.09	9.423	1.39	795	0.33	0.239	10.797	1.3913861684403957e-18	5.995237461074057e-18
ELK4 (MA0076.3)	CTTCCGG	MRYTTCCKG	BRCTTCCGG	9	334	5590	5.97	3.556	1.68	354	0.15	0.087	10.772	1.7004690382879917e-18	7.291279437342169e-18
KLF2 (MA1515.2)	CMCRCCC	CCMCACCC	MCMCRCCC	8	822	5590	14.7	10.835	1.36	951	0.39	0.313	9.271	1.9592511084406496e-18	8.36010545786083e-18
THAP1 (MA0597.3)	AGGGCA	VSAGGGCA	SSAGGGCA	8	755	5590	13.51	9.794	1.38	845	0.35	0.261	9.813	2.0117515989155133e-18	8.542655340322397e-18
CDX4 (MA1473.2)	GYMATAAA	RYAATAAAW	GYMATAAAM	9	1316	5590	23.54	18.775	1.25	1546	0.64	0.53	10.771	2.2452120062473875e-18	9.488179584093528e-18
ETV2::FIGLA (MA1941.2)	GGAARCAGSTG	MAGGAWMCAGRTG	SCGGAARCAGSTG	13	532	5590	9.52	6.479	1.47	556	0.23	0.163	13.417	1.3810371835451712e-17	5.808285570986629e-17
TFAP4::ETV1 (MA1966.2)	GGAWRCASSTG	MAGGAWRCAGRKG	SCGGAWRCASSTG	13	492	5590	8.8	5.886	1.5	514	0.21	0.148	11.671	1.3917299955113197e-17	5.82538412406881e-17
ETV5 (MA0765.4)	CCGGAAGT	MCCGGAAGY	RCCGGAAGT	9	138	5590	2.47	1.085	2.28	139	0.06	0.026	11.646	4.962891952499176e-17	2.067479633292311e-16
HIC2 (MA0738.2)	TGCCM	ATGCCC	RTGCCM	6	1118	5590	20.0	15.735	1.27	1304	0.54	0.417	6.873	6.148927567068672e-17	2.5494845903081896e-16
RXRA::VDR (MA0074.1)	RGGTCAWNGRGTTC	RGKTYAHDGRRTTYM	RGGTCAWNGRGTTCR	15	480	5590	8.59	5.77	1.49	501	0.21	0.142	13.374	7.992451050322823e-17	3.2982931799219537e-16
Wt1 (MA1627.2)	CTCCCCC	MCTCCCMCAY	MCTCCCCCRC	10	806	5590	14.42	10.761	1.34	911	0.38	0.317	12.201	8.249705309477589e-17	3.388547180855514e-16
HOXD9 (MA0913.3)	GYMATAAA	RYAATAAAW	GYMATAAAM	9	1207	5590	21.59	17.211	1.25	1394	0.58	0.479	10.67	9.501390308588904e-17	3.88452189825565e-16
Bhlha15 (MA1472.3)	CAGCTG	CCAGCTGG	MCAGCTGK	8	451	5590	8.07	5.352	1.51	942	0.39	0.264	10.131	1.0252226477444183e-16	4.1720866081821464e-16
FOSL2::JUND (MA1145.2)	TKACGTCA	ATKAYRTCAY	RTKACGTCAY	10	349	5590	6.24	3.882	1.61	438	0.18	0.127	10.857	1.107780649458454e-16	4.487277377299453e-16
Rarb (MA0857.1)	AGGTCAAAAGGTCA	DVRGGTYAARRGBTCA	WAAGGTCAAAAGGTCA	16	1111	5590	19.87	15.674	1.27	1281	0.53	0.434	12.984	1.5368790402758304e-16	6.196865488084655e-16
ZNF768 (MA1731.2)	TCTCTG	MSCTCTCTG	VCSTCTCTG	9	1066	5590	19.07	14.956	1.28	1237	0.51	0.412	10.797	1.87378675861128e-16	7.520815346206919e-16
ZNF692 (MA1986.2)	GGCCCA	RGGCCCAS	RGGCCCAS	8	442	5590	7.91	5.244	1.51	500	0.21	0.145	9.785	2.054578686765603e-16	8.20897575303166e-16
USF2 (MA0526.5)	TCACGTGA	RYCAYRTGRY	RTCACGTGAY	10	188	5590	3.36	1.74	1.93	376	0.16	0.08	11.983	5.818131229484758e-16	2.3140892989670145e-15
Lhx1 (MA1518.3)	TAATTA	KYTMATTARM	KYTAATTARM	10	409	5590	7.32	4.807	1.52	641	0.27	0.227	11.247	7.977573049526239e-16	3.158687707447552e-15
ERF::SREBF2 (MA1939.2)	CGGAWRTCACGTGA	SMGGWWRKCAYSTKWY	SCGGAWRTCACGTGAY	16	327	5590	5.85	3.631	1.61	342	0.14	0.088	12.422	8.562168391331555e-16	3.3749533703948146e-15
JUND (MA0492.2)	ATGAYGTMA	RRTGAKRTMAY	RATGAYGTMAT	11	673	5590	12.04	8.867	1.36	812	0.34	0.259	12.451	4.047427160667223e-15	1.5882537831368257e-14
ELK3 (MA0759.3)	CCGGAAGT	VCCGGAAGY	RCCGGAAGT	9	143	5590	2.56	1.22	2.1	143	0.06	0.029	11.521	6.073883987742215e-15	2.3728640112112917e-14
Sox11 (MA0869.3)	ACAAAG	GRACAAAG	GAACAAAG	8	1007	5590	18.01	14.238	1.27	1101	0.46	0.369	10.217	1.1068110228526291e-14	4.304809243749827e-14
ZNF75A (MA2097.1)	TTTTCCCAC	KBKTYTCMCACM	KMTTTTCCCACM	12	852	5590	15.24	11.752	1.3	952	0.39	0.303	14.557	1.31469123869189e-14	5.0908088053311515e-14
CDX2 (MA0465.3)	CAATAAA	SCWATAAA	GCAATAAA	8	1289	5590	23.06	18.886	1.22	1497	0.62	0.546	10.146	1.5335962786376683e-14	5.912417232116274e-14
ZNF143 (MA0088.2)	CCCAYRATGCA	BWCCCAYMATBCMHYB	YWCCCAYRATGCAYYR	16	696	5590	12.45	9.292	1.34	743	0.31	0.234	14.605	1.5684848432448623e-14	6.020516057695344e-14
ETV5::FIGLA (MA1945.2)	GGAWRCAGGTG	DVAGGAWRCAGVTG	RSMGGAWRCAGGTG	14	640	5590	11.45	8.43	1.36	693	0.29	0.218	13.858	2.033721045344911e-14	7.772351299383376e-14
CDX1 (MA0878.3)	GYMATAAA	KGYWATAAAH	RGYMATAAAM	10	1004	5590	17.96	14.266	1.26	1124	0.47	0.383	11.766	3.9978683819552606e-14	1.5212667998868718e-13
CTCF (MA0139.2)	CCASYAGRKGGC	DMCWSVAGRKGGMRB	RCCASYAGRKGGCRS	15	609	5590	10.89	8.012	1.36	689	0.29	0.208	12.321	7.845017578667593e-14	2.9723148498486267e-13
DBP (MA0639.2)	TTAYRTAA	RTKAYRTMAY	RTTAYRTAAY	10	396	5590	7.08	4.784	1.48	764	0.32	0.201	11.138	9.309527111645359e-14	3.512049069157198e-13
NFIA (MA0670.2)	TGCCAA	TGCCAA	TGCCAA	6	1315	5590	23.52	19.445	1.21	1550	0.64	0.536	8.318	9.724906953344009e-14	3.637529026378461e-13
NFIX (MA0671.2)	GCCA	TGCCAA	HGCCAR	6	1315	5590	23.52	19.445	1.21	1550	0.64	0.536	7.062	9.724906953344009e-14	3.637529026378461e-13
Vdr (MA0693.4)	AGTTCA	GAGTTCA	RAGTTCA	7	687	5590	12.29	9.248	1.33	730	0.3	0.23	8.816	1.1052914573580422e-13	4.1167423348208435e-13
SP5 (MA1965.2)	CCTCCC	CCTCCC	CCTCCC	6	2148	5590	38.43	33.644	1.14	3059	1.27	1.354	8.267	1.1850669315855867e-13	4.395248239931353e-13
ZNF189 (MA1725.2)	CTGTTCC	KKCTGTTCC	YKCTGTTCC	9	788	5590	14.1	10.863	1.3	859	0.36	0.279	11.037	1.4732047325843965e-13	5.440953613200356e-13
SIX2 (MA1119.2)	GWAACCTGA	TSAAACCTGAK	WGWAACCTGAK	11	838	5590	14.99	11.712	1.28	932	0.39	0.301	11.922	3.5054447956244714e-13	1.289240993871929e-12
ELF3 (MA0640.3)	ACTTCCT	YASTTCCTG	YACTTCCTS	9	1126	5590	20.14	16.533	1.22	1295	0.54	0.439	10.787	2.3542811813813327e-12	8.622554826809132e-12
POU2F1 (MA0785.2)	TATGYWAA	TATGCTAAT	TATGYWAAT	9	1138	5590	20.36	16.859	1.21	1224	0.51	0.486	10.812	1.3937047341650267e-11	5.0832633250251386e-11
ZBTB12 (MA1649.2)	CTRGAAC	CTGGAAC	CTRGAAC	7	442	5590	7.91	5.7	1.39	458	0.19	0.14	8.729	2.3653831408783894e-11	8.591618929058283e-11
NR2F6 (MA1539.1)	AGGTCABTGACCT	DRGGTYRBTGACCYH	RAGGTCABTGACCTY	15	341	5590	6.1	4.186	1.46	576	0.24	0.163	11.787	3.1370662013959337e-11	1.1347659222333439e-10
HSF4 (MA0771.1)	TCYRGAABVTTC	KKCTRGAAVBWTC	WTCYRGAABVTTC	13	597	5590	10.68	8.141	1.31	690	0.29	0.211	13.011	4.214284519818349e-11	1.518178726606692e-10
MYCN (MA0104.5)	CACGTG	MCACGTGK	CCACGTGG	8	146	5590	2.61	1.436	1.82	294	0.12	0.069	10.215	5.907049158248584e-11	2.1193045755512268e-10
Zbtb2 (MA2340.1)	CCGGAAG	ACCDGAAGTG	ACCGGAAGYS	10	173	5590	3.09	1.802	1.72	175	0.07	0.043	11.783	6.974235208865396e-11	2.4920133124360495e-10
Znf423 (MA0116.1)	SMMCCYWRGGKKKM	RSMMCCYWRGGKKBM	RSMMCCYWRGGKKKM	15	386	5590	6.91	4.898	1.41	469	0.19	0.144	12.355	7.573868944522053e-11	2.6953161142651353e-10
POU2F2 (MA0507.3)	TATGCAAAT	KTATGYTAATRAR	WTATGCAAATKWR	13	1337	5590	23.92	20.338	1.18	1467	0.61	0.621	14.334	9.486526591789979e-11	3.3623616428158836e-10
TFAP4::FLI1 (MA1967.2)	CGGAAACAGCTG	DMRGRMWMCAGMTG	RSCGGAAACAGCTG	14	579	5590	10.36	7.923	1.31	648	0.27	0.213	12.19	1.4384844949802847e-10	5.078023578665341e-10
Thap11 (MA1573.2)	ACTACAWBTCCC	RYYMCARVTCCCAB	ACTACAWBTCCCRK	14	744	5590	13.31	10.585	1.26	815	0.34	0.268	16.095	2.104594991693328e-10	7.399755990793742e-10
TFCP2 (MA1968.2)	AACCGGWT	MAACYRGTT	RAACCGGWT	9	307	5590	5.49	3.774	1.46	425	0.18	0.115	10.694	3.554776605447714e-10	1.2448799347364704e-09
Atoh1 (MA1467.3)	CAGATG	CAGATGG	CAGATGK	7	522	5590	9.34	7.096	1.32	554	0.23	0.177	9.118	5.400011696572902e-10	1.8761305459634707e-09
NEUROG2 (MA1642.2)	CAGATG	CAGATGG	CAGATGK	7	522	5590	9.34	7.096	1.32	554	0.23	0.177	9.083	5.400011696572902e-10	1.8761305459634707e-09
BHLHE22 (MA1635.2)	CAGCTG	CAGCTG	CAGCTG	6	909	5590	16.26	13.375	1.22	2000	0.83	0.73	8.297	8.640345929582862e-10	2.9437457643811377e-09
Neurod2 (MA1993.2)	CAGCTG	CAGCTG	CAGCTG	6	909	5590	16.26	13.375	1.22	2000	0.83	0.73	8.284	8.640345929582862e-10	2.9437457643811377e-09
Olig2 (MA1997.2)	CAGCTG	CAGCTG	CAGCTG	6	909	5590	16.26	13.375	1.22	2000	0.83	0.73	8.263	8.640345929582862e-10	2.9437457643811377e-09
Tcf12 (MA0521.3)	CAGCTG	CAGCTG	CAGCTG	6	909	5590	16.26	13.375	1.22	2000	0.83	0.73	8.117	8.640345929582862e-10	2.9437457643811377e-09
Twist2 (MA0633.3)	CAGCTG	CAGCTG	CAGCTG	6	909	5590	16.26	13.375	1.22	2000	0.83	0.73	8.281	8.640345929582862e-10	2.9437457643811377e-09
Rarg (MA0860.1)	AAGGTCAMSRRAGGTCA	RAGGKCWDSRRRGSTCM	AAGGTCAMSRRAGGTCA	17	697	5590	12.47	9.935	1.26	747	0.31	0.25	15.705	1.1591168923928352e-09	3.933836866460626e-09
ONECUT1 (MA0679.3)	AATCAAT	WAATCAATH	WAATCAATA	9	1100	5590	19.68	16.633	1.18	1222	0.51	0.54	11.393	2.586709466976543e-09	8.745067774893775e-09
ETV3 (MA0763.2)	CGGAART	ACCKGAAGT	RCCGGAART	9	214	5590	3.83	2.483	1.54	218	0.09	0.059	10.826	2.7055147651182514e-09	9.111676162984457e-09
Nr2F6 (MA0728.1)	AGGTCAARAGGTCA	VRGGTYMRRRGBWCA	RAGGTCAARAGGTCA	15	1061	5590	18.98	15.986	1.19	1212	0.5	0.48	16.021	2.7685898562579487e-09	9.28851329637686e-09
POU5F1B (MA0792.1)	ATGYWAA	TATGCTAAT	YATGYWAAT	9	1182	5590	21.14	18.032	1.17	1295	0.54	0.527	10.467	3.438244554801791e-09	1.1491319253501042e-08
GLIS2 (MA0736.1)	ACCCCCCRCRDHG	BRCCCCCYRSVWHS	KACCCCCCRCRDHG	14	276	5590	4.94	3.403	1.45	285	0.12	0.087	10.64	3.583529338731225e-09	1.193152382100283e-08
ZSCAN16 (MA2100.1)	AKTGTTAACAGAGCCTC	VRDDGTTDWSWGAGMMYC	VAKTGTTAACAGAGCCTC	18	529	5590	9.46	7.335	1.29	560	0.23	0.181	6.548	5.283063285457783e-09	1.7523821237424117e-08
ELK1 (MA0028.3)	CCGGAAGT	VCCGGAAGY	RCCGGAAGT	9	159	5590	2.84	1.725	1.65	160	0.07	0.041	11.658	5.338029111850654e-09	1.7639577403446334e-08
PPARG (MA0066.2)	TRGGTCANBDTSACCYA	WRGGKSAHVRKSMCCYMHW	TRGGTCANBDTSACCYANW	19	510	5590	9.12	7.071	1.29	621	0.26	0.197	14.467	1.0235523491150317e-08	3.369672340344992e-08
FOXA3 (MA1683.2)	GTAAACA	GTAAACA	GTAAACA	7	470	5590	8.41	6.443	1.3	480	0.2	0.158	8.909	1.1192529165963925e-08	3.513654691743675e-08
FOXD1 (MA0031.2)	GTAAACA	GTAAACA	GTAAACA	7	470	5590	8.41	6.443	1.3	480	0.2	0.158	9.079	1.1192529165963925e-08	3.513654691743675e-08
FOXI1 (MA0042.2)	GTAAACA	GTAAACA	GTAAACA	7	470	5590	8.41	6.443	1.3	480	0.2	0.158	9.233	1.1192529165963925e-08	3.513654691743675e-08
FOXK1 (MA0852.3)	GTAAACA	GTAAACA	GTAAACA	7	470	5590	8.41	6.443	1.3	480	0.2	0.158	9.118	1.1192529165963925e-08	3.513654691743675e-08
FOXK2 (MA1103.3)	TAAACA	GTAAACA	GTAAACA	7	470	5590	8.41	6.443	1.3	480	0.2	0.158	8.902	1.1192529165963925e-08	3.513654691743675e-08
FOXL1 (MA0033.2)	TAAACA	GTAAACA	RTAAACA	7	470	5590	8.41	6.443	1.3	480	0.2	0.158	8.57	1.1192529165963925e-08	3.513654691743675e-08
FOXO4 (MA0848.1)	GTAAACA	GTAAACA	GTAAACA	7	470	5590	8.41	6.443	1.3	480	0.2	0.158	8.876	1.1192529165963925e-08	3.513654691743675e-08
FOXP1 (MA0481.4)	GTAAACA	GTAAACA	GTAAACA	7	470	5590	8.41	6.443	1.3	480	0.2	0.158	8.878	1.1192529165963925e-08	3.513654691743675e-08
FOXP3 (MA0850.1)	RYAAAYA	GTAAACA	RYAAAYA	7	470	5590	8.41	6.443	1.3	480	0.2	0.158	8.112	1.1192529165963925e-08	3.513654691743675e-08
FOXP4 (MA2117.1)	TAAACA	GTAAACA	GTAAACA	7	470	5590	8.41	6.443	1.3	480	0.2	0.158	8.864	1.1192529165963925e-08	3.513654691743675e-08
Foxf1 (MA1606.2)	TAAACA	GTAAACA	RTAAACA	7	470	5590	8.41	6.443	1.3	480	0.2	0.158	8.773	1.1192529165963925e-08	3.513654691743675e-08
Foxo1 (MA0480.3)	GTAAACA	GTAAACA	GTAAACA	7	470	5590	8.41	6.443	1.3	480	0.2	0.158	8.832	1.1192529165963925e-08	3.513654691743675e-08
Foxo3 (MA0157.4)	GTAAACA	GTAAACA	GTAAACA	7	470	5590	8.41	6.443	1.3	480	0.2	0.158	8.945	1.1192529165963925e-08	3.513654691743675e-08
ATF7 (MA0834.2)	ATGACGTCAY	ATKAYRTMAT	ATGACGTCAY	10	204	5590	3.65	2.399	1.52	367	0.15	0.096	11.108	1.6154323280161462e-08	5.0532562858583366e-08
ZNF708 (MA1730.2)	GCTGTRCCT	KCTGTKCCT	GCTGTRCCT	9	610	5590	10.91	8.716	1.25	646	0.27	0.22	11.355	2.019324945078429e-08	6.294278818169997e-08
NR1H4::RXRA (MA1146.2)	GKTCRWT	RGKTCANTSAMMY	RGKTCRWTGACCY	13	347	5590	6.21	4.561	1.36	454	0.19	0.134	11.083	2.3271348820611107e-08	7.228097389864721e-08
ZNF816 (MA1719.2)	GGGGACMTG	KGGGGACMKKVDDRK	KGGGGACMTGYHDRV	15	570	5590	10.2	8.087	1.26	610	0.25	0.213	14.134	2.569339577310475e-08	7.952286931182773e-08
HOXA10 (MA0899.2)	ATWAA	RTAATAAAA	RYMATWAAH	9	1384	5590	24.76	21.748	1.14	1665	0.69	0.64	9.493	7.605156353227198e-08	2.3455903278900726e-07
NKX2-2 (MA1645.2)	CACTCA	MCACTCAR	CCACTCAA	8	574	5590	10.27	8.227	1.25	616	0.26	0.211	10.038	8.169669727297969e-08	2.5108880035996205e-07
POU3F2 (MA0787.1)	TATGYWAAT	WTATGYTAATKA	WTATGYWAATKW	12	1462	5590	26.15	23.101	1.13	1646	0.68	0.714	13.088	9.09253652680926e-08	2.7847873195349614e-07
HOXD3 (MA0912.2)	TAATTA	CTAATTAY	YTAATTAS	8	508	5590	9.09	7.174	1.27	573	0.24	0.191	9.845	9.371201212066488e-08	2.860168703266126e-07
ETV4 (MA0764.4)	CCGGA	VCCGGAAGY	RCCGGAAGY	9	154	5590	2.75	1.741	1.58	155	0.06	0.042	10.643	1.0287694701108782e-07	3.1290254817559235e-07
Tfcp2l1 (MA0145.2)	CCRGYYHVRDCCRG	CCAGYYVHWWCCWG	CCRGYYHVRDCCRG	14	469	5590	8.39	6.587	1.27	509	0.21	0.178	11.847	1.698401355856975e-07	5.147913075166486e-07
JUN::JUNB (MA1133.2)	TKACGTCA	KRTKAYRTCAT	KRTKACGTCAK	11	275	5590	4.92	3.607	1.36	322	0.13	0.101	10.342	5.768439095733011e-07	1.7424254175770846e-06
KLF13 (MA0657.2)	RMCACGCCCCY	DRMCAMDCCCMYYYHHD	KRMCACGCCCCYTTDKK	17	314	5590	5.62	4.251	1.32	328	0.14	0.103	13.845	1.2487386981633941e-06	3.759045601663094e-06
JUNB (MA1140.3)	ATGACGTCA	ATGAYGTMAYY	ATGACGTCAYS	11	177	5590	3.17	2.162	1.46	233	0.1	0.073	11.102	1.3301498622904277e-06	3.990449586871283e-06
Prdm4 (MA1647.3)	CTKGAAAC	HCTKGAAACWV	MCTKGAAACYS	11	752	5590	13.45	11.418	1.18	814	0.34	0.291	12.647	2.594381433265254e-06	7.756671019864483e-06
MLXIPL (MA0664.2)	CACGTG	RDCACGTG	RKCACGTG	8	183	5590	3.27	2.298	1.42	212	0.09	0.072	9.777	4.283471630851031e-06	1.2763293435654428e-05
SCRT2 (MA0744.3)	CAACAGGT	KCMACAGGTK	KCAACAGGTK	10	571	5590	10.21	8.508	1.2	602	0.25	0.21	11.972	7.219949376838421e-06	2.1440322642705987e-05
SPDEF (MA0686.2)	AMCCGGATRT	AMCMGGAWGY	AMCCGGATRT	10	163	5590	2.92	2.024	1.44	166	0.07	0.048	12.11	7.784351373528874e-06	2.3038534873171316e-05
KLF11 (MA1512.2)	CACRCCC	CCMCRCCCMC	MCACRCCCMC	10	550	5590	9.84	8.171	1.2	648	0.27	0.224	11.7	8.001276597656991e-06	2.360108097094126e-05
ESR2 (MA0258.2)	GGTCASVVWG	RGGKCASVVWRVCYY	RGGTCASVVWGHCYY	15	532	5590	9.52	7.887	1.21	633	0.26	0.218	12.575	9.236240034530688e-06	2.715269227542634e-05
GMEB2 (MA0862.1)	ACGT	YTACGTAA	KKACGTMM	8	76	5590	1.36	0.8	1.7	103	0.04	0.029	9.182	1.8476566055466478e-05	5.413633854251677e-05
Hand1::Tcf3 (MA0092.2)	TCTGG	RTCTGGMAK	RTCTGGMWN	9	638	5590	11.41	9.7	1.18	689	0.29	0.243	9.371	1.9001453883442783e-05	5.548929555995417e-05
NR2F1 (MA0017.3)	RGGTCA	RRRGGTCADRRR	WRRGGTCAHVVG	12	895	5590	16.01	14.089	1.14	989	0.41	0.364	11.823	3.746444128162573e-05	0.00010904385392897024
RARA (MA0729.1)	RAGGTCAWAAGGTCA	RRGKTSMRWAGKWCARKB	RAGGTCAWAAGGTCAWKK	18	895	5590	16.01	14.119	1.13	1004	0.42	0.369	11.885	4.895533547492686e-05	0.00014201894350647097
TEF (MA0843.2)	TTACRTAA	RTTAYATMAY	RTTACRTAAY	10	371	5590	6.64	5.41	1.23	526	0.22	0.188	11.398	6.61262407741748e-05	0.00019120054487006466
NFKB1 (MA0105.4)	GGGGAWTCCCC	DGGGGRWYCCCMH	MGGGGAWTCCCCK	13	491	5590	8.78	7.382	1.19	967	0.4	0.333	16.215	7.23420288981092e-05	0.00020848735541455075
EGR3 (MA0732.2)	CGCCCMCGCA	MCVCCCMCVCA	MCGCCCMCGCA	11	240	5590	4.29	3.359	1.28	251	0.1	0.095	9.639	0.0001477638617201209	0.0004244589361176022
NFIC (MA1527.2)	TGGCDBVVTGCCA	VKGGCWRBBWGCCAR	YTGGCDBVVTGCCAR	15	526	5590	9.41	8.052	1.17	657	0.27	0.25	14.209	0.0001920708303811594	0.0005499357000164141
Npas4 (MA1995.2)	CGTGAC	TCGTGAC	TCGTGAC	7	55	5590	0.98	0.579	1.7	55	0.02	0.014	8.736	0.0002400915862022288	0.0006851964424407763
E2F3 (MA0469.4)	WTTTGGCGCCAAAW	WTYTGGYRCCARAW	WTTTGGCGCCAAAW	14	83	5590	1.48	0.995	1.49	158	0.07	0.043	9.818	0.00045298292316381606	0.00128858249016503
RARA::RXRA (MA0159.1)	RGKTCABVVRSVGKKSA	RGKTSABVVRRMKKBCA	RGKTCABVVRSVGKKSA	17	517	5590	9.25	8.064	1.15	560	0.23	0.204	11.93	0.0009636411470196501	0.0027323889297750726
LHX9 (MA0701.3)	YAATTA	CYAATTA	YYAATTA	7	650	5590	11.63	10.314	1.13	741	0.31	0.276	8.758	0.000994320045785406	0.002810312926833993
HOXA5 (MA0158.2)	YMATTA	STAATTAS	SYMATTAS	8	271	5590	4.85	3.994	1.21	439	0.18	0.131	8.657	0.0010757183329123822	0.0030306295340704614
HSF1 (MA0486.2)	TTCYMGAAYVTTC	KTCYRGAABHTTC	TTCYMGAAYVTTC	13	591	5590	10.57	9.336	1.13	683	0.28	0.248	13.935	0.0011895186902185124	0.003340533318536973
ETV2::DRGX (MA1940.2)	CGGAWRYRATTA	RGGAARYWMTWA	CGGAWRYRATTA	12	432	5590	7.73	6.675	1.16	451	0.19	0.163	12.05	0.0013535611443033393	0.003789109063193106
ERF::NHLH1 (MA1938.2)	GCAGCTGCCGGA	RKYAGMTBCMRSAWRY	VGCAGCTGCCGGAWRY	16	417	5590	7.46	6.439	1.16	440	0.18	0.163	10.993	0.0015612388868930325	0.004356599941520558
ARNT2 (MA1464.2)	CACGTG	RWCACGTG	RWCACGTG	8	185	5590	3.31	2.637	1.26	216	0.09	0.084	10.028	0.0016943512239686181	0.00471308457553296
Ebf2 (MA1604.2)	CCCMRGGGA	CCCMAGGGA	CCCMRGGGA	9	575	5590	10.29	9.121	1.13	669	0.28	0.255	11.307	0.0019056651343093446	0.00528416294340036
ZSCAN21 (MA2336.1)	AGCACT	AAGCACT	MAGCACT	7	424	5590	7.58	6.611	1.15	433	0.18	0.163	8.802	0.0026343548656404345	0.0072817544871004464
NEUROD1 (MA1109.2)	CAGATGG	MCAGATGG	RCAGATGG	8	664	5590	11.88	10.68	1.11	726	0.3	0.272	10.077	0.002697541435138897	0.007409809129647157
Neurod2 (MA0668.3)	CAGATGG	MCAGATGG	MCAGATGG	8	664	5590	11.88	10.68	1.11	726	0.3	0.272	10.151	0.002697541435138897	0.007409809129647157
Zfp961 (MA2126.1)	GGGCGCCA	GGGYGCCA	GGGCGCCA	8	141	5590	2.52	1.972	1.28	153	0.06	0.053	10.449	0.0030115427132663326	0.008246560887729303
MYC (MA0147.4)	CACGTG	CCACGTGB	CCACGTGS	8	190	5590	3.4	2.761	1.23	219	0.09	0.086	9.902	0.0032257515955946532	0.008805700784247516
HNF1A (MA0046.3)	TWAATVATTAAC	RTWAATDATTWAM	RTWAATVATTAAC	13	1024	5590	18.32	16.94	1.08	1750	0.73	0.681	14.695	0.004020856213817874	0.01094220622893471
Creb3l2 (MA0608.1)	KMCACGTG	KMCACGTGK	KMCACGTGD	9	142	5590	2.54	2.013	1.26	165	0.07	0.062	10.702	0.004513398337583527	0.012244682526962716
Gmeb1 (MA0615.2)	RCGY	TACGTA	KRCGYM	6	130	5590	2.33	1.833	1.27	262	0.11	0.091	6.506	0.005369934598733009	0.01452360773011174
FOSL1::JUND (MA1143.2)	TGAC	ATGACKTMA	RTGACKYMW	9	261	5590	4.67	4.026	1.16	267	0.11	0.098	9.169	0.010351404365294208	0.02791068845734236
NFIC (MA0161.3)	CTTGGCA	CTTGGCA	CTTGGCA	7	369	5590	6.6	5.845	1.13	386	0.16	0.143	9.142	0.010828196466937244	0.029106986833143233
KLF6 (MA1517.2)	ACRCCC	SCACRCCCM	MMACRCCCH	9	443	5590	7.92	7.113	1.11	476	0.2	0.19	10.231	0.012058583557077798	0.032315533373998125
DMRTC2 (MA1479.2)	GMTACA	AWWKGMTACAW	WWWTGMTACAW	11	806	5590	14.42	13.363	1.08	866	0.36	0.358	12.284	0.012756033955734275	0.03408071078142987
ZNF582 (MA1983.2)	TTACTTGCAGCYVA	BYTSKDAYTTKCAKCYVMR	YYYBTTACTTGCAGCYVAA	19	723	5590	12.93	11.929	1.08	782	0.32	0.304	13.185	0.01290614212511826	0.03437726947872409
RARA::RXRG (MA1149.2)	GGTCAHNBDVRGG	RGGTSADBDDRRGKBSR	RGGTCAHNBDVRGGKYR	17	363	5590	6.49	5.767	1.13	380	0.16	0.145	11.622	0.013236134161469983	0.03514973392124506
ZNF382 (MA1594.1)	AKGRGAYATYACYACMGAYMCYAC	RVVDGRHRYYASMAMRRAYMCYWM	AKGRGAYATYACYACMGAYMCYAC	24	607	5590	10.86	9.947	1.09	656	0.27	0.259	13.576	0.014405212492507737	0.03813910174974187
ZBTB11 (MA2329.1)	ACTTCCGG	CACTTCCKR	CACTTCCGG	9	286	5590	5.12	4.483	1.14	302	0.13	0.111	11.407	0.014943202871836276	0.03944467064367593
CREB3L4 (MA1474.2)	CACGT	KMCACRTSAY	KMCACGTSRY	10	141	5590	2.52	2.08	1.21	143	0.06	0.051	10.617	0.015195188019305656	0.03998973134422057
ESX1 (MA0644.3)	AATTA	CTAATTA	YYAATTA	7	362	5590	6.48	5.773	1.12	409	0.17	0.154	8.32	0.015906913676047144	0.040764364784972126
GBX1 (MA0889.2)	AATTA	CTAATTA	SYAATTA	7	362	5590	6.48	5.773	1.12	409	0.17	0.154	8.291	0.015906913676047144	0.040764364784972126
LBX1 (MA0618.2)	TAAYWRG	TAATTAG	TAAYWRG	7	362	5590	6.48	5.773	1.12	409	0.17	0.154	8.507	0.015906913676047144	0.040764364784972126
MEOX1 (MA0661.2)	TMATTA	CTAATTA	STMATTA	7	362	5590	6.48	5.773	1.12	409	0.17	0.154	8.254	0.015906913676047144	0.040764364784972126
NOTO (MA0710.2)	MATTA	CTAATTA	YWMATTA	7	362	5590	6.48	5.773	1.12	409	0.17	0.154	8.215	0.015906913676047144	0.040764364784972126
PRRX2 (MA0075.4)	AATTA	CTAATTA	YYAATTA	7	362	5590	6.48	5.773	1.12	409	0.17	0.154	8.752	0.015906913676047144	0.040764364784972126
VAX1 (MA0722.2)	AAT	CTAATTA	YYAATKR	7	362	5590	6.48	5.773	1.12	409	0.17	0.154	7.496	0.015906913676047144	0.040764364784972126
VSX1 (MA0725.2)	AATT	CTAATTA	YYAATTR	7	362	5590	6.48	5.773	1.12	409	0.17	0.154	8.107	0.015906913676047144	0.040764364784972126
VSX2 (MA0726.2)	AATTA	CTAATTA	YTAATTA	7	362	5590	6.48	5.773	1.12	409	0.17	0.154	8.546	0.015906913676047144	0.040764364784972126
PPARA::RXRA (MA1148.2)	GGKBARAGGT	MWDKRGGKBARRGKKYR	WWVKRGGKBARAGGTYR	17	665	5590	11.9	10.964	1.09	743	0.31	0.282	12.916	0.0159997489811294	0.040883079518641695
EN2 (MA0642.3)	YMATTA	CCAATTA	SYMATTA	7	315	5590	5.64	5.02	1.12	332	0.14	0.122	7.998	0.022611562120146825	0.057610327836548
TFEC (MA0871.3)	CACGTGAC	CAYGTGAC	CACGTGAC	8	193	5590	3.45	2.983	1.16	206	0.09	0.08	10.767	0.025843938641937302	0.06565555510480604
EGR1 (MA0162.5)	CRCCCMCRC	MCWCCCACMC	MCRCCCMCRC	10	226	5590	4.04	3.54	1.14	237	0.1	0.1	10.097	0.027051074268976086	0.06852419101564836
Gli2 (MA0734.4)	GACCACCCA	GRCCACCCA	GACCACCCA	9	725	5590	12.97	12.103	1.07	803	0.33	0.313	11.525	0.027943897563450115	0.07058243091457658
BCL6B (MA0731.1)	TGCTTTCTAGGAATT	DKYTWKCYAGGAAYYMM	TGCTTTCTAGGAATTMM	17	607	5590	10.86	10.1	1.08	654	0.27	0.257	4.88	0.03529513799242192	0.08889520428463858
Sox7 (MA2095.1)	AACAATG	WGAACAAWRG	RRAACAATGG	10	885	5590	15.83	14.94	1.06	1050	0.44	0.394	12.281	0.035642431072458285	0.08951341975054523
CLOCK (MA0819.3)	CACGTG	ACACGTG	MCACGTG	7	112	5590	2.0	1.682	1.19	120	0.05	0.047	8.844	0.04044051704920054	0.10127411534543383
RXRG (MA1556.1)	GGTCAYGACC	VRGGTCAYRWMMYB	RRGGTCAYGACCYY	14	348	5590	6.23	5.666	1.1	397	0.16	0.161	12.342	0.04214253825712042	0.10523662252275243
ZBTB7C (MA0695.2)	ACCACC	MRACCACC	SRACCACC	8	272	5590	4.87	4.376	1.11	280	0.12	0.107	9.432	0.04456327181584965	0.11096633406836218
PAX4 (MA0068.2)	AATT	CTAATTAS	YKAATTMR	8	243	5590	4.35	3.888	1.12	350	0.15	0.164	9.098	0.04594898055375162	0.11409365510380698
RXRB (MA1555.1)	GGTCRTGACC	VRGKTYRTGAMCYB	RRGGTCRTGACCYY	14	307	5590	5.49	4.991	1.1	429	0.18	0.164	12.964	0.05072819192723709	0.12560586113814481
JUN (MA0488.2)	ATGAKGTMA	RTGAKGYMAY	ATGAKGTMAT	10	606	5590	10.84	10.186	1.06	672	0.28	0.266	12.206	0.05996276860094774	0.14805413932649739
Npas2 (MA0626.2)	CACGTG	SCACGTGK	SCACGTGK	8	162	5590	2.9	2.556	1.13	240	0.1	0.1	9.397	0.06353701742184162	0.15643988323192937
ZKSCAN1 (MA1585.2)	AGTAGG	RYAGTAGGW	AYAGTAGGY	9	357	5590	6.39	5.891	1.08	373	0.15	0.144	10.953	0.06668510395198085	0.1637324200385228
NR2F1 (MA1538.1)	GGTCRBTGACC	RRKGTCRNTGACCYH	RRGGTCRBTGACCYY	15	256	5590	4.58	4.162	1.1	357	0.15	0.132	12.376	0.0686557866512589	0.16810149433553365
ZNF784 (MA1717.2)	ACYTACC	ACYTACCW	ACYTACCK	8	250	5590	4.47	4.062	1.1	257	0.11	0.1	9.919	0.07020170652103846	0.17140916675553558
ZNF157 (MA2331.1)	AGCARTAYACYT	RRRHMARCAVTWYACYTDYHH	RGGMCAGCARTAYACYTKYAC	21	542	5590	9.7	9.108	1.06	566	0.23	0.228	12.86	0.07147595864682461	0.17403702950293307
Pgr (MA2323.1)	GRACADWDTGTYC	WARAAMARWHKRTWYTY	VRGRACADWDTGTYCTB	17	735	5590	13.15	12.498	1.05	1138	0.47	0.46	15.127	0.07846122920200674	0.19051773610100534
TBX5 (MA0807.1)	GTG	AGGTGTGR	RGGTGTKR	8	658	5590	11.77	11.184	1.05	712	0.3	0.291	9.023	0.09043355357107805	0.2189837288952551
RORC (MA1151.2)	AWBTRGGKCA	AWDKRGGKCA	AWBTRGGKCA	10	453	5590	8.1	7.621	1.06	480	0.2	0.188	10.036	0.09630378546783891	0.2325577676544791
ATF4 (MA0833.3)	TGATGYAA	RTGATGHAAY	RTGATGYAAY	10	699	5590	12.5	11.929	1.05	761	0.32	0.306	12.48	0.10094343509532719	0.2430939162980619
FEV (MA0156.4)	ACCGGAAGT	DCCGGAARY	ACCGGAAGT	9	103	5590	1.84	1.612	1.14	104	0.04	0.038	11.679	0.10128576277958198	0.24325187290506164
GCM1 (MA0646.2)	TGCGGGT	ATGVKGGTRS	ATGCGGGTRS	10	205	5590	3.67	3.345	1.1	206	0.09	0.08	10.212	0.10268412259928908	0.24593826638903296
NFIB (MA1643.2)	TGGCWYDRWGCCA	YSTGGCWVBBWGCCMVV	YYTGGCWYDRWGCCARR	17	604	5590	10.81	10.273	1.05	871	0.36	0.354	14.685	0.10403314694323418	0.2484922178345186
FIGLA (MA0820.2)	CACCTG	CACCTG	CACCTG	6	1505	5590	26.92	26.161	1.03	1847	0.77	0.851	7.729	0.10492843342266166	0.2492759269689719
ZEB1 (MA0103.4)	CACCTG	CACCTG	CACCTG	6	1505	5590	26.92	26.161	1.03	1847	0.77	0.851	8.12	0.10492843342266166	0.2492759269689719
Foxn1 (MA1684.1)	GAMGC	GGACGC	RGAMGC	6	138	5590	2.47	2.207	1.12	144	0.06	0.056	7.027	0.10554891054739121	0.2500741034262989
TBXT (MA0009.2)	TMRCACVTABGTGYKA	WVRCAYVYRKRTGYBW	TMRCACVTABGTGYKA	16	285	5590	5.1	4.729	1.08	510	0.21	0.203	12.059	0.10806883800605384	0.2553562059336595
Six3 (MA0631.2)	GGGTATCA	AWDKGRTATCA	WWRGGGTATCA	11	389	5590	6.96	6.566	1.06	408	0.17	0.161	12.46	0.12879731294134145	0.30351967312450173
POU3F1 (MA0786.2)	ATGYWAAT	WTATGYTAAT	WTATGYWAAT	10	1273	5590	22.77	22.165	1.03	1438	0.6	0.698	11.194	0.14566865090609576	0.3423602784664657
ZFP42 (MA1651.2)	AARATGGC	YARRATGGCTSMY	MAARATGGCKSCY	13	542	5590	9.7	9.321	1.04	570	0.24	0.235	11.681	0.17816686912126536	0.417623141220246
PAX9 (MA0781.2)	GTCACGCWTSAVTG	RGKCAYGSWTGAYTRM	SGTCACGCWTSAVTGM	16	145	5590	2.59	2.397	1.08	148	0.06	0.057	10.289	0.18408600595692473	0.430349997968449
Arnt (MA0004.1)	CACGTG	CACGTG	CACGTG	6	234	5590	4.19	3.948	1.06	478	0.2	0.195	7.871	0.1938561409500042	0.4472429078610333
MAX (MA0058.4)	CACGTG	CACGTG	CACGTG	6	234	5590	4.19	3.948	1.06	478	0.2	0.195	8.161	0.1938561409500042	0.4472429078610333
MNT (MA0825.2)	CACGTG	CACGTG	CACGTG	6	234	5590	4.19	3.948	1.06	478	0.2	0.195	8.124	0.1938561409500042	0.4472429078610333
Mlxip (MA0622.2)	CACGTG	CACGTG	CACGTG	6	234	5590	4.19	3.948	1.06	478	0.2	0.195	8.314	0.1938561409500042	0.4472429078610333
EGR4 (MA0733.2)	CGCCCMCGC	MCVCCCMCSCM	MCGCCCMCGCM	11	230	5590	4.11	3.878	1.06	241	0.1	0.107	11.637	0.19331047524710585	0.4472429078610333
MLX (MA0663.1)	TCACGTGA	RYCACGTGRY	RTCACGTGAY	10	103	5590	1.84	1.692	1.09	149	0.06	0.056	12.291	0.21021359515792906	0.48371138781104617
MSANTD3 (MA1523.2)	ACTC	CACTCAC	YACTCAM	7	317	5590	5.67	5.418	1.05	330	0.14	0.142	8.243	0.21464084579763307	0.4926091474050117
HOXD12::ELK1 (MA1958.2)	CGGAAGTYGTAAA	MGGAWRTYRTWAA	CGGAAGTYGTAAA	13	445	5590	7.96	7.669	1.04	457	0.19	0.192	11.985	0.2174383523637207	0.49772997845757944
ERF (MA0760.2)	ACCGGAART	RYMGGAART	ACCGGAART	9	169	5590	3.02	2.858	1.06	172	0.07	0.068	11.112	0.24448939435884848	0.5567517555477404
POU2F1::SOX2 (MA1962.1)	ATTWRCATMACAA	VWTWWRMATMAHAAWRR	MATTWRCATMACAAWRS	17	1365	5590	24.42	24.006	1.02	1541	0.64	0.737	16.521	0.2438710042705409	0.5567517555477404
Smad4 (MA1153.2)	GTCTRG	TGTCTRG	YGTCTRG	7	629	5590	11.25	10.959	1.03	689	0.29	0.306	8.64	0.2516394940509992	0.5715532694336649
Ptf1A (MA1618.2)	CAGATG	MCAGATGKD	MCAGATGKB	9	626	5590	11.2	10.919	1.03	672	0.28	0.279	10.471	0.2620603283445129	0.5936882180794507
LHX6 (MA0658.2)	TAATTA	YTAATTAR	YTAATTAR	8	328	5590	5.87	5.674	1.03	680	0.28	0.287	9.354	0.2783644406932879	0.629003453391774
ZNF417 (MA1727.2)	GGCGCCA	GGTGCCA	GGCGCCA	7	297	5590	5.31	5.158	1.03	308	0.13	0.134	9.556	0.31287197789265386	0.7051653040195968
ZNF669 (MA1985.1)	GGSYGAYGMCC	RGGBYGATGMCCRSD	DGGSYGAYGMCCRBB	15	128	5590	2.29	2.213	1.03	130	0.05	0.054	12.19	0.3629353971280718	0.8159084758966116
NFKB2 (MA0778.2)	GGGGAWTCCCC	GGGRDWHYCCC	GGGGAWTCCCC	11	382	5590	6.83	6.72	1.02	768	0.32	0.311	13.527	0.37737153154304065	0.8461978985365631
BACH2 (MA1470.2)	ATGACGTSAT	DDHYMATGASKTSAYYHWW	DWWBSATGACGTSATSVWW	19	273	5590	4.88	4.787	1.02	303	0.13	0.129	11.207	0.37913942117365185	0.8479988580448855
XBP1 (MA0844.2)	CACGTCA	BMCACGTCABH	KMCACGTCAKY	11	84	5590	1.5	1.463	1.03	85	0.04	0.035	12.822	0.42083761992928576	0.9388737764412237
MGA (MA0801.1)	GTGTGA	WGGTGTGA	RGGTGTGA	8	588	5590	10.52	10.434	1.01	635	0.26	0.266	9.855	0.42645380991900667	0.948994680807106
FLI1 (MA0475.3)	CCGGAA	WCMGGAARY	ACCGGAARY	9	137	5590	2.45	2.433	1.01	139	0.06	0.058	10.986	0.4785503556854516	1.0
ATF2 (MA1632.2)	ATGABGTCA	ATGAKGTMAY	ATGABGTCAY	10	608	5590	10.88	10.843	1.0	691	0.29	0.298	11.901	0.4750303221892112	1.0
GSX2 (MA0893.3)	ATTA	GTAATTA	SYMATTA	7	301	5590	5.38	5.385	1.0	326	0.14	0.145	7.441	0.5096711917911978	1.0
HOXA3 (MA2119.1)	TMATTA	GTAATTA	STMATTA	7	301	5590	5.38	5.385	1.0	326	0.14	0.145	8.102	0.5096711917911978	1.0
HOXA6 (MA1497.2)	ATWA	GTAATTA	SYMATWA	7	301	5590	5.38	5.385	1.0	326	0.14	0.145	7.348	0.5096711917911978	1.0
HOXB1 (MA2093.1)	TMATTR	GTAATTA	STMATTR	7	301	5590	5.38	5.385	1.0	326	0.14	0.145	8.204	0.5096711917911978	1.0
HOXB7 (MA1501.2)	GYAATTA	GTAATTA	GYAATTA	7	301	5590	5.38	5.385	1.0	326	0.14	0.145	8.627	0.5096711917911978	1.0
LHX5 (MA1519.2)	YAATTA	GTAATTA	SYAATTA	7	301	5590	5.38	5.385	1.0	326	0.14	0.145	8.43	0.5096711917911978	1.0
MEOX2 (MA0706.2)	ATYA	GTAATTA	STMATYA	7	301	5590	5.38	5.385	1.0	326	0.14	0.145	7.626	0.5096711917911978	1.0
THRB (MA1575.2)	TGWCCTBRHYVAGGWCA	TSWCCYYVBBRRGGWSA	TGWCCTBRHYVAGGWCA	17	214	5590	3.83	3.842	1.0	379	0.16	0.165	11.97	0.5308186996299196	1.0
Prdm5 (MA1999.2)	TCTCC	SYTCTCCAKCY	GYTCTCCAKYY	11	774	5590	13.85	14.031	0.99	845	0.35	0.368	11.282	0.6575574712876899	1.0
FOXA2 (MA0047.4)	GTAAACA	RGTAAAYA	WGTAAACA	8	699	5590	12.5	12.638	0.99	740	0.31	0.335	9.518	0.6223119647325437	1.0
ZNF16 (MA1654.2)	GGGAGCCAYKGRRGG	VVKDGRGAGYYMYDGRRRRBB	AVKRGGGAGCCAYKGRRGGYK	21	601	5590	10.75	10.814	0.99	653	0.27	0.283	15.264	0.5657164972219861	1.0
Arntl (MA0603.2)	CACGTG	RKCACGTG	RTCACGTG	8	139	5590	2.49	2.514	0.99	162	0.07	0.08	9.833	0.5629850905525751	1.0
OVOL1 (MA1544.2)	ACCGTTA	DDWCCGTTAH	DWACCGTTAY	10	45	5590	0.81	0.811	0.99	46	0.02	0.019	10.908	0.5398499273637902	1.0
POU3F3 (MA0788.1)	TATGYWAAT	WWTATGYTAATKW	WWTATGYWAATWW	13	1448	5590	25.9	26.53	0.98	1676	0.7	0.906	13.0	0.8544607885033884	1.0
FOXJ2::ELF1 (MA1952.2)	ACMGGAA	AMMCAGGAARY	MWACMGGAARW	11	846	5590	15.13	15.413	0.98	934	0.39	0.407	12.215	0.7200666422721024	1.0
Prdm15 (MA1616.2)	AAAACCYGG	RAAMMCMTGGA	BAAAACCYGGM	11	720	5590	12.88	13.159	0.98	786	0.33	0.343	13.133	0.7333034931489086	1.0
Tbx6 (MA1567.3)	GGTGTGAA	WGGTGTGAR	RGGTGTGAA	9	698	5590	12.49	12.701	0.98	784	0.33	0.325	10.92	0.6878228774013453	1.0
ZNF263 (MA0528.3)	GGGAGGA	GGGAGGA	GGGAGGA	7	555	5590	9.93	10.096	0.98	585	0.24	0.268	9.258	0.6648287488951278	1.0
SOX18 (MA1563.2)	ACAAT	AACAATKS	RACAATDV	8	540	5590	9.66	9.873	0.98	575	0.24	0.253	8.303	0.7058901676568449	1.0
TBX1 (MA0805.1)	AGGTGTGA	ARGTGTGA	AGGTGTGA	8	500	5590	8.94	9.164	0.98	526	0.22	0.229	10.484	0.7178065007934047	1.0
SATB1 (MA1963.2)	CTAATAA	CTAATAA	CTAATAA	7	388	5590	6.94	7.102	0.98	412	0.17	0.178	9.395	0.6847123037842766	1.0
TCF21 (MA1568.2)	CATATG	RCCATATGKY	RSCATATGKY	10	292	5590	5.22	5.318	0.98	452	0.19	0.176	11.033	0.6299341826141345	1.0
Isl1 (MA1608.2)	CCATTA	CCATTAG	CCATTAR	7	200	5590	3.58	3.642	0.98	203	0.08	0.087	8.834	0.6087926434476427	1.0
PAX1 (MA0779.2)	GTCACGCWTSAVT	DGWCMYGSWTGAHTRM	SGTCACGCWTSAVTKM	16	122	5590	2.18	2.234	0.98	128	0.05	0.053	10.813	0.6138855976175728	1.0
Lhx3 (MA0135.2)	AATTAATTA	DRWTTAAWYWWW	WAATTAATTAWY	12	1270	5590	22.72	23.399	0.97	2139	0.89	1.045	13.099	0.8839391637567325	1.0
NR1D2 (MA1532.2)	TRGGTYAGTRGGTCA	KRGGTYARKRKGKBR	TRGGTYAGTRGGTCA	15	513	5590	9.18	9.458	0.97	550	0.23	0.247	13.344	0.7659193794727298	1.0
EBF3 (MA1637.2)	CCCMRGGG	CCCMRGGGW	CCCMRGGGA	9	446	5590	7.98	8.236	0.97	574	0.24	0.252	11.159	0.7608469677878108	1.0
RARG (MA1553.2)	GKTCATGACC	RGKTYRTGAMCYB	RGKTCATGACCYY	13	263	5590	4.7	4.867	0.97	365	0.15	0.175	13.367	0.718928726718728	1.0
ETV6 (MA0645.2)	GGAAGT	BMGGAAGTR	SMGGAAGTR	9	247	5590	4.42	4.562	0.97	258	0.11	0.111	10.582	0.7017015549370362	1.0
PHOX2B (MA0681.3)	AATYAAATTA	KRATYWAATYWW	WAATYAAATTAW	12	1501	5590	26.85	28.074	0.96	2346	0.97	1.195	13.07	0.9781337964298518	1.0
FOXF2 (MA0030.2)	RTAAACA	RRTAAACAH	SRTAAACAW	9	723	5590	12.93	13.475	0.96	781	0.32	0.354	10.699	0.8818174886216168	1.0
TBX15 (MA0803.1)	AGGTGTGA	AGGTGTGA	AGGTGTGA	8	487	5590	8.71	9.034	0.96	514	0.21	0.225	10.649	0.8012677530463987	1.0
TBX4 (MA0806.1)	ARGTGTKA	AGGTGTGA	ARGTGTKA	8	487	5590	8.71	9.034	0.96	514	0.21	0.225	9.501	0.8012677530463987	1.0
TBX19 (MA0804.2)	TMRCACVTRBGTGYKA	TVRCAYMWRBRTGYKWD	TMRCACVTRBGTGYKAH	17	282	5590	5.04	5.278	0.96	411	0.17	0.196	12.409	0.7861019847881274	1.0
ZBTB33 (MA0527.2)	TCTCGCG	TCYCRYGRGA	TCTCGCGRKR	10	27	5590	0.48	0.505	0.96	50	0.02	0.017	9.016	0.617629733768384	1.0
mix-a (MA0621.2)	TAATTA	YTAATTA	YTAATTA	7	672	5590	12.02	12.698	0.95	947	0.39	0.468	9.247	0.93556899314527	1.0
GRHL2 (MA1105.3)	AACAGGTT	AACWGGTT	AACAGGTT	8	465	5590	8.32	8.791	0.95	499	0.21	0.227	10.162	0.8946417884673885	1.0
NR3C2 (MA0727.2)	GWACAYDRTGTWC	RGRACWBWDWGTYCY	RGWACAYDRTGTWCY	15	197	5590	3.52	3.717	0.95	304	0.13	0.153	11.567	0.7827761960512372	1.0
ELK1::HOXB13 (MA1932.2)	CCGGAAGTHRTWA	WCMGGAARTYRYAAR	RCCGGAAGTHRTWAM	15	195	5590	3.49	3.672	0.95	198	0.08	0.087	10.469	0.7723448417575332	1.0
ZBTB18 (MA0698.2)	CAGATGT	HHCCAGATGTK	WKMCAGATGTK	11	764	5590	13.67	14.477	0.94	858	0.36	0.384	13.036	0.9568776258611704	1.0
GABPA (MA0062.4)	CTTCCT	MMYTTCCTGD	YACTTCCTGY	10	760	5590	13.6	14.442	0.94	848	0.35	0.379	11.913	0.9636530947603852	1.0
EHF (MA0598.4)	ACTTCCT	MMCTTCCTG	YACTTCCTS	9	725	5590	12.97	13.868	0.94	793	0.33	0.362	10.78	0.9737547923087311	1.0
CREB1 (MA0018.5)	TGAYGTCA	TGATGTCA	TGAYGTCA	8	670	5590	11.99	12.699	0.94	754	0.31	0.327	10.164	0.9452324596129604	1.0
Esrrg (MA0643.2)	AAGGTCA	YSRAGGTCA	YSAAGGTCA	9	476	5590	8.52	9.025	0.94	513	0.21	0.226	11.03	0.9088120397675663	1.0
ZIC5 (MA1584.2)	ACCCCCCGCYGHG	SMCCMCCYRYWGHBH	KACCCCCCGCYGHGM	15	200	5590	3.58	3.801	0.94	202	0.08	0.097	10.486	0.813431987706332	1.0
Atf1 (MA0604.1)	TGACG	RTGACGTR	RTGACGYR	8	78	5590	1.4	1.491	0.94	79	0.03	0.035	9.195	0.7332692385471993	1.0
CEBPG (MA1636.2)	TGATGCAA	ATGATGYAAY	RTGATGCAAT	10	711	5590	12.72	13.632	0.93	772	0.32	0.357	12.343	0.9764964166213155	1.0
ZNF274 (MA1592.2)	TGAGTYCTC	YRKGWRTYCTYD	YRTGAGTYCTCR	12	520	5590	9.3	10.03	0.93	560	0.23	0.253	13.245	0.9651645437430615	1.0
MAFG::NFE2L1 (MA0089.3)	ATGACTCAGCA	RTGASTCAKSW	ATGACTCAGCA	11	493	5590	8.82	9.518	0.93	546	0.23	0.243	14.276	0.9628606471904176	1.0
NKX6-3 (MA1530.2)	YCATTA	STCATTAW	SYCATTAW	8	488	5590	8.73	9.39	0.93	517	0.21	0.237	8.777	0.9551173566769662	1.0
Tcf21 (MA0832.2)	AACAGCTGTT	RMCAGCTGKW	AACAGCTGTT	10	343	5590	6.14	6.633	0.93	533	0.22	0.224	13.315	0.933434012169899	1.0
RELB (MA1117.2)	ATTCCCC	ATTCCCC	ATTCCCC	7	227	5590	4.06	4.381	0.93	234	0.1	0.106	8.974	0.8819229612133372	1.0
ZIC1 (MA0696.1)	CCCCCYGCTGYG	SMMMMCCYRYTGDK	KRCCCCCYGCTGYG	14	222	5590	3.97	4.278	0.93	227	0.09	0.109	10.525	0.8750495377775293	1.0
BARX1 (MA0875.2)	ATTA	CAATTA	YMATTA	6	1064	5590	19.03	20.727	0.92	1260	0.52	0.598	7.152	0.9990628648339456	1.0
BSX (MA0876.2)	ATTA	CAATTA	YVATTA	6	1064	5590	19.03	20.727	0.92	1260	0.52	0.598	6.838	0.9990628648339456	1.0
DLX1 (MA0879.3)	ATTA	CAATTA	YMATTA	6	1064	5590	19.03	20.727	0.92	1260	0.52	0.598	7.213	0.9990628648339456	1.0
DLX6 (MA0882.2)	AATTA	CAATTA	YAATTA	6	1064	5590	19.03	20.727	0.92	1260	0.52	0.598	7.181	0.9990628648339456	1.0
Dlx3 (MA0880.2)	ATTA	CAATTA	YAATTA	6	1064	5590	19.03	20.727	0.92	1260	0.52	0.598	6.928	0.9990628648339456	1.0
Dlx4 (MA0881.2)	ATTA	CAATTA	YAATTA	6	1064	5590	19.03	20.727	0.92	1260	0.52	0.598	7.066	0.9990628648339456	1.0
GBX2 (MA0890.2)	AATTA	CAATTA	YAATTA	6	1064	5590	19.03	20.727	0.92	1260	0.52	0.598	7.552	0.9990628648339456	1.0
HESX1 (MA0894.2)	TAATT	TAATTG	TAATTR	6	1064	5590	19.03	20.727	0.92	1260	0.52	0.598	7.575	0.9990628648339456	1.0
HOXA7 (MA1498.3)	ATTA	CAATTA	YMATTA	6	1064	5590	19.03	20.727	0.92	1260	0.52	0.598	6.459	0.9990628648339456	1.0
LBX2 (MA0699.2)	AATTA	CAATTA	YAATTA	6	1064	5590	19.03	20.727	0.92	1260	0.52	0.598	6.903	0.9990628648339456	1.0
LHX2 (MA0700.3)	CAATTA	CAATTA	CAATTA	6	1064	5590	19.03	20.727	0.92	1260	0.52	0.598	7.995	0.9990628648339456	1.0
MSX1 (MA0666.3)	AATTA	CAATTA	YAATTA	6	1064	5590	19.03	20.727	0.92	1260	0.52	0.598	7.752	0.9990628648339456	1.0
MSX2 (MA0708.3)	AATTA	CAATTA	YAATTA	6	1064	5590	19.03	20.727	0.92	1260	0.52	0.598	7.715	0.9990628648339456	1.0
Msx3 (MA0709.2)	AATTA	CAATTA	YAATTA	6	1064	5590	19.03	20.727	0.92	1260	0.52	0.598	7.743	0.9990628648339456	1.0
Nobox (MA0125.2)	TAATT	TAATTG	TAATTR	6	1064	5590	19.03	20.727	0.92	1260	0.52	0.598	7.32	0.9990628648339456	1.0
RAX (MA0718.2)	AATTA	CAATTA	YAATTA	6	1064	5590	19.03	20.727	0.92	1260	0.52	0.598	7.35	0.9990628648339456	1.0
RAX2 (MA0717.2)	ATTA	CAATTA	YAATTA	6	1064	5590	19.03	20.727	0.92	1260	0.52	0.598	6.792	0.9990628648339456	1.0
SHOX (MA0630.2)	TAAT	TAATTG	TAATTR	6	1064	5590	19.03	20.727	0.92	1260	0.52	0.598	6.846	0.9990628648339456	1.0
ZNF175 (MA2332.1)	AGGAAG	HCAGGAAGY	RCAGGAAGY	9	697	5590	12.47	13.498	0.92	764	0.32	0.349	10.956	0.9877450150691602	1.0
Rarb (MA0858.1)	AGGTCAHVYWRAGGTCA	AGKTSAHVBDRRSKTCA	AGGTCAHVYWRAGGTCA	17	357	5590	6.39	6.914	0.92	371	0.15	0.174	7.664	0.9412849180924411	1.0
RARA (MA0730.1)	AGGTCAHBYWRAGGTCA	RGGKSAHBBDRRGKYCA	AGGTCAHBYWRAGGTCA	17	349	5590	6.24	6.763	0.92	367	0.15	0.17	10.751	0.9402135540620162	1.0
Rhox11 (MA0629.2)	GCTGTW	DGCTGTWAW	YGCTGTWAW	9	272	5590	4.87	5.272	0.92	279	0.12	0.128	9.96	0.9151970223159231	1.0
POU4F3 (MA0791.2)	TDMATWATTDAT	TDMATWATWRAY	TDMATWATTDAT	12	1215	5590	21.74	23.823	0.91	1795	0.74	0.897	13.321	0.9998670046369365	1.0
ARNT::HIF1A (MA0259.2)	ACGTG	ACGTG	ACGTG	5	787	5590	14.08	15.498	0.91	1115	0.46	0.519	6.606	0.9983061602117583	1.0
NR1I3 (MA1534.2)	TGAACT	TGAACTYY	TGAACTHW	8	477	5590	8.53	9.362	0.91	511	0.21	0.236	9.416	0.983553170636151	1.0
CREM (MA0609.3)	TGACGTCA	RTGAYRTCAY	RTGACGTCAY	10	115	5590	2.06	2.261	0.91	227	0.09	0.105	9.79	0.8543382523335826	1.0
CREB3L4 (MA1475.2)	TSACGTSA	RTSACRTCA	RTSACGTSA	9	87	5590	1.56	1.709	0.91	118	0.05	0.05	10.043	0.8196714696319404	1.0
Erg (MA0474.4)	CAGGAAG	HCAGGAARKK	RCAGGAAGYR	10	722	5590	12.92	14.414	0.9	799	0.33	0.378	11.896	0.9992944317385564	1.0
FOXA1 (MA0148.5)	GTAAACA	GTAAACAY	GTAAACAW	8	673	5590	12.04	13.336	0.9	712	0.3	0.351	10.1	0.9978398959680437	1.0
RUNX3 (MA0684.3)	ACCWCA	AACCTCAD	RACCWCAR	8	569	5590	10.18	11.302	0.9	614	0.25	0.286	9.597	0.9960635483284704	1.0
LMX1B (MA0703.3)	TTAATTA	YTAATTAH	TTAATTAM	8	531	5590	9.5	10.525	0.9	838	0.35	0.44	10.32	0.9938814798844671	1.0
ZNF35 (MA2333.1)	AATTCTA	AATTCTA	AATTCTA	7	470	5590	8.41	9.36	0.9	496	0.21	0.242	8.7	0.9929559643435963	1.0
Dlx2 (MA0885.3)	GCAATTA	GYAATTAG	GCAATTAR	8	373	5590	6.67	7.449	0.9	394	0.16	0.186	10.089	0.9869716960873025	1.0
E2F6 (MA0471.3)	GGCGGGA	GGWGGGAA	GGCGGGAA	8	368	5590	6.58	7.322	0.9	388	0.16	0.19	10.173	0.9836309806721603	1.0
Ar (MA0007.4)	RGWACAYVRTGTWC	RRGHAMRBDVTGTWCY	RRGWACAYVRTGTWCY	16	198	5590	3.54	3.923	0.9	296	0.12	0.142	11.167	0.9316086105457504	1.0
Arid3a (MA0151.1)	ATYAAW	ATTAAA	ATYAAW	6	1890	5590	33.81	38.185	0.89	2550	1.06	1.438	7.431	0.999999999987287	1.0
IKZF2 (MA2326.1)	AGGAAG	AGGAAG	AGGAAG	6	1614	5590	28.87	32.449	0.89	2068	0.86	1.103	8.224	0.9999999929563326	1.0
ZNF257 (MA1710.2)	GAGGMRAG	GAGGWRRGRG	GAGGMRAGRK	10	1072	5590	19.18	21.45	0.89	1235	0.51	0.638	11.326	0.9999818817698995	1.0
ISL2 (MA0914.2)	CAMTTA	CACTTA	CAMTTA	6	931	5590	16.65	18.738	0.89	1050	0.44	0.524	7.003	0.9999668621266025	1.0
Spz1 (MA0111.1)	AGGGTWWCA	AGGGTWWSAGS	AGGGTWWCAGV	11	565	5590	10.11	11.337	0.89	614	0.25	0.283	10.829	0.9981943444391979	1.0
NKX2-5 (MA0063.3)	CACTCAA	CACTYAA	CACTCAA	7	557	5590	9.96	11.225	0.89	599	0.25	0.288	9.011	0.9986393601709931	1.0
Bach1::Mafk (MA0591.2)	TGACTCAGCA	VMTGASTCAGSW	SRTGACTCAGCA	12	415	5590	7.42	8.304	0.89	449	0.19	0.213	14.669	0.9917653426041636	1.0
CREB3 (MA0638.2)	CACGTCA	DKMCACGTCAYY	YKMCACGTCAYH	12	94	5590	1.68	1.885	0.89	95	0.04	0.045	11.703	0.8756380095609821	1.0
POU4F1 (MA0790.2)	TRMATWATTDA	TDMATWATWDAW	TRMATWATTDAT	12	1225	5590	21.91	24.807	0.88	1892	0.78	1.004	13.226	0.9999997063565279	1.0
NR2C1 (MA1535.2)	GGTCA	AGGTCA	RGGTCA	6	1159	5590	20.73	23.536	0.88	1375	0.57	0.659	7.352	0.9999995889833209	1.0
NR2C2 (MA1536.2)	GGTCR	AGGTCA	RGGTCR	6	1159	5590	20.73	23.536	0.88	1375	0.57	0.659	6.703	0.9999995889833209	1.0
Nr1H2 (MA1996.2)	AGGTCA	AGGTCA	AGGTCA	6	1159	5590	20.73	23.536	0.88	1375	0.57	0.659	8.083	0.9999995889833209	1.0
Nr1H4 (MA1110.3)	AGGTCA	AGGTCA	AGGTCA	6	1159	5590	20.73	23.536	0.88	1375	0.57	0.659	8.115	0.9999995889833209	1.0
Nr1h3 (MA2337.1)	AGGKCA	AGGTCA	AGGKCA	6	1159	5590	20.73	23.536	0.88	1375	0.57	0.659	7.735	0.9999995889833209	1.0
Bcl11B (MA1989.2)	ACCACA	MAACCACAW	WAACCACAR	9	749	5590	13.4	15.312	0.88	842	0.35	0.403	10.732	0.9999661415159069	1.0
NR4A1 (MA1112.3)	AAAGGTCA	AAAGGYCA	AAAGGTCA	8	615	5590	11.0	12.454	0.88	675	0.28	0.322	10.326	0.9995175209579613	1.0
ZBTB6 (MA1581.2)	CTKGAGCC	CCTKSAGCC	SCTKGAGCC	9	516	5590	9.23	10.509	0.88	544	0.23	0.28	10.933	0.999139101904741	1.0
Dlx5 (MA1476.3)	GCAATTA	GYAATTAK	GCAATTAK	8	330	5590	5.9	6.696	0.88	341	0.14	0.166	10.078	0.9916434671905354	1.0
RARB (MA1552.2)	GGTCRTGACC	VRGKYYRTGAMCY	RRGGTCRTGACCY	13	262	5590	4.69	5.325	0.88	346	0.14	0.166	13.146	0.9842268073368834	1.0
TFAP2A (MA0810.2)	CCYBVRGGC	WSCCYBSAGSC	YSCCYBVRGGC	11	242	5590	4.33	4.93	0.88	275	0.11	0.156	10.164	0.982233647667804	1.0
TFAP2B (MA0811.2)	CCYBVRGGC	SCCYYMRGGCA	SCCYBVRGGCR	11	232	5590	4.15	4.74	0.88	268	0.11	0.162	10.07	0.982247824130537	1.0
NFATC3 (MA0625.3)	GGAA	TGGAAA	YGGAAM	6	1783	5590	31.9	36.803	0.87	2359	0.98	1.242	7.065	0.9999999999999795	1.0
Nfatc1 (MA0624.3)	TGGAAA	TGGAAA	TGGAAA	6	1783	5590	31.9	36.803	0.87	2359	0.98	1.242	8.139	0.9999999999999795	1.0
HOXB13 (MA0901.3)	CAATAAAA	MYAATAAAA	MCAATAAAA	9	1386	5590	24.79	28.489	0.87	1676	0.7	0.939	11.274	0.9999999994795654	1.0
GATA1::TAL1 (MA0140.3)	TATCWBBVHVVHVCA	YTATCWVDVVDBHVCAS	TTATCWBBVHVVHVCAS	17	471	5590	8.43	9.677	0.87	503	0.21	0.244	11.324	0.9992820899211597	1.0
MTF1 (MA0863.1)	TKTGCACACGKCMC	TBTGCACACRDCMC	TKTGCACACGKCMC	14	207	5590	3.7	4.269	0.87	218	0.09	0.106	10.304	0.9832432963825227	1.0
RFX7 (MA1554.2)	GTTRC	KGTTGCTA	SGTTRCYR	8	133	5590	2.38	2.741	0.87	137	0.06	0.065	8.756	0.9549783742385395	1.0
ZSCAN29 (MA1602.2)	GTCTACRC	KGTCTAYRCWR	YGTCTACRCVG	11	133	5590	2.38	2.721	0.87	133	0.06	0.065	11.909	0.945612019951889	1.0
FOXS1 (MA2118.1)	GTAAACA	DGTAAACA	WGTAAACA	8	620	5590	11.09	12.874	0.86	646	0.27	0.339	9.975	0.9999687708943023	1.0
BHLHA15 (MA0607.2)	CATATG	DMCATATGKH	RMCATATGKY	10	218	5590	3.9	4.544	0.86	454	0.19	0.218	11.961	0.9905716867782075	1.0
CREB3L1 (MA0839.2)	GCCACGTCA	HKCCACRTVMBYW	YGCCACGTCABCR	13	135	5590	2.42	2.798	0.86	137	0.06	0.067	10.417	0.9620056950698817	1.0
NFIL3 (MA0025.3)	TTATGYAA	TTATGYAAY	TTATGYAAY	9	626	5590	11.2	13.185	0.85	698	0.29	0.362	10.649	0.9999951308599784	1.0
ZNF410 (MA0752.2)	CATCCCATAATA	VYAWCCCAYAATWHHH	MCATCCCATAATAHYM	16	455	5590	8.14	9.599	0.85	477	0.2	0.243	13.006	0.9999083980544262	1.0
ETV7 (MA1708.2)	GGAAR	BMGGAAGTG	SMGGAARTR	9	269	5590	4.81	5.661	0.85	281	0.12	0.139	10.06	0.9973257792245143	1.0
SRF (MA0083.3)	CCATATAWGG	WBHCCAWATWWGKDVW	WKMCCATATAWGGKMW	16	250	5590	4.47	5.284	0.85	323	0.13	0.174	12.113	0.9970579594325041	1.0
SREBF2 (MA0828.3)	RTCACGTGAY	ATCAYRTGAT	RTCACGTGAY	10	237	5590	4.24	4.985	0.85	477	0.2	0.237	12.941	0.9953267750078056	1.0
PROP1 (MA0715.1)	TAATYWAATTA	KAATTDAATTA	TAATYWAATTA	11	1034	5590	18.5	21.935	0.84	1597	0.66	0.974	13.212	0.9999999997717173	1.0
ALX3 (MA0634.2)	ATTA	TAATTA	YAATTA	6	762	5590	13.63	16.273	0.84	1728	0.72	0.934	6.926	0.9999999649598371	1.0
DRGX (MA1481.2)	AATTA	TAATTA	YAATTA	6	762	5590	13.63	16.273	0.84	1728	0.72	0.934	7.367	0.9999999649598371	1.0
EMX1 (MA0612.3)	TAATTA	TAATTA	TAATTA	6	762	5590	13.63	16.273	0.84	1728	0.72	0.934	7.83	0.9999999649598371	1.0
EMX2 (MA0886.2)	TAATTA	TAATTA	TAATTA	6	762	5590	13.63	16.273	0.84	1728	0.72	0.934	7.791	0.9999999649598371	1.0
EN1 (MA0027.3)	AATTA	TAATTA	YAATTA	6	762	5590	13.63	16.273	0.84	1728	0.72	0.934	7.326	0.9999999649598371	1.0
EVX1 (MA0887.2)	ATTA	TAATTA	YVATTA	6	762	5590	13.63	16.273	0.84	1728	0.72	0.934	6.931	0.9999999649598371	1.0
EVX2 (MA0888.2)	ATTA	TAATTA	YVATTA	6	762	5590	13.63	16.273	0.84	1728	0.72	0.934	6.982	0.9999999649598371	1.0
GSX1 (MA0892.2)	ATTA	TAATTA	YMATTA	6	762	5590	13.63	16.273	0.84	1728	0.72	0.934	6.5	0.9999999649598371	1.0
HOXA1 (MA1495.2)	TMATKA	TAATTA	TMATKA	6	762	5590	13.63	16.273	0.84	1728	0.72	0.934	7.17	0.9999999649598371	1.0
HOXA2 (MA0900.3)	TMATTA	TAATTA	TMATTA	6	762	5590	13.63	16.273	0.84	1728	0.72	0.934	7.854	0.9999999649598371	1.0
HOXB2 (MA0902.3)	ATTA	TAATTA	YMATTA	6	762	5590	13.63	16.273	0.84	1728	0.72	0.934	7.119	0.9999999649598371	1.0
HOXB3 (MA0903.2)	ATTA	TAATTA	YMATTA	6	762	5590	13.63	16.273	0.84	1728	0.72	0.934	6.783	0.9999999649598371	1.0
HOXB5 (MA0904.3)	TMATKA	TAATTA	TMATKA	6	762	5590	13.63	16.273	0.84	1728	0.72	0.934	7.392	0.9999999649598371	1.0
HOXC8 (MA1505.2)	YMATKR	TAATTA	YMATKR	6	762	5590	13.63	16.273	0.84	1728	0.72	0.934	6.835	0.9999999649598371	1.0
ISX (MA0654.2)	AATTA	TAATTA	YAATTA	6	762	5590	13.63	16.273	0.84	1728	0.72	0.934	7.562	0.9999999649598371	1.0
Lhx4 (MA0704.2)	ATTA	TAATTA	YMATTA	6	762	5590	13.63	16.273	0.84	1728	0.72	0.934	7.324	0.9999999649598371	1.0
Lhx8 (MA0705.2)	YRATYR	TAATTA	YRATYR	6	762	5590	13.63	16.273	0.84	1728	0.72	0.934	7.003	0.9999999649598371	1.0
MIXL1 (MA0662.2)	AATTA	TAATTA	YAATTA	6	762	5590	13.63	16.273	0.84	1728	0.72	0.934	6.89	0.9999999649598371	1.0
MNX1 (MA0707.3)	YRATTA	TAATTA	YRATTA	6	762	5590	13.63	16.273	0.84	1728	0.72	0.934	6.914	0.9999999649598371	1.0
NKX6-2 (MA0675.2)	ATTA	TAATTA	YMATTA	6	762	5590	13.63	16.273	0.84	1728	0.72	0.934	6.576	0.9999999649598371	1.0
PDX1 (MA0132.3)	ATTA	TAATTA	YMATTA	6	762	5590	13.63	16.273	0.84	1728	0.72	0.934	7.422	0.9999999649598371	1.0
POU6F1 (MA0628.2)	TAATTA	TAATTA	TAATTA	6	762	5590	13.63	16.273	0.84	1728	0.72	0.934	7.882	0.9999999649598371	1.0
PRRX1 (MA0716.2)	AATTA	TAATTA	YAATTA	6	762	5590	13.63	16.273	0.84	1728	0.72	0.934	7.119	0.9999999649598371	1.0
Shox2 (MA0720.2)	AATTA	TAATTA	YAATTA	6	762	5590	13.63	16.273	0.84	1728	0.72	0.934	7.293	0.9999999649598371	1.0
TLX2 (MA1577.2)	AATTA	TAATTA	YAATTA	6	762	5590	13.63	16.273	0.84	1728	0.72	0.934	7.488	0.9999999649598371	1.0
UNCX (MA0721.2)	ATTA	TAATTA	YAATTA	6	762	5590	13.63	16.273	0.84	1728	0.72	0.934	6.834	0.9999999649598371	1.0
VAX2 (MA0723.3)	ATTA	TAATTA	YMATTA	6	762	5590	13.63	16.273	0.84	1728	0.72	0.934	6.633	0.9999999649598371	1.0
NFATC4 (MA1525.3)	GGAAA	RTGGAAAMW	RYGGAAAMW	9	737	5590	13.18	15.732	0.84	806	0.33	0.422	9.753	0.9999999327623507	1.0
ZNF184 (MA2120.1)	GAAAG	KRGAARGRDKMWK	KRGAAAGDBGMRK	13	704	5590	12.59	15.006	0.84	793	0.33	0.397	12.27	0.9999998209722041	1.0
GFI1 (MA0038.3)	AATCACDGC	MAATCASDRYH	MAATCACDGCH	11	615	5590	11.0	13.081	0.84	665	0.28	0.336	12.323	0.9999983393509575	1.0
NR4A2 (MA0160.3)	AAAGGTCA	AAAGGBCA	AAAGGTCA	8	561	5590	10.04	11.946	0.84	615	0.26	0.306	9.993	0.9999956450269226	1.0
TBX20 (MA0689.1)	AGGTGTGA	DWRGTGTGAWR	WAGGTGTGAWR	11	535	5590	9.57	11.328	0.84	582	0.24	0.289	12.701	0.9999857295793982	1.0
Nfe2l2 (MA0150.3)	TGASTCAGCA	RTGASTSAGSW	RTGASTCAGCA	11	443	5590	7.92	9.47	0.84	466	0.19	0.238	13.594	0.9999675034526861	1.0
MAF::NFE2 (MA0501.2)	TGACTCAGCA	RTGASTSAKSW	RTGACTCAGCA	11	421	5590	7.53	8.987	0.84	454	0.19	0.227	13.997	0.9999412736070054	1.0
IRF5 (MA1420.1)	GAAACCRA	YHGAWACCRAAHVY	YYGAAACCRAWMMY	14	278	5590	4.97	5.914	0.84	283	0.12	0.148	11.283	0.9987687285093658	1.0
TFAP2C (MA0524.3)	CCYBVRGG	SCCYYMRGGCA	SCCYBVRGGSR	11	225	5590	4.03	4.767	0.84	267	0.11	0.167	9.879	0.9959490645911695	1.0
HOXB6 (MA1500.2)	TAATKR	TAATTRC	TAATKRY	7	442	5590	7.91	9.546	0.83	484	0.2	0.258	7.447	0.9999880229863551	1.0
EWSR1-FLI1 (MA0149.1)	GGAAGGAAGGAAGGAAGG	GRRRGRRRKRRRGGMDRR	GGAAGGAAGGAAGGAAGG	18	977	5590	17.48	21.251	0.82	1424	0.59	1.193	12.263	0.999999999998078	1.0
ZNF85 (MA1720.2)	AGATTMCWKC	DWGATTMCWKCA	RAGATTMCWKCA	12	575	5590	10.29	12.547	0.82	626	0.26	0.326	13.497	0.9999998799096111	1.0
TBX21 (MA0690.3)	TCACACCT	WTCACACCTD	TTCACACCTY	10	495	5590	8.86	10.858	0.82	522	0.22	0.274	12.348	0.9999994739755196	1.0
EOMES (MA0800.2)	ARGTGTGA	AKGTGTGAW	ARGTGTGAW	9	460	5590	8.23	10.069	0.82	481	0.2	0.252	10.977	0.9999982357646691	1.0
TP63 (MA0525.2)	ACATGTYRKRACATGT	RRCAWSYYRKRACWTGYV	RACATGTYRKRACATGTM	18	193	5590	3.45	4.212	0.82	258	0.11	0.143	11.006	0.9980548947278124	1.0
Pou5f1::Sox2 (MA0142.1)	TTSWHATGCARA	YWTTBWKATKCWWAH	YWTTSWHATGCARAK	15	1114	5590	19.93	24.549	0.81	1266	0.53	0.741	15.923	0.9999999999999999	1.0
Gfi1B (MA0483.2)	AATCWSWG	AAATCWSWGV	MAATCWSWGC	10	769	5590	13.76	17.029	0.81	856	0.36	0.455	11.561	0.9999999999769451	1.0
DMRTA2 (MA1478.2)	GWWACA	GTTACA	GWWACA	6	692	5590	12.38	15.344	0.81	758	0.31	0.411	6.873	0.9999999997630622	1.0
TBX3 (MA1566.3)	AGGTGTSA	AGGTGTSAW	AGGTGTSAA	9	486	5590	8.69	10.786	0.81	510	0.21	0.272	11.252	0.9999998492057292	1.0
ZNF343 (MA1711.2)	GCTTCMCSDCGG	VHRCTTCMSBDHGKYM	VYGCTTCMCSDCGGYM	16	240	5590	4.29	5.295	0.81	246	0.1	0.13	12.901	0.9996797922451804	1.0
NR1I2 (MA1533.2)	GMMCYSVDYGMAC	KGMACTSHVTRMMCY	YGMMCYSVDYGMACY	15	208	5590	3.72	4.577	0.81	213	0.09	0.112	13.075	0.9991280518729077	1.0
ZIC4 (MA0751.2)	CCMCCYGYDG	KMCCMCCYRYWGDK	KRCCMCCYGYDGHK	14	174	5590	3.11	3.85	0.81	176	0.07	0.098	10.457	0.9983230946635729	1.0
FOXO6 (MA0849.1)	GTAAACA	RTAAACA	GTAAACA	7	817	5590	14.62	18.384	0.8	890	0.37	0.505	9.248	0.9999999999999115	1.0
FOXG1 (MA0613.1)	RTAAACA	RTAAACAY	RTAAACAW	8	727	5590	13.01	16.276	0.8	766	0.32	0.438	9.899	0.9999999999904214	1.0
ZNF416 (MA1979.2)	CTGGGC	WHWCTGGGCW	WRWCTGGGCW	10	712	5590	12.74	15.89	0.8	769	0.32	0.447	11.926	0.9999999999675875	1.0
ZNF701 (MA1987.2)	GAGMASYDDRGGGGG	GAGMRVBDDRGGGRGRR	GAGMASYDDRGGGGGRR	17	666	5590	11.91	14.889	0.8	744	0.31	0.473	14.495	0.9999999998810298	1.0
TBX2 (MA0688.2)	GTGTBA	AGGTGTSAW	RRGTGTBAW	9	488	5590	8.73	10.896	0.8	515	0.21	0.275	10.175	0.9999999364867538	1.0
BARHL1 (MA0877.4)	CGTTTA	CGTTTA	CGTTTA	6	164	5590	2.93	3.657	0.8	171	0.07	0.089	7.857	0.9984247821724306	1.0
BARHL2 (MA0635.2)	TAAWYG	TAAACG	TAAWYG	6	164	5590	2.93	3.657	0.8	171	0.07	0.089	7.082	0.9984247821724306	1.0
TFAP2A (MA0872.1)	GCCCYBRGGGC	WSCCYBBVRGGSW	WGCCCYBRGGGCW	13	141	5590	2.52	3.144	0.8	244	0.1	0.144	11.911	0.9969006391520167	1.0
ATF6 (MA1466.2)	TGACGTGGC	DDVTGACGTGKCH	YKRTGACGTGGCR	13	96	5590	1.72	2.148	0.8	98	0.04	0.052	10.139	0.9891409553772663	1.0
PAX2 (MA0067.3)	AVYSRWGCGTGAC	KYARTCAWSCRTGWCY	BYAVYSRWGCGTGACS	16	94	5590	1.68	2.112	0.8	95	0.04	0.05	10.651	0.9896184721718223	1.0
PAX5 (MA0014.4)	GCGTGAC	GCRTGACC	GCGTGACC	8	79	5590	1.41	1.764	0.8	80	0.03	0.042	10.044	0.9805158721933364	1.0
YY2 (MA0748.3)	ATGGCG	ATGGCGG	ATGGCGG	7	48	5590	0.86	1.067	0.8	49	0.02	0.026	9.058	0.9441348024313424	1.0
POU2F3 (MA0627.3)	ATGCAAA	TATGCWAAT	WATGCAAAT	9	913	5590	16.33	20.581	0.79	995	0.41	0.605	11.442	0.9999999999999996	1.0
Alx1 (MA0854.2)	TAATTA	WTAATTAW	YTAATTAR	8	466	5590	8.34	10.61	0.79	1024	0.42	0.566	9.549	0.9999999907567738	1.0
Nkx3-2 (MA0122.4)	CACTTA	WWMCACTTAH	WWMCACTTAW	10	465	5590	8.32	10.579	0.79	500	0.21	0.272	11.198	0.9999999893113679	1.0
ASCL1 (MA1100.3)	CASSTG	GCAGCTGS	RCASSTGY	8	288	5590	5.15	6.481	0.79	409	0.17	0.269	9.047	0.9999812664585351	1.0
MYOG (MA0500.3)	CAGCTG	SCAGCTGS	RCAGCTGY	8	253	5590	4.53	5.761	0.79	518	0.21	0.289	9.512	0.9999753082875308	1.0
ETV2::HOXB13 (MA1943.2)	CGGAWMYATWA	MAGGAAMHRTHWA	SCGGAWMYATWAA	13	233	5590	4.17	5.26	0.79	236	0.1	0.127	10.563	0.999909396052231	1.0
ZNF418 (MA1980.1)	GWRGCYAMAAGCA	VDGWRGCYRMAARYW	MRGWRGCYAMAAGCA	15	787	5590	14.08	18.153	0.78	872	0.36	0.489	14.264	0.9999999999999999	1.0
Runx1 (MA0002.3)	TGTGG	YTGTGGKTW	YTGTGGYYW	9	572	5590	10.23	13.186	0.78	613	0.25	0.343	10.059	0.999999999985505	1.0
NR6A1 (MA1541.2)	AAGKTCAAG	SAAGKTCAAGKKYW	SAAGKTCAAGKKYR	14	515	5590	9.21	11.745	0.78	557	0.23	0.307	14.504	0.9999999989539592	1.0
RORA (MA0071.1)	AGGTCA	WWVDRGGTCA	WWVDAGGTCA	10	408	5590	7.3	9.327	0.78	424	0.18	0.234	10.907	0.9999999493044489	1.0
GATA6 (MA1104.3)	TTATC	TCTTATCW	YCTTATCT	8	406	5590	7.26	9.296	0.78	422	0.18	0.235	9.954	0.9999999547412827	1.0
ZNF549 (MA1728.2)	GCTGCCC	KGCTGCCC	KGCTGCCC	8	368	5590	6.58	8.434	0.78	386	0.16	0.226	10.138	0.9999998208126305	1.0
SOX9 (MA0077.2)	ATTGT	CYATTGWT	BYATTGTW	8	331	5590	5.92	7.639	0.78	348	0.14	0.192	9.076	0.9999996261402845	1.0
ATOH7 (MA1468.1)	CATMTG	AVCAYMTGKY	RVCATMTGKY	10	322	5590	5.76	7.362	0.78	392	0.16	0.226	10.344	0.999998627071617	1.0
FLI1::DRGX (MA1949.2)	CGGAWRYMAT	WVAGGAWRYWAYYR	RYCGGAWRYMATYR	14	245	5590	4.38	5.599	0.78	251	0.1	0.135	11.353	0.9999748340482693	1.0
PITX2 (MA1547.2)	TAATCC	YTAATCCY	YTAATCCY	8	421	5590	7.53	9.745	0.77	438	0.18	0.244	9.585	0.9999999941323517	1.0
NRL (MA0842.3)	TGCTGAC	WWWDTGCTGAYD	WWWDTGCTGACR	12	370	5590	6.62	8.594	0.77	384	0.16	0.214	11.743	0.9999999653526154	1.0
RORB (MA1150.2)	AWDKRGGTCA	AWDKRGGTCA	AWDKRGGTCA	10	367	5590	6.57	8.569	0.77	384	0.16	0.213	10.171	0.9999999790099267	1.0
Plagl1 (MA1615.2)	GGGGCCA	WGGGGCCA	WGGGGCCA	8	342	5590	6.12	7.976	0.77	359	0.15	0.204	10.068	0.999999926153796	1.0
SOX12 (MA1561.2)	CGAACAA	ACMRAACAMT	MMCGAACAAY	10	261	5590	4.67	6.045	0.77	268	0.11	0.148	10.501	0.9999952688052207	1.0
ETS2 (MA1484.2)	ACCGGAWG	RCMGGAWGY	ACCGGAWGY	9	123	5590	2.2	2.849	0.77	128	0.05	0.068	10.776	0.9986945120298524	1.0
ZNF354A (MA1978.2)	AAADG	WWAWWRTAAAKGRWHHAWHT	WWHDHRHAAADGRVYNMWHT	20	1809	5590	32.36	42.645	0.76	2374	0.98	1.988	14.295	1.0	1.0
ZNF317 (MA1593.2)	ACAGCAGA	MCWGCAGA	ACAGCAGA	8	577	5590	10.32	13.649	0.76	628	0.26	0.36	10.222	0.9999999999999347	1.0
ZNF324 (MA1977.2)	GHYARGGATGGYT	WBDYARGGWWGGYK	RGHYARGGATGGYT	14	558	5590	9.98	13.151	0.76	592	0.25	0.341	13.354	0.9999999999996121	1.0
TBR1 (MA0802.2)	ARGTGTGA	ARGTGTGAW	ARGTGTGAW	9	477	5590	8.53	11.237	0.76	500	0.21	0.285	11.141	0.9999999999714403	1.0
ARGFX (MA1463.2)	TAATTA	HTAATTAA	YTAATTAR	8	433	5590	7.75	10.192	0.76	671	0.28	0.394	9.85	0.9999999997019409	1.0
Arx (MA0874.2)	TAATTA	VWYTAATTAR	MRYTAATTAR	10	362	5590	6.48	8.496	0.76	577	0.24	0.334	11.134	0.9999999859596146	1.0
ZKSCAN3 (MA1973.2)	AGGCTAGCCC	SYVAGGYTASCCCM	MYVAGGCTAGCCCW	14	276	5590	4.94	6.466	0.76	290	0.12	0.17	11.927	0.9999990897570543	1.0
TP73 (MA0861.2)	CAWGTYBDRACAYG	RCADGTYHDRRCWTGY	RCAWGTYBDRACAYGY	16	192	5590	3.43	4.526	0.76	242	0.1	0.153	10.69	0.9999739059474552	1.0
Stat6 (MA0520.2)	TTCYWSRGAA	TTCYWVWGAA	TTCYWSRGAA	10	685	5590	12.25	16.316	0.75	870	0.36	0.576	11.425	1.0	1.0
NHLH2 (MA1529.2)	CAGCTGCG	RRHMVCASCTGHGYBY	DRHMKCAGCTGCGYMM	16	239	5590	4.28	5.719	0.75	305	0.13	0.195	11.595	0.9999991693531897	1.0
PROX1 (MA0794.1)	AAGACGYCTT	BAWGACKYCTYM	YAAGACGYCTTR	12	152	5590	2.72	3.612	0.75	163	0.07	0.099	10.399	0.9998920220001033	1.0
ETS1 (MA0098.4)	CCGGAW	RCMGGAARY	RCCGGAWRY	9	134	5590	2.4	3.208	0.75	137	0.06	0.077	10.572	0.9998173919372882	1.0
PAX3 (MA1546.2)	GTCACGSYHRTT	DKTYAYGSYWATBA	SGTCACGSYHRTTA	14	129	5590	2.31	3.073	0.75	133	0.06	0.073	12.234	0.9997045163409597	1.0
LMX1A (MA0702.3)	TAATTA	TTAATTA	YTAATTA	7	405	5590	7.25	9.755	0.74	538	0.22	0.314	9.198	0.9999999999597776	1.0
NKX6-1 (MA0674.2)	YMATTA	TAATTAA	YMATTAW	7	405	5590	7.25	9.755	0.74	538	0.22	0.314	8.213	0.9999999999597776	1.0
ESR1 (MA0112.4)	RGGTCAMVRTGACCT	RGGTYMBSRKRACCY	RGGTCAMVRTGACCT	15	360	5590	6.44	8.658	0.74	609	0.25	0.259	11.925	0.999999999338848	1.0
HIF1A (MA1106.2)	ACGTGC	ACGTGC	ACGTGC	6	172	5590	3.08	4.132	0.74	177	0.07	0.112	7.953	0.9999791182472659	1.0
ZNF135 (MA1587.1)	CTCGACCTCC	YCYYRACCTCYHRR	YCTCGACCTCCYRR	14	944	5590	16.89	23.084	0.73	1081	0.45	1.268	15.987	1.0	1.0
SPIB (MA0081.3)	CACTTCC	YCWSTTCCYYWYH	YCACTTCCYYWYY	13	784	5590	14.03	19.189	0.73	848	0.35	0.547	12.988	1.0	1.0
Hoxa13 (MA0650.4)	CAATAAA	MCAATAAA	SCAATAAA	8	701	5590	12.54	17.277	0.73	759	0.31	0.481	10.069	1.0	1.0
Foxj2 (MA0614.1)	RTAAACA	RTAAACAW	RTAAACAN	8	694	5590	12.42	16.929	0.73	743	0.31	0.459	9.569	1.0	1.0
Hnf1A (MA1991.2)	CTTTGAT	YCTTTSATSY	SCTTTGATSY	10	554	5590	9.91	13.556	0.73	607	0.25	0.355	11.566	1.0	1.0
MGA::EVX1 (MA1960.2)	GTGWTAAT	RRGTGWTAATK	RRGTGWTAATK	11	417	5590	7.46	10.27	0.73	435	0.18	0.259	11.853	0.9999999999994973	1.0
MSC (MA0665.1)	ACAGCTGTT	WMCAGCTGKT	RACAGCTGTT	10	309	5590	5.53	7.574	0.73	435	0.18	0.256	12.575	0.9999999988013664	1.0
TEAD2 (MA1121.2)	ACATTCC	ACATTCC	ACATTCC	7	271	5590	4.85	6.629	0.73	281	0.12	0.167	9.087	0.9999999837991479	1.0
Nanog (MA2339.1)	GCAATCA	GCAATCA	GCAATCA	7	192	5590	3.43	4.697	0.73	199	0.08	0.113	8.852	0.9999980725227149	1.0
BHLHE22 (MA0818.2)	AMCATATG	WMCATATGKY	AMCATATGKY	10	191	5590	3.42	4.689	0.73	297	0.12	0.184	11.289	0.9999984319490178	1.0
ETV2::FOXI1 (MA1942.2)	ACAGGAWR	AMMCAGGAARY	MRACAGGAWRY	11	550	5590	9.84	13.594	0.72	586	0.24	0.352	12.236	1.0	1.0
SOX21 (MA0866.1)	AACAATKKYAKTGTT	WRSAATKDYAKTGTK	AACAATKKYAKTGTT	15	531	5590	9.5	13.217	0.72	616	0.26	0.389	11.266	1.0	1.0
PLAG1 (MA0163.1)	GGGGCCMWMGGGGG	GRGGSYHWRRGGKR	GGGGCCMWMGGGGG	14	450	5590	8.05	11.169	0.72	513	0.21	0.351	13.971	0.9999999999999885	1.0
HLF (MA0043.4)	TTATGYAA	TTATRYAAB	TTATGYAAY	9	407	5590	7.28	10.134	0.72	458	0.19	0.278	11.136	0.9999999999998488	1.0
THRB (MA1576.2)	TSACCTBRSRTGACCTYA	TBWYCYBVHVTGWCCTBR	TSACCTBRSRTGACCTYA	18	384	5590	6.87	9.551	0.72	413	0.17	0.242	13.053	0.9999999999990377	1.0
SNAI1 (MA1558.2)	CAGGTG	GCAGGTG	RCAGGTG	7	295	5590	5.28	7.357	0.72	301	0.12	0.188	8.811	0.9999999996401958	1.0
TCF12 (MA1648.2)	CACCTGC	CACCTGC	CACCTGC	7	295	5590	5.28	7.357	0.72	301	0.12	0.188	8.908	0.9999999996401958	1.0
TCF3 (MA0522.4)	CACCTGC	CACCTGC	CACCTGC	7	295	5590	5.28	7.357	0.72	301	0.12	0.188	9.039	0.9999999996401958	1.0
Alx4 (MA0853.2)	TAATTA	HVVDYTAATTAR	VSHDYTAATTAR	12	284	5590	5.08	7.053	0.72	477	0.2	0.279	11.783	0.9999999987314391	1.0
MYF5 (MA1641.2)	CAGCTG	MCAGCTGK	RCAGCTGY	8	241	5590	4.31	6.014	0.72	490	0.2	0.296	10.084	0.9999999855622659	1.0
Ptf1A (MA1619.2)	CAGCTG	MCAGCTGK	RCAGCTGY	8	241	5590	4.31	6.014	0.72	422	0.18	0.253	9.838	0.9999999855622659	1.0
EGR2 (MA0472.2)	CGCCCACGC	MCDCCCACRCR	MCGCCCACGCR	11	93	5590	1.66	2.318	0.72	95	0.04	0.06	10.121	0.9996582658193214	1.0
IRF6 (MA1509.1)	CCGAAACT	MCCRAAACT	RCCGAAACT	9	76	5590	1.36	1.883	0.72	77	0.03	0.044	11.563	0.998721400512926	1.0
FOXO1::FLI1 (MA1956.2)	AACAGGAAG	RHMAWCAGGAARY	GWMAACAGGAAGT	13	623	5590	11.14	15.716	0.71	669	0.28	0.414	14.319	1.0	1.0
Arid5a (MA0602.2)	AATATT	YAATATTK	YAATATTR	8	560	5590	10.02	14.052	0.71	733	0.3	0.517	9.094	1.0	1.0
ETV5::DRGX (MA1944.2)	GGAWGYRRT	AGGAWRYRMTYR	MGGAWGYRRTYA	12	325	5590	5.81	8.168	0.71	338	0.14	0.202	12.458	0.999999999985453	1.0
TFAP2C (MA0815.1)	GCCCYBRGGGC	WSCCYYBVRGGSW	WGCCCYBRGGGCW	13	118	5590	2.11	2.958	0.71	223	0.09	0.147	12.02	0.9999518496852146	1.0
EPAS1 (MA2325.1)	GCACGT	BGCACGTAS	BGCACGTMS	9	38	5590	0.68	0.958	0.71	38	0.02	0.023	9.292	0.9883942729480311	1.0
ZNF460 (MA1596.1)	CTCMGCCTCCC	VSMYCMVCCTCCMRRS	RCCTCMGCCTCCCRRR	16	948	5590	16.96	24.312	0.7	1055	0.44	1.146	18.269	1.0	1.0
Sox5 (MA0087.3)	AACAATG	AACAAWGR	AACAATGS	8	509	5590	9.11	13.05	0.7	544	0.23	0.34	10.102	1.0	1.0
SNAI2 (MA0745.3)	CACCTGT	BCACCTGT	RCACCTGT	8	498	5590	8.91	12.67	0.7	529	0.22	0.335	10.233	1.0	1.0
NR1D1 (MA1531.2)	GGTYASTRGGTCA	RGGKYASKRGGKSR	RGGTYASTRGGTCA	14	403	5590	7.21	10.27	0.7	428	0.18	0.292	12.723	0.9999999999999973	1.0
TGIF1 (MA0796.1)	TGACAGCTGTCA	TGACWKSTGTMA	TGACAGCTGTCA	12	353	5590	6.31	9.02	0.7	440	0.18	0.292	14.837	0.9999999999998744	1.0
HOXD10 (MA1506.2)	TCGTAAA	DVTCATAAAW	RGTCGTAAAA	10	252	5590	4.51	6.484	0.7	264	0.11	0.159	10.973	0.9999999997797612	1.0
TGIF2LY (MA1572.1)	GACASSTGTC	WGWCASMTGWCA	YGACASSTGTCR	12	155	5590	2.77	3.986	0.7	280	0.12	0.179	12.752	0.9999993469657967	1.0
TFAP2B (MA0813.1)	GCCCYBRRGGC	WSCCYYBVRGGSW	WGCCCYBRRGGCW	13	136	5590	2.43	3.491	0.7	235	0.1	0.154	11.89	0.9999966177218237	1.0
FOXP2 (MA0593.2)	GTAAACA	RRWAAACAV	WGTAAACAR	9	745	5590	13.33	19.393	0.69	813	0.34	0.539	10.384	1.0	1.0
Foxq1 (MA0040.2)	TGTTTA	VYWGTTTAKK	RWTGTTTAKW	10	725	5590	12.97	18.805	0.69	808	0.34	0.528	11.492	1.0	1.0
TCF7L2 (MA0523.2)	WTCAAAG	RSWTSAAAG	RSWTCAAAG	9	587	5590	10.5	15.165	0.69	633	0.26	0.402	10.645	1.0	1.0
Hmx2 (MA0897.2)	CAATTAA	VABCAATTAWHDVDT	VAVCAATTAAHVVDD	15	544	5590	9.73	14.065	0.69	592	0.25	0.386	11.695	1.0	1.0
ZNF652 (MA1657.2)	AAGRGTTA	AAGAGTTAM	AAGRGTTAM	9	518	5590	9.27	13.45	0.69	566	0.23	0.354	11.196	1.0	1.0
ZNF547 (MA2334.1)	GCTAATGCWRC	TKCTAAWGCWRCW	TGCTAATGCWRCM	13	369	5590	6.6	9.632	0.69	382	0.16	0.249	12.058	0.9999999999999996	1.0
NFIC::TLX1 (MA0119.1)	TGGCASSRHGCCAA	TGGCWSBNWGCCAD	TGGCASSRHGCCAA	14	344	5590	6.15	8.902	0.69	429	0.18	0.258	13.472	0.9999999999999664	1.0
TGIF2 (MA0797.1)	TGACAGSTGTCA	TGACAKSTGWCW	TGACAGSTGTCA	12	263	5590	4.7	6.856	0.69	357	0.15	0.242	14.772	0.9999999999829542	1.0
GRHL1 (MA0647.2)	AACCGGTT	WAACMRGTTW	WAACCGGTTW	10	187	5590	3.35	4.856	0.69	331	0.14	0.194	10.478	0.9999999791484669	1.0
SMAD3 (MA0795.1)	GTCTAGAC	WGTCTAGACA	YGTCTAGACW	10	126	5590	2.25	3.287	0.69	209	0.09	0.113	12.383	0.9999971711104553	1.0
PAX8 (MA2094.1)	GTCACGCWYSR	VGYCAYGSHTSAHYRV	SGTCACGCWYSRVYRM	16	77	5590	1.38	1.986	0.69	79	0.03	0.047	11.773	0.999699332621547	1.0
Foxj3 (MA0851.2)	RTAAACA	RTAAAYAWW	RTAAACAAW	9	802	5590	14.35	21.02	0.68	869	0.36	0.682	10.857	1.0	1.0
TBP (MA0108.3)	ATAWA	TATAAAA	TATAWAW	7	697	5590	12.47	18.387	0.68	776	0.32	0.545	8.219	1.0	1.0
Nr2e1 (MA0676.1)	AAGTCA	WWAAGTCAW	WRAAGTCAW	9	592	5590	10.59	15.519	0.68	633	0.26	0.411	10.577	1.0	1.0
TCF4 (MA0830.3)	CACCTG	SCACCTGS	SCACCTGS	8	446	5590	7.98	11.8	0.68	466	0.19	0.314	9.804	1.0	1.0
ZNF528 (MA1597.1)	AGGGAAGYCATTYC	VYMAGGGAAGBMAYYYH	YBMAGGGAAGYCATTYC	17	440	5590	7.87	11.54	0.68	480	0.2	0.299	12.786	1.0	1.0
Sox1 (MA0870.1)	ACAATWVCATTGT	HWCAATWHSAKTGWD	MACAATWVCATTGTY	15	392	5590	7.01	10.385	0.68	475	0.2	0.328	11.3	1.0	1.0
Mafb (MA0117.3)	GCTGA	WWWDTGCTGAS	WWWDYGCTGAS	11	380	5590	6.8	9.996	0.68	394	0.16	0.251	11.352	1.0	1.0
HOXC10 (MA0905.2)	TCRTWAA	VTCATWAAW	RTCRTWAAW	9	331	5590	5.92	8.733	0.68	342	0.14	0.218	10.01	0.9999999999999959	1.0
Atoh1 (MA0461.3)	CATATG	RMCATATG	RMCATATG	8	288	5590	5.15	7.632	0.68	357	0.15	0.231	9.433	0.9999999999998372	1.0
HOXB9 (MA1503.2)	TCRTAAA	RTCATAAAW	RTCRTAAAW	9	261	5590	4.67	6.859	0.68	269	0.11	0.168	11.06	0.9999999999928454	1.0
HOXC9 (MA0485.3)	TCGTAAA	RTCATAAAW	RTCGTAAAW	9	261	5590	4.67	6.859	0.68	269	0.11	0.168	11.396	0.9999999999928454	1.0
NR3C1 (MA0113.4)	GWACAYDRTGTWC	RGDACAHDDTGTHCY	RGWACAYDRTGTWCY	15	141	5590	2.52	3.699	0.68	228	0.09	0.155	11.272	0.9999994712334808	1.0
HES1 (MA1099.3)	CRCGTG	GRCACGTG	KKCRCGTG	8	62	5590	1.11	1.627	0.68	66	0.03	0.047	9.035	0.9993912043910038	1.0
ZNF354C (MA0130.1)	CCAC	ATCCAC	MWCCAC	6	693	5590	12.4	18.453	0.67	759	0.31	0.512	6.856	1.0	1.0
ZNF677 (MA2101.1)	AAGAACAG	VRHAAGAACAGH	RRYAAGAACAGY	12	633	5590	11.32	17.006	0.67	689	0.29	0.459	13.652	1.0	1.0
ESRRA (MA0592.4)	CAAGGTCA	YMAAGGWCA	YCAAGGTCA	9	379	5590	6.78	10.161	0.67	398	0.17	0.257	11.372	1.0	1.0
ESRRB (MA0141.4)	CAAGGTCA	YSAAGGTCAW	TCAAGGTCAW	10	349	5590	6.24	9.321	0.67	365	0.15	0.234	12.299	1.0	1.0
Ascl2 (MA0816.1)	CAGCTG	RSCAGCTGYH	RRCAGCTGYY	10	333	5590	5.96	8.952	0.67	451	0.19	0.313	11.468	1.0	1.0
TEAD3 (MA0808.1)	CATTCC	RCATTCCW	RCATTCCW	8	306	5590	5.47	8.175	0.67	320	0.13	0.206	9.332	0.9999999999999929	1.0
NEUROG1 (MA0623.2)	CATATG	RMCATATGKB	RMCATATGKY	10	187	5590	3.35	4.956	0.67	294	0.12	0.193	11.054	0.9999999967985511	1.0
BHLHE41 (MA0636.1)	KCACGTGA	RKCACGTGMY	RKCACGTGAY	10	53	5590	0.95	1.405	0.67	85	0.04	0.058	11.711	0.9989623003340763	1.0
ONECUT3 (MA0757.2)	AAATCRATA	WWWAATCAATHW	RAAAATCRATAW	12	719	5590	12.86	19.542	0.66	799	0.33	0.639	13.961	1.0	1.0
RORA (MA0072.2)	AWBTAGGTCA	WAWKTAGGTCA	WAWBTAGGTCA	11	336	5590	6.01	9.099	0.66	346	0.14	0.227	12.469	1.0	1.0
KLF3 (MA1516.2)	CCRCGCCC	DRCCRMRCCC	RRCCRCGCCC	10	287	5590	5.13	7.723	0.66	294	0.12	0.204	11.936	0.9999999999999825	1.0
Hoxa11 (MA0911.2)	TCRTWAA	RTCATAAAW	RTCRTWAAW	9	230	5590	4.11	6.247	0.66	235	0.1	0.152	10.359	0.9999999999974676	1.0
VENTX (MA0724.1)	CRATTA	AVCMATTAR	WVCRATTAR	9	216	5590	3.86	5.83	0.66	217	0.09	0.142	9.464	0.9999999999753638	1.0
HOXD12 (MA0873.2)	TCGTAAA	RVTCATAAAW	RRTCGTAAAW	10	197	5590	3.52	5.33	0.66	201	0.08	0.129	10.597	0.9999999998527274	1.0
ELK1::HOXA1 (MA1931.1)	CGGAAG	WYMGGAAGYHWKKW	WSCGGAAGTMAKTW	14	134	5590	2.4	3.634	0.66	134	0.06	0.087	11.976	0.9999999005928006	1.0
SOHLH2 (MA1560.2)	CACGTG	SCACGTGS	KCACGTGM	8	66	5590	1.18	1.782	0.66	126	0.05	0.074	9.921	0.9998416914268905	1.0
HINFP (MA0131.3)	CGTCCGC	RSGTCCSC	RCGTCCGC	8	27	5590	0.48	0.736	0.66	27	0.01	0.018	9.882	0.9915458144858256	1.0
ZNF558 (MA2335.1)	AWYTGATGAAAGACATRAAYMYACAVAT	WWHWRRKRWMARAHAYRWAYHBMHADWYH	AWYTGATGAAAGACATRAAYMYACAVATY	29	1360	5590	24.33	37.478	0.65	1750	0.73	1.721	13.682	1.0	1.0
Spi1 (MA0080.7)	AGGAAG	RRRSAGGAASWGR	RAAGAGGAAGTGR	13	846	5590	15.13	23.206	0.65	957	0.4	0.715	12.636	1.0	1.0
FOXH1 (MA0479.2)	AATMCACA	AWTMMACA	AATMCACA	8	625	5590	11.18	17.199	0.65	680	0.28	0.473	10.324	1.0	1.0
Sox17 (MA0078.3)	ACAATG	WRRACAATGR	RRRACAATGR	10	477	5590	8.53	13.112	0.65	504	0.21	0.339	11.65	1.0	1.0
SOX8 (MA0868.3)	ACAAT	AACAATG	RACAATR	7	295	5590	5.28	8.151	0.65	307	0.13	0.205	8.405	1.0	1.0
NEUROG2 (MA0669.1)	CATATGYY	AMCAKATGKY	RMCATATGYY	10	248	5590	4.44	6.791	0.65	318	0.13	0.226	11.865	0.9999999999998893	1.0
Zfp335 (MA2002.2)	CAGGCA	TCAGGCA	KCAGGCA	7	237	5590	4.24	6.507	0.65	243	0.1	0.16	8.828	0.9999999999997233	1.0
Nkx3-1 (MA0124.3)	CACTTA	CCACTTA	SCACTTA	7	183	5590	3.27	5.02	0.65	192	0.08	0.122	8.939	0.9999999998372511	1.0
ZBED4 (MA2328.1)	CGCYCCGC	CYCKCYCCKC	SYCGCYCCGC	10	79	5590	1.41	2.189	0.65	81	0.03	0.077	11.799	0.9999867317391085	1.0
Nfatc2 (MA0152.3)	TGGAAA	HMTGGAAA	MATGGAAA	8	645	5590	11.54	17.893	0.64	697	0.29	0.489	10.087	1.0	1.0
TFAP2C (MA0814.3)	CCTGAGG	BCCTGAGGM	SCCTGAGGS	9	559	5590	10.0	15.576	0.64	603	0.25	0.448	10.946	1.0	1.0
Hoxd13 (MA0909.4)	CAATAA	CAATAAA	CAATAAM	7	481	5590	8.6	13.502	0.64	502	0.21	0.363	9.281	1.0	1.0
PGR (MA2327.1)	ACABDVTGT	ACABWMTGT	ACABDVTGT	9	239	5590	4.28	6.665	0.64	434	0.18	0.312	8.64	0.999999999999975	1.0
GATA1 (MA0035.5)	CTWATCT	CTAATCT	CTWATCT	7	169	5590	3.02	4.701	0.64	175	0.07	0.114	8.784	0.9999999997878435	1.0
HES6 (MA1493.1)	GGCACGTGT	KSCACGTGTY	GGCACGTGTY	10	165	5590	2.95	4.577	0.64	169	0.07	0.117	10.0	0.999999999544673	1.0
HOXA9 (MA0594.3)	CRTWA	GTCGTAA	RYCRTWA	7	12	5590	0.21	0.336	0.64	12	0.0	0.008	7.266	0.9601067166520133	1.0
TBX18 (MA1565.2)	GGTGKGA	AGGTGTGAR	RGGTGKGAR	9	566	5590	10.13	16.135	0.63	609	0.25	0.433	10.709	1.0	1.0
SNAI3 (MA1559.2)	CAGGTG	RCAGGTGVH	RCAGGTGYR	9	498	5590	8.91	14.223	0.63	535	0.22	0.389	10.822	1.0	1.0
Gata3 (MA0037.5)	TTATCT	TYTTATCW	YCTTATCT	8	470	5590	8.41	13.351	0.63	491	0.2	0.351	9.877	1.0	1.0
DMRTA1 (MA1707.2)	GWTACA	WTGWTACAWW	WYGWTACAWH	10	393	5590	7.03	11.206	0.63	417	0.17	0.31	10.51	1.0	1.0
PKNOX2 (MA0783.1)	TGACAGSTGTCA	TGACWKSTGYSW	TGACAGSTGTCA	12	381	5590	6.82	10.89	0.63	453	0.19	0.324	15.982	1.0	1.0
TCF7 (MA0769.3)	CTTTGA	CTTTGAT	CTTTGAW	7	248	5590	4.44	6.993	0.63	258	0.11	0.174	8.875	0.9999999999999987	1.0
SOX13 (MA1120.2)	ACAATG	ACAATGG	ACAATGR	7	223	5590	3.99	6.343	0.63	229	0.09	0.154	8.767	0.9999999999999869	1.0
SOX2 (MA0143.5)	ACAATG	ACAATGG	ACAATGR	7	223	5590	3.99	6.343	0.63	229	0.09	0.154	8.789	0.9999999999999869	1.0
Sox3 (MA0514.3)	ACAATG	ACAATGG	ACAATGR	7	223	5590	3.99	6.343	0.63	229	0.09	0.154	8.827	0.9999999999999869	1.0
RUNX2 (MA0511.2)	ACCRCA	MAACCACAR	WRACCRCAR	9	200	5590	3.58	5.639	0.63	206	0.09	0.136	10.418	0.9999999999990583	1.0
FERD3L (MA1485.1)	GYRMCAGCTGYYRC	RYRHCAKMTGHYVC	GYRMCAGCTGYYRC	14	177	5590	3.17	5.058	0.63	257	0.11	0.175	11.771	0.9999999999954974	1.0
HOXA4 (MA1496.2)	YMATTA	GTCATTA	RYMATTA	7	175	5590	3.13	4.937	0.63	179	0.07	0.119	7.534	0.9999999999760419	1.0
MAFA (MA1521.2)	GCTGMSKCAGC	YGCWGASTCWGCR	YGCTGMSKCAGCR	13	146	5590	2.61	4.119	0.63	284	0.12	0.184	12.372	0.9999999989563512	1.0
ASCL1 (MA1631.2)	CACCTGC	BCACCTGCH	VCACCTGCY	9	429	5590	7.67	12.386	0.62	452	0.19	0.345	10.716	1.0	1.0
TRPS1 (MA1970.2)	TTATC	TCTTATCW	YCTTATCT	8	406	5590	7.26	11.712	0.62	423	0.18	0.303	9.86	1.0	1.0
HOXD11 (MA0908.2)	TCGTAAA	RTCATAAAW	RTCGTAAAW	9	280	5590	5.01	8.137	0.62	286	0.12	0.203	10.645	1.0	1.0
MEIS2 (MA0774.1)	TGACAG	WTGACAGS	WTGACAGS	8	275	5590	4.92	7.924	0.62	283	0.12	0.196	9.412	1.0	1.0
NR2F2 (MA1111.2)	AAGGTCA	AAGGTCA	AAGGTCA	7	242	5590	4.33	7.007	0.62	249	0.1	0.172	9.176	1.0	1.0
Ppara (MA2338.1)	AAGGTC	AAGGTCA	AAGGTCM	7	242	5590	4.33	7.007	0.62	249	0.1	0.172	8.989	1.0	1.0
OLIG1 (MA0826.1)	AMCATATG	WMCATATGKW	AMCATATGKT	10	190	5590	3.4	5.477	0.62	364	0.15	0.243	11.815	0.9999999999997407	1.0
TFAP2E (MA1569.2)	SCCYSRGGS	SCCYSRGGS	SCCYSRGGS	9	142	5590	2.54	4.084	0.62	290	0.12	0.196	9.545	0.9999999996741077	1.0
OVOL2 (MA1545.2)	CCGTTA	ACCGTTA	WCCGTTA	7	16	5590	0.29	0.461	0.62	16	0.01	0.011	9.085	0.9830853283767779	1.0
Nr1h3::Rxra (MA0494.2)	TGMCCYVDRRTRRCC	TGWCYYDHRRTDMMMY	TGMCCYVDRRTRRCCY	16	405	5590	7.25	11.936	0.61	431	0.18	0.303	12.929	1.0	1.0
NHLH1 (MA0048.3)	CAGCTG	MVCAGCTGC	MRCAGCTGY	9	265	5590	4.74	7.76	0.61	339	0.14	0.251	11.183	1.0	1.0
OLIG2 (MA0678.1)	CATATG	WMCATATGKY	AMCATATGKY	10	241	5590	4.31	7.086	0.61	360	0.15	0.259	11.368	1.0	1.0
OSR1 (MA1542.2)	GCTACYG	GCTACTGK	GCTACYGT	8	150	5590	2.68	4.42	0.61	152	0.06	0.106	9.967	0.9999999999902931	1.0
HOXB2::ELK1 (MA1957.1)	CGGAAGTMRT	DSMGGAAGTHRTYW	RSCGGAAGTMRTYA	14	144	5590	2.58	4.225	0.61	147	0.06	0.101	9.582	0.9999999999624599	1.0
SMAD5 (MA1557.1)	GTCTAGAC	WGKCTAGMCW	YGTCTAGACW	10	68	5590	1.22	1.979	0.61	121	0.05	0.084	11.916	0.9999938656245109	1.0
E2F1 (MA0024.3)	GGCGCC	WYKGGCGCCMRW	WWWGGCGCCMWW	12	21	5590	0.38	0.613	0.61	32	0.01	0.026	10.587	0.993497489705849	1.0
ZNF770 (MA2099.1)	CRGCCTC	CAGCCTCM	CRGCCTCM	8	670	5590	11.99	20.119	0.6	717	0.3	0.678	9.918	1.0	1.0
Mafg (MA0659.4)	TGASTCAGC	SMTGASTCAGSW	GMTGASTCAGCW	12	439	5590	7.85	13.119	0.6	517	0.21	0.37	14.05	1.0	1.0
HOXC13 (MA0907.2)	CTCGTAAA	CTYRTAAAW	CTCGTAAAW	9	295	5590	5.28	8.851	0.6	304	0.13	0.221	11.592	1.0	1.0
SOX14 (MA1562.2)	GAACAAT	YKAACAATK	YGAACAATK	9	252	5590	4.51	7.506	0.6	266	0.11	0.188	11.212	1.0	1.0
HOXB8 (MA1502.2)	YMATTA	GCAATTA	KYMATTA	7	155	5590	2.77	4.623	0.6	158	0.07	0.113	7.926	0.9999999999987864	1.0
HOXD8 (MA0910.3)	YMATTA	GCAATTA	RYMATTA	7	155	5590	2.77	4.623	0.6	158	0.07	0.113	7.934	0.9999999999987864	1.0
HES2 (MA0616.3)	CACGTG	GRCACGTGK	GKCACGTGY	9	69	5590	1.23	2.041	0.6	74	0.03	0.068	10.545	0.9999974684767343	1.0
FOXO1::ELF1 (MA1953.2)	AACAGGAA	RDMAACAGGAARH	RWMAACAGGAARY	13	496	5590	8.87	15.155	0.59	535	0.22	0.4	13.722	1.0	1.0
MAFF (MA0495.4)	TCAGCA	STCAGCAHWWW	STCAGCAWWWW	11	430	5590	7.69	13.032	0.59	450	0.19	0.336	12.893	1.0	1.0
Lef1 (MA0768.3)	CTTTGAT	HCTTTGAT	SCTTTGAT	8	374	5590	6.69	11.25	0.59	392	0.16	0.289	9.979	1.0	1.0
ZBTB32 (MA1580.1)	GTACAGT	WKTACAGTWW	WGTACAGTRW	10	339	5590	6.06	10.209	0.59	354	0.15	0.265	11.823	1.0	1.0
ZNF524 (MA2096.1)	TCGVACCC	CTCSAACCC	YTCGVACCC	9	215	5590	3.85	6.559	0.59	232	0.1	0.161	10.771	1.0	1.0
HOXC12 (MA0906.2)	TCGTAAA	RVTYRTAAAA	RRTCGTAAAA	10	204	5590	3.65	6.177	0.59	206	0.09	0.152	10.539	1.0	1.0
TFAP2B (MA0812.2)	GCCYSAGGC	GCCYSAGGC	GCCYSAGGC	9	145	5590	2.59	4.375	0.59	256	0.11	0.169	10.6	0.9999999999980087	1.0
Ahr::Arnt (MA0006.2)	GCGTG	GCGTG	GCGTG	5	561	5590	10.04	17.427	0.58	615	0.26	0.56	6.682	1.0	1.0
SRY (MA0084.2)	ACAA	AAACAAT	WWACAAW	7	405	5590	7.25	12.475	0.58	429	0.18	0.328	7.894	1.0	1.0
BHLHE23 (MA0817.2)	AMCATATG	RMCATATGKW	AMCATATGKY	10	178	5590	3.18	5.518	0.58	285	0.12	0.203	11.819	0.9999999999999999	1.0
HOXC11 (MA0651.3)	GTCGTAAAA	WRSTCRTAAAA	WRGTCGTAAAA	11	154	5590	2.75	4.79	0.58	156	0.06	0.116	11.165	0.9999999999999872	1.0
HEY2 (MA0649.2)	GVCACGTG	GVCACGTGS	GVCACGTGY	9	69	5590	1.23	2.136	0.58	75	0.03	0.071	10.253	0.9999997352757168	1.0
ZNF610 (MA1713.2)	GCCGCTCC	SHSCCGCTCY	SVGCCGCTCC	10	62	5590	1.11	1.913	0.58	63	0.03	0.056	10.768	0.9999988294286403	1.0
Foxl2 (MA1607.2)	GTAAACA	WWWGTAAACA	WWWGTAAACA	10	668	5590	11.95	21.023	0.57	720	0.3	0.624	11.518	1.0	1.0
NR5A1 (MA1540.3)	TCAAGGYCA	RRBYCAAGGHCA	WRYTCAAGGYCA	12	444	5590	7.94	13.827	0.57	470	0.19	0.362	12.611	1.0	1.0
Hmx1 (MA0896.2)	CAATTAA	WRCAATTAA	RRCAATTAA	9	326	5590	5.83	10.185	0.57	341	0.14	0.263	11.166	1.0	1.0
Nr5A2 (MA0505.3)	GRCCTTGA	WGWCCTTGR	WGRCCTTGA	9	304	5590	5.44	9.566	0.57	314	0.13	0.242	11.235	1.0	1.0
CEBPD (MA0836.3)	TTGCRCAA	TTKCACAA	TTGCRCAA	8	301	5590	5.38	9.498	0.57	315	0.13	0.241	10.185	1.0	1.0
TFDP1 (MA1122.2)	GCGGGAA	KGCGGGAA	SGCGGGAA	8	68	5590	1.22	2.148	0.57	69	0.03	0.054	9.758	0.9999998898995253	1.0
MYBL2 (MA0777.1)	CCGTTWAAC	RDMMGTTWAWCYKYH	RRCCGTTWAACBGYY	15	50	5590	0.89	1.581	0.57	65	0.03	0.05	11.965	0.9999958056913197	1.0
FOXO1::ELK1 (MA1954.2)	AACAGGAAG	RDMAMCAGGAARH	RWMAACAGGAAGY	13	449	5590	8.03	14.382	0.56	477	0.2	0.377	14.06	1.0	1.0
GATA4 (MA0482.3)	CTTATCT	CYTTATCT	YCTTATCT	8	347	5590	6.21	11.147	0.56	369	0.15	0.287	10.001	1.0	1.0
PAX6 (MA0069.1)	TYACGCWTSA	YTYAVGCWTSABTK	TTYACGCWTSAVTK	14	196	5590	3.51	6.223	0.56	200	0.08	0.154	11.184	1.0	1.0
HMBOX1 (MA0895.2)	TRGTTA	TAGTTAA	TRGTTAM	7	172	5590	3.08	5.473	0.56	178	0.07	0.136	8.217	1.0	1.0
TGIF2LX (MA1571.1)	GACASSTGTC	TGWCASMTGWCA	TGACASSTGTCA	12	131	5590	2.34	4.208	0.56	251	0.1	0.189	13.142	0.9999999999999571	1.0
HEY1 (MA0823.1)	CACGTG	BMCACGTGBV	SRCACGTGYM	10	65	5590	1.16	2.071	0.56	110	0.05	0.082	10.926	0.9999998689863311	1.0
Nfat5 (MA0606.3)	TGGAAAA	RTGGAAAA	ATGGAAAA	8	772	5590	13.81	25.251	0.55	851	0.35	0.742	10.182	1.0	1.0
Zfp809 (MA2125.1)	TCCCAG	WTCCCAGMM	WTCCCAGMY	9	637	5590	11.4	20.844	0.55	692	0.29	0.619	10.748	1.0	1.0
ZNF8 (MA1718.1)	TRKATRTACCACAKTTT	RWVTRKRYRTVCCAYWDTWY	GTRTRKATRTACCACAKTTT	20	460	5590	8.23	14.945	0.55	488	0.2	0.439	11.776	1.0	1.0
MAFK (MA0496.4)	TGACTCAGC	MTGASTCAGS	MTGACTCAGC	10	451	5590	8.07	14.626	0.55	595	0.25	0.41	12.064	1.0	1.0
Hmx3 (MA0898.2)	CAATTAA	ADCAMTTAA	ADCAATTAA	9	279	5590	4.99	9.134	0.55	290	0.12	0.233	10.984	1.0	1.0
GATA5 (MA0766.3)	GATAA	WGATAASR	WGATAASR	8	216	5590	3.86	6.987	0.55	221	0.09	0.174	8.66	1.0	1.0
KLF15 (MA1513.2)	CCCGCCC	MCCCGCCC	SCCCGCCC	8	94	5590	1.68	3.033	0.55	103	0.04	0.096	10.432	0.9999999998946647	1.0
ZBED2 (MA1971.2)	CGAAAC	CGAAACC	CGAAACY	7	38	5590	0.68	1.234	0.55	39	0.02	0.029	9.019	0.999978471300083	1.0
Elf5 (MA0136.4)	AGGAAG	MAGGAAGD	MAGGAAGW	8	651	5590	11.65	21.379	0.54	719	0.3	0.661	10.021	1.0	1.0
BARX2 (MA1471.2)	WAAYMRTTA	AAAYMATTA	WAAYMRTTA	9	453	5590	8.1	15.062	0.54	480	0.2	0.419	9.718	1.0	1.0
ETV5::FOXO1 (MA1947.2)	AACAGGA	RDAMACAGGW	RWMAACAGGA	10	369	5590	6.6	12.271	0.54	387	0.16	0.314	11.325	1.0	1.0
OLIG3 (MA0827.1)	CATATG	MMCATATGKY	RMCATATGBY	10	222	5590	3.97	7.292	0.54	341	0.14	0.265	10.821	1.0	1.0
MYF6 (MA0667.1)	AACARCTGTY	RACARBTGTY	AACARCTGTY	10	213	5590	3.81	7.014	0.54	311	0.13	0.258	12.319	1.0	1.0
ETV2 (MA0762.2)	ACCGGAAR	ACMGGAARY	ACCGGAARY	9	152	5590	2.72	5.014	0.54	157	0.07	0.121	11.396	1.0	1.0
FEZF2 (MA2341.1)	CCAGCCT	MCCAGCCT	CCCAGCCT	8	752	5590	13.45	25.301	0.53	841	0.35	1.28	9.964	1.0	1.0
ZNF24 (MA1124.1)	TTCATTCATT	YWWTCATTCAWTY	YATTCATTCATTC	13	534	5590	9.55	17.956	0.53	657	0.27	0.698	14.393	1.0	1.0
IKZF1 (MA1508.2)	ACAGGAA	VACAGGAA	MACAGGAA	8	465	5590	8.32	15.804	0.53	495	0.21	0.422	10.097	1.0	1.0
ZNF675 (MA1714.2)	GRGGMYARAAYG	RRDDHDRGRGGMMWRAAWG	KGVHYVRGRGGMYARAAYG	19	378	5590	6.76	12.72	0.53	392	0.16	0.332	11.816	1.0	1.0
ERF::FOXI1 (MA1935.2)	GGA	AWMCAGGAAR	MWASMGGAWR	10	390	5590	6.98	13.521	0.52	410	0.17	0.352	10.303	1.0	1.0
Ptf1A (MA1620.2)	CACCTG	MCACCTGK	RCACCTGY	8	368	5590	6.58	12.582	0.52	406	0.17	0.36	9.87	1.0	1.0
ZSCAN4 (MA1155.1)	GCACACMCTGWAA	BRCACAYMCWSHMAD	YGCACACMCTGWAAR	15	339	5590	6.06	11.656	0.52	367	0.15	0.632	11.218	1.0	1.0
ZSCAN31 (MA1722.2)	CATAAYTGCCCTGC	DYMTWAYWKCYCTGMDBY	KCATAAYTGCCCTGCKDC	18	165	5590	2.95	5.627	0.52	168	0.07	0.136	12.299	1.0	1.0
MAF (MA1520.2)	GCTKASWMAGC	TGCWKWSWMAGCA	TGCTKASWMAGCR	13	141	5590	2.52	4.826	0.52	238	0.1	0.21	12.541	1.0	1.0
CEBPG (MA0838.1)	TTRCGCAA	MTTRCDCAAY	RTTRCGCAAY	10	91	5590	1.63	3.121	0.52	104	0.04	0.088	11.338	0.9999999999984802	1.0
E2F4 (MA0470.3)	TGGCGCS	WKYKGGCGCCMHW	WWKTGGCGCSMWW	13	24	5590	0.43	0.826	0.52	29	0.01	0.026	11.191	0.9998537861598347	1.0
ERF::FOXO1 (MA1936.2)	ACMGGAA	RWMWACAGGMAR	RWMWACMGGAAR	12	414	5590	7.41	14.561	0.51	440	0.18	0.381	12.696	1.0	1.0
ETV5::FOXI1 (MA1946.2)	GKMAACMGGAWG	RBMAACAGGAWR	GKMAACMGGAWG	12	315	5590	5.64	10.99	0.51	343	0.14	0.278	12.454	1.0	1.0
Prdm14 (MA1998.2)	GTCTCTA	GGTCYCTA	GGTCTCTA	8	307	5590	5.49	10.718	0.51	316	0.13	0.27	10.073	1.0	1.0
Dmbx1 (MA0883.2)	GGATTA	DWVRGGATTA	RWHMGGATTA	10	198	5590	3.54	6.941	0.51	200	0.08	0.17	10.104	1.0	1.0
E2F7 (MA0758.1)	TTTCCCGCCAAAW	WWTTCCCVCCAAWW	WTTTCCCGCCAAAW	14	172	5590	3.08	6.051	0.51	185	0.08	0.154	7.237	1.0	1.0
E2F8 (MA0865.3)	CCCGCSA	YWCCCGCCA	YWCCCGCSA	9	61	5590	1.09	2.154	0.51	62	0.03	0.052	10.526	0.9999999989275247	1.0
ZNF384 (MA1125.2)	AAAAAA	AAAAAAMM	AAAAAAWW	8	1124	5590	20.11	40.364	0.5	2686	1.11	4.837	10.174	1.0	1.0
FOXD3 (MA0041.3)	AAAYAA	WRWRHAAAYAAAYW	WRNRHAAAYAAWCW	14	1012	5590	18.1	35.964	0.5	1234	0.51	1.598	12.89	1.0	1.0
MEF2B (MA0660.1)	CTAWAAATAG	RCTAWWAATWRV	RCTAWAAATAGM	12	662	5590	11.84	23.621	0.5	806	0.33	0.76	12.114	1.0	1.0
Arid3b (MA0601.2)	TTAAT	TATTAAT	WWTTAAT	7	266	5590	4.76	9.49	0.5	366	0.15	0.305	8.34	1.0	1.0
Ddit3::Cebpa (MA0019.2)	TGCAAT	RTGCAATHCY	RTGCAATMSY	10	236	5590	4.22	8.505	0.5	241	0.1	0.213	10.703	1.0	1.0
ETV5::HOXA2 (MA1948.2)	GGAWGTMRTYA	VGGAWGTVMTYA	MGGAWGTMRTYA	12	160	5590	2.86	5.755	0.5	163	0.07	0.141	11.32	1.0	1.0
MYBL1 (MA0776.1)	CGTTAAC	RMMGTTAACBBY	RCCGTTAACSKY	12	43	5590	0.77	1.528	0.5	53	0.02	0.048	11.077	0.9999998104755752	1.0
Dmrt1 (MA1603.2)	ACAAWGT	WACAAWGTD	WACAAWGTW	9	364	5590	6.51	13.381	0.49	402	0.17	0.368	10.734	1.0	1.0
DPRX (MA1480.2)	TMATC	WGMTMATCY	VGMTMATCY	9	174	5590	3.11	6.398	0.49	186	0.08	0.164	10.21	1.0	1.0
CEBPE (MA0837.3)	TTGCGCAA	RTTRYRYAAY	RTTGCGCAAY	10	81	5590	1.45	2.967	0.49	164	0.07	0.141	9.736	0.9999999999998848	1.0
THRA (MA1969.2)	TGWCCTCABDTGACCT	SWSWCCYYMBDTSRCCYB	STGWCCTCABDTGACCTY	18	376	5590	6.73	14.056	0.48	398	0.17	0.371	11.105	1.0	1.0
MYOD1 (MA0499.3)	CASCTGT	VCASCTGTB	SCASCTGTY	9	305	5590	5.46	11.467	0.48	324	0.13	0.298	10.786	1.0	1.0
Zic2 (MA1629.2)	CWCAGCAGG	MWCAGCAGG	CWCAGCAGG	9	289	5590	5.17	10.764	0.48	304	0.13	0.288	11.324	1.0	1.0
IRF4 (MA1419.2)	CGAAACCGAAAC	YRAAACYGAAASYD	CGAAACCGAAACYW	14	225	5590	4.03	8.348	0.48	229	0.09	0.214	10.134	1.0	1.0
CEBPA (MA0102.5)	TTKCACAA	MTTKCAYAAK	RTTKCACAAY	10	356	5590	6.37	13.509	0.47	370	0.15	0.353	10.534	1.0	1.0
IRF8 (MA0652.2)	CGAAACCGAAACT	HGAAASYGAAASY	CGAAACCGAAACT	13	249	5590	4.45	9.538	0.47	254	0.11	0.246	11.948	1.0	1.0
Hmga1 (MA2124.1)	ATTTTTA	ATWTTTAW	ATTTTTAW	8	909	5590	16.26	35.299	0.46	1023	0.42	1.293	9.912	1.0	1.0
ZNF680 (MA1729.2)	CMAAGAAGAMT	MMARGAARAMW	CMAAGAAGAMT	11	531	5590	9.5	20.551	0.46	563	0.23	0.572	12.154	1.0	1.0
ZNF211 (MA1974.2)	ATATACCA	YATATACCAH	YATATACCAY	10	266	5590	4.76	10.405	0.46	280	0.12	0.302	12.151	1.0	1.0
ONECUT2 (MA0756.3)	GATCRATA	RRTCAATA	GATCRATA	8	143	5590	2.56	5.594	0.46	143	0.06	0.141	9.998	1.0	1.0
FOXN3 (MA1489.1)	GTAAACAA	GTAAACAA	GTAAACAA	8	53	5590	0.95	2.073	0.46	53	0.02	0.049	10.866	0.9999999999696207	1.0
ZIM3 (MA1709.2)	AACAGAAABC	HAACAGAAAHM	MAACAGAAABC	11	623	5590	11.14	24.583	0.45	696	0.29	0.719	12.394	1.0	1.0
FLI1::FOXI1 (MA1950.2)	ACAGGA	HAMACAGGAAR	HMAACAGGAWR	11	365	5590	6.53	14.546	0.45	389	0.16	0.381	12.547	1.0	1.0
FOXO1::ELK3 (MA1955.2)	MAACAGGAA	RHMAACAGKAARY	RWMAACAGGAAGY	13	306	5590	5.47	12.042	0.45	324	0.13	0.308	14.19	1.0	1.0
STAT1::STAT2 (MA0517.2)	GTTTCDBTTYC	RSTTTYWKTTYYY	RGTTTCDBTTYCY	13	714	5590	12.77	29.262	0.44	806	0.33	0.914	13.847	1.0	1.0
Nkx2-1 (MA1994.2)	CACTTGA	CACTTGA	CACTTGA	7	236	5590	4.22	9.662	0.44	244	0.1	0.246	9.189	1.0	1.0
BHLHE40 (MA0464.3)	CACGTG	WCACGTGM	KCACGTGM	8	46	5590	0.82	1.877	0.44	88	0.04	0.078	9.556	0.9999999999525174	1.0
FOXB1 (MA0845.1)	GTMAAYA	WRWRTAWATAW	WRWGTMAAYAW	11	652	5590	11.66	26.909	0.43	849	0.35	1.269	11.607	1.0	1.0
Crx (MA0467.3)	GGATTA	GGATTA	GGATTA	6	605	5590	10.82	25.401	0.43	653	0.27	0.767	8.157	1.0	1.0
GSC (MA0648.2)	TAAT	TAATCC	TAATCY	6	605	5590	10.82	25.401	0.43	653	0.27	0.767	7.673	1.0	1.0
GSC2 (MA0891.2)	TAAT	TAATCC	TAATCY	6	605	5590	10.82	25.401	0.43	653	0.27	0.767	7.254	1.0	1.0
OTX1 (MA0711.2)	TAATC	TAATCC	TAATCS	6	605	5590	10.82	25.401	0.43	653	0.27	0.767	7.608	1.0	1.0
PITX1 (MA0682.3)	TAATCC	TAATCC	TAATCC	6	605	5590	10.82	25.401	0.43	653	0.27	0.767	8.128	1.0	1.0
PITX3 (MA0714.2)	TAATCC	TAATCC	TAATCC	6	605	5590	10.82	25.401	0.43	653	0.27	0.767	7.63	1.0	1.0
RHOXF1 (MA0719.2)	TRAKCC	TAATCC	TRAKCC	6	605	5590	10.82	25.401	0.43	653	0.27	0.767	6.675	1.0	1.0
SPIC (MA0687.2)	AWSMGGAAG	RHAWSRGKAAGWM	RAAWSMGGAAGWM	13	386	5590	6.91	15.987	0.43	402	0.17	0.431	13.14	1.0	1.0
Mecom (MA0029.2)	GAYAAGATAA	WGAYAAGAYAA	WGAYAAGATAA	11	367	5590	6.57	15.442	0.43	401	0.17	0.432	12.116	1.0	1.0
SOX15 (MA1152.2)	TTGT	CTATTGT	YYWTTGT	7	142	5590	2.54	5.903	0.43	144	0.06	0.144	7.792	1.0	1.0
MEIS3 (MA0775.2)	TGACA	TTGACAG	DTGACAB	7	127	5590	2.27	5.31	0.43	131	0.05	0.128	8.061	1.0	1.0
FOXC1 (MA0032.2)	RTMAAYA	WRWRWAAAYAW	WRWRTMAAYAW	11	665	5590	11.9	28.663	0.42	759	0.31	1.048	11.332	1.0	1.0
CEBPB (MA0466.4)	TTGCGCAA	RTTRYRYAAY	RTTGCGCAAY	10	50	5590	0.89	2.106	0.42	94	0.04	0.096	9.964	0.9999999999991258	1.0
ZFP57 (MA1583.2)	TGCCGCA	TGCCGCA	TGCCGCA	7	22	5590	0.39	0.945	0.42	22	0.01	0.023	9.195	0.9999992873123147	1.0
IRF9 (MA0653.1)	AWCGAAACCGAAAC	WWHRAAAMYGAAASW	AWCGAAACCGAAACY	15	337	5590	6.03	14.769	0.41	356	0.15	0.407	10.778	1.0	1.0
IRF2 (MA0051.2)	GAAAGYGAAAS	KRAAARYSAAASBRWW	SGAAAGYGAAASYNWW	16	322	5590	5.76	14.112	0.41	336	0.14	0.377	12.243	1.0	1.0
Zfx (MA0146.3)	CBVGGCCT	DSYBRGGCCT	RSCBVGGCCT	10	266	5590	4.76	11.595	0.41	295	0.12	0.322	10.44	1.0	1.0
Zic1::Zic2 (MA1628.2)	CAGCAGG	CAGCAGG	CAGCAGG	7	174	5590	3.11	7.625	0.41	198	0.08	0.197	9.314	1.0	1.0
Zic3 (MA0697.3)	CAGCAGG	CAGCAGG	CAGCAGG	7	174	5590	3.11	7.625	0.41	198	0.08	0.197	9.169	1.0	1.0
FOXD2 (MA0847.4)	TARRYAAACA	HWARRYAAAYW	YTARRYAAACA	11	634	5590	11.34	28.034	0.4	710	0.29	0.977	12.307	1.0	1.0
PRDM1 (MA0508.4)	CTTTCTC	CTTTCTC	CTTTCTC	7	281	5590	5.03	12.414	0.4	288	0.12	0.329	9.267	1.0	1.0
ZNF93 (MA1721.2)	CRGCRGCRG	GGNRKCRGSAGYRG	RGYRKCRGCRGCRG	14	93	5590	1.66	4.142	0.4	105	0.04	0.159	10.998	1.0	1.0
Irf1 (MA0050.4)	GAAASTGAAA	WRAAAMTGAAA	WGAAASTGAAA	11	723	5590	12.93	32.994	0.39	817	0.34	1.106	13.131	1.0	1.0
FOXC2 (MA0846.2)	MAAYA	WRWRWAAAYAW	WRWRTMAAYAW	11	644	5590	11.52	29.475	0.39	739	0.31	1.063	11.362	1.0	1.0
HES5 (MA0821.2)	CACGTG	VSCACGTGSB	VRCACGTGYB	10	55	5590	0.98	2.499	0.39	110	0.05	0.12	10.592	0.9999999999999999	1.0
MEF2D (MA0773.1)	CTAWAAATAG	DYTAWWAATARM	DCTAWAAATAGM	12	545	5590	9.75	26.897	0.36	702	0.29	0.919	11.915	1.0	1.0
POU5F1 (MA1115.2)	ATGCAAA	ATGYAAA	ATGCAAA	7	439	5590	7.85	21.971	0.36	466	0.19	0.631	8.892	1.0	1.0
Stat2 (MA1623.2)	AAASAGAAA	VAAACAGAAA	RAAASAGAAA	10	757	5590	13.54	38.462	0.35	861	0.36	1.421	12.243	1.0	1.0
Yy1 (MA0095.4)	AARATGG	BAARATGG	CAARATGG	8	431	5590	7.71	21.723	0.35	454	0.19	0.595	10.149	1.0	1.0
IRF3 (MA1418.2)	AHSGAAACSGAAAC	RRRADKRAAAHHRAAAV	RRAAHSGAAACSGAAAC	17	399	5590	7.14	20.866	0.34	442	0.18	0.679	12.412	1.0	1.0
FOXE1 (MA1487.3)	TAARYAAACA	YWAWRWAAACAH	YTAARYAAACAW	12	603	5590	10.79	33.052	0.33	691	0.29	1.149	13.561	1.0	1.0
MEF2C (MA0497.2)	YWAAAATA	HYWWAAATARM	MYWAAAATAGM	11	586	5590	10.48	32.947	0.32	643	0.27	1.086	12.354	1.0	1.0
ZNF213 (MA2121.1)	CCCAGGC	VCCCAGGCWRSV	RCCCAGGCDGSR	12	390	5590	6.98	21.85	0.32	423	0.18	0.774	12.272	1.0	1.0
TP53 (MA0106.3)	CATGYCYRGRCATGT	DRCWWGYYHDRRCWWGYH	RACATGYCYRGRCATGTY	18	83	5590	1.48	4.613	0.32	123	0.05	0.179	11.335	1.0	1.0
LIN54 (MA0619.2)	TTTRAA	TTTRAAT	TTTRAAY	7	449	5590	8.03	26.306	0.31	502	0.21	0.903	8.507	1.0	1.0
TCFL5 (MA0632.3)	CRCGCGC	TCACGTGC	KCRCGCGC	8	16	5590	0.29	0.92	0.31	16	0.01	0.029	9.027	0.999999996724069	1.0
GATA2 (MA0036.4)	TTATC	CTTATCT	YTTATCT	7	102	5590	1.82	6.106	0.3	104	0.04	0.15	9.0	1.0	1.0
Nrf1 (MA0506.3)	GCGCMTGCG	STGCBCMTGCSC	SYGCGCMTGCGY	12	31	5590	0.55	1.875	0.3	33	0.01	0.057	10.179	1.0	1.0
MEF2A (MA0052.5)	AAAATA	MTAAAAATAD	YTAAAAATAR	10	508	5590	9.09	32.213	0.28	557	0.23	1.063	11.968	1.0	1.0
ZBTB14 (MA1650.2)	CGCGCAC	CCGSGCAC	CCGCGCAC	8	33	5590	0.59	2.094	0.28	34	0.01	0.054	10.139	1.0	1.0
OTX2 (MA0712.3)	GGATTA	GGGATTA	RGGATTA	7	222	5590	3.97	14.708	0.27	227	0.09	0.431	8.651	1.0	1.0
HES7 (MA0822.1)	GGCACGTGCC	HBSCACRTGYCW	YGGCACGTGCCR	12	54	5590	0.97	3.543	0.27	70	0.03	0.144	11.986	1.0	1.0
IRF7 (MA0772.2)	CGAAARYGAAA	HDAAAVYRAAAVW	CGAAARYGAAAVW	13	312	5590	5.58	21.235	0.26	325	0.13	0.626	12.11	1.0	1.0
E2F2 (MA0864.3)	GCGC	WKYKGGCGCCMHW	WWWWSGCGCSMWW	13	21	5590	0.38	1.476	0.25	24	0.01	0.04	10.446	0.9999999999999998	1.0
