motif	consensus	observed_consensus	consensus_full	motif_width	copies_with_hit	n_copies	pct_copies	pct_copies_bg	fold_prevalence	hits	hits_per_kb	hits_per_kb_bg	best_score	fisher_p	fdr_q
ZBTB6 (MA1581.2)	CTKGAGCC	YCTKGAGCC	SCTKGAGCC	9	196	405	48.4	4.938	9.8	329	2.69	0.171	10.933	1.655519027093472e-128	1.382358387623049e-125
ESR2 (MA0258.2)	GGTCASVVWG	WGGTCAMCWWGTYYY	RGGTCASVVWGHCYY	15	166	405	40.99	5.284	7.76	211	1.73	0.198	12.012	1.281604348290011e-92	5.350698154110796e-90
ZNF213 (MA2121.1)	CCCAGGC	GCCCAGGCTGTT	RCCCAGGCDGSR	12	139	405	34.32	3.21	10.69	170	1.39	0.111	10.722	8.777837797062325e-91	2.4431648535156802e-88
GRHL2 (MA1105.3)	AACAGGTT	AACARGTT	AACAGGTT	8	187	405	46.17	7.842	5.89	306	2.51	0.282	10.162	1.3484308560876262e-88	2.81484941208292e-86
FEZF2 (MA2341.1)	CCAGCCT	CCCAGGCT	CCCAGCCT	8	150	405	37.04	4.642	7.98	178	1.46	0.164	9.964	6.350843197628367e-84	1.0605908140039372e-81
ZNF341 (MA1655.2)	AACAGC	CAACAGCC	SAACAGCH	8	157	405	38.77	5.768	6.72	174	1.43	0.199	9.845	3.775915403589248e-79	5.25481560332837e-77
SMAD2 (MA1964.2)	CCAGAC	CCAGAC	CCAGAC	6	211	405	52.1	12.375	4.21	446	3.65	0.452	8.097	4.051931236445236e-78	4.8333751177596744e-76
ZBTB26 (MA1579.2)	TCCAGA	CTCCAGAG	YTCCAGAR	8	180	405	44.44	8.612	5.16	200	1.64	0.306	9.875	2.0595754522038493e-76	2.149681878237768e-74
MSANTD3 (MA1523.2)	ACTC	CACTCAC	YACTCAM	7	130	405	32.1	3.783	8.49	149	1.22	0.131	8.243	2.9814334170269983e-74	2.7661076702417153e-72
ZNF558 (MA2335.1)	AWYTGATGAAAGACATRAAYMYACAVAT	AWRWRWRWAWAKAYATAYATATAYAYATW	AWYTGATGAAAGACATRAAYMYACAVATY	29	278	405	68.64	24.83	2.76	1112	9.11	1.076	10.017	3.964676926245946e-73	3.3105052334153644e-71
FOXN3 (MA1489.1)	GTAAACAA	GTAAACAA	GTAAACAA	8	97	405	23.95	1.59	15.06	97	0.79	0.053	10.866	1.9859012391224245e-72	1.3818562788893536e-70
KLF9 (MA1107.3)	CACACCCMC	BACACACACAC	SMCACACCCMC	11	139	405	34.32	4.741	7.24	227	1.86	0.168	11.874	1.895445738649549e-72	1.3818562788893536e-70
Vdr (MA0693.4)	AGTTCA	GAGTTCA	RAGTTCA	7	135	405	33.33	4.632	7.2	137	1.12	0.158	8.816	7.501262845303951e-70	4.818118827560615e-68
Nr2e1 (MA0676.1)	AAGTCA	AAARGTYAA	WRAAGTCAW	9	185	405	45.68	10.232	4.46	258	2.11	0.375	10.577	8.724262594180514e-70	5.2033994758148066e-68
FOXA1 (MA0148.5)	GTAAACA	GTAAAYAW	GTAAACAW	8	170	405	41.98	8.553	4.91	228	1.87	0.304	10.1	2.010809708874343e-68	1.119350737940051e-66
FOXA2 (MA0047.4)	GTAAACA	KGTAAAYA	WGTAAACA	8	164	405	40.49	7.911	5.12	222	1.82	0.277	9.518	6.512078071262288e-68	3.3984907434400063e-66
FOXB1 (MA0845.1)	GTMAAYA	TATRTATATAT	WRWGTMAAYAW	11	271	405	66.91	24.978	2.68	1645	13.47	1.51	11.607	3.272229293353368e-67	1.6072420352647425e-65
FOXA3 (MA1683.2)	GTAAACA	GTAAACA	GTAAACA	7	133	405	32.84	4.919	6.68	137	1.12	0.169	8.909	2.5679965008394366e-65	7.147590260669764e-64
FOXD1 (MA0031.2)	GTAAACA	GTAAACA	GTAAACA	7	133	405	32.84	4.919	6.68	137	1.12	0.169	9.079	2.5679965008394366e-65	7.147590260669764e-64
FOXI1 (MA0042.2)	GTAAACA	GTAAACA	GTAAACA	7	133	405	32.84	4.919	6.68	137	1.12	0.169	9.233	2.5679965008394366e-65	7.147590260669764e-64
FOXK1 (MA0852.3)	GTAAACA	GTAAACA	GTAAACA	7	133	405	32.84	4.919	6.68	137	1.12	0.169	9.118	2.5679965008394366e-65	7.147590260669764e-64
FOXK2 (MA1103.3)	TAAACA	GTAAACA	GTAAACA	7	133	405	32.84	4.919	6.68	137	1.12	0.169	8.902	2.5679965008394366e-65	7.147590260669764e-64
FOXL1 (MA0033.2)	TAAACA	GTAAACA	RTAAACA	7	133	405	32.84	4.919	6.68	137	1.12	0.169	8.57	2.5679965008394366e-65	7.147590260669764e-64
FOXO4 (MA0848.1)	GTAAACA	GTAAACA	GTAAACA	7	133	405	32.84	4.919	6.68	137	1.12	0.169	8.876	2.5679965008394366e-65	7.147590260669764e-64
FOXP1 (MA0481.4)	GTAAACA	GTAAACA	GTAAACA	7	133	405	32.84	4.919	6.68	137	1.12	0.169	8.878	2.5679965008394366e-65	7.147590260669764e-64
FOXP3 (MA0850.1)	RYAAAYA	GTAAACA	RYAAAYA	7	133	405	32.84	4.919	6.68	137	1.12	0.169	8.112	2.5679965008394366e-65	7.147590260669764e-64
FOXP4 (MA2117.1)	TAAACA	GTAAACA	GTAAACA	7	133	405	32.84	4.919	6.68	137	1.12	0.169	8.864	2.5679965008394366e-65	7.147590260669764e-64
Foxf1 (MA1606.2)	TAAACA	GTAAACA	RTAAACA	7	133	405	32.84	4.919	6.68	137	1.12	0.169	8.773	2.5679965008394366e-65	7.147590260669764e-64
Foxo1 (MA0480.3)	GTAAACA	GTAAACA	GTAAACA	7	133	405	32.84	4.919	6.68	137	1.12	0.169	8.832	2.5679965008394366e-65	7.147590260669764e-64
Foxo3 (MA0157.4)	GTAAACA	GTAAACA	GTAAACA	7	133	405	32.84	4.919	6.68	137	1.12	0.169	8.945	2.5679965008394366e-65	7.147590260669764e-64
FOXS1 (MA2118.1)	GTAAACA	KGTAAAYA	WGTAAACA	8	165	405	40.74	8.751	4.66	222	1.82	0.306	9.975	4.396152680118484e-63	1.1841249960964302e-61
SOX9 (MA0077.2)	ATTGT	CYATTGTT	BYATTGTW	8	165	405	40.74	9.146	4.45	213	1.74	0.329	9.076	1.2749331426743705e-60	3.3267786691659354e-59
Npas4 (MA1995.2)	CGTGAC	TCGTGAC	TCGTGAC	7	72	405	17.78	0.899	19.78	75	0.61	0.03	8.736	2.6747673745268534e-59	6.767971993120979e-58
Zfp809 (MA2125.1)	TCCCAG	KTCCCAGWC	WTCCCAGMY	9	140	405	34.57	6.538	5.29	200	1.64	0.232	10.565	4.4377985570638166e-58	1.0898711162200845e-56
POU3F3 (MA0788.1)	TATGYWAAT	AATAWGYWWATKW	WWTATGYWAATWW	13	223	405	55.06	19.022	2.89	611	5.0	0.748	13.182	1.3340570120052705e-55	3.1826788714982887e-54
SRY (MA0084.2)	ACAA	AAACAAT	WWACAAW	7	168	405	41.48	10.459	3.97	226	1.85	0.378	7.894	2.154547344853214e-55	4.9973528693123156e-54
ETV2::HOXB13 (MA1943.2)	CGGAWMYATWA	GAGGAAAAGTTAA	SCGGAWMYATWAA	13	118	405	29.14	4.76	6.12	121	0.99	0.163	9.926	8.505800815731774e-54	1.9195523462529815e-52
SOX13 (MA1120.2)	ACAATG	ACAATGG	ACAATGR	7	137	405	33.83	7.072	4.78	144	1.18	0.245	8.767	4.5042233393593094e-52	9.402566220912557e-51
SOX2 (MA0143.5)	ACAATG	ACAATGG	ACAATGR	7	137	405	33.83	7.072	4.78	144	1.18	0.245	8.789	4.5042233393593094e-52	9.402566220912557e-51
Sox3 (MA0514.3)	ACAATG	ACAATGG	ACAATGR	7	137	405	33.83	7.072	4.78	144	1.18	0.245	8.827	4.5042233393593094e-52	9.402566220912557e-51
Sox6 (MA0515.1)	CWTTGT	CYATTGTTTK	YCWTTGTYYY	10	173	405	42.72	11.951	3.57	225	1.84	0.442	10.754	1.924053725670497e-51	3.918499660816744e-50
POU2F3 (MA0627.3)	ATGCAAA	TAAGCAAAT	WATGCAAAT	9	183	405	45.19	13.975	3.23	409	3.35	0.54	11.442	3.83016406080334e-49	7.61473093040664e-48
Sox5 (MA0087.3)	AACAATG	AACAATRG	AACAATGS	8	175	405	43.21	12.76	3.39	227	1.86	0.475	10.102	4.430181947885107e-49	8.602795177869917e-48
NR2F2 (MA1111.2)	AAGGTCA	AAGGTCA	AAGGTCA	7	114	405	28.15	4.998	5.63	119	0.97	0.174	9.176	1.2215531469950046e-48	2.266659728312953e-47
Ppara (MA2338.1)	AAGGTC	AAGGTCA	AAGGTCM	7	114	405	28.15	4.998	5.63	119	0.97	0.174	8.989	1.2215531469950046e-48	2.266659728312953e-47
HNF1B (MA0153.2)	GTTAATVATTAA	KTTAAWWWTTAAM	GTTAATVATTAAY	13	142	405	35.06	8.257	4.25	287	2.35	0.415	11.595	1.2949685487154522e-48	2.3506494308204403e-47
TFAP2B (MA0813.1)	GCCCYBRRGGC	KSCCYYWRRGGSM	WGCCCYBRRGGCW	13	79	405	19.51	1.916	10.18	135	1.11	0.11	10.834	1.571884050250239e-48	2.7926025148062756e-47
Nr2e3 (MA0164.2)	AAGCTT	AAGCTT	AAGCTT	6	141	405	34.81	8.217	4.24	324	2.65	0.599	8.12	4.080281319800536e-48	7.097989379236348e-47
ZNF652 (MA1657.2)	AAGRGTTA	AAAAGTTAA	AAGRGTTAM	9	143	405	35.31	8.563	4.12	152	1.24	0.307	11.196	1.2708832884640225e-47	2.165688869117263e-46
POU3F2 (MA0787.1)	TATGYWAAT	ATAAGCAAATKR	WTATGYWAATKW	12	193	405	47.65	15.99	2.98	407	3.33	0.62	12.918	1.6606484727601936e-47	2.7732829495095233e-46
FOXD3 (MA0041.3)	AAAYAA	WRDRWAAAYAWRYW	WRNRHAAAYAAWCW	14	199	405	49.14	17.086	2.88	380	3.11	0.683	11.585	3.5836287740396907e-47	5.867313777104199e-46
TFAP2A (MA0810.2)	CCYBVRGGC	CCCCTTGAGGC	YSCCYBVRGGC	11	84	405	20.74	2.44	8.5	92	0.75	0.099	9.01	1.108129661456459e-46	1.7794005140695067e-45
HNF1A (MA0046.3)	TWAATVATTAAC	KTTAAWWWTTAAM	RTWAATVATTAAC	13	145	405	35.8	9.175	3.9	286	2.34	0.454	11.725	9.090590547791464e-46	1.4321968127180892e-44
FOXC2 (MA0846.2)	MAAYA	ARKGTAAAYAW	WRWRTMAAYAW	11	190	405	46.91	16.217	2.89	305	2.5	0.615	11.108	9.620400131744023e-45	1.4875989092604183e-43
FOXF2 (MA0030.2)	RTAAACA	RGTAAACAA	SRTAAACAW	9	144	405	35.56	9.314	3.82	181	1.48	0.338	10.387	2.2390131132082691e-44	3.399228999143463e-43
POU1F1 (MA0784.3)	TMATTWGCATA	DYMATTTGCTTATT	CTMATTWGCATAWW	14	179	405	44.2	14.528	3.04	398	3.26	0.554	14.354	2.7118453373689133e-44	4.043555101255433e-43
FOXG1 (MA0613.1)	RTAAACA	GTAAACAA	RTAAACAW	8	154	405	38.02	10.923	3.48	181	1.48	0.395	9.899	2.1808499486435327e-43	3.194753872135701e-42
Sox17 (MA0078.3)	ACAATG	MAAACAATRG	RRRACAATGR	10	162	405	40.0	12.168	3.29	214	1.75	0.452	10.758	4.0894164964606586e-43	5.887349611283879e-42
NR4A1 (MA1112.3)	AAAGGTCA	AAAGGTCA	AAAGGTCA	8	145	405	35.8	9.719	3.68	151	1.24	0.352	10.326	4.6513652048432144e-43	6.582864315328955e-42
Rarg (MA0860.1)	AAGGTCAMSRRAGGTCA	AYGTTCAATTGAGTTCA	AAGGTCAMSRRAGGTCA	17	119	405	29.38	6.479	4.54	123	1.01	0.231	10.422	2.0958050361253526e-42	2.9166620086077825e-41
EWSR1-FLI1 (MA0149.1)	GGAAGGAAGGAAGGAAGG	GRAAGGGRAGAAGGRAAR	GGAAGGAAGGAAGGAAGG	18	128	405	31.6	7.595	4.16	153	1.25	0.331	7.938	2.2950398304103364e-42	3.1415709153977555e-41
Hmga1 (MA2124.1)	ATTTTTA	ATATTTAA	ATTTTTAW	8	171	405	42.22	13.857	3.05	201	1.65	0.514	9.912	6.464439383261889e-42	8.706140137134963e-41
ZNF416 (MA1979.2)	CTGGGC	TGACTGGGCY	WRWCTGGGCW	10	114	405	28.15	5.985	4.7	145	1.19	0.212	9.31	8.160532066692924e-42	1.0815943294743796e-40
Sox7 (MA2095.1)	AACAATG	MAAACAATRG	RRAACAATGG	10	160	405	39.51	12.326	3.21	205	1.68	0.458	10.966	3.4907508932639006e-41	4.554339056055245e-40
NR2F1 (MA0017.3)	RGGTCA	AAAGGTCAACTT	WRRGGTCAHVVG	12	121	405	29.88	6.963	4.29	126	1.03	0.242	10.959	5.350228016664911e-41	6.8729852214080016e-40
Arid5a (MA0602.2)	AATATT	TAATATTT	YAATATTR	8	134	405	33.09	8.662	3.82	134	1.1	0.466	8.239	6.985524457910533e-41	8.837746852053477e-40
NFIX (MA1528.2)	TGGCDBBDTGCCA	TKGGCMTSAKGCCM	HTGGCDBBDTGCCA	14	88	405	21.73	3.378	6.43	179	1.47	0.168	10.281	8.363518621324602e-41	1.042319111762096e-39
Foxl2 (MA1607.2)	GTAAACA	ARKGTAAAYA	WWWGTAAACA	10	174	405	42.96	14.854	2.89	248	2.03	0.554	11.241	5.598004959961205e-40	6.87402079642295e-39
NFIB (MA1643.2)	TGGCWYDRWGCCA	YTKGGCMTSAKGCCMAR	YYTGGCWYDRWGCCARR	17	94	405	23.21	4.089	5.68	196	1.61	0.193	11.313	8.226197023621555e-40	9.954890601049274e-39
FOXC1 (MA0032.2)	RTMAAYA	WRKGTAAAYAW	WRWRTMAAYAW	11	181	405	44.69	16.178	2.76	281	2.3	0.613	10.868	1.9977871636198526e-39	2.383074688032253e-38
SOX8 (MA0868.3)	ACAAT	AACAATG	RACAATR	7	127	405	31.36	8.326	3.77	128	1.05	0.298	8.405	6.666919514579775e-38	7.840672950245228e-37
Foxj2 (MA0614.1)	RTAAACA	GTAAACAA	RTAAACAN	8	159	405	39.26	13.274	2.96	188	1.54	0.489	9.569	7.224058768995125e-37	8.377901489042957e-36
FOXO6 (MA0849.1)	GTAAACA	RTAAACA	GTAAACA	7	154	405	38.02	12.553	3.03	185	1.52	0.462	9.248	1.2952675067383605e-36	1.4815731070226454e-35
RORA (MA0071.1)	AGGTCA	AAAAAGGTCA	WWVDAGGTCA	10	123	405	30.37	8.168	3.72	126	1.03	0.291	10.23	4.57852660485064e-36	5.166310425743627e-35
ATF3 (MA0605.3)	TGACGTCA	ATGATATAAT	RTGACGTCAY	10	90	405	22.22	4.207	5.28	113	0.93	0.268	5.612	6.780934380378864e-36	7.549440276821802e-35
NR4A2 (MA0160.3)	AAAGGTCA	AAAGGTCA	AAAGGTCA	8	131	405	32.35	9.511	3.4	137	1.12	0.343	9.993	5.280085525007157e-35	5.8011465965539156e-34
FOXP2 (MA0593.2)	GTAAACA	RGTAAACAA	WGTAAACAR	9	148	405	36.54	12.247	2.98	186	1.52	0.451	10.384	3.078842309973791e-34	3.338744582893656e-33
TFAP2C (MA0815.1)	GCCCYBRGGGC	KSCCYYWRRGGSM	WGCCCYBRGGGCW	13	58	405	14.32	1.531	9.35	114	0.93	0.101	9.688	6.999366332948149e-34	7.4929113948868e-33
NFIC (MA1527.2)	TGGCDBVVTGCCA	TGGGCCTCATGCCAA	YTGGCDBVVTGCCAR	15	86	405	21.23	4.138	5.13	87	0.71	0.184	7.681	2.0330809814354957e-33	2.148889391770429e-32
RXRB (MA0855.1)	RGGTCAAAGGTCA	GAGTTCAAATTTAA	RRGGTCAAAGGTCA	14	116	405	28.64	8.0	3.58	121	0.99	0.295	6.719	2.0465941092874039e-32	2.136132601568728e-31
Pgr (MA2323.1)	GRACADWDTGTYC	AARRWCAASTTGWYYTT	VRGRACADWDTGTYCTB	17	118	405	29.14	8.286	3.52	236	1.93	0.433	12.123	2.3110628780626178e-32	2.38239197923739e-31
SOX15 (MA1152.2)	TTGT	CTATTGT	YYWTTGT	7	91	405	22.47	4.889	4.6	94	0.77	0.171	7.792	3.5022409493763433e-32	3.566306332596642e-31
Foxq1 (MA0040.2)	TGTTTA	WTTGTTTRTK	RWTGTTTAKW	10	142	405	35.06	11.911	2.94	159	1.3	0.435	10.725	5.025226023038636e-32	5.055498468960556e-31
Foxj3 (MA0851.2)	RTAAACA	RTAAACAAV	RTAAACAAW	9	145	405	35.8	12.583	2.85	183	1.5	0.461	10.857	2.519838687491763e-31	2.5048396476852644e-30
POU4F2 (MA0683.2)	TGMATAATTAAT	TMAATATTWAATKTR	TGMATAATTAATKAR	15	155	405	38.27	14.262	2.68	194	1.59	0.55	10.877	3.5819836860491767e-31	3.518772209236544e-30
RARA::RXRA (MA0159.1)	RGKTCABVVRSVGKKSA	GGAACACAAAAAGGTCA	RGKTCABVVRSVGKKSA	17	100	405	24.69	6.242	3.96	100	0.82	0.225	11.406	9.850288765755392e-31	9.563943162099712e-30
JUND (MA0492.2)	ATGAYGTMA	AATGATATAAT	RATGAYGTMAT	11	113	405	27.9	8.079	3.45	134	1.1	0.331	11.272	3.165345156714725e-30	3.038003684892868e-29
ZNF143 (MA0088.2)	CCCAYRATGCA	SWCMCASAATRCMTTT	YWCCCAYRATGCAYYR	16	112	405	27.65	8.02	3.45	123	1.01	0.285	9.177	7.012582752619008e-30	6.65398477095099e-29
POU4F1 (MA0790.2)	TRMATWATTDA	TWAATATTWAAY	TRMATWATTDAT	12	167	405	41.23	16.83	2.45	342	2.8	0.745	11.707	1.2426393881390929e-29	1.1658470664001602e-28
POU4F3 (MA0791.2)	TDMATWATTDAT	TWAATATTWAAY	TDMATWATTDAT	12	161	405	39.75	15.99	2.49	331	2.71	0.691	11.77	5.31983301381318e-29	4.93562285170445e-28
TFAP2B (MA0811.2)	CCYBVRGGC	CCCTTGAGGCA	SCCYBVRGGCR	11	63	405	15.56	2.43	6.4	77	0.63	0.105	9.684	6.528649740559747e-29	5.990574212491636e-28
Rarb (MA0858.1)	AGGTCAHVYWRAGGTCA	GGAACACAAAAAGGTCA	AGGTCAHVYWRAGGTCA	17	101	405	24.94	6.765	3.69	112	0.92	0.242	8.836	8.163833875259277e-29	7.409566615045104e-28
NFIC::TLX1 (MA0119.1)	TGGCASSRHGCCAA	KGGCMTSAKGCCMA	TGGCASSRHGCCAA	14	86	405	21.23	4.899	4.33	153	1.25	0.206	8.127	1.0104135428032877e-28	9.071992561728444e-28
SOX14 (MA1562.2)	GAACAAT	CAAACAATG	YGAACAATK	9	111	405	27.41	8.277	3.31	111	0.91	0.295	11.212	3.3338044994202286e-28	2.9614114436339265e-27
TFAP2C (MA0524.3)	CCYBVRGG	SCCTTGAGGCA	SCCYBVRGGSR	11	62	405	15.31	2.459	6.22	78	0.64	0.11	9.575	7.027455884279956e-28	6.1767638561829086e-27
TFAP2A (MA0872.1)	GCCCYBRGGGC	GCCCCTTGAGGCA	WGCCCYBRGGGCW	13	55	405	13.58	1.837	7.39	67	0.55	0.111	9.309	7.169088753403566e-28	6.235613655304143e-27
Lhx3 (MA0135.2)	AATTAATTA	AAATTWAATATT	WAATTAATTAWY	12	136	405	33.58	12.247	2.74	163	1.34	0.589	11.102	1.4164498617838605e-27	1.2193150872056943e-26
SOX18 (MA1563.2)	ACAAT	AACAATGG	RACAATDV	8	125	405	30.86	11.19	2.76	128	1.05	0.406	8.303	2.898184438601756e-25	2.4693714349310882e-24
ZNF257 (MA1710.2)	GAGGMRAG	GAGGAGAGGT	GAGGMRAGRK	10	81	405	20.0	4.968	4.03	86	0.7	0.171	11.326	4.205288267305898e-25	3.546884548687298e-24
RORB (MA1150.2)	AWDKRGGTCA	AAAAAGGTCA	AWDKRGGTCA	10	106	405	26.17	8.425	3.11	106	0.87	0.303	9.623	8.832004092176298e-25	7.374723416967208e-24
MEF2C (MA0497.2)	YWAAAATA	ATTGAAATAGA	MYWAAAATAGM	11	128	405	31.6	12.069	2.62	141	1.15	0.439	10.676	5.087093444010204e-24	4.205666362127248e-23
ZBTB12 (MA1649.2)	CTRGAAC	CTGGAAC	CTRGAAC	7	68	405	16.79	3.674	4.57	75	0.61	0.127	8.729	9.412659538735446e-24	7.705461485141272e-23
RBPJ (MA1116.2)	TGGGAA	TGGGAA	TGGGAA	6	177	405	43.7	21.57	2.03	283	2.32	0.877	8.184	2.121779588875344e-22	1.7200834531173907e-21
SOX4 (MA0867.3)	ACAAWG	AACAATGG	RACAAWGR	8	130	405	32.1	12.958	2.48	131	1.07	0.485	9.264	2.163309075092686e-22	1.7368875747138393e-21
ARNT::HIF1A (MA0259.2)	ACGTG	ACGTG	ACGTG	5	118	405	29.14	11.536	2.53	149	1.22	0.493	6.606	1.0005733816108022e-20	7.956940701381142e-20
ZNF354A (MA1978.2)	AAADG	WAWADRYAWATRWWMWWWWW	WWHDHRHAAADGRVYNMWHT	20	183	405	45.19	23.684	1.91	262	2.15	0.968	11.085	1.738735877653969e-20	1.3696645828689283e-19
TFEC (MA0871.3)	CACGTGAC	CTCGTGAC	CACGTGAC	8	49	405	12.1	2.212	5.47	49	0.4	0.077	8.886	4.706290618614447e-20	3.67266604349819e-19
PRDM9 (MA1723.2)	GGBVAVGGRGGVVRHA	RDDGGGRAGRRRGRARRRRA	RRDGGBVAVGGRGGVVRHAR	20	86	405	21.23	7.151	2.97	110	0.9	0.27	9.244	9.49071739906845e-19	7.33773058168718e-18
NR2C1 (MA1535.2)	GGTCA	AGGTCA	RGGTCA	6	128	405	31.6	15.338	2.06	133	1.09	0.584	7.352	1.0397070229246703e-15	7.682790833115926e-15
NR2C2 (MA1536.2)	GGTCR	AGGTCA	RGGTCR	6	128	405	31.6	15.338	2.06	133	1.09	0.584	6.703	1.0397070229246703e-15	7.682790833115926e-15
Nr1H2 (MA1996.2)	AGGTCA	AGGTCA	AGGTCA	6	128	405	31.6	15.338	2.06	133	1.09	0.584	8.083	1.0397070229246703e-15	7.682790833115926e-15
Nr1H4 (MA1110.3)	AGGTCA	AGGTCA	AGGTCA	6	128	405	31.6	15.338	2.06	133	1.09	0.584	8.115	1.0397070229246703e-15	7.682790833115926e-15
Nr1h3 (MA2337.1)	AGGKCA	AGGTCA	AGGKCA	6	128	405	31.6	15.338	2.06	133	1.09	0.584	7.735	1.0397070229246703e-15	7.682790833115926e-15
ZNF317 (MA1593.2)	ACAGCAGA	ACAACAGA	ACAGCAGA	8	88	405	21.73	8.474	2.56	90	0.74	0.302	10.222	1.5026187561000332e-15	1.1006023345118664e-14
Arid3a (MA0151.1)	ATYAAW	ATTAAA	ATYAAW	6	170	405	41.98	24.099	1.74	198	1.62	1.033	7.431	7.75064984267745e-15	5.6276457553353665e-14
ZSCAN4 (MA1155.1)	GCACACMCTGWAA	YACACACACAYAMAH	YGCACACMCTGWAAR	15	75	405	18.52	7.674	2.41	123	1.01	0.274	8.031	4.83832637307043e-12	3.482760794408456e-11
ZNF214 (MA1975.2)	ATYAABRKCCT	WYATSAAKKKSCT	WMATYAABRKCCT	13	79	405	19.51	8.375	2.33	97	0.79	0.303	10.591	6.106604889117105e-12	4.358132549070754e-11
ZNF343 (MA1711.2)	GCTTCMCSDCGG	AAGCTTCAGYRCRGTC	VYGCTTCMCSDCGGYM	16	42	405	10.37	2.914	3.56	42	0.34	0.098	11.161	1.1266952798803762e-11	7.972801344916222e-11
NR2F6 (MA1539.1)	AGGTCABTGACCT	ARGGTYRWTWACCYT	RAGGTCABTGACCTY	15	47	405	11.6	3.664	3.17	65	0.53	0.209	7.666	2.4634113473575705e-11	1.7285281302887154e-10
TFDP1 (MA1122.2)	GCGGGAA	TGCGGGAA	SGCGGGAA	8	28	405	6.91	1.363	5.07	28	0.23	0.046	7.702	3.099071701247057e-11	2.1564373921177438e-10
NFIA (MA0670.2)	TGCCAA	TGCCAA	TGCCAA	6	138	405	34.07	20.079	1.7	148	1.21	0.827	8.318	8.962196715297408e-11	6.133962505961751e-10
NFIX (MA0671.2)	GCCA	TGCCAA	HGCCAR	6	138	405	34.07	20.079	1.7	148	1.21	0.827	7.062	8.962196715297408e-11	6.133962505961751e-10
ZNF75A (MA2097.1)	TTTTCCCAC	VYDTHTCCCACA	KMTTTTCCCACM	12	80	405	19.75	9.156	2.16	87	0.71	0.33	11.41	1.5068452511898364e-10	1.0229396623931004e-09
DMRTA2 (MA1478.2)	GWWACA	GTTACA	GWWACA	6	100	405	24.69	13.383	1.85	102	0.84	0.504	6.873	1.7638853613488164e-09	1.1877776425211789e-08
Mafg (MA0659.4)	TGASTCAGC	GCTGACTCTGGA	GMTGASTCAGCW	12	52	405	12.84	5.175	2.48	53	0.43	0.201	8.28	6.072620105476276e-09	4.056510230458152e-08
NR2F1 (MA1538.1)	GGTCRBTGACC	AAGGTTRTTWACCYT	RRGGTCRBTGACCYY	15	44	405	10.86	4.178	2.6	54	0.44	0.192	8.954	2.8622093047201152e-08	1.8967815630486476e-07
MAFK (MA0496.4)	TGACTCAGC	CAGAGTCAGC	MTGACTCAGC	10	50	405	12.35	5.126	2.41	50	0.41	0.193	9.22	2.9659907462784162e-08	1.9500805300334467e-07
POU6F1 (MA1549.2)	TAATGA	TAATGAG	TAATGAK	7	48	405	11.85	4.879	2.43	52	0.43	0.169	8.921	4.530553802301563e-08	2.9554784569701604e-07
NR4A2::RXRA (MA1147.2)	GGYCRWTGACC	AGGTTGTTTACCC	RGGYCRWTGACCY	13	46	405	11.36	4.612	2.46	46	0.38	0.199	9.93	6.119237497778359e-08	3.96090179119762e-07
Stat4 (MA0518.2)	TTCYRRGAA	TTCAGAGAAA	TTCYRRGAAR	10	71	405	17.53	9.096	1.93	75	0.61	0.361	10.566	1.5126842839996024e-07	9.716087516458984e-07
POU3F4 (MA0789.1)	TATGCWAAT	TATGTATAT	TATGCWAAT	9	116	405	28.64	17.916	1.6	192	1.57	0.714	11.231	1.5343493400292406e-07	9.78001296888867e-07
ONECUT3 (MA0757.2)	AAATCRATA	GAAAAACAATAG	RAAAATCRATAW	12	84	405	20.74	12.099	1.71	93	0.76	0.442	12.243	1.0319893798498596e-06	6.528114637686612e-06
Hand1 (MA2123.1)	CAGACC	MCCAGACCA	DCCAGACCY	9	48	405	11.85	5.551	2.14	54	0.44	0.193	9.282	1.5337079635652264e-06	9.62891841787191e-06
GRHL1 (MA0647.2)	AACCGGTT	RAACAKGTTB	WAACCGGTTW	10	41	405	10.12	4.415	2.29	52	0.43	0.238	9.292	1.8509573265781967e-06	1.1533950505170106e-05
PPARA::RXRA (MA1148.2)	GGKBARAGGT	AYRTGGGATAAAGGTTG	WWVKRGGKBARAGGTYR	17	64	405	15.8	8.642	1.83	67	0.55	0.312	11.71	3.7121630799828384e-06	2.2960416087301258e-05
NR1H4::RXRA (MA1146.2)	GKTCRWT	AGGTTGTTTACCC	RGKTCRWTGACCY	13	44	405	10.86	5.077	2.14	44	0.36	0.218	10.235	4.113040832603617e-06	2.5252860994294264e-05
Stat6 (MA0520.2)	TTCYWSRGAA	TTTCWGAGAA	TTCYWSRGAA	10	67	405	16.54	9.393	1.76	75	0.61	0.414	9.491	6.995647588945865e-06	4.263770610780874e-05
DMRTC2 (MA1479.2)	GMTACA	AMWTGWTACAA	WWWTGMTACAW	11	78	405	19.26	12.425	1.55	83	0.68	0.451	11.002	8.339438901008807e-05	0.0005045964842277068
FOXE1 (MA1487.3)	TAARYAAACA	TWDMAWAAACAA	YTAARYAAACAW	12	97	405	23.95	16.454	1.46	123	1.01	0.633	10.934	9.579202966801587e-05	0.0005754413293006708
DMRTA1 (MA1707.2)	GWTACA	WTGWTACAAW	WYGWTACAWH	10	67	405	16.54	10.281	1.61	72	0.59	0.399	9.858	0.00010387679488906818	0.0006195508838026566
POU2F2 (MA0507.3)	TATGCAAAT	ATATGTATATWTR	WTATGCAAATKWR	13	99	405	24.44	16.928	1.44	153	1.25	0.662	14.166	0.00010625159949509481	0.000629220465095065
ZNF148 (MA1653.2)	CCCCTCCC	CCCCTCNCRC	CCCCTCCCSS	10	34	405	8.4	4.079	2.06	34	0.28	0.143	10.191	0.00010985075571810657	0.0006459533874973168
POU3F1 (MA0786.2)	ATGYWAAT	ATATGTATAT	WTATGYWAAT	10	106	405	26.17	18.933	1.38	174	1.43	0.748	10.865	0.00029027467573510105	0.0016949605191525132
ZBTB33 (MA0527.2)	TCTCGCG	TCTCGTGAGC	TCTCGCGRKR	10	8	405	1.98	0.385	5.13	8	0.07	0.016	7.529	0.00037600122766087333	0.0021802848965057583
ZNF768 (MA1731.2)	TCTCTG	CCYWCTCTG	VCSTCTCTG	9	45	405	11.11	6.479	1.71	47	0.38	0.226	10.797	0.0004558421669965763	0.0026250221340837323
Stat5b (MA1625.2)	TTCCMAGAA	KTCYCAGAA	TTCCMAGAA	9	52	405	12.84	7.98	1.61	63	0.52	0.335	11.389	0.000675199054988234	0.0038615836364053113
ZNF75D (MA1601.2)	GTGGGAAABCCT	GTGGKAAAYSCD	GTGGGAAABCCT	12	47	405	11.6	7.002	1.66	50	0.41	0.246	10.47	0.0006870716089440047	0.003902753697062884
PHOX2B (MA0681.3)	AATYAAATTA	TAAKYAAATWAW	WAATYAAATTAW	12	90	405	22.22	16.01	1.39	129	1.06	0.701	10.666	0.000851971074109702	0.0048067286951459535
HAND2 (MA1638.2)	CAGATG	CAGATG	CAGATG	6	92	405	22.72	16.889	1.35	104	0.85	0.642	8.173	0.0019106117785893497	0.010707119698806087
RXRA::VDR (MA0074.1)	RGGTCAWNGRGTTC	WSSTCAWKGRGTTCA	RGGTCAWNGRGTTCR	15	36	405	8.89	5.235	1.7	38	0.31	0.177	9.791	0.001997255879463164	0.011118057729011614
POU5F1B (MA0792.1)	ATGYWAA	YATGTAAAT	YATGYWAAT	9	70	405	17.28	12.158	1.42	85	0.7	0.465	10.467	0.0020135011676086366	0.011134261423531203
CREB3L1 (MA0839.2)	GCCACGTCA	WSCCACGTRWMYR	YGCCACGTCABCR	13	19	405	4.69	2.193	2.14	19	0.16	0.074	9.14	0.002406523108238306	0.013220044706440696
POU2F1 (MA0785.2)	TATGYWAA	YATGYAAAT	TATGYWAAT	9	67	405	16.54	11.664	1.42	77	0.63	0.448	10.812	0.002680961823320518	0.014631392957337466
ZNF384 (MA1125.2)	AAAAAA	AAAAAAWA	AAAAAAWW	8	87	405	21.48	16.227	1.32	224	1.83	0.961	10.174	0.004021152120965698	0.021803000136404918
ZNF677 (MA2101.1)	AAGAACAG	RAMAAGAAVAGS	RRYAAGAACAGY	12	56	405	13.83	9.57	1.44	56	0.46	0.345	10.355	0.004252675782820448	0.02290957599132306
POU6F2 (MA0793.2)	CTMATTA	AACTCATTA	DSCTMATTA	9	43	405	10.62	6.933	1.53	46	0.38	0.25	9.272	0.004699177490986925	0.02515264874983386
Gmeb1 (MA0615.2)	RCGY	TACGTA	KRCGYM	6	14	405	3.46	1.541	2.24	28	0.23	0.102	6.506	0.005908958607850291	0.03142662699079613
HES5 (MA0821.2)	CACGTG	GMCACGTGKC	VRCACGTGYB	10	7	405	1.73	0.514	3.37	14	0.11	0.034	9.372	0.007187762868233323	0.03798596199351155
HEY2 (MA0649.2)	GVCACGTG	GMCACGTGK	GVCACGTGY	9	9	405	2.22	0.81	2.74	15	0.12	0.032	9.214	0.008153893493205463	0.04282076142658215
Ikzf3 (MA1992.2)	CAGGAAG	CAGGAAGSD	CAGGAAGYS	9	45	405	11.11	7.674	1.45	50	0.41	0.272	9.197	0.009843362220640861	0.0513700465889695
CLOCK (MA0819.3)	CACGTG	ACACGTG	MCACGTG	7	10	405	2.47	1.037	2.38	10	0.08	0.041	8.844	0.013027036666778112	0.0675625814705573
IKZF2 (MA2326.1)	AGGAAG	AGGAAG	AGGAAG	6	86	405	21.23	16.79	1.26	95	0.78	0.662	8.224	0.013250422425154609	0.06829693040125986
MYCN (MA0104.5)	CACGTG	MCACGTGK	CCACGTGG	8	7	405	1.73	0.593	2.92	14	0.11	0.039	7.806	0.014118327227403997	0.072323946226272
HES1 (MA1099.3)	CRCGTG	GACACGTG	KKCRCGTG	8	8	405	1.98	0.751	2.63	8	0.07	0.028	7.883	0.015228946127658544	0.07753762205240783
ZNF85 (MA1720.2)	AGATTMCWKC	GAGATTTCTCCA	RAGATTMCWKCA	12	41	405	10.12	7.21	1.4	41	0.34	0.258	9.546	0.020922847514037564	0.10588228893467495
EGR2 (MA0472.2)	CGCCCACGC	ASGCCCACKCA	MCGCCCACGCR	11	10	405	2.47	1.146	2.16	10	0.08	0.039	7.401	0.023290417516507497	0.11645208758253749
ZNF454 (MA1712.2)	GGCTCBVGG	GGYYCTRGGMCMYKSKG	GGCTCBVGGNYCYKVBS	17	14	405	3.46	1.847	1.87	15	0.12	0.063	12.471	0.02317254425562899	0.11645208758253749
PAX9 (MA0781.2)	GTCACGCWTSAVTG	GTGCACGGATGRGTGG	SGTCACGCWTSAVTGM	16	17	405	4.2	2.489	1.69	17	0.14	0.084	4.594	0.030655515115731294	0.15236520905735493
Ahr::Arnt (MA0006.2)	GCGTG	GCGTG	GCGTG	5	50	405	12.35	9.462	1.3	50	0.41	0.354	6.682	0.03569380540461055	0.17627341578106698
ZNF24 (MA1124.1)	TTCATTCATT	SAYKCATYCAKYB	YATTCATTCATTC	13	55	405	13.58	10.568	1.29	72	0.59	0.439	14.082	0.035888000817702256	0.17627341578106698
Arntl (MA0603.2)	CACGTG	SWCACGTG	RTCACGTG	8	11	405	2.72	1.432	1.9	11	0.09	0.062	9.015	0.03823872259081446	0.18672124773877238
GMEB2 (MA0862.1)	ACGT	TKACGTMA	KKACGTMM	8	7	405	1.73	0.751	2.3	12	0.1	0.04	8.161	0.040207158444725714	0.1951917284961975
HEY1 (MA0823.1)	CACGTG	GMCACGTGKC	SRCACGTGYM	10	7	405	1.73	0.76	2.27	14	0.11	0.039	9.609	0.042477905019004565	0.2050234143980856
Pparg::Rxra (MA0065.3)	GDSARAGG	RGGRKARAGGKHW	RGGDSARAGGKSA	13	49	405	12.1	9.432	1.28	52	0.43	0.346	8.841	0.04750177900874089	0.2279539394959692
ZNF76 (MA1716.2)	CCCAYMATGCMHYRC	TCCCMKMMTGCAYYKMM	WCCCAYMATGCMHYRCR	17	32	405	7.9	5.778	1.37	33	0.27	0.204	7.744	0.05139845079891719	0.24524403666911915
HES2 (MA0616.3)	CACGTG	GMCACGTGK	GKCACGTGY	9	7	405	1.73	0.8	2.16	13	0.11	0.031	8.323	0.05238266445328618	0.2485200273778066
ELF4 (MA0641.1)	CCGGAAGT	GACCMGGAAGYA	DWMCCGGAAGTR	12	18	405	4.44	2.914	1.53	19	0.16	0.1	9.944	0.057858857245649674	0.27294997627185014
USF2 (MA0526.5)	TCACGTGA	VMCACGTGKB	RTCACGTGAY	10	9	405	2.22	1.195	1.86	18	0.15	0.078	7.062	0.06306833147122996	0.29585425156447764
FERD3L (MA1485.1)	GYRMCAGCTGYYRC	GYSCCAKMTGKBRC	GYRMCAGCTGYYRC	14	19	405	4.69	3.16	1.48	27	0.22	0.15	9.895	0.0642822933502984	0.2998643293156378
ZNF274 (MA1592.2)	TGAGTYCTC	VRDGAGWYCTCN	YRTGAGTYCTCR	12	37	405	9.14	7.022	1.3	51	0.42	0.248	9.075	0.06740772039150462	0.3126969251494798
Creb3l2 (MA0608.1)	KMCACGTG	GMCACGTGK	KMCACGTGD	9	9	405	2.22	1.225	1.81	15	0.12	0.053	10.702	0.07067764776791019	0.32605434191273486
ARNT2 (MA1464.2)	CACGTG	RMCACGTG	RWCACGTG	8	10	405	2.47	1.422	1.74	18	0.15	0.059	9.133	0.07325850800894951	0.336103594436664
ZNF175 (MA2332.1)	AGGAAG	YCAGGAAGC	RCAGGAAGY	9	38	405	9.38	7.427	1.26	39	0.32	0.264	9.305	0.08851739267653659	0.40389083543665605
MYC (MA0147.4)	CACGTG	CCACGTGT	CCACGTGS	8	8	405	1.98	1.116	1.77	8	0.07	0.043	8.227	0.09445541395895538	0.42864277530286815
ETV2::FIGLA (MA1941.2)	GGAARCAGSTG	CMKGAAACASGTK	SCGGAARCAGSTG	13	20	405	4.94	3.565	1.39	20	0.16	0.124	10.037	0.09803713054796191	0.4424919135543146
FOXD2 (MA0847.4)	TARRYAAACA	WTAMRYAAAYA	YTARRYAAACA	11	69	405	17.04	14.963	1.14	88	0.72	0.566	11.134	0.1418174913986516	0.6366537920315811
ETV1 (MA0761.3)	CAGGAAG	BCAGGAAGY	RCAGGAAGY	9	40	405	9.88	8.267	1.19	44	0.36	0.297	9.355	0.14541895438316413	0.6493306251868558
Npas2 (MA0626.2)	CACGTG	CCACGTGT	SCACGTGK	8	7	405	1.73	1.077	1.61	7	0.06	0.056	9.289	0.15908490306900513	0.7065739045884004
ELF2 (MA1483.3)	CCGGAA	ACCAGGAAGC	WMCCGGAART	10	19	405	4.69	3.714	1.26	20	0.16	0.127	9.836	0.18626104607907748	0.8228993305610037
Rxra (MA0512.2)	GGTCAAAGGTCA	KRGKWYAAAGKTHA	RRGGTCAAAGGTCA	14	36	405	8.89	7.644	1.16	36	0.29	0.279	6.441	0.20194496456884176	0.8874949758683309
NR1I2 (MA1533.2)	GMMCYSVDYGMAC	TRAACTCAMYRAACH	YGMMCYSVDYGMACY	15	21	405	5.19	4.237	1.22	22	0.18	0.146	10.216	0.20806999632488463	0.9096253766035532
Arnt (MA0004.1)	CACGTG	CACGTG	CACGTG	6	11	405	2.72	2.044	1.33	22	0.18	0.137	7.871	0.21866988738648208	0.9268495226787438
MAX (MA0058.4)	CACGTG	CACGTG	CACGTG	6	11	405	2.72	2.044	1.33	22	0.18	0.137	8.161	0.21866988738648208	0.9268495226787438
MNT (MA0825.2)	CACGTG	CACGTG	CACGTG	6	11	405	2.72	2.044	1.33	22	0.18	0.137	8.124	0.21866988738648208	0.9268495226787438
Mlxip (MA0622.2)	CACGTG	CACGTG	CACGTG	6	11	405	2.72	2.044	1.33	22	0.18	0.137	8.314	0.21866988738648208	0.9268495226787438
BARHL1 (MA0877.4)	CGTTTA	CGTTTA	CGTTTA	6	20	405	4.94	4.04	1.22	21	0.17	0.139	7.857	0.21642172434696427	0.9268495226787438
BARHL2 (MA0635.2)	TAAWYG	TAAACG	TAAWYG	6	20	405	4.94	4.04	1.22	21	0.17	0.139	7.082	0.21642172434696427	0.9268495226787438
DBP (MA0639.2)	TTAYRTAA	ATTAYATAAT	RTTAYRTAAY	10	21	405	5.19	4.306	1.2	37	0.3	0.262	10.335	0.22850325259432258	0.963637454122522
HES7 (MA0822.1)	GGCACGTGCC	AGCCACGTGTCC	YGGCACGTGCCR	12	6	405	1.48	1.027	1.44	6	0.05	0.048	3.195	0.24866249199590187	1.0
BHLHE41 (MA0636.1)	KCACGTGA	VDCACGWGAS	RKCACGTGAY	10	5	405	1.23	0.879	1.4	5	0.04	0.049	6.04	0.29464827182712966	1.0
ZBTB14 (MA1650.2)	CGCGCAC	CCGCGCAS	CCGCGCAC	8	3	405	0.74	0.533	1.39	3	0.02	0.018	10.139	0.376327005153282	1.0
EGR1 (MA0162.5)	CRCCCMCRC	CCACCCACCC	MCRCCCMCRC	10	8	405	1.98	1.462	1.35	8	0.07	0.049	8.621	0.252189023825861	1.0
TFAP4::ETV1 (MA1966.2)	GGAWRCASSTG	CVGGAARCASRYG	SCGGAWRCASSTG	13	14	405	3.46	2.765	1.25	14	0.11	0.094	9.149	0.24225320937245784	1.0
Atoh1 (MA1467.3)	CAGATG	CAGATGG	CAGATGK	7	22	405	5.43	4.632	1.17	23	0.19	0.158	9.118	0.2581962281963591	1.0
NEUROG2 (MA1642.2)	CAGATG	CAGATGG	CAGATGK	7	22	405	5.43	4.632	1.17	23	0.19	0.158	9.083	0.2581962281963591	1.0
ZNF610 (MA1713.2)	GCCGCTCC	MSGCCGSTCM	SVGCCGCTCC	10	3	405	0.74	0.632	1.17	3	0.02	0.021	8.933	0.4790573817623017	1.0
ZNF692 (MA1986.2)	GGCCCA	RGGCCCAC	RGGCCCAS	8	18	405	4.44	3.832	1.16	18	0.15	0.141	9.785	0.30011779111125875	1.0
EGR4 (MA0733.2)	CGCCCMCGC	CCACCCACCCC	MCGCCCMCGCM	11	8	405	1.98	1.699	1.16	8	0.07	0.057	7.237	0.3894246210603216	1.0
PLAGL2 (MA1548.2)	GGGCCCC	GGGCCCCW	GGGCCCCY	8	12	405	2.96	2.657	1.12	12	0.1	0.116	10.04	0.3969307877620188	1.0
ZSCAN16 (MA2100.1)	AKTGTTAACAGAGCCTC	MYRKGTTGWSWGAGCCYC	VAKTGTTAACAGAGCCTC	18	26	405	6.42	5.916	1.09	29	0.24	0.208	-6.246	0.3671054480963938	1.0
MTF1 (MA0863.1)	TKTGCACACGKCMC	KTTRSACACWGCAS	TKTGCACACGKCMC	14	13	405	3.21	3.052	1.05	13	0.11	0.104	9.422	0.4694049982950682	1.0
PROP1 (MA0715.1)	TAATYWAATTA	TAAKMWAATWA	TAATYWAATTA	11	49	405	12.1	11.585	1.04	71	0.58	0.565	9.67	0.3994027113521952	1.0
ELK4 (MA0076.3)	CTTCCGG	YWYTTCCKG	BRCTTCCGG	9	11	405	2.72	2.627	1.03	11	0.09	0.09	9.189	0.5007991492418542	1.0
TFE3 (MA0831.3)	TCACGTGA	GMCACGTGKC	RTCACGTGAY	10	7	405	1.73	1.679	1.03	14	0.11	0.114	6.769	0.5247004428661867	1.0
Hand1::Tcf3 (MA0092.2)	TCTGG	RTCTGGMAY	RTCTGGMWN	9	30	405	7.41	7.289	1.02	31	0.25	0.255	8.973	0.49272746619161706	1.0
ZNF701 (MA1987.2)	GAGMASYDDRGGGGG	GASMWGMRHRRGGRGAR	GAGMASYDDRGGGGGRR	17	28	405	6.91	6.765	1.02	28	0.23	0.245	8.66	0.48307198168123083	1.0
PHOX2A (MA0713.1)	AAYYYAATTA	TAAKMWAATWA	WAAYYYAATTA	11	47	405	11.6	11.457	1.01	63	0.52	0.502	9.564	0.4875779467497329	1.0
Wt1 (MA1627.2)	CTCCCCC	YCTCCCMCAC	MCTCCCCCRC	10	19	405	4.69	4.662	1.01	19	0.16	0.162	10.427	0.5234583288509068	1.0
TEF (MA0843.2)	TTACRTAA	ATTAYRTAAY	RTTACRTAAY	10	22	405	5.43	5.442	1.0	35	0.29	0.253	10.856	0.5357672900657933	1.0
POU5F1 (MA1115.2)	ATGCAAA	ATGTAAA	ATGCAAA	7	58	405	14.32	14.519	0.99	64	0.52	0.546	8.892	0.566434814392861	1.0
RXRB (MA1555.1)	GGTCRTGACC	VGKKKYRTGAMCCY	RRGGTCRTGACCYY	14	14	405	3.46	3.477	0.99	15	0.12	0.177	7.702	0.5478953384329516	1.0
TFAP2B (MA0812.2)	GCCYSAGGC	GCCTSAGGC	GCCYSAGGC	9	6	405	1.48	1.501	0.99	10	0.08	0.077	10.6	0.5712209336413452	1.0
Nfe2l2 (MA0150.3)	TGASTCAGCA	ATGACWRRGCW	RTGASTCAGCA	11	29	405	7.16	7.279	0.98	30	0.25	0.256	8.768	0.5645754944210764	1.0
Prdm14 (MA1998.2)	GTCTCTA	GGGCTCTA	GGTCTCTA	8	14	405	3.46	3.585	0.96	14	0.11	0.124	7.826	0.5932327520947149	1.0
FOXH1 (MA0479.2)	AATMCACA	AATAMACA	AATMCACA	8	49	405	12.1	12.78	0.95	54	0.44	0.472	9.436	0.6792114357191783	1.0
ERF::FIGLA (MA1934.2)	MGGAWRCASSTG	YRGGAAACACRTG	SMGGAWRCASSTG	13	14	405	3.46	3.625	0.95	14	0.11	0.125	10.189	0.6092374117242861	1.0
Prdm4 (MA1647.3)	CTKGAAAC	YCYTGAAACWR	MCTKGAAACYS	11	31	405	7.65	8.178	0.94	31	0.25	0.295	9.574	0.6740258780612067	1.0
Gli2 (MA0734.4)	GACCACCCA	GRCCACCCA	GACCACCCA	9	21	405	5.19	5.511	0.94	25	0.2	0.194	11.525	0.6432069566203911	1.0
Nfat5 (MA0606.3)	TGGAAAA	AWGGAAAA	ATGGAAAA	8	54	405	13.33	14.262	0.93	56	0.46	0.541	10.182	0.7212588236740924	1.0
FOSL2::JUNB (MA1139.2)	TGACGTCA	ATKAYRTMAT	RTGACGTCAY	10	10	405	2.47	2.667	0.93	20	0.16	0.178	8.206	0.6405473586169566	1.0
IRF3 (MA1418.2)	AHSGAAACSGAAAC	DARADGGAAAWRRAWAB	RRAAHSGAAACSGAAAC	17	31	405	7.65	8.356	0.92	35	0.29	0.316	11.159	0.7180302516368967	1.0
RUNX2 (MA0511.2)	ACCRCA	AAACCACAR	WRACCRCAR	9	16	405	3.95	4.316	0.92	16	0.13	0.148	9.518	0.6745749148948881	1.0
Gli1 (MA1990.2)	GACCACCCA	MGRCCACMCW	RGACCACCCA	10	24	405	5.93	6.598	0.9	29	0.24	0.229	12.082	0.7325800408541993	1.0
FOSL1::JUN (MA1129.1)	TKACGTMA	ATKAYRTMAT	RTKACGTMAY	10	9	405	2.22	2.459	0.9	18	0.15	0.157	8.063	0.6654960891732329	1.0
IRF6 (MA1509.1)	CCGAAACT	WCCGAAACT	RCCGAAACT	9	8	405	1.98	2.202	0.9	8	0.07	0.075	11.563	0.6693684297732967	1.0
MYB (MA0100.4)	CAACTG	CAACTG	CAACTG	6	63	405	15.56	17.402	0.89	67	0.55	0.696	8.173	0.8487166054789291	1.0
Spi1 (MA0080.7)	AGGAAG	VAWKARGAARWGR	RAAGAGGAAGTGR	13	37	405	9.14	10.232	0.89	46	0.38	0.367	8.452	0.7856858919909954	1.0
ZNF282 (MA1154.2)	TTTCCCMYWACAC	YYTTCCCMYYACAMK	STTTCCCMYWACACK	15	24	405	5.93	6.677	0.89	25	0.2	0.234	11.436	0.7524458178266327	1.0
Msgn1 (MA1524.3)	CAAATGG	MACAAATGRY	RMCAAATGGY	10	39	405	9.63	11.042	0.87	39	0.32	0.403	9.498	0.8343802992398884	1.0
NEUROD1 (MA1109.2)	CAGATGG	MCAGATGG	RCAGATGG	8	24	405	5.93	6.795	0.87	25	0.2	0.238	10.077	0.7804602573337265	1.0
Neurod2 (MA0668.3)	CAGATGG	MCAGATGG	MCAGATGG	8	24	405	5.93	6.795	0.87	25	0.2	0.238	10.151	0.7804602573337265	1.0
ATF7 (MA0834.2)	ATGACGTCAY	ATKAYRTMAT	ATGACGTCAY	10	9	405	2.22	2.568	0.87	18	0.15	0.143	5.611	0.712768402634391	1.0
ZNF157 (MA2331.1)	AGCARTAYACYT	TGAAAAACAATAGACAATCAC	RGGMCAGCARTAYACYTKYAC	21	29	405	7.16	8.365	0.86	29	0.24	0.295	5.404	0.8292425261289185	1.0
PPARD (MA1550.2)	GGTCAAAGGTCA	KRGKWYAAAGGTNA	RRGGTCAAAGGTCA	14	27	405	6.67	7.743	0.86	27	0.22	0.286	9.085	0.8125131795275295	1.0
ZNF189 (MA1725.2)	CTGTTCC	RTCTGTTCC	YKCTGTTCC	9	25	405	6.17	7.368	0.84	25	0.2	0.256	9.749	0.842236764062307	1.0
TWIST1 (MA1123.3)	CAGATG	CCAGATGR	MCAGATGK	8	24	405	5.93	7.131	0.83	25	0.2	0.25	10.039	0.8480348250867634	1.0
RARA (MA0730.1)	AGGTCAHBYWRAGGTCA	RGRWCWMRWRAAGSTCA	AGGTCAHBYWRAGGTCA	17	20	405	4.94	6.015	0.82	28	0.23	0.214	6.476	0.8424987028269201	1.0
ETV5::FIGLA (MA1945.2)	GGAWRCAGGTG	GHRGGAAACACRTG	RSMGGAWRCAGGTG	14	14	405	3.46	4.237	0.82	14	0.11	0.144	10.208	0.8124347015915864	1.0
KLF16 (MA0741.1)	CMCRCCCMC	SACMCWCCCMY	VMCMCRCCCMC	11	11	405	2.72	3.319	0.82	11	0.09	0.117	9.68	0.7864430741613222	1.0
OVOL2 (MA1545.2)	CCGTTA	ACCGTTA	WCCGTTA	7	3	405	0.74	0.899	0.82	3	0.02	0.03	9.085	0.7067934050273014	1.0
Nkx3-1 (MA0124.3)	CACTTA	CCACTTA	SCACTTA	7	12	405	2.96	3.674	0.81	12	0.1	0.126	8.939	0.809568485768112	1.0
HES6 (MA1493.1)	GGCACGTGT	GCCACGTGTC	GGCACGTGTY	10	7	405	1.73	2.123	0.81	7	0.06	0.072	9.477	0.7559771641724163	1.0
HOXB4 (MA1499.2)	TMATTA	TCATTA	TMATTA	6	68	405	16.79	21.057	0.8	84	0.69	0.842	7.536	0.9852934055638	1.0
HOXC4 (MA1504.2)	YMATTA	TCATTA	YMATTA	6	68	405	16.79	21.057	0.8	84	0.69	0.842	7.313	0.9852934055638	1.0
HOXD4 (MA1507.2)	YMATTA	TCATTA	YMATTA	6	68	405	16.79	21.057	0.8	84	0.69	0.842	7.309	0.9852934055638	1.0
RXRG (MA0856.1)	RGGTCAAAGGTCA	KRGKWYAAAKKTDA	RRGGTCAAAGGTCA	14	26	405	6.42	8.02	0.8	26	0.21	0.293	7.228	0.8992175281719798	1.0
YY2 (MA0748.3)	ATGGCG	ATGGCGG	ATGGCGG	7	3	405	0.74	0.928	0.8	3	0.02	0.031	9.058	0.7267137067454574	1.0
FOSB::JUNB (MA1136.1)	TKACGTCA	ATTATGTCAT	RTKACGTCAY	10	9	405	2.22	2.825	0.79	11	0.09	0.149	8.307	0.8063744096832726	1.0
SOX12 (MA1561.2)	CGAACAA	RCCRAACAAH	MMCGAACAAY	10	21	405	5.19	6.657	0.78	21	0.17	0.233	9.829	0.9018116730340555	1.0
ZNF530 (MA1981.2)	GMARGGMVAGGG	RAAGRGMKAGGGYM	GMARGGMVAGGGSC	14	19	405	4.69	5.985	0.78	20	0.16	0.214	7.923	0.8854456245683369	1.0
ZNF708 (MA1730.2)	GCTGTRCCT	KCTGTRSCT	GCTGTRCCT	9	14	405	3.46	4.435	0.78	14	0.11	0.152	11.277	0.8580979850227394	1.0
ZBTB7A (MA0750.3)	CCGGAAG	CMGGAAGDR	CCGGAAGYS	9	9	405	2.22	2.854	0.78	9	0.07	0.096	8.767	0.8155306128223536	1.0
KLF10 (MA1511.2)	GGGGCGKGG	GGGGTGGGT	GGGGCGKGG	9	9	405	2.22	2.894	0.77	9	0.07	0.098	8.53	0.8272254433821526	1.0
Zfx (MA0146.3)	CBVGGCCT	KSYBRGGCCT	RSCBVGGCCT	10	7	405	1.73	2.252	0.77	7	0.06	0.079	10.44	0.8051008378018322	1.0
MYBL1 (MA0776.1)	CGTTAAC	MMCSTTAACBKB	RCCGTTAACSKY	12	6	405	1.48	1.926	0.77	6	0.05	0.089	7.907	0.7908745702657121	1.0
CEBPA (MA0102.5)	TTKCACAA	ATTGCAAAAA	RTTKCACAAY	10	38	405	9.38	12.346	0.76	38	0.31	0.47	9.67	0.9721100529757015	1.0
Creb5 (MA0840.2)	ATGACGTCA	ATKAYRTMAT	ATGACGTCAY	10	10	405	2.47	3.23	0.76	20	0.16	0.176	7.892	0.8410578790188585	1.0
E2F1 (MA0024.3)	GGCGCC	KWYRGCGCYAWM	WWWGGCGCCMWW	12	2	405	0.49	0.652	0.76	3	0.02	0.039	7.595	0.7425982671680053	1.0
MYOD1 (MA0499.3)	CASCTGT	SCACCTGTB	SCASCTGTY	9	18	405	4.44	5.906	0.75	18	0.15	0.214	9.549	0.9138857095187729	1.0
TBX19 (MA0804.2)	TMRCACVTRBGTGYKA	TSHCAYDTAHRTGKSAW	TMRCACVTRBGTGYKAH	17	14	405	3.46	4.583	0.75	21	0.17	0.244	8.574	0.8863246820609909	1.0
Mecom (MA0029.2)	GAYAAGATAA	WGAHAWGATAA	WGAYAAGATAA	11	33	405	8.15	10.963	0.74	36	0.29	0.401	10.642	0.9728035935750629	1.0
HNF4A (MA1494.2)	GTYCAAAGGTC	KRGKWYAAAGGTHA	RRGTYCAAAGGTCR	14	22	405	5.43	7.299	0.74	22	0.18	0.258	7.072	0.9406771872370373	1.0
Arid3b (MA0601.2)	TTAAT	TATTAAT	WWTTAAT	7	20	405	4.94	6.677	0.74	20	0.16	0.272	8.34	0.935944553195756	1.0
DMRT3 (MA0610.2)	TGTAWC	TGTATCA	TGTAWCM	7	34	405	8.4	11.565	0.73	34	0.28	0.412	8.691	0.9827841568829773	1.0
NKX2-3 (MA0672.2)	CACTT	CCACTTRW	SCACTTRW	8	21	405	5.19	7.131	0.73	21	0.17	0.253	9.161	0.9501827450668969	1.0
MAZ (MA1522.2)	CCCCTCC	CCCSTCCY	CCCCTCCY	8	12	405	2.96	4.04	0.73	12	0.1	0.139	10.506	0.8917996721873763	1.0
BHLHE40 (MA0464.3)	CACGTG	WCACGTGW	KCACGTGM	8	3	405	0.74	1.017	0.73	6	0.05	0.061	8.058	0.7801356693830664	1.0
ERF::FOXO1 (MA1936.2)	ACMGGAA	ARMAACAGGMWR	RWMWACMGGAAR	12	24	405	5.93	8.267	0.72	24	0.2	0.293	10.646	0.967056145832506	1.0
TBXT (MA0009.2)	TMRCACVTABGTGYKA	TSMCAYWTAHRTGDSA	TMRCACVTABGTGYKA	16	11	405	2.72	3.793	0.72	16	0.13	0.227	7.13	0.8995868564630513	1.0
KLF11 (MA1512.2)	CACRCCC	WTACRCCCAC	MCACRCCCMC	10	8	405	1.98	2.746	0.72	8	0.07	0.093	9.461	0.8653371066322729	1.0
SP2 (MA0516.3)	GGGCGGG	GGGGAGGRG	GGGGCGGGR	9	8	405	1.98	2.746	0.72	8	0.07	0.094	9.172	0.8653371066322729	1.0
MEF2A (MA0052.5)	AAAATA	AWWAAAATAG	YTAAAAATAR	10	33	405	8.15	11.496	0.71	34	0.28	0.422	8.99	0.9875604865542421	1.0
FOSL1::JUND (MA1143.2)	TGAC	MTGACRTAA	RTGACKYMW	9	12	405	2.96	4.178	0.71	12	0.1	0.144	7.448	0.914201952444121	1.0
JDP2 (MA0656.2)	ATGACGTCA	ATKAYRTMAT	ATGACGTCAY	10	11	405	2.72	3.812	0.71	21	0.17	0.195	6.585	0.9029559044964299	1.0
ZBTB7C (MA0695.2)	ACCACC	MGMCCACC	SRACCACC	8	10	405	2.47	3.486	0.71	12	0.1	0.12	7.923	0.8974657289816035	1.0
HIF1A (MA1106.2)	ACGTGC	ACGTGC	ACGTGC	6	8	405	1.98	2.775	0.71	8	0.07	0.097	7.953	0.8725436175760951	1.0
SNAI2 (MA0745.3)	CACCTGT	SCACCTGT	RCACCTGT	8	17	405	4.2	5.995	0.7	17	0.14	0.212	10.233	0.9521299073457636	1.0
Rhox11 (MA0629.2)	GCTGTW	YGCTGTWWT	YGCTGTWAW	9	12	405	2.96	4.217	0.7	12	0.1	0.145	8.529	0.9198431529702161	1.0
STAT1::STAT2 (MA0517.2)	GTTTCDBTTYC	WSTTTYYYTTYYY	RGTTTCDBTTYCY	13	33	405	8.15	11.832	0.69	33	0.27	0.432	8.409	0.9926626088112787	1.0
TFAP2C (MA0814.3)	CCTGAGG	GCCTGAGGY	SCCTGAGGS	9	9	405	2.22	3.21	0.69	12	0.1	0.114	10.946	0.9012464529473698	1.0
MLXIPL (MA0664.2)	CACGTG	AWCACGTG	RKCACGTG	8	4	405	0.99	1.422	0.69	4	0.03	0.058	9.777	0.8265479707701302	1.0
MEF2B (MA0660.1)	CTAWAAATAG	DMTATATATAKM	RCTAWAAATAGM	12	30	405	7.41	10.844	0.68	44	0.36	0.463	9.892	0.9911916670942225	1.0
PRDM1 (MA0508.4)	CTTTCTC	CTTTCTC	CTTTCTC	7	12	405	2.96	4.346	0.68	12	0.1	0.15	9.267	0.9360692070131583	1.0
TFAP2E (MA1569.2)	SCCYSRGGS	GCCTSAGGC	SCCYSRGGS	9	4	405	0.99	1.452	0.68	8	0.07	0.087	9.545	0.8381205918442891	1.0
MEIS1 (MA1639.2)	ATMAATCA	TATCAATCT	YATMAATCA	9	31	405	7.65	11.417	0.67	35	0.29	0.413	9.022	0.9944591936417625	1.0
STAT1 (MA0137.4)	TTCYRGGAA	TTCYRRGAA	TTCYRGGAA	9	20	405	4.94	7.457	0.66	22	0.18	0.309	10.542	0.9818420891553901	1.0
NR2C2 (MA0504.2)	GGTCARAGGKCR	GRGRTGAGRGGBMA	RRGGTCARAGGKCR	14	16	405	3.95	6.015	0.66	16	0.13	0.218	8.262	0.9722831991665961	1.0
ZIC1 (MA0696.1)	CCCCCYGCTGYG	KGASCCCCGYTGTG	KRCCCCCYGCTGYG	14	10	405	2.47	3.763	0.66	10	0.08	0.129	9.743	0.9385933803123137	1.0
NR1H2::RXRA (MA0115.1)	AGGTCAAAGGTCA	WRVRKTWAAAGGTMAAY	MRAGGTCAAAGGTCAAS	17	21	405	5.19	8.02	0.65	21	0.17	0.295	8.698	0.988580326724426	1.0
Smad4 (MA1153.2)	GTCTRG	TGTCTGG	YGTCTRG	7	21	405	5.19	8.01	0.65	21	0.17	0.28	8.64	0.9883763452615724	1.0
FOS (MA1951.2)	TGACGTCAT	AATGAYATAATAA	BRTGACGTCATMR	13	9	405	2.22	3.398	0.65	9	0.07	0.148	6.338	0.9310890490174275	1.0
MAX::MYC (MA0059.2)	CACGTGG	GACACGTGGC	RSCACGTGGY	10	6	405	1.48	2.281	0.65	6	0.05	0.096	7.948	0.8983789495935764	1.0
POU2F1::SOX2 (MA1962.1)	ATTWRCATMACAA	HATTTMMATRRYAAWDB	MATTWRCATMACAAWRS	17	43	405	10.62	16.652	0.64	45	0.37	0.645	8.339	0.9997211421426837	1.0
LIN54 (MA0619.2)	TTTRAA	TTTRAAT	TTTRAAY	7	40	405	9.88	15.348	0.64	49	0.4	0.648	8.507	0.9994020317240945	1.0
ZNF547 (MA2334.1)	GCTAATGCWRC	GGCTCATGCAACM	TGCTAATGCWRCM	13	18	405	4.44	6.963	0.64	18	0.15	0.245	8.908	0.9851009831239885	1.0
ZNF8 (MA1718.1)	TRKATRTACCACAKTTT	RTATRTATATAYMWYWKWTW	GTRTRKATRTACCACAKTTT	20	53	405	13.09	20.701	0.63	62	0.51	0.862	10.087	0.9999654910580896	1.0
THRA (MA1969.2)	TGWCCTCABDTGACCT	BYSWMCTCAMYKGRMCWY	STGWCCTCABDTGACCTY	18	17	405	4.2	6.667	0.63	18	0.15	0.236	8.681	0.985367786167881	1.0
SNAI3 (MA1559.2)	CAGGTG	ACAGGTGSB	RCAGGTGYR	9	16	405	3.95	6.262	0.63	16	0.13	0.222	9.048	0.9824125782800709	1.0
Ptf1A (MA1620.2)	CACCTG	SCACCTGT	RCACCTGY	8	15	405	3.7	5.877	0.63	15	0.12	0.225	9.87	0.9796331608066438	1.0
EBF3 (MA1637.2)	CCCMRGGG	CYCAAGGRA	CCCMRGGGA	9	13	405	3.21	5.077	0.63	14	0.11	0.197	9.032	0.9710872130637441	1.0
CTCFL (MA1102.3)	AGGGGGC	VAGGKGGC	SAGGGGGC	8	10	405	2.47	3.931	0.63	10	0.08	0.135	8.422	0.9558611009602255	1.0
FOSB::JUN (MA1127.1)	TGACGTMA	AATGACATAAT	RRTGACGTMAY	11	9	405	2.22	3.536	0.63	9	0.07	0.158	8.167	0.947774585958652	1.0
Stat2 (MA1623.2)	AAASAGAAA	RAAAYAGAAA	RAAASAGAAA	10	41	405	10.12	16.326	0.62	42	0.34	0.628	12.243	0.9998330213359835	1.0
ZNF418 (MA1980.1)	GWRGCYAMAAGCA	AWGTGGACACAAACA	MRGWRGCYAMAAGCA	15	23	405	5.68	9.185	0.62	24	0.2	0.33	8.297	0.9959079805301327	1.0
Nr2f6 (MA0677.2)	GGTCAAAGGTCA	GGGWTAAAGGTYR	RGGTCAAAGGTCA	13	19	405	4.69	7.546	0.62	19	0.16	0.271	8.978	0.9911086874249453	1.0
SPIC (MA0687.2)	AWSMGGAAG	MSATGRGGAAGHA	RAAWSMGGAAGWM	13	19	405	4.69	7.615	0.62	19	0.16	0.27	8.845	0.9922056792991024	1.0
TAL1::TCF3 (MA0091.2)	AMCAKMTG	AACATMTKTW	AMCAKMTGKT	10	19	405	4.69	7.615	0.62	24	0.2	0.374	9.009	0.9922056792991024	1.0
NFYB (MA0502.3)	ATTGGCC	WSATTGGCY	YSATTGGCC	9	17	405	4.2	6.716	0.62	17	0.14	0.24	9.292	0.9866705328345963	1.0
HOXD12 (MA0873.2)	TCGTAAA	AVTCRYAAAA	RRTCGTAAAW	10	10	405	2.47	3.951	0.62	10	0.08	0.137	10.823	0.9575805055462113	1.0
SP3 (MA0746.3)	CCACGCCC	GMCACWCCYMY	RCCACGCCCMY	11	6	405	1.48	2.43	0.61	6	0.05	0.086	8.029	0.9267496040565575	1.0
Pou5f1::Sox2 (MA0142.1)	TTSWHATGCARA	YWTWSWWWTKSADAW	YWTTSWHATGCARAK	15	40	405	9.88	16.553	0.6	43	0.35	0.648	10.173	0.9999416821314272	1.0
BARX2 (MA1471.2)	WAAYMRTTA	AWAYMRTTA	WAAYMRTTA	9	27	405	6.67	11.121	0.6	38	0.31	0.399	9.13	0.9989493997761472	1.0
Runx1 (MA0002.3)	TGTGG	YTGTGGTTT	YTGTGGYYW	9	21	405	5.19	8.642	0.6	21	0.17	0.311	10.059	0.9964603569740923	1.0
Stat5a::Stat5b (MA0519.2)	TTCCMRGAA	TTCYMAGAA	TTCCMRGAA	9	19	405	4.69	7.822	0.6	22	0.18	0.342	10.694	0.9947932768603975	1.0
BCL6B (MA0731.1)	TGCTTTCTAGGAATT	YKYDTTYCAGKAMYTAR	TGCTTTCTAGGAATTMM	17	17	405	4.2	7.042	0.6	17	0.14	0.248	-3.622	0.9929360702014624	1.0
ZBTB24 (MA2330.1)	CAGGAC	MCCAGGMCHY	SCCAGGACCY	10	11	405	2.72	4.543	0.6	11	0.09	0.158	7.947	0.9759556414786442	1.0
RXRG (MA1556.1)	GGTCAYGACC	RRGBTCAYRAMBYS	RRGGTCAYGACCYY	14	9	405	2.22	3.723	0.6	12	0.1	0.15	8.461	0.9646988478204753	1.0
TFAP2A (MA0003.5)	CCTCAGG	RCCTSAGGS	SCCTCAGGS	9	8	405	1.98	3.269	0.6	11	0.09	0.13	10.853	0.9528509784044152	1.0
ZNF184 (MA2120.1)	GAAAG	KRGAAAGKNGMRW	KRGAAAGDBGMRK	13	19	405	4.69	7.98	0.59	20	0.16	0.279	9.853	0.9962026329744458	1.0
ZNF707 (MA1715.1)	CCCCACTYCTGGT	MMCMWCTYCTGGDMY	CCCCACTYCTGGTMM	15	15	405	3.7	6.311	0.59	15	0.12	0.215	8.301	0.9913645600594653	1.0
ZNF449 (MA1656.2)	AGCCCAAC	GAGCCCARSC	MAGCCCAACM	10	13	405	3.21	5.412	0.59	13	0.11	0.19	9.034	0.9851655771352794	1.0
ERF::FOXI1 (MA1935.2)	GGA	AWACAGGAAS	MWASMGGAWR	10	18	405	4.44	7.704	0.58	20	0.16	0.273	9.138	0.9965000466610053	1.0
NKX6-3 (MA1530.2)	YCATTA	STCATTAA	SYCATTAW	8	18	405	4.44	7.704	0.58	18	0.15	0.277	8.777	0.9965000466610053	1.0
GATA4 (MA0482.3)	CTTATCT	CYTTATCT	YCTTATCT	8	17	405	4.2	7.269	0.58	18	0.15	0.257	10.001	0.9955489488612004	1.0
TBP (MA0108.3)	ATAWA	TATAAAA	TATAWAW	7	17	405	4.2	7.21	0.58	18	0.15	0.258	8.219	0.9949715754430565	1.0
ETV5::DRGX (MA1944.2)	GGAWGYRRT	AGGAASHRATWR	MGGAWGYRRTYA	12	13	405	3.21	5.58	0.58	14	0.11	0.196	8.824	0.9895391921333272	1.0
KLF6 (MA1517.2)	ACRCCC	ACACACCCA	MMACRCCCH	9	7	405	1.73	2.983	0.58	7	0.06	0.102	8.121	0.956446629034862	1.0
PAX2 (MA0067.3)	AVYSRWGCGTGAC	YCACTAGACCGGGAAG	BYAVYSRWGCGTGACS	16	4	405	0.99	1.689	0.58	4	0.03	0.057	7.528	0.9093008933760646	1.0
IKZF1 (MA1508.2)	ACAGGAA	TACAGGAA	MACAGGAA	8	23	405	5.68	9.995	0.57	24	0.2	0.359	8.149	0.9991872010033502	1.0
EHF (MA0598.4)	ACTTCCT	CAYTTCCTK	YACTTCCTS	9	17	405	4.2	7.319	0.57	18	0.15	0.26	9.634	0.995982270896666	1.0
Nfatc2 (MA0152.3)	TGGAAA	AMTGGAAA	MATGGAAA	8	26	405	6.42	11.684	0.55	28	0.23	0.429	10.087	0.9998303166945387	1.0
RARA (MA0729.1)	RAGGTCAWAAGGTCA	AASRYMAAAAGGTHAABT	RAGGTCAWAAGGTCAWKK	18	18	405	4.44	8.02	0.55	18	0.15	0.289	10.451	0.9982022060969025	1.0
Thap11 (MA1573.2)	ACTACAWBTCCC	ACTACACKYACCAG	ACTACAWBTCCCRK	14	13	405	3.21	5.886	0.55	15	0.12	0.204	9.372	0.9946045041399332	1.0
FOSL2::JUND (MA1145.2)	TKACGTCA	ATTATGTCAT	RTKACGTCAY	10	9	405	2.22	4.04	0.55	9	0.07	0.177	9.051	0.9824102009198521	1.0
Zbtb2 (MA2340.1)	CCGGAAG	MCCGGAAGAG	ACCGGAAGYS	10	4	405	0.99	1.807	0.55	4	0.03	0.061	7.46	0.9331890054351708	1.0
ELF3 (MA0640.3)	ACTTCCT	CMYTTCCTK	YACTTCCTS	9	18	405	4.44	8.198	0.54	19	0.16	0.295	9.753	0.9987785190286786	1.0
RORA (MA0072.2)	AWBTAGGTCA	ARWKTAGKTCA	WAWBTAGGTCA	11	17	405	4.2	7.842	0.54	17	0.14	0.279	7.299	0.9986993904512221	1.0
FOSL2::JUN (MA1131.2)	TGACGTMA	ATGACATAAT	RTGACGTMAY	10	9	405	2.22	4.138	0.54	9	0.07	0.177	9.039	0.9859756440177302	1.0
FOXJ2::ELF1 (MA1952.2)	ACMGGAA	MWACAGGAASA	MWACMGGAARW	11	19	405	4.69	8.879	0.53	20	0.16	0.313	8.372	0.9994443327576277	1.0
FOXO1::ELK3 (MA1955.2)	MAACAGGAA	RAMAACAGRWWRW	RWMAACAGGAAGY	13	18	405	4.44	8.425	0.53	18	0.15	0.302	8.112	0.999263339104892	1.0
TRPS1 (MA1970.2)	TTATC	YYTTATCT	YCTTATCT	8	15	405	3.7	6.953	0.53	15	0.12	0.249	8.259	0.9978244952293435	1.0
ZNF816 (MA1719.2)	GGGGACMTG	RRGAGACATGCRAGG	KGGGGACMTGYHDRV	15	13	405	3.21	6.094	0.53	13	0.11	0.212	9.328	0.9966139992390554	1.0
JUN::JUNB (MA1133.2)	TKACGTCA	TATTATGTCAT	KRTKACGTCAK	11	8	405	1.98	3.723	0.53	8	0.07	0.145	8.049	0.9831272777340931	1.0
PAX3 (MA1546.2)	GTCACGSYHRTT	CTTCATGCCAAATA	SGTCACGSYHRTTA	14	7	405	1.73	3.24	0.53	7	0.06	0.111	8.006	0.9760924021305996	1.0
ZNF382 (MA1594.1)	AKGRGAYATYACYACMGAYMCYAC	AGGGGMKMRSAMWACMSAYYCMAD	AKGRGAYATYACYACMGAYMCYAC	24	17	405	4.2	8.069	0.52	17	0.14	0.285	5.279	0.9992208057016517	1.0
PROX1 (MA0794.1)	AAGACGYCTT	YRAGACKYCTYV	YAAGACGYCTTR	12	6	405	1.48	2.864	0.52	7	0.06	0.111	7.493	0.9739982618713975	1.0
ATF4 (MA0833.3)	TGATGYAA	ATGATACAAT	RTGATGYAAY	10	22	405	5.43	10.588	0.51	22	0.18	0.387	11.006	0.9998928108874969	1.0
NKX2-2 (MA1645.2)	CACTCA	CCACTCAM	CCACTCAA	8	16	405	3.95	7.674	0.51	16	0.13	0.272	10.038	0.9991017103305674	1.0
MYF6 (MA0667.1)	AACARCTGTY	RACAMYWGTY	AACARCTGTY	10	14	405	3.46	6.756	0.51	16	0.13	0.356	8.979	0.99840475240786	1.0
ONECUT2 (MA0756.3)	GATCRATA	AATCAATA	GATCRATA	8	11	405	2.72	5.274	0.51	11	0.09	0.182	9.384	0.9952285500901126	1.0
GLI3 (MA1491.3)	GACCACCCACGWHG	WGRCCACAMASAMNS	RGACCACCCACGWHG	15	10	405	2.47	4.889	0.51	10	0.08	0.17	4.463	0.9946894234980242	1.0
SP1 (MA0079.5)	GGGGMGGRG	GGGGAGGRR	GGGGMGGRG	9	6	405	1.48	2.884	0.51	6	0.05	0.097	10.403	0.9752532949603978	1.0
MEF2D (MA0773.1)	CTAWAAATAG	WMTATATATAKW	DCTAWAAATAGM	12	24	405	5.93	11.743	0.5	44	0.36	0.519	11.176	0.9999663432506714	1.0
FOXO1::ELF1 (MA1953.2)	AACAGGAA	RAMAACAGRMARK	RWMAACAGGAARY	13	21	405	5.19	10.39	0.5	22	0.18	0.375	9.126	0.9999219881028379	1.0
IRF2 (MA0051.2)	GAAAGYGAAAS	GAAAAGKKAAANRWTA	SGAAAGYGAAASYNWW	16	15	405	3.7	7.398	0.5	17	0.14	0.262	8.002	0.9992188100821436	1.0
ZNF331 (MA1726.2)	GCWGAGC	TGAAGAGCCC	WGCWGAGCMH	10	8	405	1.98	3.99	0.5	8	0.07	0.137	8.098	0.9911533734331797	1.0
ZNF93 (MA1721.2)	CRGCRGCRG		RGYRKCRGCRGCRG	14	2	405	0.49	0.988	0.5	2	0.02	0.034	10.121	0.9080801076998548	1.0
NFIL3 (MA0025.3)	TTATGYAA	TTATRTAAT	TTATGYAAY	9	25	405	6.17	12.523	0.49	37	0.3	0.468	10.381	0.9999885182299874	1.0
FOXO1::ELK1 (MA1954.2)	AACAGGAAG	VAMAACAGRAARK	RWMAACAGGAAGY	13	19	405	4.69	9.491	0.49	19	0.16	0.338	9.736	0.9998660155995905	1.0
Ptf1A (MA1618.2)	CAGATG	RCAGATGKR	MCAGATGKB	9	15	405	3.7	7.556	0.49	15	0.12	0.268	9.373	0.9994640715047833	1.0
ZKSCAN3 (MA1973.2)	AGGCTAGCCC	SSMAGGYTRKMCYW	MYVAGGCTAGCCCW	14	7	405	1.73	3.546	0.49	7	0.06	0.126	9.502	0.9887697033960487	1.0
PATZ1 (MA1961.2)	GGMGGGG	NGRGGAGGGGK	SSRGGMGGGGS	11	5	405	1.23	2.528	0.49	5	0.04	0.085	9.953	0.9749059247954142	1.0
CEBPG (MA1636.2)	TGATGCAA	ATGATRCAAT	RTGATGCAAT	10	23	405	5.68	11.783	0.48	23	0.19	0.43	10.297	0.9999863842604665	1.0
Gfi1B (MA0483.2)	AATCWSWG	AAAYCWCWGH	MAATCWSWGC	10	18	405	4.44	9.175	0.48	18	0.15	0.33	9.741	0.9998732276754511	1.0
Erg (MA0474.4)	CAGGAAG	DCAGGAARKK	RCAGGAAGYR	10	16	405	3.95	8.286	0.48	16	0.13	0.29	8.939	0.9997913369876411	1.0
GATA1::TAL1 (MA0140.3)	TATCWBBVHVVHVCA	TTATCTYRWTTKWRCAW	TTATCWBBVHVVHVCAS	17	14	405	3.46	7.17	0.48	14	0.11	0.25	10.026	0.999406409757835	1.0
Atoh1 (MA0461.3)	CATATG	MACATATG	RMCATATG	8	18	405	4.44	9.373	0.47	23	0.19	0.406	9.433	0.9999218994214248	1.0
HOXA4 (MA1496.2)	YMATTA	GTCATTA	RYMATTA	7	8	405	1.98	4.237	0.47	8	0.07	0.146	7.534	0.995253243275876	1.0
ZBED1 (MA0749.2)	TRTCGCGACAT	TRTYGCGAYWKV	TRTCGCGACATR	12	3	405	0.74	1.57	0.47	4	0.03	0.064	7.723	0.9518747596974568	1.0
FOXO1::FLI1 (MA1956.2)	AACAGGAAG	RAMMACAGRAWRK	GWMAACAGGAAGT	13	19	405	4.69	10.173	0.46	23	0.19	0.364	8.807	0.9999750190598239	1.0
STAT3 (MA0144.3)	TKCYKGGAA	TTCTGRRAA	TKCYKGGAA	9	19	405	4.69	10.183	0.46	19	0.16	0.39	10.625	0.9999756369577054	1.0
Gata3 (MA0037.5)	TTATCT	YYTTATCT	YCTTATCT	8	16	405	3.95	8.583	0.46	16	0.13	0.309	8.428	0.9999002819837606	1.0
Ebf2 (MA1604.2)	CCCMRGGGA	CYCAAGGRA	CCCMRGGGA	9	12	405	2.96	6.4	0.46	13	0.11	0.237	8.756	0.9992868708250822	1.0
NKX2-4 (MA2003.2)	CACTYSA	CCACTTRA	SCACTYSA	8	11	405	2.72	5.886	0.46	11	0.09	0.205	8.726	0.9989296261514998	1.0
ZFP14 (MA1972.1)	GGAGSMHMHGGA	KGAGRCVSRKGARDG	GGAGSMHMHGGARBG	15	11	405	2.72	5.946	0.46	11	0.09	0.207	10.528	0.9990792669716942	1.0
ZKSCAN5 (MA1652.2)	GGARGTGA	GGARGWGAN	GGARGTGAK	9	11	405	2.72	5.906	0.46	11	0.09	0.207	9.514	0.9989819176492251	1.0
CREB1 (MA0018.5)	TGAYGTCA	TKATGTCA	TGAYGTCA	8	16	405	3.95	8.751	0.45	16	0.13	0.317	7.97	0.9999349469580042	1.0
GABPA (MA0062.4)	CTTCCT	MMYTTCCTGH	YACTTCCTGY	10	15	405	3.7	8.306	0.45	15	0.12	0.29	8.781	0.9999176723790445	1.0
OVOL1 (MA1544.2)	ACCGTTA	WTACCGTTAM	DWACCGTTAY	10	3	405	0.74	1.649	0.45	3	0.02	0.055	9.81	0.961945558222413	1.0
NFATC3 (MA0625.3)	GGAA	TGGAAA	YGGAAM	6	45	405	11.11	25.462	0.44	51	0.42	1.088	7.065	0.9999999999996019	1.0
Nfatc1 (MA0624.3)	TGGAAA	TGGAAA	TGGAAA	6	45	405	11.11	25.462	0.44	51	0.42	1.088	8.139	0.9999999999996019	1.0
ONECUT1 (MA0679.3)	AATCAAT	AAATMAATA	WAATCAATA	9	22	405	5.43	12.365	0.44	28	0.23	0.463	11.393	0.9999987356519064	1.0
TBX20 (MA0689.1)	AGGTGTGA	WABGTGTGARG	WAGGTGTGAWR	11	16	405	3.95	8.889	0.44	16	0.13	0.316	10.046	0.9999544484218232	1.0
SCRT2 (MA0744.3)	CAACAGGT	KYAACARGYK	KCAACAGGTK	10	13	405	3.21	7.279	0.44	14	0.11	0.262	10.374	0.9998136525882312	1.0
CUX2 (MA0755.2)	ATCRAT	AAATCAATA	WRATCRATH	9	11	405	2.72	6.183	0.44	11	0.09	0.23	8.769	0.9995007695164215	1.0
EBF1 (MA0154.5)	CCCAGGG	KSCCCAGGGSM	KCCCCAGGGRM	11	8	405	1.98	4.474	0.44	10	0.08	0.201	8.651	0.9974417020832785	1.0
ZSCAN31 (MA1722.2)	CATAAYTGCCCTGC	TTATARCTGCACTGCCAT	KCATAAYTGCCCTGCKDC	18	8	405	1.98	4.484	0.44	8	0.07	0.154	7.476	0.997507772955039	1.0
E2F6 (MA0471.3)	GGCGGGA	GGHGGGAA	GGCGGGAA	8	6	405	1.48	3.398	0.44	6	0.05	0.117	8.54	0.9935732250970571	1.0
ZBTB11 (MA2329.1)	ACTTCCGG	HWCTTCCBG	CACTTCCGG	9	5	405	1.23	2.815	0.44	5	0.04	0.097	8.698	0.9884775864161786	1.0
CREB3 (MA0638.2)	CACGTCA	TKMCACGTMWKH	YKMCACGTCAYH	12	3	405	0.74	1.669	0.44	3	0.02	0.056	8.048	0.9641347161420883	1.0
ZBED4 (MA2328.1)	CGCYCCGC		SYCGCYCCGC	10	1	405	0.25	0.563	0.44	1	0.01	0.019	7.509	0.8978286505876658	1.0
GFI1 (MA0038.3)	AATCACDGC	AAATCWCWRTW	MAATCACDGCH	11	16	405	3.95	9.244	0.43	16	0.13	0.329	8.936	0.9999821127817434	1.0
Esrrg (MA0643.2)	AAGGTCA	TRAAGGKCA	YSAAGGTCA	9	13	405	3.21	7.486	0.43	13	0.11	0.266	8.377	0.9998918967566915	1.0
ELF1 (MA0473.4)	AGGAAGT	CAGGAARKG	CAGGAAGTR	9	12	405	2.96	6.923	0.43	12	0.1	0.241	9.543	0.9998159836801463	1.0
Mafb (MA0117.3)	GCTGA	AAYWWGCTKAC	WWWDYGCTGAS	11	11	405	2.72	6.331	0.43	11	0.09	0.224	8.214	0.9996620586002689	1.0
PGR (MA2327.1)	ACABDVTGT	ACARNCTGT	ACABDVTGT	9	11	405	2.72	6.281	0.43	18	0.15	0.406	8.421	0.999614873091272	1.0
ERF::HOXB13 (MA1937.2)	GGAWRYHRTWA	AGGAWATDRTAWR	MGGAWRYHRTWAM	13	10	405	2.47	5.728	0.43	10	0.08	0.197	9.228	0.9993642389954301	1.0
OSR2 (MA1646.2)	CAGAAGC	VCAGAAGC	VCAGAAGC	8	9	405	2.22	5.205	0.43	9	0.07	0.181	9.778	0.9990325021314028	1.0
KLF17 (MA1514.2)	CCACRCWCCC	GCCACCCACCCCTG	MCCACRCWCCCMYY	14	8	405	1.98	4.622	0.43	8	0.07	0.16	10.206	0.9982778776823612	1.0
SOX10 (MA0442.3)	ACAAAG	ACAAAG	ACAAAG	6	38	405	9.38	22.321	0.42	41	0.34	0.923	8.143	0.9999999999955298	1.0
HLF (MA0043.4)	TTATGYAA	TTATATAAT	TTATGYAAY	9	16	405	3.95	9.452	0.42	28	0.23	0.358	9.473	0.9999897529639451	1.0
Stat5a (MA1624.2)	TCCWRGAA	YTCCMRGAA	TTCCWRGAA	9	15	405	3.7	8.919	0.42	15	0.12	0.361	11.271	0.9999837355490249	1.0
Dux (MA0611.3)	GATTBAATCA	WGATTSAAWYA	WGATTBAATCA	11	14	405	3.46	8.168	0.42	21	0.17	0.437	9.151	0.9999538139755967	1.0
CREB3L4 (MA1474.2)	CACGT	RCCACGTMMS	KMCACGTSRY	10	3	405	0.74	1.778	0.42	3	0.02	0.06	7.981	0.9742043353240729	1.0
Irf1 (MA0050.4)	GAAASTGAAA	DGAAAMWGARA	WGAAASTGAAA	11	26	405	6.42	15.565	0.41	26	0.21	0.595	11.244	0.9999999909776616	1.0
ESRRB (MA0141.4)	CAAGGTCA	TMAAGKTCAW	TCAAGGTCAW	10	13	405	3.21	7.832	0.41	13	0.11	0.282	7.053	0.9999573206961458	1.0
CUX1 (MA0754.3)	AATCRAT	AAATCAATA	YAATCRATA	9	10	405	2.47	6.035	0.41	10	0.08	0.214	8.974	0.9997213225874315	1.0
NRL (MA0842.3)	TGCTGAC	AATTTGCTTAYK	WWWDTGCTGACR	12	10	405	2.47	6.074	0.41	10	0.08	0.216	8.298	0.9997499011652966	1.0
Plagl1 (MA1615.2)	GGGGCCA	AGGGGCCA	WGGGGCCA	8	8	405	1.98	4.76	0.41	8	0.07	0.163	8.476	0.9988171104906043	1.0
SREBF1 (MA0829.3)	TCACSTGA	ATCACCAGAT	RTCACSTGAY	10	8	405	1.98	4.83	0.41	9	0.07	0.217	8.071	0.9990217591080298	1.0
SATB1 (MA1963.2)	CTAATAA	CTAATAA	CTAATAA	7	7	405	1.73	4.257	0.41	7	0.06	0.148	9.395	0.9983154194709003	1.0
TP63 (MA0525.2)	ACATGTYRKRACATGT	AACAWBTTRYRAMMWKWD	RACATGTYRKRACATGTM	18	7	405	1.73	4.198	0.41	7	0.06	0.211	3.728	0.9980136576722909	1.0
ZNF682 (MA1599.2)	GCYAAGCCCC	GWSTAAGCCCC	RGCYAAGCCCC	11	6	405	1.48	3.605	0.41	6	0.05	0.125	10.783	0.9963822482932155	1.0
NR6A1 (MA1541.2)	AAGKTCAAG	YRWGTTCAADTKNR	SAAGKTCAAGKKYR	14	13	405	3.21	8.01	0.4	16	0.13	0.296	8.906	0.9999738044016858	1.0
NKX2-8 (MA0673.2)	CACTY	CCACTTRA	VCACTYSW	8	12	405	2.96	7.328	0.4	12	0.1	0.26	8.45	0.9999383657170016	1.0
GATA2 (MA0036.4)	TTATC	CTTATCT	YTTATCT	7	6	405	1.48	3.723	0.4	6	0.05	0.129	9.0	0.9974126533225594	1.0
NFKB1 (MA0105.4)	GGGGAWTCCCC	WGGKGAWTCMYCH	MGGGGAWTCCCCK	13	5	405	1.23	3.062	0.4	7	0.06	0.181	11.192	0.9942751928161747	1.0
FLI1 (MA0475.3)	CCGGAA	DCCGGAAAB	ACCGGAARY	9	4	405	0.99	2.449	0.4	4	0.03	0.085	8.711	0.9889465264184202	1.0
NKX2-5 (MA0063.3)	CACTCAA	CACTYAA	CACTCAA	7	17	405	4.2	10.627	0.39	17	0.14	0.393	9.011	0.9999989085526617	1.0
NFYC (MA1644.2)	CCAATCA	CCAATCA	CCAATCA	7	10	405	2.47	6.272	0.39	10	0.08	0.221	9.012	0.9998552466984834	1.0
Bach1::Mafk (MA0591.2)	TGACTCAGCA	CMTGACTMAGCH	SRTGACTCAGCA	12	8	405	1.98	5.047	0.39	8	0.07	0.178	8.217	0.9994663384249977	1.0
CTCF (MA1930.2)	TGCAVTDHHVVVHHHHDDCCWSYAGRKGG	RWRHWGHKYNGNVTGDVSNMCWSWRGRGGBCWV	BTGCAVTDHHVVVHHHHDDCCWSYAGRKGGMRS	33	6	405	1.48	3.832	0.39	6	0.05	0.131	8.886	0.9981050007998296	1.0
NHLH2 (MA1529.2)	CAGCTGCG	SDBCBCAGCTGBGCHB	DRHMKCAGCTGCGYMM	16	4	405	0.99	2.509	0.39	5	0.04	0.112	10.375	0.9907312965519993	1.0
PAX1 (MA0779.2)	GTCACGCWTSAVT	GKHCACKSAYGAGTGG	SGTCACGCWTSAVTKM	16	4	405	0.99	2.558	0.39	4	0.03	0.086	7.893	0.9920051362315587	1.0
ZIM3 (MA1709.2)	AACAGAAABC	MAACAGAAWMY	MAACAGAAABC	11	18	405	4.44	11.714	0.38	18	0.15	0.441	8.614	0.9999998596452234	1.0
MAF::NFE2 (MA0501.2)	TGACTCAGCA	ATGACWMWGCM	RTGACTCAGCA	11	11	405	2.72	7.072	0.38	12	0.1	0.249	8.503	0.9999557013206977	1.0
TCF4 (MA0830.3)	CACCTG	GCACCTGT	SCACCTGS	8	7	405	1.73	4.602	0.38	7	0.06	0.162	8.313	0.9993693441186879	1.0
ZNF135 (MA1587.1)	CTCGACCTCC	MSTKGACCTCCTKS	YCTCGACCTCCYRR	14	6	405	1.48	3.862	0.38	6	0.05	0.134	8.62	0.9982604527372594	1.0
MYF5 (MA1641.2)	CAGCTG	HCAGCTGD	RCAGCTGY	8	5	405	1.23	3.249	0.38	10	0.08	0.222	8.645	0.996687726707296	1.0
Ptf1A (MA1619.2)	CAGCTG	MCAGCTGD	RCAGCTGY	8	5	405	1.23	3.249	0.38	8	0.07	0.188	8.641	0.996687726707296	1.0
Bcl11B (MA1989.2)	ACCACA	AAACCACAR	WAACCACAR	9	17	405	4.2	11.496	0.37	17	0.14	0.423	10.732	0.9999999116926284	1.0
NFATC4 (MA1525.3)	GGAAA	KTGGAAAMW	RYGGAAAMW	9	17	405	4.2	11.437	0.37	17	0.14	0.41	9.753	0.9999998947656061	1.0
Nkx3-2 (MA0122.4)	CACTTA	WYCCACTTAW	WWMCACTTAW	10	11	405	2.72	7.378	0.37	11	0.09	0.263	9.415	0.9999815532940433	1.0
RREB1 (MA0073.2)	MCMCMAMMCAMCMMC	CMMMCAMACAMACAMWYHV	MCMCMAMMCAMCMMCMMMS	19	11	405	2.72	7.378	0.37	15	0.12	0.313	7.719	0.9999815532940433	1.0
TFAP4 (MA1570.1)	CAYRTG	AACATATGKW	RHCAYRTGKY	10	11	405	2.72	7.427	0.37	14	0.11	0.455	8.565	0.9999840135249187	1.0
Alx1 (MA0854.2)	TAATTA	TYAATTRA	YTAATTAR	8	10	405	2.47	6.706	0.37	20	0.16	0.47	7.224	0.999957922616085	1.0
ZKSCAN1 (MA1585.2)	AGTAGG	AGAGTAGGT	AYAGTAGGY	9	6	405	1.48	3.99	0.37	6	0.05	0.135	8.746	0.9988033192950205	1.0
ETV5::FOXO1 (MA1947.2)	AACAGGA	RRAAACAGGW	RWMAACAGGA	10	14	405	3.46	9.56	0.36	14	0.11	0.342	10.358	0.999999081864507	1.0
ZNF675 (MA1714.2)	GRGGMYARAAYG	DVWHVRRGARKANRAAAWG	KGVHYVRGRGGMYARAAYG	19	13	405	3.21	8.998	0.36	13	0.11	0.32	8.291	0.9999984496914434	1.0
IRF9 (MA0653.1)	AWCGAAACCGAAAC	ANKGAAAMMGAAAMK	AWCGAAACCGAAACY	15	11	405	2.72	7.595	0.36	12	0.1	0.273	2.409	0.999990210045232	1.0
ZNF669 (MA1985.1)	GGSYGAYGMCC	RGGCAGATGCCCAGR	DGGSYGAYGMCCRBB	15	3	405	0.74	2.084	0.36	3	0.02	0.07	8.214	0.9901094600456679	1.0
HINFP (MA0131.3)	CGTCCGC		RCGTCCGC	8	1	405	0.25	0.681	0.36	1	0.01	0.023	8.072	0.9363696735994095	1.0
KLF15 (MA1513.2)	CCCGCCC		SCCCGCCC	8	1	405	0.25	0.691	0.36	1	0.01	0.023	9.152	0.9388333717057421	1.0
THAP1 (MA0597.3)	AGGGCA	GAAGGGCA	SSAGGGCA	8	10	405	2.47	7.062	0.35	10	0.08	0.248	8.055	0.9999851544649128	1.0
HOXC13 (MA0907.2)	CTCGTAAA	MTCRTAAAA	CTCGTAAAW	9	8	405	1.98	5.669	0.35	8	0.07	0.196	9.981	0.9999121749498335	1.0
HOXD11 (MA0908.2)	TCGTAAA	ATCRTAAAA	RTCGTAAAW	9	8	405	1.98	5.709	0.35	8	0.07	0.2	10.06	0.9999219308814336	1.0
Hoxa11 (MA0911.2)	TCRTWAA	MTCRTAAAA	RTCRTWAAW	9	6	405	1.48	4.257	0.35	6	0.05	0.149	9.493	0.9994582597782308	1.0
ZNF263 (MA0528.3)	GGGAGGA	GGGAGGA	GGGAGGA	7	6	405	1.48	4.267	0.35	6	0.05	0.149	9.258	0.9994741325602771	1.0
Foxn1 (MA1684.1)	GAMGC	GGACGC	RGAMGC	6	3	405	0.74	2.143	0.35	3	0.02	0.073	7.027	0.9918211516403345	1.0
GLIS1 (MA0735.2)	GACCCCCCACGWWG	RGMCCCKTCACGAMK	MGACCCCCCACGWWG	15	3	405	0.74	2.094	0.35	3	0.02	0.071	-4.874	0.990416904485368	1.0
MYBL2 (MA0777.1)	CCGTTWAAC	MWCDGTTAAACTGYT	RRCCGTTWAACBGYY	15	3	405	0.74	2.133	0.35	4	0.03	0.099	7.322	0.9915571928284315	1.0
XBP1 (MA0844.2)	CACGTCA		KMCACGTCAKY	11	2	405	0.49	1.393	0.35	2	0.02	0.047	7.343	0.9760159338082346	1.0
IRF7 (MA0772.2)	CGAAARYGAAA	SDAAAWYGAAARD	CGAAARYGAAAVW	13	14	405	3.46	10.084	0.34	15	0.12	0.366	8.079	0.9999998078576724	1.0
THRB (MA1574.2)	GGTCARAGGT	RGKKYAAAGKTHR	RGGTCARAGGTYR	13	9	405	2.22	6.469	0.34	9	0.07	0.234	11.314	0.9999734196492351	1.0
BHLHA15 (MA0607.2)	CATATG	WACATATGTW	RMCATATGKY	10	8	405	1.98	5.877	0.34	16	0.13	0.405	8.157	0.9999528562076881	1.0
FOSB::JUNB (MA1135.2)	TGASTCA	ATGAYTMAK	RTGASTCAY	9	8	405	1.98	5.827	0.34	9	0.07	0.287	9.166	0.9999452811976439	1.0
Tcf21 (MA0832.2)	AACAGCTGTT	RMCAGBTGKY	AACAGCTGTT	10	7	405	1.73	5.146	0.34	9	0.07	0.251	7.18	0.9998739750918446	1.0
NHLH1 (MA0048.3)	CAGCTG	CVCAGCTGM	MRCAGCTGY	9	4	405	0.99	2.864	0.34	5	0.04	0.118	8.691	0.9968679215798086	1.0
ELK3 (MA0759.3)	CCGGAAGT		RCCGGAAGT	9	2	405	0.49	1.452	0.34	2	0.02	0.049	8.782	0.9804224972794419	1.0
Elf5 (MA0136.4)	AGGAAG	AAGGAART	MAGGAAGW	8	14	405	3.46	10.4	0.33	14	0.11	0.379	8.442	0.9999999268816501	1.0
ATF2 (MA1632.2)	ATGABGTCA	ATKATGTCAT	ATGABGTCAY	10	10	405	2.47	7.546	0.33	11	0.09	0.298	9.152	0.9999965489665943	1.0
Prdm5 (MA1999.2)	TCTCC	STTCYCCATST	GYTCTCCAKYY	11	10	405	2.47	7.516	0.33	10	0.08	0.265	8.383	0.9999962216364217	1.0
ETV5::FOXI1 (MA1946.2)	GKMAACMGGAWG	VRMMACAGGAWG	GKMAACMGGAWG	12	9	405	2.22	6.706	0.33	9	0.07	0.236	9.286	0.9999869949971145	1.0
ZNF684 (MA1600.2)	ACAGTCCACCCCWT	WCWGTCCWTCCCWT	ACAGTCCACCCCWT	14	9	405	2.22	6.716	0.33	9	0.07	0.232	5.373	0.9999873797786282	1.0
BHLHE23 (MA0817.2)	AMCATATG	WACATATGTW	AMCATATGKY	10	8	405	1.98	6.025	0.33	15	0.12	0.334	8.794	0.9999699459101021	1.0
HOXC10 (MA0905.2)	TCRTWAA	MTCRTAAAA	RTCRTWAAW	9	8	405	1.98	5.916	0.33	8	0.07	0.208	9.245	0.9999581700608707	1.0
OLIG1 (MA0826.1)	AMCATATG	WACATATGTW	AMCATATGKT	10	8	405	1.98	5.916	0.33	15	0.12	0.374	8.67	0.9999581700608707	1.0
NR1D1 (MA1531.2)	GGTYASTRGGTCA	AGGGCTCTAGGHCA	RGGTYASTRGGTCA	14	7	405	1.73	5.205	0.33	7	0.06	0.182	6.715	0.9998947469291378	1.0
BARX1 (MA0875.2)	ATTA	CAATTA	YMATTA	6	27	405	6.67	20.82	0.32	28	0.23	0.852	7.152	0.9999999999999983	1.0
BSX (MA0876.2)	ATTA	CAATTA	YVATTA	6	27	405	6.67	20.82	0.32	28	0.23	0.852	6.838	0.9999999999999983	1.0
DLX1 (MA0879.3)	ATTA	CAATTA	YMATTA	6	27	405	6.67	20.82	0.32	28	0.23	0.852	7.213	0.9999999999999983	1.0
DLX6 (MA0882.2)	AATTA	CAATTA	YAATTA	6	27	405	6.67	20.82	0.32	28	0.23	0.852	7.181	0.9999999999999983	1.0
Dlx3 (MA0880.2)	ATTA	CAATTA	YAATTA	6	27	405	6.67	20.82	0.32	28	0.23	0.852	6.928	0.9999999999999983	1.0
Dlx4 (MA0881.2)	ATTA	CAATTA	YAATTA	6	27	405	6.67	20.82	0.32	28	0.23	0.852	7.066	0.9999999999999983	1.0
GBX2 (MA0890.2)	AATTA	CAATTA	YAATTA	6	27	405	6.67	20.82	0.32	28	0.23	0.852	7.552	0.9999999999999983	1.0
HESX1 (MA0894.2)	TAATT	TAATTG	TAATTR	6	27	405	6.67	20.82	0.32	28	0.23	0.852	7.575	0.9999999999999983	1.0
HOXA7 (MA1498.3)	ATTA	CAATTA	YMATTA	6	27	405	6.67	20.82	0.32	28	0.23	0.852	6.459	0.9999999999999983	1.0
LBX2 (MA0699.2)	AATTA	CAATTA	YAATTA	6	27	405	6.67	20.82	0.32	28	0.23	0.852	6.903	0.9999999999999983	1.0
LHX2 (MA0700.3)	CAATTA	CAATTA	CAATTA	6	27	405	6.67	20.82	0.32	28	0.23	0.852	7.995	0.9999999999999983	1.0
MSX1 (MA0666.3)	AATTA	CAATTA	YAATTA	6	27	405	6.67	20.82	0.32	28	0.23	0.852	7.752	0.9999999999999983	1.0
MSX2 (MA0708.3)	AATTA	CAATTA	YAATTA	6	27	405	6.67	20.82	0.32	28	0.23	0.852	7.715	0.9999999999999983	1.0
Msx3 (MA0709.2)	AATTA	CAATTA	YAATTA	6	27	405	6.67	20.82	0.32	28	0.23	0.852	7.743	0.9999999999999983	1.0
Nobox (MA0125.2)	TAATT	TAATTG	TAATTR	6	27	405	6.67	20.82	0.32	28	0.23	0.852	7.32	0.9999999999999983	1.0
RAX (MA0718.2)	AATTA	CAATTA	YAATTA	6	27	405	6.67	20.82	0.32	28	0.23	0.852	7.35	0.9999999999999983	1.0
RAX2 (MA0717.2)	ATTA	CAATTA	YAATTA	6	27	405	6.67	20.82	0.32	28	0.23	0.852	6.792	0.9999999999999983	1.0
SHOX (MA0630.2)	TAAT	TAATTG	TAATTR	6	27	405	6.67	20.82	0.32	28	0.23	0.852	6.846	0.9999999999999983	1.0
TCF7L1 (MA1421.1)	AGATCAAAG	WRAKWTCAAAKK	WAAGATCAAAGR	12	15	405	3.7	11.427	0.32	16	0.13	0.424	9.264	0.9999999897424798	1.0
Prdm15 (MA1616.2)	AAAACCYGG	SAARTCCTGGA	BAAAACCYGGM	11	12	405	2.96	9.195	0.32	12	0.1	0.333	9.456	0.999999742344906	1.0
FOS::JUND (MA1141.2)	TGAGTCA	MTKARTCAT	RTGAGTCAY	9	9	405	2.22	6.963	0.32	10	0.08	0.29	9.124	0.9999940807652492	1.0
FOSL1::JUNB (MA1137.2)	TGASTMA	ATGAYTMAK	RTGASTMAY	9	9	405	2.22	6.923	0.32	10	0.08	0.307	8.944	0.999993313183254	1.0
SP4 (MA0685.2)	GGGMGGRG	GGGGAGGDG	KGGGMGGRG	9	5	405	1.23	3.881	0.32	5	0.04	0.134	10.243	0.9995178007601186	1.0
ETV6 (MA0645.2)	GGAAGT	CMGGAAGTW	SMGGAAGTR	9	4	405	0.99	3.131	0.32	4	0.03	0.106	8.921	0.9986503177111524	1.0
MEIS1 (MA0498.3)	TGACA	TGACA	TGACA	5	66	405	16.3	53.323	0.31	71	0.58	3.206	6.494	1.0	1.0
ISL2 (MA0914.2)	CAMTTA	CACTTA	CAMTTA	6	18	405	4.44	14.449	0.31	18	0.15	0.546	7.003	0.9999999999715659	1.0
Sox11 (MA0869.3)	ACAAAG	RMACAAAG	GAACAAAG	8	14	405	3.46	11.022	0.31	14	0.11	0.402	8.409	0.9999999895689796	1.0
NFYA (MA0060.4)	CCAATCA	CCAATCAY	CCAATCAS	8	10	405	2.47	7.881	0.31	10	0.08	0.281	10.035	0.9999987779878833	1.0
MGA (MA0801.1)	GTGTGA	WSGTGTGA	RGGTGTGA	8	9	405	2.22	7.23	0.31	9	0.07	0.252	7.863	0.9999974207214692	1.0
BHLHE22 (MA1635.2)	CAGCTG	CAGCTG	CAGCTG	6	8	405	1.98	6.291	0.31	16	0.13	0.441	8.297	0.9999867894764557	1.0
Neurod2 (MA1993.2)	CAGCTG	CAGCTG	CAGCTG	6	8	405	1.98	6.291	0.31	16	0.13	0.441	8.284	0.9999867894764557	1.0
Olig2 (MA1997.2)	CAGCTG	CAGCTG	CAGCTG	6	8	405	1.98	6.291	0.31	16	0.13	0.441	8.263	0.9999867894764557	1.0
Tcf12 (MA0521.3)	CAGCTG	CAGCTG	CAGCTG	6	8	405	1.98	6.291	0.31	16	0.13	0.441	8.117	0.9999867894764557	1.0
Twist2 (MA0633.3)	CAGCTG	CAGCTG	CAGCTG	6	8	405	1.98	6.291	0.31	16	0.13	0.441	8.281	0.9999867894764557	1.0
INSM1 (MA0155.1)	TGYMWGGGG	KGKMWGGGGGWR	TGYMWGGGGKYR	12	7	405	1.73	5.541	0.31	7	0.06	0.192	9.59	0.9999626386143574	1.0
MSC (MA0665.1)	ACAGCTGTT	RCCASCTGTY	RACAGCTGTT	10	7	405	1.73	5.59	0.31	7	0.06	0.268	9.104	0.9999679837115076	1.0
HOXB9 (MA1503.2)	TCRTAAA	MTCRTAAAA	RTCRTAAAW	9	6	405	1.48	4.84	0.31	6	0.05	0.169	9.975	0.9999102008441197	1.0
HOXC12 (MA0906.2)	TCGTAAA	AATHRTAAAA	RRTCGTAAAA	10	6	405	1.48	4.76	0.31	6	0.05	0.165	10.558	0.9998848668097168	1.0
HOXC9 (MA0485.3)	TCGTAAA	MTCRTAAAA	RTCGTAAAW	9	6	405	1.48	4.84	0.31	6	0.05	0.169	10.122	0.9999102008441197	1.0
ETV5 (MA0765.4)	CCGGAAGT		RCCGGAAGT	9	2	405	0.49	1.59	0.31	2	0.02	0.055	9.458	0.9878702855326285	1.0
ZNF354C (MA0130.1)	CCAC	ATCCAC	MWCCAC	6	18	405	4.44	14.696	0.3	18	0.15	0.55	6.856	0.9999999999874446	1.0
JUN (MA0488.2)	ATGAKGTMA	ATKATGTMAT	ATGAKGTMAT	10	10	405	2.47	8.316	0.3	10	0.08	0.301	11.495	0.9999996903026351	1.0
MAFF (MA0495.4)	TCAGCA	GTMAGCWWRTT	STCAGCAWWWW	11	10	405	2.47	8.178	0.3	10	0.08	0.292	7.579	0.999999519035986	1.0
ZNF16 (MA1654.2)	GGGAGCCAYKGRRGG	RSTBGKGAGCCMMKGMNGKKK	AVKRGGGAGCCAYKGRRGGYK	21	8	405	1.98	6.519	0.3	8	0.07	0.229	5.171	0.9999935143946826	1.0
BHLHE22 (MA0818.2)	AMCATATG	WACATATGTW	AMCATATGKY	10	7	405	1.73	5.788	0.3	14	0.11	0.331	8.365	0.99998282244328	1.0
Ebf4 (MA2122.1)	CCCAGGGGA	KSYCMAGGGGM	KYCCCAGGGGA	11	6	405	1.48	4.968	0.3	6	0.05	0.204	8.453	0.999940215620338	1.0
REST (MA0138.3)	CAGSACCWYGGACAG	KCAVMACMMNGGAVAGMNVY	YCAGSACCWYGGACAGMKSY	20	6	405	1.48	4.879	0.3	6	0.05	0.167	8.537	0.9999207357547379	1.0
ZNF281 (MA1630.3)	GGGGGMGGGG	GGRGGARGRR	GGGGGMGGGG	10	6	405	1.48	4.938	0.3	6	0.05	0.173	9.762	0.9999343096548633	1.0
E2F4 (MA0470.3)	TGGCGCS		WWKTGGCGCSMWW	13	1	405	0.25	0.81	0.3	1	0.01	0.035	6.721	0.961929491529079	1.0
FIGLA (MA0820.2)	CACCTG	CACCTG	CACCTG	6	18	405	4.44	15.111	0.29	18	0.15	0.582	7.729	0.9999999999968738	1.0
ZEB1 (MA0103.4)	CACCTG	CACCTG	CACCTG	6	18	405	4.44	15.111	0.29	18	0.15	0.582	8.12	0.9999999999968738	1.0
CDX4 (MA1473.2)	GYMATAAA	RYMATAAAM	GYMATAAAM	9	12	405	2.96	10.38	0.29	12	0.1	0.379	10.65	0.9999999941585029	1.0
ETV2::FOXI1 (MA1942.2)	ACAGGAWR	MWACAGKAAGS	MRACAGGAWRY	11	10	405	2.47	8.514	0.29	10	0.08	0.299	8.73	0.9999998357557813	1.0
FOSL1::JUN (MA1128.2)	TGACTCA	ATGAYTMAK	RTGACTCAY	9	9	405	2.22	7.605	0.29	9	0.07	0.277	9.124	0.999999215953489	1.0
FOSL1::JUND (MA1142.2)	TGASKMA	ATGACTAA	RTGASKMA	8	8	405	1.98	6.854	0.29	8	0.07	0.26	7.656	0.9999977742268726	1.0
THRB (MA1576.2)	TSACCTBRSRTGACCTYA	TSWYSWGAMSKGHCCTCR	TSACCTBRSRTGACCTYA	18	7	405	1.73	6.005	0.29	7	0.06	0.213	7.026	0.9999914178768295	1.0
CTCF (MA0139.2)	CCASYAGRKGGC	ACCWCMAGRGGRVNM	RCCASYAGRKGGCRS	15	5	405	1.23	4.207	0.29	5	0.04	0.149	8.327	0.9998290034295619	1.0
Ar (MA0007.4)	RGWACAYVRTGTWC	RRGYMSADDHTSTDCC	RRGWACAYVRTGTWCY	16	4	405	0.99	3.417	0.29	6	0.05	0.177	6.82	0.9994659671484156	1.0
ERF (MA0760.2)	ACCGGAART	ACVGGAARK	ACCGGAART	9	3	405	0.74	2.538	0.29	3	0.02	0.087	8.1	0.9977662582323147	1.0
SPDEF (MA0686.2)	AMCCGGATRT	ACSMGGAWRY	AMCCGGATRT	10	3	405	0.74	2.558	0.29	3	0.02	0.087	8.711	0.9979092823831417	1.0
ZSCAN29 (MA1602.2)	GTCTACRC	YGTCYATGCAS	YGTCTACRCVG	11	3	405	0.74	2.538	0.29	3	0.02	0.086	7.1	0.9977662582323147	1.0
MXI1 (MA1108.3)	CACATG	CACATG	CACATG	6	25	405	6.17	22.183	0.28	25	0.2	0.911	8.123	1.0	1.0
ZNF582 (MA1983.2)	TTACTTGCAGCYVA	TRTKTTCCTTGMRSCCARW	YYYBTTACTTGCAGCYVAA	19	9	405	2.22	8.079	0.28	9	0.07	0.287	9.387	0.9999998315853699	1.0
JUN::JUNB (MA1132.2)	TGACKMA	ATGACTAA	RTGACKMA	8	6	405	1.48	5.304	0.28	6	0.05	0.183	7.764	0.999979710893159	1.0
Bhlha15 (MA1472.3)	CAGCTG	MCAGCTGK	MCAGCTGK	8	3	405	0.74	2.667	0.28	6	0.05	0.179	8.605	0.9985499220746984	1.0
SP5 (MA1965.2)	CCTCCC	CCTCCC	CCTCCC	6	14	405	3.46	12.81	0.27	14	0.11	0.474	8.267	0.9999999999713468	1.0
ZNF766 (MA2098.1)	AAKAAACC	AWGAAACCT	AAKAAACCY	9	10	405	2.47	9.156	0.27	10	0.08	0.334	10.991	0.9999999799472368	1.0
RORC (MA1151.2)	AWBTRGGKCA	AARKRGGTCA	AWBTRGGKCA	10	9	405	2.22	8.296	0.27	9	0.07	0.296	9.828	0.9999999177640985	1.0
OLIG2 (MA0678.1)	CATATG	WACATATGTW	AMCATATGKY	10	8	405	1.98	7.19	0.27	16	0.13	0.382	8.505	0.9999992512545054	1.0
OLIG3 (MA0827.1)	CATATG	WACATATGTW	RMCATATGBY	10	8	405	1.98	7.19	0.27	16	0.13	0.379	8.667	0.9999992512545054	1.0
NEUROG1 (MA0623.2)	CATATG	WACATATGTW	RMCATATGKY	10	7	405	1.73	6.321	0.27	14	0.11	0.352	8.749	0.9999969215685536	1.0
FOSL2::JUN (MA1130.2)	TGASTCA	RTKARTCAT	RTGASTCAY	9	6	405	1.48	5.531	0.27	8	0.07	0.277	8.93	0.9999903569156142	1.0
HOXD12::ELK1 (MA1958.2)	CGGAAGTYGTAAA	VGGAARWNGKWAA	CGGAAGTYGTAAA	13	6	405	1.48	5.462	0.27	6	0.05	0.19	5.19	0.9999878943184225	1.0
HOXD10 (MA1506.2)	TCGTAAA	AATCRTAAAA	RGTCGTAAAA	10	5	405	1.23	4.583	0.27	5	0.04	0.161	10.183	0.9999497423361373	1.0
NR3C2 (MA0727.2)	GWACAYDRTGTWC	RGNASAWVWTGTMCY	RGWACAYDRTGTWCY	15	4	405	0.99	3.625	0.27	7	0.06	0.216	5.114	0.999730694319798	1.0
CEBPE (MA0837.3)	TTGCGCAA	VTTRYRYAAB	RTTGCGCAAY	10	3	405	0.74	2.756	0.27	6	0.05	0.19	7.123	0.99892760348087	1.0
ELK1 (MA0028.3)	CCGGAAGT		RCCGGAAGT	9	2	405	0.49	1.798	0.27	2	0.02	0.062	9.578	0.9941528459412113	1.0
ELK1::SREBF2 (MA1933.2)	CGGAAGTSRCGTG		SCGGAAGTSRCGTGA	15	2	405	0.49	1.857	0.27	2	0.02	0.064	8.896	0.9952639629393372	1.0
SPIB (MA0081.3)	CACTTCC	TCWYTTCCYYWYY	YCACTTCCYYWYY	13	10	405	2.47	9.343	0.26	11	0.09	0.331	8.997	0.9999999892793405	1.0
ATOH7 (MA1468.1)	CATMTG	YACATATGTT	RVCATMTGKY	10	8	405	1.98	7.664	0.26	8	0.07	0.333	8.861	0.9999998441800002	1.0
NR1I3 (MA1534.2)	TGAACT	TGAACTTW	TGAACTHW	8	8	405	1.98	7.565	0.26	8	0.07	0.271	9.416	0.9999997832709687	1.0
GATA6 (MA1104.3)	TTATC	NCTTATCT	YCTTATCT	8	7	405	1.73	6.657	0.26	7	0.06	0.236	8.424	0.999998984179279	1.0
TBX1 (MA0805.1)	AGGTGTGA	ASGTGTSA	AGGTGTGA	8	7	405	1.73	6.765	0.26	7	0.06	0.237	7.676	0.9999992932373117	1.0
FOSL2::JUNB (MA1138.2)	TGASTCA	ATGAYTMAT	RTGASTCAY	9	6	405	1.48	5.788	0.26	8	0.07	0.302	9.099	0.9999958885037562	1.0
Nkx2-1 (MA1994.2)	CACTTGA	CACTTGA	CACTTGA	7	6	405	1.48	5.64	0.26	6	0.05	0.197	9.189	0.9999932668275069	1.0
Zic2 (MA1629.2)	CWCAGCAGG	CASAGCAGG	CWCAGCAGG	9	6	405	1.48	5.709	0.26	6	0.05	0.198	11.324	0.9999946486612743	1.0
ASCL1 (MA1631.2)	CACCTGC	CCACCTGTC	VCACCTGCY	9	5	405	1.23	4.82	0.26	5	0.04	0.171	8.176	0.9999771588653419	1.0
Zic1::Zic2 (MA1628.2)	CAGCAGG	CAGCAGG	CAGCAGG	7	4	405	0.99	3.783	0.26	4	0.03	0.128	9.314	0.9998412308992827	1.0
Zic3 (MA0697.3)	CAGCAGG	CAGCAGG	CAGCAGG	7	4	405	0.99	3.783	0.26	4	0.03	0.128	9.169	0.9998412308992827	1.0
ETV4 (MA0764.4)	CCGGA		RCCGGAAGY	9	2	405	0.49	1.896	0.26	2	0.02	0.064	9.053	0.995886871282745	1.0
Pax7 (MA0680.3)	AATCAATT	WAMTHAATTW	WAATCAATTA	10	12	405	2.96	12.04	0.25	13	0.11	0.515	11.271	0.9999999999790355	1.0
ESRRA (MA0592.4)	CAAGGTCA	TAAAGGTCA	YCAAGGTCA	9	8	405	1.98	8.0	0.25	8	0.07	0.285	8.26	0.9999999498068257	1.0
SCRT1 (MA0743.3)	CAACAGGT	YSAACARGTB	KCAACAGGTK	10	8	405	1.98	7.783	0.25	9	0.07	0.278	10.673	0.9999998953312281	1.0
TBX21 (MA0690.3)	TCACACCT	YTCACACSTT	TTCACACCTY	10	8	405	1.98	7.872	0.25	8	0.07	0.279	8.958	0.9999999224446399	1.0
FOS::JUNB (MA1134.2)	TGASTCA	RTKARTCAT	RTGASTCAY	9	6	405	1.48	5.827	0.25	7	0.06	0.297	8.94	0.9999963976189833	1.0
FOSL2::JUND (MA1144.2)	TGASTCA	ATGAYTMAY	RTGASTCAY	9	6	405	1.48	5.827	0.25	7	0.06	0.297	8.929	0.9999963976189833	1.0
PPARG (MA0066.2)	TRGGTCANBDTSACCYA	CAGGGATGGGTGACCTACT	TRGGTCANBDTSACCYANW	19	6	405	1.48	6.025	0.25	6	0.05	0.242	7.722	0.9999981473559552	1.0
HOXB8 (MA1502.2)	YMATTA	GCAATTA	KYMATTA	7	5	405	1.23	4.958	0.25	5	0.04	0.172	7.926	0.9999856535354215	1.0
HOXD8 (MA0910.3)	YMATTA	GCAATTA	RYMATTA	7	5	405	1.23	4.958	0.25	5	0.04	0.172	7.934	0.9999856535354215	1.0
ETV2 (MA0762.2)	ACCGGAAR	ACAGGAAAB	ACCGGAARY	9	4	405	0.99	4.02	0.25	4	0.03	0.137	9.074	0.9999288573680081	1.0
RARG (MA1553.2)	GKTCATGACC	AAGTTGTGACCTT	RGKTCATGACCYY	13	4	405	0.99	4.01	0.25	4	0.03	0.198	7.482	0.9999264204300193	1.0
ELK1::HOXA1 (MA1931.1)	CGGAAG	HCYGGAAGYHRKKS	WSCGGAAGTMAKTW	14	3	405	0.74	2.943	0.25	3	0.02	0.1	8.247	0.9994364884187911	1.0
RFX7 (MA1554.2)	GTTRC	YGTTRCYA	SGTTRCYR	8	3	405	0.74	2.983	0.25	3	0.02	0.101	8.401	0.9995084032495563	1.0
ASCL1 (MA1100.3)	CASSTG	RCAGCTGB	RCASSTGY	8	2	405	0.49	1.985	0.25	3	0.02	0.112	8.226	0.9970094275700946	1.0
FEV (MA0156.4)	ACCGGAAGT		ACCGGAAGT	9	2	405	0.49	1.946	0.25	2	0.02	0.067	8.64	0.9965535077126748	1.0
RUNX3 (MA0684.3)	ACCWCA	AACCACAA	RACCWCAR	8	8	405	1.98	8.109	0.24	8	0.07	0.295	8.519	0.999999965331168	1.0
NR1D2 (MA1532.2)	TRGGTYAGTRGGTCA	TAGGGCTCTAGGCCA	TRGGTYAGTRGGTCA	15	6	405	1.48	6.064	0.24	6	0.05	0.215	7.729	0.9999983793454531	1.0
ETV2::DRGX (MA1940.2)	CGGAWRYRATTA	MGGATDTAATAA	CGGAWRYRATTA	12	5	405	1.23	5.156	0.24	5	0.04	0.181	9.569	0.9999926622483515	1.0
TFEB (MA0692.2)	CACRTG	CACATGAC	CACRTGMY	8	5	405	1.23	5.057	0.24	5	0.04	0.182	8.899	0.999989730837437	1.0
Tfcp2l1 (MA0145.2)	CCRGYYHVRDCCRG	CCAGWNKBDDCYRG	CCRGYYHVRDCCRG	14	4	405	0.99	4.099	0.24	5	0.04	0.153	9.001	0.9999456990263667	1.0
ZNF417 (MA1727.2)	GGCGCCA	GGTGCCA	GGCGCCA	7	4	405	0.99	4.188	0.24	4	0.03	0.149	9.556	0.9999599882386853	1.0
ETS1 (MA0098.4)	CCGGAW	DCMGGAARY	RCCGGAWRY	9	3	405	0.74	3.101	0.24	3	0.02	0.106	8.37	0.9996742999883265	1.0
GLIS2 (MA0736.1)	ACCCCCCRCRDHG	BRCCCCACRYDDVK	KACCCCCCRCRDHG	14	3	405	0.74	3.151	0.24	3	0.02	0.107	7.492	0.9997258856450935	1.0
RFX3 (MA0798.3)	GTTRCCATGGCAAC	VGTDGBYWTRGMAACT	SGTTRCCATGGCAACS	16	3	405	0.74	3.101	0.24	4	0.03	0.149	4.253	0.9996742999883265	1.0
ZNF524 (MA2096.1)	TCGVACCC	YTTGRACCC	YTCGVACCC	9	3	405	0.74	3.042	0.24	3	0.02	0.104	8.132	0.9995997039954589	1.0
KLF12 (MA0742.2)	GGGCGKGG		KGGGCGKGG	9	2	405	0.49	2.025	0.24	2	0.02	0.069	8.548	0.9974059978478276	1.0
RFX4 (MA0799.3)	GTTGCYWRGCAAC	GTTDCTNAGHAAC	GTTGCYWRGCAAC	13	2	405	0.49	2.054	0.24	4	0.03	0.134	6.287	0.9976690689920297	1.0
Sox1 (MA0870.1)	ACAATWVCATTGT	VNCAMWWVNAKTGNK	MACAATWVCATTGTY	15	9	405	2.22	9.64	0.23	10	0.08	0.416	6.423	0.9999999991580002	1.0
Rarb (MA0857.1)	AGGTCAAAAGGTCA	KRASKYMARAAGGTYA	WAAGGTCAAAAGGTCA	16	8	405	1.98	8.563	0.23	9	0.07	0.309	4.978	0.9999999927535321	1.0
Tbx6 (MA1567.3)	GGTGTGAA	WGGTGWGAR	RGGTGTGAA	9	8	405	1.98	8.593	0.23	8	0.07	0.308	8.494	0.9999999934631669	1.0
MAFG::NFE2L1 (MA0089.3)	ATGACTCAGCA	VTGACTMAGCM	ATGACTCAGCA	11	7	405	1.73	7.556	0.23	7	0.06	0.267	8.298	0.9999999521830656	1.0
MZF1 (MA0056.3)	ATCCCC	AATCCCCM	MATCCCCW	8	7	405	1.73	7.546	0.23	7	0.06	0.262	10.077	0.9999999505178052	1.0
FOS::JUN (MA0099.4)	TGASTCA	RTKARTCAT	RTGASTCAY	9	6	405	1.48	6.341	0.23	7	0.06	0.293	8.962	0.9999993691792635	1.0
DUXA (MA0884.2)	TRAYTWARTYA	YTRATTNAATYAR	YTRAYTWARTYAR	13	5	405	1.23	5.452	0.23	12	0.1	0.38	7.21	0.9999973498555846	1.0
GATA5 (MA0766.3)	GATAA	AGATAASG	WGATAASR	8	5	405	1.23	5.353	0.23	5	0.04	0.187	8.66	0.9999962725507975	1.0
PAX6 (MA0069.1)	TYACGCWTSA	TTYAHGSWYDAGTG	TTYACGCWTSAVTK	14	5	405	1.23	5.462	0.23	5	0.04	0.196	9.547	0.999997438954985	1.0
RARA::RXRG (MA1149.2)	GGTCAHNBDVRGG	RGDTCAHVDHAAGGTCA	RGGTCAHNBDVRGGKYR	17	5	405	1.23	5.304	0.23	5	0.04	0.187	8.974	0.9999955820626641	1.0
HOXB2::ELK1 (MA1957.1)	CGGAAGTMRT	YSMGGAAGYWRKKK	RSCGGAAGTMRTYA	14	3	405	0.74	3.2	0.23	3	0.02	0.109	6.466	0.9997694186396767	1.0
KLF14 (MA0740.2)	GGGCGKG	KGGGMGGGR	KGGGCGKGR	9	3	405	0.74	3.24	0.23	3	0.02	0.111	9.137	0.9997992840488018	1.0
MYOG (MA0500.3)	CAGCTG	VCAGCTGB	RCAGCTGY	8	2	405	0.49	2.133	0.23	4	0.03	0.143	9.106	0.9982490632768748	1.0
TCF7L2 (MA0523.2)	WTCAAAG	RGATSAAAG	RSWTCAAAG	9	11	405	2.72	12.089	0.22	11	0.09	0.445	10.645	0.9999999999963889	1.0
Yy1 (MA0095.4)	AARATGG	SAAAATGG	CAARATGG	8	11	405	2.72	12.514	0.22	11	0.09	0.463	10.149	0.999999999999223	1.0
PBX1 (MA0070.2)	ATCAATCA	ATCAATCWW	ATCAATCAW	9	10	405	2.47	11.259	0.22	10	0.08	0.425	8.663	0.9999999999862559	1.0
FLI1::FOXI1 (MA1950.2)	ACAGGA	WNHACAGGAWR	HMAACAGGAWR	11	9	405	2.22	9.995	0.22	9	0.07	0.36	8.827	0.9999999997593736	1.0
ZBTB18 (MA0698.2)	CAGATGT	AWSCAGWTGTW	WKMCAGATGTK	11	8	405	1.98	9.106	0.22	8	0.07	0.327	12.072	0.9999999989243371	1.0
ETV5::HOXA2 (MA1948.2)	GGAWGTMRTYA	GGGAAGCAACTA	MGGAWGTMRTYA	12	4	405	0.99	4.593	0.22	4	0.03	0.158	7.962	0.9999902259414148	1.0
TFAP4::FLI1 (MA1967.2)	CGGAAACAGCTG	TSCGBAVACAGCTG	RSCGGAAACAGCTG	14	4	405	0.99	4.583	0.22	4	0.03	0.165	4.025	0.9999898806654637	1.0
ZNF320 (MA1976.2)	GKRGGRBCMRGGGG	GGNGGVCYCTKGAGMCYRGG	GKRGGRBCMRGGGGMMWRKG	20	4	405	0.99	4.395	0.22	4	0.03	0.154	9.725	0.9999804905597065	1.0
ZNF211 (MA1974.2)	ATATACCA	TATATAYCMY	YATATACCAY	10	16	405	3.95	19.22	0.21	20	0.16	0.792	11.794	1.0	1.0
ZNF324 (MA1977.2)	GHYARGGATGGYT	RKRCAARGATRGWT	RGHYARGGATGGYT	14	6	405	1.48	7.151	0.21	6	0.05	0.255	8.394	0.9999999627495998	1.0
TGIF1 (MA0796.1)	TGACAGCTGTCA	TGASAGSTCTCA	TGACAGCTGTCA	12	5	405	1.23	5.817	0.21	6	0.05	0.284	3.093	0.9999992599061953	1.0
FLI1::DRGX (MA1949.2)	CGGAWRYMAT	HVMGGAWRYAATAR	RYCGGAWRYMATYR	14	4	405	0.99	4.602	0.21	4	0.03	0.16	7.787	0.9999905595899587	1.0
HSF4 (MA0771.1)	TCYRGAABVTTC	BDCTGGAAGATTC	WTCYRGAABVTTC	13	4	405	0.99	4.79	0.21	4	0.03	0.172	9.74	0.9999951350563485	1.0
Znf423 (MA0116.1)	SMMCCYWRGGKKKM	ACMMCYCADGGGKGC	RSMMCCYWRGGKKKM	15	4	405	0.99	4.711	0.21	4	0.03	0.182	7.502	0.9999935641553476	1.0
GCM2 (MA0767.2)	TGCGGG	ATGKGGGT	ATGCGGGY	8	3	405	0.74	3.575	0.21	3	0.02	0.121	7.523	0.9999390119658847	1.0
OSR1 (MA1542.2)	GCTACYG		GCTACYGT	8	2	405	0.49	2.301	0.21	2	0.02	0.078	7.577	0.9990508632361711	1.0
THRB (MA1575.2)	TGWCCTBRHYVAGGWCA	TDHCCTKBNVMAGGDHA	TGWCCTBRHYVAGGWCA	17	2	405	0.49	2.37	0.21	4	0.03	0.137	6.522	0.9992635815712873	1.0
ZBED2 (MA1971.2)	CGAAAC		CGAAACY	7	1	405	0.25	1.165	0.21	1	0.01	0.039	9.019	0.9908512790628088	1.0
PKNOX1 (MA0782.3)	GAKTGACA	WGAKTGACWK	WGAKTGACAK	10	7	405	1.73	8.573	0.2	7	0.06	0.303	9.576	0.9999999986878448	1.0
ZBTB32 (MA1580.1)	GTACAGT	KDTACAGTMW	WGTACAGTRW	10	6	405	1.48	7.388	0.2	6	0.05	0.259	7.997	0.999999984002908	1.0
FOSL2 (MA0478.2)	TGASTCA	RATGAYTMAT	RRTGASTCAB	10	5	405	1.23	6.163	0.2	5	0.04	0.256	8.186	0.9999997825943879	1.0
ETV7 (MA1708.2)	GGAAR	SMGGAARTD	SMGGAARTR	9	3	405	0.74	3.714	0.2	3	0.02	0.128	7.967	0.9999628752502806	1.0
HMBOX1 (MA0895.2)	TRGTTA	TAGTTAA	TRGTTAM	7	3	405	0.74	3.723	0.2	3	0.02	0.128	8.217	0.9999641729332879	1.0
NR3C1 (MA0113.4)	GWACAYDRTGTWC	RGNASAWNWTSTNCY	RGWACAYDRTGTWCY	15	3	405	0.74	3.664	0.2	6	0.05	0.223	6.412	0.9999556576337184	1.0
NR5A1 (MA1540.3)	TCAAGGYCA	WGTTCAAGKTYA	WRYTCAAGGYCA	12	7	405	1.73	8.919	0.19	9	0.07	0.322	8.954	0.9999999996245431	1.0
TEAD1 (MA0090.4)	ACATTCCA	NYATTCCAG	ACATTCCAR	9	7	405	1.73	9.205	0.19	7	0.06	0.33	7.901	0.999999999868258	1.0
Dlx5 (MA1476.3)	GCAATTA	GCAATTAT	GCAATTAK	8	5	405	1.23	6.657	0.19	5	0.04	0.238	10.078	0.99999996328167	1.0
FOSL1 (MA0477.3)	TGACTCA	RTGAHTMAT	RTGACTCAY	9	5	405	1.23	6.469	0.19	6	0.05	0.312	8.248	0.9999999275511263	1.0
NFIC (MA0161.3)	CTTGGCA	CTTGGCA	CTTGGCA	7	4	405	0.99	5.096	0.19	4	0.03	0.178	9.142	0.9999983699401437	1.0
SREBF1 (MA0595.1)	TCACSCCA	CTCACMCCAC	RTCACSCCAY	10	4	405	0.99	5.185	0.19	4	0.03	0.181	9.3	0.9999988163927137	1.0
Spz1 (MA0111.1)	AGGGTWWCA	AGGGWWDCAGM	AGGGTWWCAGV	11	4	405	0.99	5.205	0.19	5	0.04	0.181	9.793	0.9999988978186852	1.0
Ascl2 (MA0816.1)	CAGCTG	GVCAGCTGTC	RRCAGCTGYY	10	3	405	0.74	3.96	0.19	4	0.03	0.182	8.088	0.9999848187203157	1.0
BACH2 (MA1101.3)	ATGASTCAT	HATGACTMATG	MATGASTCATS	11	3	405	0.74	3.901	0.19	4	0.03	0.213	5.388	0.9999811680740468	1.0
GLIS3 (MA0737.1)	ACCCCCCACRAMG	BRCCYCACAYMWRK	KACCCCCCACRAMG	14	3	405	0.74	3.98	0.19	3	0.02	0.136	4.283	0.9999858726387749	1.0
SP8 (MA0747.2)	CACKCCC	MCACWCCYMYW	MCACKCCCMYY	11	3	405	0.74	3.822	0.19	3	0.02	0.134	8.264	0.9999749211948755	1.0
ZNF740 (MA0753.3)	CCCCCCCC	CCCWCCCCAW	CCCCCCCCMY	10	3	405	0.74	3.852	0.19	3	0.02	0.182	7.134	0.9999774730480044	1.0
ETV3 (MA0763.2)	CGGAART		RCCGGAART	9	2	405	0.49	2.588	0.19	2	0.02	0.089	8.641	0.999670129634446	1.0
MAF (MA1520.2)	GCTKASWMAGC	TGHTGAWTCADCA	TGCTKASWMAGCR	13	2	405	0.49	2.647	0.19	4	0.03	0.16	8.939	0.9997353804457892	1.0
NFKB2 (MA0778.2)	GGGGAWTCCCC	GGKGAWTCMCC	GGGGAWTCCCC	11	2	405	0.49	2.598	0.19	4	0.03	0.161	10.038	0.9996820148331886	1.0
HOXB13 (MA0901.3)	CAATAAAA	MYAWTAAAA	MCAATAAAA	9	10	405	2.47	13.58	0.18	10	0.08	0.503	8.532	0.9999999999999976	1.0
Hoxa13 (MA0650.4)	CAATAAA	VCAATAAA	SCAATAAA	8	8	405	1.98	10.933	0.18	8	0.07	0.393	8.172	0.9999999999986399	1.0
JUNB (MA0490.3)	TGASTCA	RTGAHTMAT	RTGASTCAY	9	5	405	1.23	6.914	0.18	6	0.05	0.337	8.768	0.999999985615969	1.0
JUND (MA0491.3)	TGASTCA	RTGAHTMAT	RTGASTCAT	9	5	405	1.23	6.914	0.18	6	0.05	0.338	8.468	0.999999985615969	1.0
NR2F1 (MA1537.2)	GGTCAAAGGTCA	RSKKTAAAGGTYR	RGGTCAAAGGTCA	13	5	405	1.23	6.864	0.18	5	0.04	0.245	9.647	0.9999999827645178	1.0
Nr2F6 (MA0728.1)	AGGTCAARAGGTCA	RASWTMAAAAGGTYA	RAGGTCAARAGGTCA	15	5	405	1.23	6.933	0.18	5	0.04	0.248	5.167	0.9999999866208776	1.0
HOXD3 (MA0912.2)	TAATTA	CTAATTAY	YTAATTAS	8	4	405	0.99	5.402	0.18	4	0.03	0.199	8.66	0.9999994612246914	1.0
ETS2 (MA1484.2)	ACCGGAWG		ACCGGAWGY	9	2	405	0.49	2.706	0.18	2	0.02	0.092	7.64	0.9997878424489873	1.0
PAX5 (MA0014.4)	GCGTGAC		GCGTGACC	8	1	405	0.25	1.383	0.18	1	0.01	0.048	8.029	0.9961817272587021	1.0
CDX2 (MA0465.3)	CAATAAA	RCAATAAA	GCAATAAA	8	8	405	1.98	11.368	0.17	8	0.07	0.414	10.146	0.9999999999997362	1.0
HOXA10 (MA0899.2)	ATWAA	RYMATAAAA	RYMATWAAH	9	8	405	1.98	11.793	0.17	8	0.07	0.436	9.493	0.9999999999999478	1.0
Hoxd13 (MA0909.4)	CAATAA	CAATAAA	CAATAAM	7	6	405	1.48	8.543	0.17	6	0.05	0.299	9.281	0.9999999997647262	1.0
Ddit3::Cebpa (MA0019.2)	TGCAAT	HTGCAATASC	RTGCAATMSY	10	5	405	1.23	7.121	0.17	5	0.04	0.252	10.511	0.9999999932916368	1.0
Nr1h3::Rxra (MA0494.2)	TGMCCYVDRRTRRCC	TGAACTCAATTGVACT	TGMCCYVDRRTRRCCY	16	5	405	1.23	7.338	0.17	5	0.04	0.266	9.259	0.9999999969991837	1.0
PKNOX2 (MA0783.1)	TGACAGSTGTCA	GGACAGGTSTCA	TGACAGSTGTCA	12	5	405	1.23	7.427	0.17	5	0.04	0.313	4.077	0.9999999978440404	1.0
Rarg (MA0859.2)	RGGTCAAAAGGTCA	DDGKDBVRRAGKTBA	RRGGTCAAAAGGTCA	15	5	405	1.23	7.447	0.17	6	0.05	0.264	6.301	0.9999999979970152	1.0
TP53 (MA0106.3)	CATGYCYRGRCATGT	YNCWTGYYYRNRCAWGND	RACATGYCYRGRCATGTY	18	3	405	0.74	4.365	0.17	5	0.04	0.243	6.215	0.9999965659752844	1.0
GCM1 (MA0646.2)	TGCGGGT		ATGCGGGTRS	10	2	405	0.49	2.943	0.17	2	0.02	0.099	7.844	0.999912799631584	1.0
MITF (MA0620.4)	TCACGTGA	VTCATATGAB	RTCACGTGAY	10	2	405	0.49	2.904	0.17	4	0.03	0.193	8.59	0.9998988143073801	1.0
ZIC5 (MA1584.2)	ACCCCCCGCYGHG		KACCCCCCGCYGHGM	15	2	405	0.49	2.983	0.17	2	0.02	0.102	9.256	0.9999248681919176	1.0
ZNF460 (MA1596.1)	CTCMGCCTCCC		RCCTCMGCCTCCCRRR	16	2	405	0.49	2.835	0.17	2	0.02	0.097	5.928	0.9998687981016628	1.0
CDX1 (MA0878.3)	GYMATAAA	DGYWATAAAV	RGYMATAAAM	10	6	405	1.48	9.175	0.16	6	0.05	0.328	11.526	0.9999999999780359	1.0
MGA::EVX1 (MA1960.2)	GTGWTAAT	KRGTGATAAWT	RRGTGWTAATK	11	6	405	1.48	9.086	0.16	6	0.05	0.326	9.211	0.999999999969265	1.0
Dlx2 (MA0885.3)	GCAATTA	GCAATTAT	GCAATTAR	8	5	405	1.23	7.654	0.16	5	0.04	0.276	10.089	0.9999999990775575	1.0
PBX3 (MA1114.2)	TGAKTGACAG	TGAGTGACHGR	TGAKTGACAGS	11	5	405	1.23	7.911	0.16	5	0.04	0.279	8.914	0.9999999996490575	1.0
TBX2 (MA0688.2)	GTGTBA	AGGTGWSAW	RRGTGTBAW	9	5	405	1.23	7.753	0.16	5	0.04	0.274	7.924	0.9999999993633876	1.0
TBX3 (MA1566.3)	AGGTGTSA	AGGTGWSAW	AGGTGTSAA	9	5	405	1.23	7.644	0.16	5	0.04	0.27	7.458	0.9999999990427604	1.0
Lhx1 (MA1518.3)	TAATTA	KMTAATTAKM	KYTAATTARM	10	2	405	0.49	3.101	0.16	4	0.03	0.204	8.014	0.9999520052595017	1.0
EGR3 (MA0732.2)	CGCCCMCGCA		MCGCCCMCGCA	11	1	405	0.25	1.531	0.16	1	0.01	0.051	6.484	0.9978979109232408	1.0
JDP2 (MA0655.1)	ATGASTCAT	ATKANTMAT	ATGASTCAT	9	4	405	0.99	6.459	0.15	7	0.06	0.325	7.573	0.9999999892410987	1.0
TCF7 (MA0769.3)	CTTTGA	CTTTGAT	CTTTGAW	7	4	405	0.99	6.756	0.15	4	0.03	0.235	8.875	0.9999999964906717	1.0
Rfx6 (MA1724.2)	CMTAGCAA	CCWAGCAMC	CMTAGCAAC	9	3	405	0.74	4.8	0.15	3	0.02	0.164	8.163	0.9999993201477125	1.0
ESR1 (MA0112.4)	RGGTCAMVRTGACCT		RGGTCAMVRTGACCT	15	2	405	0.49	3.21	0.15	2	0.02	0.15	1.6	0.9999682248442318	1.0
ZBTB7B (MA0694.2)	CGACCMCC		CGACCMCCRW	10	2	405	0.49	3.338	0.15	2	0.02	0.114	7.996	0.9999805195768044	1.0
ZIC4 (MA0751.2)	CCMCCYGYDG		KRCCMCCYGYDGHK	14	2	405	0.49	3.19	0.15	2	0.02	0.108	10.114	0.9999657468499649	1.0
HNF4G (MA0484.3)	CAAAGTCC	CARAGTCCA	CAAAGTCCA	9	5	405	1.23	9.057	0.14	5	0.04	0.324	9.095	0.9999999999956597	1.0
HOXB6 (MA1500.2)	TAATKR	TAATTGC	TAATKRY	7	5	405	1.23	8.593	0.14	5	0.04	0.321	7.426	0.9999999999738689	1.0
BACH1 (MA1633.2)	ATGACTCA	ATGAHTMAT	ATGACTCAY	9	4	405	0.99	7.2	0.14	5	0.04	0.275	9.124	0.9999999993573323	1.0
TBX5 (MA0807.1)	GTG	AGGTGTSW	RGGTGTKR	8	4	405	0.99	6.894	0.14	4	0.03	0.241	7.949	0.9999999979260663	1.0
HSF1 (MA0486.2)	TTCYMGAAYVTTC	HWMYRGAASAWTC	TTCYMGAAYVTTC	13	3	405	0.74	5.284	0.14	3	0.02	0.197	8.033	0.999999890970621	1.0
REL (MA0101.1)	GGRNWTTCC	KGGCATTTCC	SGGRNWTTCC	10	3	405	0.74	5.323	0.14	3	0.02	0.196	7.96	0.9999999062097753	1.0
TGIF2 (MA0797.1)	TGACAGSTGTCA	GGACAGSTCTCA	TGACAGSTGTCA	12	3	405	0.74	5.472	0.14	4	0.03	0.277	6.056	0.9999999467498148	1.0
CEBPG (MA0838.1)	TTRCGCAA		RTTRCGCAAY	10	2	405	0.49	3.536	0.14	2	0.02	0.152	9.684	0.9999908578554272	1.0
HOXA5 (MA0158.2)	YMATTA		SYMATTAS	8	2	405	0.49	3.526	0.14	2	0.02	0.157	8.006	0.9999905044257216	1.0
HOXC11 (MA0651.3)	GTCGTAAAA		WRGTCGTAAAA	11	2	405	0.49	3.516	0.14	2	0.02	0.121	8.739	0.9999901374396086	1.0
Atf1 (MA0604.1)	TGACG		RTGACGYR	8	1	405	0.25	1.748	0.14	1	0.01	0.059	7.727	0.999125468538271	1.0
HIC2 (MA0738.2)	TGCCM	ATGCCC	RTGCCM	6	7	405	1.73	13.531	0.13	8	0.07	0.511	6.873	1.0	1.0
DUX4 (MA0468.1)	AAYYYAATCA	TAADTSAATCT	WAAYYYAATCA	11	6	405	1.48	11.17	0.13	7	0.06	0.424	10.112	0.9999999999999905	1.0
HNF4A (MA0114.5)	CAAAGTCC	CARAGTCCA	CAAAGTCCA	9	5	405	1.23	9.6	0.13	5	0.04	0.343	8.973	0.9999999999994821	1.0
Six3 (MA0631.2)	GGGTATCA	HWADGGTATCA	WWRGGGTATCA	11	4	405	0.99	7.575	0.13	4	0.03	0.265	10.667	0.9999999998490426	1.0
HSF2 (MA0770.1)	TTCTRGAABDTTC	BTCTSGAASMKKY	TTCTRGAABDTTC	13	3	405	0.74	5.788	0.13	3	0.02	0.224	8.275	0.9999999842019084	1.0
RELA (MA0107.1)	GGRRTTTCC	SKSMATTTCC	SGGRRTTTCC	10	3	405	0.74	5.728	0.13	3	0.02	0.227	8.056	0.999999980144458	1.0
USF1 (MA0093.4)	CAYGTGA	GTCATGTGRG	GYCAYGTGAY	10	3	405	0.74	5.56	0.13	3	0.02	0.212	9.543	0.9999999621257889	1.0
CTCF (MA1929.2)	GCWVYDYYHVVDDBDDMCWSHAGRKG		VTGCWVYDYYHVVDDBDDMCWSHAGRKGGMR	31	2	405	0.49	3.723	0.13	2	0.02	0.128	6.694	0.9999955620498012	1.0
ESX1 (MA0644.3)	AATTA		YYAATTA	7	2	405	0.49	3.773	0.13	2	0.02	0.139	8.32	0.9999963329530139	1.0
FOS::JUN (MA1126.2)	TKRCRTCA		RTKRCRTCAY	10	2	405	0.49	3.763	0.13	2	0.02	0.165	8.158	0.9999961902326547	1.0
GBX1 (MA0889.2)	AATTA		SYAATTA	7	2	405	0.49	3.773	0.13	2	0.02	0.139	8.291	0.9999963329530139	1.0
LBX1 (MA0618.2)	TAAYWRG		TAAYWRG	7	2	405	0.49	3.773	0.13	2	0.02	0.139	8.507	0.9999963329530139	1.0
MEOX1 (MA0661.2)	TMATTA		STMATTA	7	2	405	0.49	3.773	0.13	2	0.02	0.139	8.254	0.9999963329530139	1.0
NOTO (MA0710.2)	MATTA		YWMATTA	7	2	405	0.49	3.773	0.13	2	0.02	0.139	8.215	0.9999963329530139	1.0
PLAG1 (MA0163.1)	GGGGCCMWMGGGGG		GGGGCCMWMGGGGG	14	2	405	0.49	3.793	0.13	2	0.02	0.141	9.115	0.9999966026568494	1.0
PRRX2 (MA0075.4)	AATTA		YYAATTA	7	2	405	0.49	3.773	0.13	2	0.02	0.139	8.752	0.9999963329530139	1.0
RFX5 (MA0510.3)	GTTRCYATRGYAAC	GTWKSYATWSCWAY	GTTRCYATRGYAAC	14	2	405	0.49	3.941	0.13	3	0.02	0.216	7.242	0.9999980867844527	1.0
TFAP4 (MA0691.1)	CAGCTG	CWCAGCTGWG	AWCAGCTGWY	10	2	405	0.49	3.842	0.13	4	0.03	0.241	7.818	0.9999971937851082	1.0
TFCP2 (MA1968.2)	AACCGGWT	VAACYRGTT	RAACCGGWT	9	2	405	0.49	3.852	0.13	3	0.02	0.168	9.729	0.9999972991260193	1.0
TP73 (MA0861.2)	CAWGTYBDRACAYG	VCWTGYYYRDRCAWGD	RCAWGTYBDRACAYGY	16	2	405	0.49	3.694	0.13	3	0.02	0.187	6.865	0.9999950243606116	1.0
VAX1 (MA0722.2)	AAT		YYAATKR	7	2	405	0.49	3.773	0.13	2	0.02	0.139	7.496	0.9999963329530139	1.0
VSX1 (MA0725.2)	AATT		YYAATTR	7	2	405	0.49	3.773	0.13	2	0.02	0.139	8.107	0.9999963329530139	1.0
VSX2 (MA0726.2)	AATTA		YTAATTA	7	2	405	0.49	3.773	0.13	2	0.02	0.139	8.546	0.9999963329530139	1.0
ZNF770 (MA2099.1)	CRGCCTC		CRGCCTCM	8	2	405	0.49	3.891	0.13	2	0.02	0.134	9.918	0.9999976826305625	1.0
MEIS2 (MA1640.2)	GATTTAT	AGATTKATR	WGATTTATK	9	6	405	1.48	12.079	0.12	7	0.06	0.447	9.687	0.9999999999999998	1.0
HOXD9 (MA0913.3)	GYMATAAA	GYAATAAAV	GYMATAAAM	9	5	405	1.23	10.044	0.12	5	0.04	0.362	10.276	0.9999999999999107	1.0
Hmx2 (MA0897.2)	CAATTAA	AHTCAATTAAACATG	VAVCAATTAAHVVDD	15	5	405	1.23	10.716	0.12	5	0.04	0.401	8.203	0.9999999999999939	1.0
Lef1 (MA0768.3)	CTTTGAT	YCTTTGAT	SCTTTGAT	8	5	405	1.23	10.123	0.12	5	0.04	0.37	9.979	0.9999999999999348	1.0
Nr5A2 (MA0505.3)	GRCCTTGA	DVACCTTGA	WGRCCTTGA	9	4	405	0.99	7.97	0.12	4	0.03	0.282	7.793	0.9999999999676082	1.0
VEZF1 (MA1578.2)	CCCCCC	CCCCCC	CCCCCC	6	4	405	0.99	8.484	0.12	4	0.03	0.398	8.042	0.9999999999957099	1.0
TEAD3 (MA0808.1)	CATTCC	GCATTCCK	RCATTCCW	8	3	405	0.74	6.044	0.12	3	0.02	0.21	8.541	0.9999999941561363	1.0
ZNF549 (MA1728.2)	GCTGCCC		KGCTGCCC	8	2	405	0.49	4.049	0.12	2	0.02	0.139	8.159	0.9999987460232593	1.0
MAFA (MA1521.2)	GCTGMSKCAGC		YGCTGMSKCAGCR	13	1	405	0.25	2.054	0.12	2	0.02	0.13	8.172	0.9997466720833429	1.0
PAX8 (MA2094.1)	GTCACGCWYSR		SGTCACGCWYSRVYRM	16	1	405	0.25	1.975	0.12	1	0.01	0.067	8.887	0.9996510981314389	1.0
PBX2 (MA1113.3)	ATAAATCA	MATAAATMW	MATAAATCA	9	6	405	1.48	13.244	0.11	6	0.05	0.485	9.423	1.0	1.0
ALX3 (MA0634.2)	ATTA	TAATTA	YAATTA	6	5	405	1.23	10.923	0.11	14	0.11	0.793	6.926	0.9999999999999973	1.0
DRGX (MA1481.2)	AATTA	TAATTA	YAATTA	6	5	405	1.23	10.923	0.11	14	0.11	0.793	7.367	0.9999999999999973	1.0
EMX1 (MA0612.3)	TAATTA	TAATTA	TAATTA	6	5	405	1.23	10.923	0.11	14	0.11	0.793	7.83	0.9999999999999973	1.0
EMX2 (MA0886.2)	TAATTA	TAATTA	TAATTA	6	5	405	1.23	10.923	0.11	14	0.11	0.793	7.791	0.9999999999999973	1.0
EN1 (MA0027.3)	AATTA	TAATTA	YAATTA	6	5	405	1.23	10.923	0.11	14	0.11	0.793	7.326	0.9999999999999973	1.0
EVX1 (MA0887.2)	ATTA	TAATTA	YVATTA	6	5	405	1.23	10.923	0.11	14	0.11	0.793	6.931	0.9999999999999973	1.0
EVX2 (MA0888.2)	ATTA	TAATTA	YVATTA	6	5	405	1.23	10.923	0.11	14	0.11	0.793	6.982	0.9999999999999973	1.0
GSX1 (MA0892.2)	ATTA	TAATTA	YMATTA	6	5	405	1.23	10.923	0.11	14	0.11	0.793	6.5	0.9999999999999973	1.0
HOXA1 (MA1495.2)	TMATKA	TAATTA	TMATKA	6	5	405	1.23	10.923	0.11	14	0.11	0.793	7.17	0.9999999999999973	1.0
HOXA2 (MA0900.3)	TMATTA	TAATTA	TMATTA	6	5	405	1.23	10.923	0.11	14	0.11	0.793	7.854	0.9999999999999973	1.0
HOXB2 (MA0902.3)	ATTA	TAATTA	YMATTA	6	5	405	1.23	10.923	0.11	14	0.11	0.793	7.119	0.9999999999999973	1.0
HOXB3 (MA0903.2)	ATTA	TAATTA	YMATTA	6	5	405	1.23	10.923	0.11	14	0.11	0.793	6.783	0.9999999999999973	1.0
HOXB5 (MA0904.3)	TMATKA	TAATTA	TMATKA	6	5	405	1.23	10.923	0.11	14	0.11	0.793	7.392	0.9999999999999973	1.0
HOXC8 (MA1505.2)	YMATKR	TAATTA	YMATKR	6	5	405	1.23	10.923	0.11	14	0.11	0.793	6.835	0.9999999999999973	1.0
ISX (MA0654.2)	AATTA	TAATTA	YAATTA	6	5	405	1.23	10.923	0.11	14	0.11	0.793	7.562	0.9999999999999973	1.0
Lhx4 (MA0704.2)	ATTA	TAATTA	YMATTA	6	5	405	1.23	10.923	0.11	14	0.11	0.793	7.324	0.9999999999999973	1.0
Lhx8 (MA0705.2)	YRATYR	TAATTA	YRATYR	6	5	405	1.23	10.923	0.11	14	0.11	0.793	7.003	0.9999999999999973	1.0
MIXL1 (MA0662.2)	AATTA	TAATTA	YAATTA	6	5	405	1.23	10.923	0.11	14	0.11	0.793	6.89	0.9999999999999973	1.0
MNX1 (MA0707.3)	YRATTA	TAATTA	YRATTA	6	5	405	1.23	10.923	0.11	14	0.11	0.793	6.914	0.9999999999999973	1.0
NKX6-2 (MA0675.2)	ATTA	TAATTA	YMATTA	6	5	405	1.23	10.923	0.11	14	0.11	0.793	6.576	0.9999999999999973	1.0
PDX1 (MA0132.3)	ATTA	TAATTA	YMATTA	6	5	405	1.23	10.923	0.11	14	0.11	0.793	7.422	0.9999999999999973	1.0
POU6F1 (MA0628.2)	TAATTA	TAATTA	TAATTA	6	5	405	1.23	10.923	0.11	14	0.11	0.793	7.882	0.9999999999999973	1.0
PRRX1 (MA0716.2)	AATTA	TAATTA	YAATTA	6	5	405	1.23	10.923	0.11	14	0.11	0.793	7.119	0.9999999999999973	1.0
Shox2 (MA0720.2)	AATTA	TAATTA	YAATTA	6	5	405	1.23	10.923	0.11	14	0.11	0.793	7.293	0.9999999999999973	1.0
TLX2 (MA1577.2)	AATTA	TAATTA	YAATTA	6	5	405	1.23	10.923	0.11	14	0.11	0.793	7.488	0.9999999999999973	1.0
UNCX (MA0721.2)	ATTA	TAATTA	YAATTA	6	5	405	1.23	10.923	0.11	14	0.11	0.793	6.834	0.9999999999999973	1.0
VAX2 (MA0723.3)	ATTA	TAATTA	YMATTA	6	5	405	1.23	10.923	0.11	14	0.11	0.793	6.633	0.9999999999999973	1.0
ZNF410 (MA0752.2)	CATCCCATAATA	MCWTCMCATMAYAAKB	MCATCCCATAATAHYM	16	5	405	1.23	11.319	0.11	5	0.04	0.404	3.939	0.9999999999999994	1.0
SREBF2 (MA0596.1)	TGGSGTGA	VTGRKSTGAD	RTGGSGTGAY	10	3	405	0.74	6.509	0.11	3	0.02	0.232	8.349	0.9999999990467466	1.0
ZNF528 (MA1597.1)	AGGGAAGYCATTYC	SWCHGSGMAGYMACYVC	YBMAGGGAAGYCATTYC	17	3	405	0.74	6.696	0.11	3	0.02	0.234	7.325	0.9999999995444834	1.0
ZNF667 (MA1984.2)	TAMRAGCWCA	KSAARGGCTCA	KTAMRAGCWCA	11	3	405	0.74	6.588	0.11	3	0.02	0.237	8.498	0.9999999993012266	1.0
KLF4 (MA0039.5)	CCCCACCC		CCCCACCC	8	2	405	0.49	4.385	0.11	2	0.02	0.15	7.527	0.9999996626062557	1.0
ATF6 (MA1466.2)	TGACGTGGC		YKRTGACGTGGCR	13	1	405	0.25	2.202	0.11	1	0.01	0.075	5.429	0.9998610931944348	1.0
CEBPB (MA0466.4)	TTGCGCAA		RTTGCGCAAY	10	1	405	0.25	2.183	0.11	2	0.02	0.142	7.464	0.9998494986107451	1.0
ZNF680 (MA1729.2)	CMAAGAAGAMT	MCAAGAAGAWN	CMAAGAAGAMT	11	5	405	1.23	11.763	0.1	5	0.04	0.426	8.877	0.9999999999999999	1.0
SIX2 (MA1119.2)	GWAACCTGA	TKAAACTTGAT	WGWAACCTGAK	11	4	405	0.99	9.709	0.1	4	0.03	0.357	8.185	0.9999999999999684	1.0
MEIS2 (MA0774.1)	TGACAG	RTGACAGC	WTGACAGS	8	3	405	0.74	7.585	0.1	3	0.02	0.269	8.215	0.9999999999867535	1.0
TBX18 (MA1565.2)	GGTGKGA	AGGTGWGWA	RGGTGKGAR	9	3	405	0.74	7.299	0.1	3	0.02	0.257	8.659	0.999999999958295	1.0
BCL11A (MA2324.1)	TGACC		CTGACCW	7	2	405	0.49	4.83	0.1	2	0.02	0.168	8.78	0.9999999415359067	1.0
E2F7 (MA0758.1)	TTTCCCGCCAAAW		WTTTCCCGCCAAAW	14	2	405	0.49	4.721	0.1	2	0.02	0.165	-1.533	0.999999910125076	1.0
Hic1 (MA0739.2)	TGCCA		RTGCCARS	8	2	405	0.49	5.165	0.1	2	0.02	0.18	9.047	0.9999999846162604	1.0
Zfp335 (MA2002.2)	CAGGCA		KCAGGCA	7	2	405	0.49	4.721	0.1	2	0.02	0.164	8.828	0.999999910125076	1.0
ERF::NHLH1 (MA1938.2)	GCAGCTGCCGGA		VGCAGCTGCCGGAWRY	16	1	405	0.25	2.568	0.1	1	0.01	0.089	4.982	0.9999685686617577	1.0
ZNF574 (MA1982.2)	CYAGAGMGKC		KSCYAGAGMGKCSS	14	1	405	0.25	2.499	0.1	1	0.01	0.086	6.443	0.9999583476117258	1.0
mix-a (MA0621.2)	TAATTA	YTAATTA	YTAATTA	7	3	405	0.74	7.931	0.09	3	0.02	0.368	9.247	0.9999999999967093	1.0
BCL6 (MA0463.3)	CTKTCKAGGAA		GCTKTCKAGGAAH	13	2	405	0.49	5.491	0.09	2	0.02	0.191	7.427	0.9999999958247952	1.0
IRF4 (MA1419.2)	CGAAACCGAAAC		CGAAACCGAAACYW	14	2	405	0.49	5.343	0.09	2	0.02	0.186	1.164	0.999999992439423	1.0
IRF8 (MA0652.2)	CGAAACCGAAACT		CGAAACCGAAACT	13	2	405	0.49	5.758	0.09	2	0.02	0.206	2.413	0.9999999985719595	1.0
Crx (MA0467.3)	GGATTA	GGATTA	GGATTA	6	5	405	1.23	14.983	0.08	5	0.04	0.566	8.157	1.0	1.0
GSC (MA0648.2)	TAAT	TAATCC	TAATCY	6	5	405	1.23	14.983	0.08	5	0.04	0.566	7.673	1.0	1.0
GSC2 (MA0891.2)	TAAT	TAATCC	TAATCY	6	5	405	1.23	14.983	0.08	5	0.04	0.566	7.254	1.0	1.0
OTX1 (MA0711.2)	TAATC	TAATCC	TAATCS	6	5	405	1.23	14.983	0.08	5	0.04	0.566	7.608	1.0	1.0
PITX1 (MA0682.3)	TAATCC	TAATCC	TAATCC	6	5	405	1.23	14.983	0.08	5	0.04	0.566	8.128	1.0	1.0
PITX3 (MA0714.2)	TAATCC	TAATCC	TAATCC	6	5	405	1.23	14.983	0.08	5	0.04	0.566	7.63	1.0	1.0
RHOXF1 (MA0719.2)	TRAKCC	TAATCC	TRAKCC	6	5	405	1.23	14.983	0.08	5	0.04	0.566	6.675	1.0	1.0
LHX9 (MA0701.3)	YAATTA	CYAATTA	YYAATTA	7	3	405	0.74	9.007	0.08	3	0.02	0.335	8.758	0.9999999999999594	1.0
TEAD4 (MA0809.3)	CATTCCA	TCATTCCA	ACATTCCA	8	3	405	0.74	9.659	0.08	3	0.02	0.345	7.203	0.9999999999999972	1.0
ZNF136 (MA1588.1)	ATTCTKGGYTG	ABAWTYTTGKWKBAH	RWATTCTKGGYTGRM	15	3	405	0.74	9.699	0.08	3	0.02	0.349	6.117	0.9999999999999977	1.0
Arx (MA0874.2)	TAATTA		MRYTAATTAR	10	2	405	0.49	6.37	0.08	2	0.02	0.318	7.874	0.9999999998807141	1.0
NFE2 (MA0841.2)	ATGACTCAT	ATGAWTCAYC	ATGACTCATS	10	2	405	0.49	5.985	0.08	3	0.02	0.274	6.78	0.9999999994297127	1.0
TBX15 (MA0803.1)	AGGTGTGA		AGGTGTGA	8	2	405	0.49	6.519	0.08	2	0.02	0.228	7.508	0.9999999999348245	1.0
TBX4 (MA0806.1)	ARGTGTKA		ARGTGTKA	8	2	405	0.49	6.519	0.08	2	0.02	0.228	8.261	0.9999999999348245	1.0
ZNF140 (MA1589.2)	GAGYRGAATTGC		RKGAGYRGAATTGCTRRRB	19	2	405	0.49	6.519	0.08	2	0.02	0.233	4.455	0.9999999999348245	1.0
ELK1::HOXB13 (MA1932.2)	CCGGAAGTHRTWA		RCCGGAAGTHRTWAM	15	1	405	0.25	2.983	0.08	1	0.01	0.101	8.223	0.9999942202388917	1.0
ERF::SREBF2 (MA1939.2)	CGGAWRTCACGTGA		SCGGAWRTCACGTGAY	16	1	405	0.25	3.151	0.08	1	0.01	0.109	7.753	0.9999970936364163	1.0
SNAI1 (MA1558.2)	CAGGTG		RCAGGTG	7	1	405	0.25	2.983	0.08	1	0.01	0.103	8.811	0.9999942202388917	1.0
TCF12 (MA1648.2)	CACCTGC		CACCTGC	7	1	405	0.25	2.983	0.08	1	0.01	0.103	8.908	0.9999942202388917	1.0
TCF3 (MA0522.4)	CACCTGC		CACCTGC	7	1	405	0.25	2.983	0.08	1	0.01	0.103	9.039	0.9999942202388917	1.0
ZNF784 (MA1717.2)	ACYTACC		ACYTACCK	8	1	405	0.25	3.002	0.08	1	0.01	0.102	7.969	0.9999946689656013	1.0
Hnf1A (MA1991.2)	CTTTGAT	MCTTTGAKSY	SCTTTGATSY	10	3	405	0.74	10.993	0.07	3	0.02	0.403	9.647	1.0	1.0
SOX21 (MA0866.1)	AACAATKKYAKTGTT	WACAATDTBMTTGTT	AACAATKKYAKTGTT	15	3	405	0.74	11.121	0.07	4	0.03	0.46	4.706	1.0	1.0
FOS (MA0476.2)	TGASTCA		TGASTCAY	8	2	405	0.49	7.328	0.07	2	0.02	0.291	8.464	0.999999999997666	1.0
Jun (MA0489.3)	TGACTCA		TGACTCAY	8	2	405	0.49	7.21	0.07	2	0.02	0.302	7.245	0.9999999999961906	1.0
NEUROG2 (MA0669.1)	CATATGYY	RMYAKMTGKY	RMCATATGYY	10	2	405	0.49	6.785	0.07	3	0.02	0.325	7.459	0.9999999999781226	1.0
SRF (MA0083.3)	CCATATAWGG		WKMCCATATAWGGKMW	16	2	405	0.49	7.052	0.07	2	0.02	0.336	4.907	0.9999999999926902	1.0
ZFP42 (MA1651.2)	AARATGGC		MAARATGGCKSCY	13	2	405	0.49	6.696	0.07	2	0.02	0.235	7.755	0.9999999999685045	1.0
GATA1 (MA0035.5)	CTWATCT		CTWATCT	7	1	405	0.25	3.536	0.07	1	0.01	0.121	8.784	0.9999994022810097	1.0
KLF13 (MA0657.2)	RMCACGCCCCY		KRMCACGCCCCYTTDKK	17	1	405	0.25	3.644	0.07	1	0.01	0.124	3.25	0.9999996178064829	1.0
RFX1 (MA0509.3)	GTTGCCATGGYAAC		SGTTGCCATGGYAACS	16	1	405	0.25	3.319	0.07	2	0.02	0.178	4.429	0.9999985402372341	1.0
RFX2 (MA0600.3)	GTTRCCATGGYAAC		GTTRCCATGGYAAC	14	1	405	0.25	3.664	0.07	2	0.02	0.221	7.769	0.9999996476707715	1.0
TGIF2LX (MA1571.1)	GACASSTGTC		TGACASSTGTCA	12	1	405	0.25	3.437	0.07	1	0.01	0.225	6.817	0.9999991028417099	1.0
ZBTB17 (MA2102.1)	ATCGAT		RATCGATY	8	1	405	0.25	3.704	0.07	1	0.01	0.159	7.653	0.9999997005956672	1.0
EOMES (MA0800.2)	ARGTGTGA		ARGTGTGAW	9	2	405	0.49	7.96	0.06	2	0.02	0.279	7.989	0.9999999999998312	1.0
PITX2 (MA1547.2)	TAATCC		YTAATCCY	8	2	405	0.49	7.812	0.06	2	0.02	0.275	9.585	0.999999999999687	1.0
TBR1 (MA0802.2)	ARGTGTGA		ARGTGTGAW	9	2	405	0.49	8.701	0.06	2	0.02	0.307	8.469	0.9999999999999925	1.0
BACH2 (MA1470.2)	ATGACGTSAT		DWWBSATGACGTSATSVWW	19	1	405	0.25	4.237	0.06	1	0.01	0.165	1.124	0.9999999669521267	1.0
KLF1 (MA0493.3)	GGGYGKGG		GGGYGKGG	8	1	405	0.25	3.881	0.06	1	0.01	0.134	8.488	0.9999998561869448	1.0
OTX2 (MA0712.3)	GGATTA		RGGATTA	7	1	405	0.25	4.395	0.06	1	0.01	0.148	8.651	0.9999999828386766	1.0
CEBPD (MA0836.3)	TTGCRCAA		TTGCRCAA	8	2	405	0.49	9.6	0.05	2	0.02	0.352	7.959	0.9999999999999999	1.0
Alx4 (MA0853.2)	TAATTA		VSHDYTAATTAR	12	1	405	0.25	5.037	0.05	1	0.01	0.256	7.059	0.9999999988152316	1.0
DPRX (MA1480.2)	TMATC		VGMTMATCY	9	1	405	0.25	5.294	0.05	1	0.01	0.192	7.637	0.9999999995953195	1.0
IRF5 (MA1420.1)	GAAACCRA		YYGAAACCRAWMMY	14	1	405	0.25	4.504	0.05	1	0.01	0.156	7.751	0.9999999890698589	1.0
KLF5 (MA0599.1)	CCMCRCCC		BCCMCRCCCH	10	1	405	0.25	4.78	0.05	1	0.01	0.164	9.272	0.9999999965412402	1.0
RELB (MA1117.2)	ATTCCCC		ATTCCCC	7	1	405	0.25	4.879	0.05	1	0.01	0.167	8.974	0.9999999977085544	1.0
Six4 (MA2001.2)	AACCTGA		AACCTGA	7	1	405	0.25	5.323	0.05	1	0.01	0.185	8.816	0.99999999964256	1.0
ZNF35 (MA2333.1)	AATTCTA		AATTCTA	7	1	405	0.25	4.958	0.05	1	0.01	0.173	8.7	0.9999999983521038	1.0
Dmrt1 (MA1603.2)	ACAAWGT		WACAAWGTW	9	2	405	0.49	11.486	0.04	2	0.02	0.438	7.839	1.0	1.0
ARGFX (MA1463.2)	TAATTA		YTAATTAR	8	1	405	0.25	6.025	0.04	1	0.01	0.298	7.98	0.9999999999812713	1.0
EN2 (MA0642.3)	YMATTA		SYMATTA	7	1	405	0.25	5.59	0.04	1	0.01	0.196	7.998	0.9999999998832448	1.0
LMX1A (MA0702.3)	TAATTA		YTAATTA	7	1	405	0.25	5.699	0.04	1	0.01	0.229	9.198	0.999999999926053	1.0
LMX1B (MA0703.3)	TTAATTA		TTAATTAM	8	1	405	0.25	6.291	0.04	1	0.01	0.341	8.983	0.9999999999939323	1.0
MEIS3 (MA0775.2)	TGACA		DTGACAB	7	1	405	0.25	5.896	0.04	1	0.01	0.205	8.061	0.9999999999678116	1.0
NKX6-1 (MA0674.2)	YMATTA		YMATTAW	7	1	405	0.25	5.699	0.04	1	0.01	0.229	8.213	0.999999999926053	1.0
Nanog (MA2339.1)	GCAATCA		GCAATCA	7	1	405	0.25	5.57	0.04	1	0.01	0.196	8.852	0.9999999998731423	1.0
PAX3 (MA0780.1)	AATYRATTA		TAATYRATTA	10	1	405	0.25	6.449	0.04	2	0.02	0.406	10.426	0.9999999999968932	1.0
Hmx1 (MA0896.2)	CAATTAA		RRCAATTAA	9	1	405	0.25	8.642	0.03	1	0.01	0.312	7.42	0.9999999999999998	1.0
SIX1 (MA1118.2)	AACCTGA		GWAACCTGA	9	1	405	0.25	7.21	0.03	1	0.01	0.256	8.442	0.999999999999878	1.0
