motif	consensus	observed_consensus	consensus_full	motif_width	copies_with_hit	n_copies	pct_copies	pct_copies_bg	fold_prevalence	hits	hits_per_kb	hits_per_kb_bg	best_score	fisher_p	fdr_q
RFX3 (MA0798.3)	GTTRCCATGGCAAC	GGTYDCCMKRRVAACC	SGTTRCCATGGCAACS	16	1086	5590	19.43	3.901	4.98	1785	0.74	0.134	13.878	0.0	0.0
OSR2 (MA1646.2)	CAGAAGC	HCAGAAGC	VCAGAAGC	8	1646	5590	29.45	9.211	3.2	2082	0.86	0.229	9.778	0.0	0.0
Dux (MA0611.3)	GATTBAATCA	TGATTHAATCA	WGATTBAATCA	11	1698	5590	30.38	10.211	2.97	3864	1.6	0.379	13.193	0.0	0.0
DUXA (MA0884.2)	TRAYTWARTYA	DTGATTWAATCAH	YTRAYTWARTYAR	13	1284	5590	22.97	7.027	3.27	2777	1.15	0.336	13.373	1.7781790534234106e-293	3.907548469897945e-291
RELA (MA0107.1)	GGRRTTTCC	KGGRRTTTCC	SGGRRTTTCC	10	1704	5590	30.48	11.756	2.59	2287	0.95	0.346	11.699	1.6118321021405544e-289	2.833600835563095e-287
PATZ1 (MA1961.2)	GGMGGGG	BRRGGWGGGGS	SSRGGMGGGGS	11	1326	5590	23.72	7.729	3.07	1661	0.69	0.192	12.416	1.937270660155661e-279	2.8381015171280434e-277
REL (MA0101.1)	GGRNWTTCC	KGGRRTTTCC	SGGRNWTTCC	10	1582	5590	28.3	10.744	2.63	2003	0.83	0.288	9.996	6.451958801515695e-272	8.10181683790328e-270
POU1F1 (MA0784.3)	TMATTWGCATA	YTHATTARCATAMW	CTMATTWGCATAWW	14	1493	5590	26.71	10.009	2.67	1671	0.69	0.254	15.874	1.9293895871960485e-259	2.1199168089316582e-257
POU6F1 (MA1549.2)	TAATGA	TAATGAG	TAATGAK	7	1211	5590	21.66	7.126	3.04	1311	0.54	0.174	8.921	6.121106115629703e-249	5.97828030626501e-247
POU4F2 (MA0683.2)	TGMATAATTAAT	KKMATRWWWRATKAD	TGMATAATTAATKAR	15	1536	5590	27.48	10.787	2.55	2002	0.83	0.283	13.787	3.1618806724014177e-248	2.779293111040846e-246
ZNF341 (MA1655.2)	AACAGC	GAACAGCC	SAACAGCH	8	1275	5590	22.81	7.999	2.85	1365	0.57	0.196	9.845	3.8057511036653707e-240	3.0411411092016918e-238
DUX4 (MA0468.1)	AAYYYAATCA	KRAYTYAATCW	WAAYYYAATCA	11	1762	5590	31.52	13.943	2.26	2453	1.02	0.365	12.409	6.521596284198547e-235	4.777069278175436e-233
ZNF707 (MA1715.1)	CCCCACTYCTGGT	CCCCACTYCWGRYRM	CCCCACTYCTGGTMM	15	1765	5590	31.57	14.226	2.22	2320	0.96	0.366	15.22	7.603216764395144e-227	5.1409442583871783e-225
POU3F2 (MA0787.1)	TATGYWAAT	WTATGYTAATKA	WTATGYWAATKW	12	1462	5590	26.15	10.576	2.47	1646	0.68	0.269	13.088	2.1474677606059596e-222	1.3483029725518846e-220
ZNF148 (MA1653.2)	CCCCTCCC	CCCCTCCYYV	CCCCTCCCSS	10	1558	5590	27.87	11.764	2.37	2064	0.86	0.305	12.326	1.2309017411184843e-221	7.213084202954318e-220
ZNF667 (MA1984.2)	TAMRAGCWCA	TTARGRGCTCA	KTAMRAGCWCA	11	1473	5590	26.35	10.746	2.45	1640	0.68	0.273	12.54	5.716826507822476e-221	3.140681562734973e-219
POU2F2 (MA0507.3)	TATGCAAAT	KTATGYTAATRAR	WTATGCAAATKWR	13	1337	5590	23.92	9.366	2.55	1467	0.61	0.235	14.334	4.113705618026859e-212	2.1270277872032995e-210
STAT1 (MA0137.4)	TTCYRGGAA	TKCYRGGAA	TTCYRGGAA	9	1630	5590	29.16	12.972	2.25	2090	0.87	0.394	10.887	3.2313033840907868e-211	1.5779531525643343e-209
ZBTB24 (MA2330.1)	CAGGAC	YCCAGGAMCY	SCCAGGACCY	10	1678	5590	30.02	13.703	2.19	2024	0.84	0.357	11.474	1.6595634582081577e-207	7.677664630341951e-206
PAX3 (MA0780.1)	AATYRATTA	TRATYRATYA	TAATYRATTA	10	993	5590	17.76	5.722	3.1	2000	0.83	0.247	12.481	6.510599889277131e-206	2.861408651337299e-204
HNF1B (MA0153.2)	GTTAATVATTAA	KYWAATHATTRAH	GTTAATVATTAAY	13	1168	5590	20.89	7.595	2.75	1942	0.81	0.259	14.703	8.452210017174831e-206	3.5378536214746075e-204
PHOX2A (MA0713.1)	AAYYYAATTA	TRATTYAATYM	WAAYYYAATTA	11	1407	5590	25.17	10.371	2.43	2111	0.88	0.308	12.095	1.4322641827342494e-205	5.722546439197297e-204
POU3F4 (MA0789.1)	TATGCWAAT	TATGCTAAT	TATGCWAAT	9	1248	5590	22.33	8.573	2.6	1362	0.56	0.213	11.231	1.0227871097659601e-202	3.908825519496865e-201
HOXA10 (MA0899.2)	ATWAA	RTAATAAAA	RYMATWAAH	9	1384	5590	24.76	10.246	2.42	1665	0.69	0.258	9.493	4.8191624555695676e-200	1.765018249352354e-198
POU3F3 (MA0788.1)	TATGYWAAT	WWTATGYTAATKW	WWTATGYWAATWW	13	1448	5590	25.9	11.131	2.33	1676	0.7	0.287	13.0	1.9586995950963138e-196	6.886787776358639e-195
KLF10 (MA1511.2)	GGGGCGKGG	RGGGWGGGG	GGGGCGKGG	9	1187	5590	21.23	8.142	2.61	1449	0.6	0.203	11.453	5.067920817145659e-192	1.71334707625809e-190
ZNF354A (MA1978.2)	AAADG	WWAWWRTAAAKGRWHHAWHT	WWHDHRHAAADGRVYNMWHT	20	1809	5590	32.36	16.058	2.02	2374	0.98	0.434	14.295	2.8848975726576113e-189	9.391944319874223e-188
CDX4 (MA1473.2)	GYMATAAA	RYAATAAAW	GYMATAAAM	9	1316	5590	23.54	9.849	2.39	1546	0.64	0.247	10.771	5.859612594556595e-185	1.839499810934017e-183
HOXD9 (MA0913.3)	GYMATAAA	RYAATAAAW	GYMATAAAM	9	1207	5590	21.59	8.575	2.52	1394	0.58	0.212	10.67	3.396602268343295e-184	1.0295218599564677e-182
MEIS1 (MA1639.2)	ATMAATCA	MATMAATCA	YATMAATCA	9	1530	5590	27.37	12.655	2.16	1901	0.79	0.326	10.851	1.1351985974403875e-180	3.326131890500336e-179
ZNF281 (MA1630.3)	GGGGGMGGGG	GGGGGWKGGG	GGGGGMGGGG	10	1669	5590	29.86	14.482	2.06	2293	0.95	0.39	13.071	1.4668142270451428e-180	4.159128082492518e-179
RFX1 (MA0509.3)	GTTGCCATGGYAAC	GGTTBYYMKRRVRACC	SGTTGCCATGGYAACS	16	765	5590	13.69	3.951	3.46	1464	0.61	0.149	13.883	7.13264832380453e-180	1.9592493364450568e-178
PBX2 (MA1113.3)	ATAAATCA	MATMAATCA	MATAAATCA	9	1428	5590	25.55	11.425	2.24	1759	0.73	0.291	11.165	1.7649762177854975e-178	4.701254834646825e-177
POU3F1 (MA0786.2)	ATGYWAAT	WTATGYTAAT	WTATGYWAAT	10	1273	5590	22.77	9.624	2.37	1438	0.6	0.242	11.194	1.1610031525307924e-174	3.0015346208075487e-173
KLF5 (MA0599.1)	CCMCRCCC	BCCMCWCCCY	BCCMCRCCCH	10	1546	5590	27.66	13.102	2.11	2034	0.84	0.34	10.774	1.668180672732735e-173	4.1895166038059253e-172
KLF1 (MA0493.3)	GGGYGKGG	GGGWGKGG	GGGYGKGG	8	1386	5590	24.79	11.055	2.24	1782	0.74	0.282	9.929	1.9780796000919737e-173	4.829811023557902e-172
ZNF682 (MA1599.2)	GCYAAGCCCC	KRMYMAGYCCC	RGCYAAGCCCC	11	1266	5590	22.65	9.669	2.34	1471	0.61	0.243	13.434	3.1064515578444317e-170	7.379921403635825e-169
Lhx3 (MA0135.2)	AATTAATTA	DRWTTAAWYWWW	WAATTAATTAWY	12	1270	5590	22.72	9.737	2.33	2139	0.89	0.309	13.099	1.4709340898287056e-169	3.4025028025248214e-168
POU6F2 (MA0793.2)	CTMATTA	RYCTCATTA	DSCTMATTA	9	1246	5590	22.29	9.567	2.33	1368	0.57	0.244	10.358	1.938133155588541e-165	4.3682539583649425e-164
CUX2 (MA0755.2)	ATCRAT	TAATCAATY	WRATCRATH	9	899	5590	16.08	5.609	2.87	965	0.4	0.139	10.495	1.4611751198309132e-164	3.210932325828432e-163
MEIS2 (MA1640.2)	GATTTAT	TGATTKATK	WGATTTATK	9	1421	5590	25.42	11.898	2.14	1716	0.71	0.303	10.998	3.595129140463413e-161	7.707606132847172e-160
ZNF530 (MA1981.2)	GMARGGMVAGGG	GVRRGGRRWGGGGV	GMARGGMVAGGGSC	14	1498	5590	26.8	12.939	2.07	1829	0.76	0.339	15.245	4.435355788912108e-160	9.282566043937484e-159
PHOX2B (MA0681.3)	AATYAAATTA	KRATYWAATYWW	WAATYAAATTAW	12	1501	5590	26.85	12.985	2.07	2346	0.97	0.37	13.07	6.68592133632114e-160	1.3667267103782052e-158
CDX2 (MA0465.3)	CAATAAA	SCWATAAA	GCAATAAA	8	1289	5590	23.06	10.318	2.23	1497	0.62	0.259	10.146	2.921450271983769e-158	5.836260884258484e-157
Pax7 (MA0680.3)	AATCAATT	WAATYAATYA	WAATCAATTA	10	1350	5590	24.15	11.138	2.17	1798	0.75	0.321	12.269	1.0568869434844183e-156	2.064452496272897e-155
POU5F1B (MA0792.1)	ATGYWAA	TATGCTAAT	YATGYWAAT	9	1182	5590	21.14	9.156	2.31	1295	0.54	0.23	10.467	3.858015295905389e-153	7.372164011088776e-152
SP2 (MA0516.3)	GGGCGGG	GGGGAGGGG	GGGGCGGGR	9	937	5590	16.76	6.293	2.66	1109	0.46	0.155	11.239	4.0929639472600867e-153	7.654713424769395e-152
PRDM9 (MA1723.2)	GGBVAVGGRGGVVRHA	RRRGGRRRRRGRGGVDRVRR	RRDGGBVAVGGRGGVVRHAR	20	1682	5590	30.09	15.701	1.92	2453	1.02	0.454	14.485	1.136180446552012e-152	2.080630442748372e-151
KLF4 (MA0039.5)	CCCCACCC	CCCCWCCC	CCCCACCC	8	1489	5590	26.64	13.136	2.03	1917	0.8	0.339	10.107	2.5155356118818792e-151	4.5125628629472894e-150
POU2F1 (MA0785.2)	TATGYWAA	TATGCTAAT	TATGYWAAT	9	1138	5590	20.36	8.726	2.33	1224	0.51	0.219	10.812	1.067788086076478e-149	1.8771714553224484e-148
HOXB4 (MA1499.2)	TMATTA	TCATTA	TMATTA	6	2156	5590	38.57	22.753	1.7	2908	1.21	0.636	7.536	2.7131782602065455e-148	4.499780548531233e-147
HOXC4 (MA1504.2)	YMATTA	TCATTA	YMATTA	6	2156	5590	38.57	22.753	1.7	2908	1.21	0.636	7.313	2.7131782602065455e-148	4.499780548531233e-147
HOXD4 (MA1507.2)	YMATTA	TCATTA	YMATTA	6	2156	5590	38.57	22.753	1.7	2908	1.21	0.636	7.309	2.7131782602065455e-148	4.499780548531233e-147
ETV1 (MA0761.3)	CAGGAAG	YCAGGAARY	RCAGGAAGY	9	1590	5590	28.44	14.653	1.94	1949	0.81	0.379	11.014	3.2944311316471964e-147	5.362601786514604e-146
KLF17 (MA1514.2)	CCACRCWCCC	VCCACMMHCCCMBY	MCCACRCWCCCMYY	14	1286	5590	23.01	10.648	2.16	1587	0.66	0.272	13.628	5.346390797428985e-147	8.544504565345595e-146
KLF14 (MA0740.2)	GGGCGKG	GGGGWGGGG	KGGGCGKGR	9	1113	5590	19.91	8.625	2.31	1347	0.56	0.216	11.023	5.432049469326989e-143	8.526377649175756e-142
KLF7 (MA1959.2)	GGGCGKKG	GGGTGGGG	GGGCGKKG	8	693	5590	12.4	4.003	3.1	779	0.32	0.096	10.059	1.293988063338898e-139	1.9954658029384057e-138
ZNF282 (MA1154.2)	TTTCCCMYWACAC	SWKTCCCAYRASMCT	STTTCCCMYWACACK	15	1343	5590	24.03	11.641	2.06	1571	0.65	0.294	13.782	1.3590023567983207e-139	2.059591502802972e-138
HAND2 (MA1638.2)	CAGATG	CAGATG	CAGATG	6	2327	5590	41.63	26.005	1.6	3362	1.39	0.745	8.173	6.9538317832947e-136	1.0360030741552613e-134
HNF1A (MA0046.3)	TWAATVATTAAC	RTWAATDATTWAM	RTWAATVATTAAC	13	1024	5590	18.32	7.889	2.32	1750	0.73	0.269	14.695	7.813458932020277e-132	1.1446717335409706e-130
POU4F1 (MA0790.2)	TRMATWATTDA	TDMATWATWDAW	TRMATWATTDAT	12	1225	5590	21.91	10.453	2.1	1892	0.78	0.301	13.226	4.3423154063308885e-130	6.257205315024345e-129
ZFP14 (MA1972.1)	GGAGSMHMHGGA	RGAGGVBMKGGARDB	GGAGSMHMHGGARBG	15	1458	5590	26.08	13.588	1.92	1878	0.78	0.35	13.496	7.270090172071949e-129	1.0307111711695551e-127
Sox6 (MA0515.1)	CWTTGT	YYTTTGTYYY	YCWTTGTYYY	10	1505	5590	26.92	14.268	1.89	1790	0.74	0.367	10.754	5.549543867076586e-128	7.742935014540188e-127
KLF12 (MA0742.2)	GGGCGKGG	RGGGAGGGG	KGGGCGKGG	9	765	5590	13.69	5.033	2.72	896	0.37	0.122	11.551	2.5519299935235225e-127	3.504916350479963e-126
RFX2 (MA0600.3)	GTTRCCATGGYAAC	GTTBCYMKRRVAAC	GTTRCCATGGYAAC	14	721	5590	12.9	4.595	2.81	1465	0.61	0.196	15.278	8.936583225960307e-126	1.2085010239414016e-124
RFX5 (MA0510.3)	GTTRCYATRGYAAC	GTTBCYMKRGVAAC	GTTRCYATRGYAAC	14	779	5590	13.94	5.242	2.66	1464	0.61	0.202	14.816	4.099386670589609e-125	5.459637702194343e-124
HOXB13 (MA0901.3)	CAATAAAA	MYAATAAAA	MCAATAAAA	9	1386	5590	24.79	12.793	1.94	1676	0.7	0.329	11.274	2.1704609849320715e-124	2.847515232470583e-123
POU4F3 (MA0791.2)	TDMATWATTDAT	TDMATWATWRAY	TDMATWATTDAT	12	1215	5590	21.74	10.602	2.05	1795	0.74	0.299	13.321	1.9776488176794164e-122	2.556401927559128e-121
KLF2 (MA1515.2)	CMCRCCC	CCMCACCC	MCMCRCCC	8	822	5590	14.7	5.823	2.53	951	0.39	0.142	9.271	2.4525336775168767e-121	3.1243146413584564e-120
FOSL2 (MA0478.2)	TGASTCA	DRTGRSTCAY	RRTGASTCAB	10	1181	5590	21.13	10.275	2.06	1771	0.73	0.302	11.014	2.5135567935710746e-119	3.1563091736413923e-118
CUX1 (MA0754.3)	AATCRAT	TAATCAATY	YAATCRATA	9	757	5590	13.54	5.165	2.62	787	0.33	0.126	11.075	1.506171594049205e-118	1.864682860801762e-117
ZNF460 (MA1596.1)	CTCMGCCTCCC	VSMYCMVCCTCCMRRS	RCCTCMGCCTCCCRRR	16	948	5590	16.96	7.509	2.26	1055	0.44	0.186	18.269	1.4729167772551862e-114	1.7981858988990398e-113
POU2F1::SOX2 (MA1962.1)	ATTWRCATMACAA	VWTWWRMATMAHAAWRR	MATTWRCATMACAAWRS	17	1365	5590	24.42	12.925	1.89	1541	0.64	0.336	16.521	2.525064285191616e-114	3.040454118744425e-113
CDX1 (MA0878.3)	GYMATAAA	KGYWATAAAH	RGYMATAAAM	10	1004	5590	17.96	8.507	2.11	1124	0.47	0.211	11.766	1.1393519967023867e-105	1.3533654122991864e-104
DMRT3 (MA0610.2)	TGTAWC	TGTATCC	TGTAWCM	7	1126	5590	20.14	10.192	1.98	1230	0.51	0.254	8.691	8.626163869315131e-103	1.0109864054837334e-101
STAT3 (MA0144.3)	TKCYKGGAA	TKCYRGGAA	TKCYKGGAA	9	1532	5590	27.41	16.07	1.71	1887	0.78	0.445	10.625	2.3652339941552963e-97	2.735579843240139e-96
ZNF454 (MA1712.2)	GGCTCBVGG	GGCTCMBRGMMCYBRKS	GGCTCBVGGNYCYKVBS	17	718	5590	12.84	5.368	2.39	799	0.33	0.135	12.476	3.782628099161758e-95	4.3180910378742667e-94
TEAD1 (MA0090.4)	ACATTCCA	AMATTCCAR	ACATTCCAR	9	1366	5590	24.44	13.893	1.76	1552	0.64	0.357	11.299	2.0613595343778206e-93	2.3229936291257748e-92
Stat4 (MA0518.2)	TTCYRRGAA	TKCYRGGAAV	TTCYRRGAAR	10	1385	5590	24.78	14.192	1.75	1674	0.69	0.4	11.133	8.260477570680794e-93	9.191088334972681e-92
NR2C2 (MA0504.2)	GGTCARAGGKCR	RRGGKSARRGRBSR	RRGGTCARAGGKCR	14	1342	5590	24.01	13.619	1.76	1622	0.67	0.355	15.39	4.488260612734419e-92	4.931476348241943e-91
MAZ (MA1522.2)	CCCCTCC	CCCCTCCY	CCCCTCCY	8	1148	5590	20.54	10.957	1.87	1318	0.55	0.277	10.506	1.3716194551438673e-91	1.4884611124339005e-90
TCF7L1 (MA1421.1)	AGATCAAAG	AAAGWYCAAAKR	WAAGATCAAAGR	12	1510	5590	27.01	16.097	1.68	1826	0.76	0.424	13.535	9.383202516927906e-91	1.0058335380950768e-89
PROP1 (MA0715.1)	TAATYWAATTA	KAATTDAATTA	TAATYWAATTA	11	1034	5590	18.5	9.508	1.95	1597	0.66	0.309	13.212	8.393309226752296e-90	8.888817843753335e-89
NFYB (MA0502.3)	ATTGGCC	TCATTGGCC	YSATTGGCC	9	1150	5590	20.57	11.089	1.86	1296	0.54	0.281	10.762	3.0052098586877234e-89	3.144737459269654e-88
ZNF140 (MA1589.2)	GAGYRGAATTGC	HDGARYWGAATTGYWKRRY	RKGAGYRGAATTGCTRRRB	19	1166	5590	20.86	11.619	1.8	1319	0.55	0.294	13.188	1.333195359603529e-82	1.3786808483429437e-81
TWIST1 (MA1123.3)	CAGATG	CCAGATGD	MCAGATGK	8	1163	5590	20.81	11.662	1.78	1315	0.55	0.295	10.039	7.663595067589714e-81	7.832907051641115e-80
SP4 (MA0685.2)	GGGMGGRG	RGGGAGGRG	KGGGMGGRG	9	1101	5590	19.7	10.911	1.81	1320	0.55	0.276	11.209	1.2217431632258228e-78	1.2343818856040209e-77
NFIX (MA1528.2)	TGGCDBBDTGCCA	BKGGCWVVBWGCCM	HTGGCDBBDTGCCA	14	769	5590	13.76	6.597	2.09	1332	0.55	0.228	13.089	6.7037216454117154e-77	6.696103779905566e-76
Pparg::Rxra (MA0065.3)	GDSARAGG	RGGRSARAGRBCA	RGGDSARAGGKSA	13	1582	5590	28.3	18.124	1.56	1911	0.79	0.487	13.135	3.3233572783225464e-74	3.2822820760062004e-73
REST (MA0138.3)	CAGSACCWYGGACAG	HMRGVACYMRGGAMARMRMY	YCAGSACCWYGGACAGMKSY	20	979	5590	17.51	9.564	1.83	1116	0.46	0.239	14.542	7.525258901200371e-72	7.349669526839029e-71
SP3 (MA0746.3)	CCACGCCC	VCCMCWCCCMY	RCCACGCCCMY	11	712	5590	12.74	6.114	2.08	798	0.33	0.149	12.817	1.0623763209601502e-70	1.026185479257112e-69
TBP (MA0108.3)	ATAWA	TATAAAA	TATAWAW	7	697	5590	12.47	5.951	2.1	776	0.32	0.146	8.219	4.8471784035279516e-70	4.631162844240293e-69
ZNF574 (MA1982.2)	CYAGAGMGKC	KSCYAGARDGGSYM	KSCYAGAGMGKCSS	14	770	5590	13.77	6.885	2.0	838	0.35	0.168	12.797	8.000016841927245e-70	7.561306240918332e-69
TEAD4 (MA0809.3)	CATTCCA	AMATTCCA	ACATTCCA	8	1322	5590	23.65	14.577	1.62	1491	0.62	0.376	10.173	6.554782826175226e-69	6.1294192597957704e-68
SP9 (MA1564.2)	CGCCC	CCMCVCCCMC	MCMCGCCCMY	10	598	5590	10.7	4.821	2.22	733	0.3	0.122	11.073	1.3824330334617465e-67	1.279114354118816e-66
PBX1 (MA0070.2)	ATCAATCA	ATCAATCAW	ATCAATCAW	9	1281	5590	22.92	14.245	1.61	1503	0.62	0.377	11.266	2.0450959686285762e-64	1.8725409962755404e-63
Ikzf3 (MA1992.2)	CAGGAAG	CAGGAASHK	CAGGAAGYS	9	1353	5590	24.2	15.33	1.58	1601	0.66	0.398	11.062	4.42506455289662e-64	4.009929630923844e-63
Hic1 (MA0739.2)	TGCCA	RTGCCAVC	RTGCCARS	8	778	5590	13.92	7.259	1.92	841	0.35	0.177	9.047	2.0589118158006098e-63	1.84671784294769e-62
MAX::MYC (MA0059.2)	CACGTGG	ASCAYRTGGW	RSCACGTGGY	10	380	5590	6.8	2.507	2.71	514	0.21	0.073	11.597	1.6341058016959614e-61	1.450887878475505e-60
TFE3 (MA0831.3)	TCACGTGA	RYCAYRTGRY	RTCACGTGAY	10	316	5590	5.65	1.849	3.06	676	0.28	0.087	11.798	2.2415728359436388e-61	1.9703425227944585e-60
ZNF135 (MA1587.1)	CTCGACCTCC	YCYYRACCTCYHRR	YCTCGACCTCCYRR	14	944	5590	16.89	9.692	1.74	1081	0.45	0.242	15.987	1.3289513963567953e-59	1.1565824528689338e-58
ONECUT1 (MA0679.3)	AATCAAT	WAATCAATH	WAATCAATA	9	1100	5590	19.68	11.997	1.64	1222	0.51	0.308	11.393	5.930927068448453e-58	5.111063620751168e-57
KLF16 (MA0741.1)	CMCRCCCMC	SMCMCDCCCMY	VMCMCRCCCMC	11	981	5590	17.55	10.341	1.7	1261	0.52	0.276	12.427	3.3081191785514606e-57	2.823142483443431e-56
Six4 (MA2001.2)	AACCTGA	AACCTGA	AACCTGA	7	932	5590	16.67	9.686	1.72	1003	0.42	0.241	8.816	1.3809890115701354e-56	1.1672012895866816e-55
ZNF257 (MA1710.2)	GAGGMRAG	GAGGWRRGRG	GAGGMRAGRK	10	1072	5590	19.18	11.68	1.64	1235	0.51	0.297	11.326	1.7205382244025834e-56	1.4403362849998769e-55
ZNF558 (MA2335.1)	AWYTGATGAAAGACATRAAYMYACAVAT	WWHWRRKRWMARAHAYRWAYHBMHADWYH	AWYTGATGAAAGACATRAAYMYACAVATY	29	1360	5590	24.33	16.034	1.52	1750	0.73	0.429	13.682	4.886527193703826e-55	4.0521296257223234e-54
KLF9 (MA1107.3)	CACACCCMC	SCCMCACCCMY	SMCACACCCMC	11	982	5590	17.57	10.495	1.67	1253	0.52	0.276	13.215	1.013824544566469e-54	8.328521258634824e-54
SP1 (MA0079.5)	GGGGMGGRG	GGGGAGGRG	GGGGMGGRG	9	787	5590	14.08	7.792	1.81	898	0.37	0.194	11.41	1.444788295105014e-54	1.175897140182692e-53
Arid3a (MA0151.1)	ATYAAW	ATTAAA	ATYAAW	6	1890	5590	33.81	24.376	1.39	2550	1.06	0.697	7.431	2.081248281161424e-54	1.6783644395787997e-53
ERF::HOXB13 (MA1937.2)	GGAWRYHRTWA	AGGAWATWRYAAA	MGGAWRYHRTWAM	13	657	5590	11.75	6.134	1.92	712	0.3	0.149	12.043	5.758545577908938e-53	4.6016014208926875e-52
MYCN (MA0104.5)	CACGTG	MCACGTGK	CCACGTGG	8	146	5590	2.61	0.497	5.26	294	0.12	0.023	10.215	1.6357779845820363e-52	1.2953593229257748e-51
ARNT::HIF1A (MA0259.2)	ACGTG	ACGTG	ACGTG	5	787	5590	14.08	7.898	1.78	1115	0.46	0.227	6.606	1.9191377739859292e-52	1.5061804494050285e-51
BACH2 (MA1101.3)	ATGASTCAT	HRTGASTCAYD	MATGASTCATS	11	632	5590	11.31	5.837	1.94	1253	0.52	0.226	13.106	2.6217515222999502e-52	2.039397865576687e-51
ATF3 (MA0605.3)	TGACGTCA	RTKAYRTMAY	RTGACGTCAY	10	450	5590	8.05	3.577	2.25	878	0.36	0.163	9.807	5.3377464461714776e-52	4.115683444021692e-51
ZNF384 (MA1125.2)	AAAAAA	AAAAAAMM	AAAAAAWW	8	1124	5590	20.11	12.761	1.58	2686	1.11	0.459	10.174	2.691277710873972e-51	2.0570722677028014e-50
PBX3 (MA1114.2)	TGAKTGACAG	TGASTGAYAGR	TGAKTGACAGS	11	1141	5590	20.41	13.078	1.56	1314	0.54	0.335	13.227	2.6166288484859695e-50	1.982773067085489e-49
MYC (MA0147.4)	CACGTG	CCACGTGB	CCACGTGS	8	190	5590	3.4	0.879	3.86	219	0.09	0.024	9.902	5.4012963335248e-50	4.057896989032735e-49
Rarg (MA0859.2)	RGGTCAAAAGGTCA	VRGKTYARRRGKTSA	RRGGTCAAAAGGTCA	15	1168	5590	20.89	13.505	1.55	1358	0.56	0.352	13.104	6.440721886497036e-50	4.797791981551605e-49
TFAP4 (MA1570.1)	CAYRTG	AYCAYRTGRT	RHCAYRTGKY	10	670	5590	11.99	6.487	1.85	1381	0.57	0.275	9.777	4.859641943163678e-49	3.589601065580566e-48
MLXIPL (MA0664.2)	CACGTG	RDCACGTG	RKCACGTG	8	183	5590	3.27	0.849	3.86	212	0.09	0.024	9.777	4.331491209949902e-48	3.1728173112883036e-47
DBP (MA0639.2)	TTAYRTAA	RTKAYRTMAY	RTTAYRTAAY	10	396	5590	7.08	3.081	2.3	764	0.32	0.126	11.138	9.499994252593239e-48	6.90123549423922e-47
Arnt (MA0004.1)	CACGTG	CACGTG	CACGTG	6	234	5590	4.19	1.365	3.07	478	0.2	0.064	7.871	8.617275464001048e-46	6.059668106285537e-45
MAX (MA0058.4)	CACGTG	CACGTG	CACGTG	6	234	5590	4.19	1.365	3.07	478	0.2	0.064	8.161	8.617275464001048e-46	6.059668106285537e-45
MNT (MA0825.2)	CACGTG	CACGTG	CACGTG	6	234	5590	4.19	1.365	3.07	478	0.2	0.064	8.124	8.617275464001048e-46	6.059668106285537e-45
Mlxip (MA0622.2)	CACGTG	CACGTG	CACGTG	6	234	5590	4.19	1.365	3.07	478	0.2	0.064	8.314	8.617275464001048e-46	6.059668106285537e-45
FOSL2::JUNB (MA1138.2)	TGASTCA	RTGASTCAY	RTGASTCAY	9	769	5590	13.76	8.023	1.71	1501	0.62	0.292	10.697	1.9502232889172373e-45	1.3605129134589298e-44
FOS::JUNB (MA1134.2)	TGASTCA	RTGASTCAY	RTGASTCAY	9	770	5590	13.77	8.054	1.71	1480	0.61	0.294	10.83	3.9091688369876495e-45	2.6844995372751125e-44
FOSL2::JUND (MA1144.2)	TGASTCA	RTGASTCAY	RTGASTCAY	9	770	5590	13.77	8.054	1.71	1480	0.61	0.294	10.743	3.9091688369876495e-45	2.6844995372751125e-44
MXI1 (MA1108.3)	CACATG	CACATG	CACATG	6	1747	5590	31.25	22.904	1.36	2278	0.94	0.656	8.123	7.090977064987943e-45	4.831758790794111e-44
BCL11A (MA2324.1)	TGACC	CTGACCA	CTGACCW	7	825	5590	14.76	8.854	1.67	868	0.36	0.22	8.78	1.1752314146931691e-44	7.94637241165612e-44
FOSL2::JUN (MA1130.2)	TGASTCA	RTGASTCAY	RTGASTCAY	9	749	5590	13.4	7.8	1.72	1359	0.56	0.272	10.6	1.954295398163841e-44	1.3113172938824551e-43
Npas2 (MA0626.2)	CACGTG	SCACGTGK	SCACGTGK	8	162	5590	2.9	0.726	3.99	240	0.1	0.026	9.397	2.1557238583042442e-44	1.435516114734417e-43
ZNF320 (MA1976.2)	GKRGGRBCMRGGGG	RKRGGKVHHRKGGGMHDSDK	GKRGGRBCMRGGGGMMWRKG	20	1114	5590	19.93	13.108	1.52	1344	0.56	0.357	13.372	4.566325519671086e-44	3.0178948359329958e-43
SP5 (MA1965.2)	CCTCCC	CCTCCC	CCTCCC	6	2148	5590	38.43	29.559	1.3	3059	1.27	0.89	8.267	4.681051411335431e-44	3.0706299929580927e-43
ARNT2 (MA1464.2)	CACGTG	RWCACGTG	RWCACGTG	8	185	5590	3.31	0.937	3.53	216	0.09	0.028	10.028	7.681796262542922e-44	5.001702899833503e-43
SREBF1 (MA0829.3)	TCACSTGA	RTCACSTSAT	RTCACSTGAY	10	755	5590	13.51	8.058	1.68	978	0.41	0.248	12.036	2.1616288349404813e-41	1.3971115778769728e-40
ZBED1 (MA0749.2)	TRTCGCGACAT	TATYGTGATATA	TRTCGCGACATR	12	159	5590	2.84	0.753	3.77	172	0.07	0.021	13.411	6.263483380066746e-41	4.018687511736256e-40
ELF1 (MA0473.4)	AGGAAGT	CAGGAASTG	CAGGAAGTR	9	1135	5590	20.3	13.662	1.49	1306	0.54	0.349	11.353	7.39334098842848e-41	4.709236760020749e-40
SOX4 (MA0867.3)	ACAAWG	RACAAAGR	RACAAWGR	8	1249	5590	22.34	15.433	1.45	1445	0.6	0.4	9.264	1.7813100018542554e-40	1.1264543105251011e-39
SOX10 (MA0442.3)	ACAAAG	ACAAAG	ACAAAG	6	2051	5590	36.69	28.329	1.3	2638	1.09	0.821	8.143	2.780849466271586e-40	1.7459762006090883e-39
FOSL1::JUND (MA1142.2)	TGASKMA	ATGAYTCA	RTGASKMA	8	820	5590	14.67	9.086	1.61	1115	0.46	0.249	8.52	1.0368265230527494e-39	6.463620664988417e-39
FOSL1::JUN (MA1129.1)	TKACGTMA	ATKAYRTMAT	RTKACGTMAY	10	271	5590	4.85	1.902	2.55	452	0.19	0.082	10.247	1.163024960767369e-39	7.199288313482515e-39
FOS::JUN (MA0099.4)	TGASTCA	RTGASTCAY	RTGASTCAY	9	739	5590	13.22	7.936	1.67	1319	0.55	0.265	10.551	1.1930012761908297e-39	7.333203648753421e-39
FOSB::JUNB (MA1135.2)	TGASTCA	RTGASTCAY	RTGASTCAY	9	755	5590	13.51	8.243	1.64	1437	0.6	0.287	10.608	2.5625329832877254e-38	1.5642128418818823e-37
Creb5 (MA0840.2)	ATGACGTCA	RTKAYRTMAY	ATGACGTCAY	10	308	5590	5.51	2.386	2.31	537	0.22	0.087	11.101	1.5843843066914177e-37	9.604646935046595e-37
FOXA2 (MA0047.4)	GTAAACA	RGTAAAYA	WGTAAACA	8	699	5590	12.5	7.517	1.66	740	0.31	0.184	9.518	3.1934606321472273e-37	1.922638284696858e-36
USF2 (MA0526.5)	TCACGTGA	RYCAYRTGRY	RTCACGTGAY	10	188	5590	3.36	1.105	3.04	376	0.16	0.048	11.983	1.2386708613774878e-36	7.406746171093959e-36
USF1 (MA0093.4)	CAYGTGA	RYCATGTGAY	GYCAYGTGAY	10	713	5590	12.75	7.764	1.64	843	0.35	0.203	12.162	2.0224788638009495e-36	1.2011884603250235e-35
FOS (MA1951.2)	TGACGTCAT	RATGAYRTMATYR	BRTGACGTCATMR	13	347	5590	6.21	2.895	2.14	516	0.21	0.09	12.411	3.1760968825498576e-36	1.8736839998398154e-35
ELF4 (MA0641.1)	CCGGAAGT	WWCCMGGAAGYK	DWMCCGGAAGTR	12	449	5590	8.03	4.178	1.92	483	0.2	0.1	12.983	3.381856700671966e-36	1.9817680265937722e-35
FOSL2::JUNB (MA1139.2)	TGACGTCA	RTKAYRTMAY	RTGACGTCAY	10	293	5590	5.24	2.297	2.28	602	0.25	0.108	10.701	6.692687056485303e-35	3.895941670629524e-34
Vdr (MA0693.4)	AGTTCA	GAGTTCA	RAGTTCA	7	687	5590	12.29	7.561	1.63	730	0.3	0.186	8.816	9.117352329773878e-34	5.272468880178447e-33
HNF4G (MA0484.3)	CAAAGTCC	CAAAGWCCA	CAAAGTCCA	9	1196	5590	21.4	15.191	1.41	1388	0.58	0.396	11.394	1.1598736705160522e-33	6.663587950219673e-33
Hmga1 (MA2124.1)	ATTTTTA	ATWTTTAW	ATTTTTAW	8	909	5590	16.26	10.822	1.5	1023	0.42	0.274	9.912	1.6051289426758245e-33	9.161742471506817e-33
FOXF2 (MA0030.2)	RTAAACA	RRTAAACAH	SRTAAACAW	9	723	5590	12.93	8.094	1.6	781	0.32	0.199	10.699	1.6937117028309212e-33	9.604984430892773e-33
POU2F3 (MA0627.3)	ATGCAAA	TATGCWAAT	WATGCAAAT	9	913	5590	16.33	10.897	1.5	995	0.41	0.277	11.442	2.5476626962855913e-33	1.4355099423301504e-32
MEF2B (MA0660.1)	CTAWAAATAG	RCTAWWAATWRV	RCTAWAAATAGM	12	662	5590	11.84	7.236	1.64	806	0.33	0.203	12.114	2.783088782698359e-33	1.5581751847081893e-32
FOSL1::JUNB (MA1137.2)	TGASTMA	RTGASTCAY	RTGASTMAY	9	761	5590	13.61	8.661	1.57	1292	0.54	0.276	9.867	3.111343700176269e-33	1.7309310838322409e-32
FOSB::JUNB (MA1136.1)	TKACGTCA	ATKAYRTMAT	RTKACGTCAY	10	282	5590	5.04	2.228	2.26	433	0.18	0.083	10.426	4.24358847934625e-33	2.345983819714059e-32
FOXA1 (MA0148.5)	GTAAACA	GTAAACAY	GTAAACAW	8	673	5590	12.04	7.426	1.62	712	0.3	0.182	10.1	9.504074681903643e-33	5.221301028370813e-32
JDP2 (MA0655.1)	ATGASTCAT	RTGASTCAY	ATGASTCAT	9	701	5590	12.54	7.835	1.6	1304	0.54	0.286	11.745	1.2487513130097795e-32	6.817716795873267e-32
FOXD3 (MA0041.3)	AAAYAA	WRWRHAAAYAAAYW	WRNRHAAAYAAWCW	14	1012	5590	18.1	12.457	1.45	1234	0.51	0.328	12.89	1.6419667316544268e-32	8.909189858791612e-32
ERF::FIGLA (MA1934.2)	MGGAWRCASSTG	MAGGAWMCASVTG	SMGGAWRCASSTG	13	592	5590	10.59	6.31	1.68	633	0.26	0.154	13.064	2.6427505258879004e-32	1.4251397007702236e-31
Nr2F6 (MA0728.1)	AGGTCAARAGGTCA	VRGGTYMRRRGBWCA	RAGGTCAARAGGTCA	15	1061	5590	18.98	13.245	1.43	1212	0.5	0.343	16.021	4.7683316037223457e-32	2.5557094388243547e-31
Gmeb1 (MA0615.2)	RCGY	TACGTA	KRCGYM	6	130	5590	2.33	0.649	3.58	262	0.11	0.03	6.506	9.713958363161673e-32	5.1748905461934e-31
SREBF1 (MA0595.1)	TCACSCCA	STCACCYCAY	RTCACSCCAY	10	845	5590	15.12	10.009	1.51	900	0.37	0.252	11.161	1.1438750955605483e-31	6.0570253554079635e-31
TEF (MA0843.2)	TTACRTAA	RTTAYATMAY	RTTACRTAAY	10	371	5590	6.64	3.391	1.96	526	0.22	0.104	11.398	2.455896604108152e-31	1.2926545598868654e-30
FOS::JUN (MA1126.2)	TKRCRTCA	RTKACVTCAT	RTKRCRTCAY	10	380	5590	6.8	3.516	1.93	451	0.19	0.108	9.864	4.097209787278526e-31	2.1330882243296956e-30
ZNF76 (MA1716.2)	CCCAYMATGCMHYRC	WCCCAYMAKBCHVYBSH	WCCCAYMATGCMHYRCR	17	858	5590	15.35	10.245	1.5	959	0.4	0.257	15.515	4.101159384661189e-31	2.1330882243296956e-30
JUN::JUNB (MA1132.2)	TGACKMA	RTGACTCA	RTGACKMA	8	723	5590	12.93	8.272	1.56	819	0.34	0.203	9.242	7.042693800476883e-31	3.641486970952459e-30
ZNF766 (MA2098.1)	AAKAAACC	RWKAAACCW	AAKAAACCY	9	1119	5590	20.02	14.257	1.4	1267	0.53	0.368	10.991	9.752752855706774e-31	5.0132571696878684e-30
PKNOX1 (MA0782.3)	GAKTGACA	TGAKTGAYAG	WGAKTGACAK	10	1017	5590	18.19	12.711	1.43	1133	0.47	0.324	12.135	2.0430524939663766e-30	1.0440948501142122e-29
ZNF331 (MA1726.2)	GCWGAGC	TGCAGASCYY	WGCWGAGCMH	10	708	5590	12.67	8.089	1.57	786	0.33	0.199	12.145	2.2779223752649797e-30	1.1573952415363684e-29
Rfx6 (MA1724.2)	CMTAGCAA	CCTRGCAMC	CMTAGCAAC	9	725	5590	12.97	8.347	1.55	800	0.33	0.206	11.175	3.1585191160100655e-30	1.5955967258464642e-29
ZNF768 (MA1731.2)	TCTCTG	MSCTCTCTG	VCSTCTCTG	9	1066	5590	19.07	13.492	1.41	1237	0.51	0.345	10.797	4.106078005030479e-30	2.062424323669595e-29
TFAP4::ETV1 (MA1966.2)	GGAWRCASSTG	MAGGAWRCAGRKG	SCGGAWRCASSTG	13	492	5590	8.8	5.063	1.74	514	0.21	0.123	11.671	5.888683019516697e-30	2.940995667133623e-29
BCL6 (MA0463.3)	CTKTCKAGGAA	RCTHTCYAGGRRY	GCTKTCKAGGAAH	13	799	5590	14.29	9.457	1.51	860	0.36	0.236	12.776	6.033677288420122e-30	2.9963855008594845e-29
JUNB (MA0490.3)	TGASTCA	RTGASTCAY	RTGASTCAY	9	780	5590	13.95	9.201	1.52	1442	0.6	0.315	11.29	1.3333997712960786e-29	6.584597747018276e-29
HSF2 (MA0770.1)	TTCTRGAABDTTC	KTCTRGAABDKTY	TTCTRGAABDTTC	13	781	5590	13.97	9.231	1.51	981	0.41	0.255	14.308	2.0744308649879678e-29	1.0186730337007953e-28
JUND (MA0491.3)	TGASTCA	RTGASTCAY	RTGASTCAT	9	773	5590	13.83	9.12	1.52	1457	0.6	0.317	11.262	2.6090881996144184e-29	1.2741047374783743e-28
ZNF770 (MA2099.1)	CRGCCTC	CAGCCTCM	CRGCCTCM	8	670	5590	11.99	7.621	1.57	717	0.3	0.187	9.918	3.4932420116758806e-29	1.696441838819392e-28
NFE2 (MA0841.2)	ATGACTCAT	RTGASTCAYD	ATGACTCATS	10	749	5590	13.4	8.779	1.53	1335	0.55	0.285	12.736	3.989640125441686e-29	1.9268646539907922e-28
Lhx1 (MA1518.3)	TAATTA	KYTMATTARM	KYTAATTARM	10	409	5590	7.32	4.002	1.83	641	0.27	0.184	11.247	7.357205107288559e-29	3.5338706498943406e-28
ELF2 (MA1483.3)	CCGGAA	WYCMGGAARY	WMCCGGAART	10	477	5590	8.53	4.931	1.73	494	0.2	0.118	11.659	1.2229051270720648e-28	5.8420304711757885e-28
HNF4A (MA0114.5)	CAAAGTCC	CAAAGWCCA	CAAAGTCCA	9	1208	5590	21.61	15.854	1.36	1406	0.58	0.415	11.383	1.3393472949316288e-28	6.363709579702172e-28
JDP2 (MA0656.2)	ATGACGTCA	ATKAYRTMAY	ATGACGTCAY	10	359	5590	6.42	3.362	1.91	542	0.22	0.115	10.312	1.5007350931075763e-28	7.0921835851696745e-28
Arid5a (MA0602.2)	AATATT	YAATATTK	YAATATTR	8	560	5590	10.02	6.117	1.64	733	0.3	0.213	9.094	3.96406088997672e-28	1.8633206001548325e-27
Msgn1 (MA1524.3)	CAAATGG	RMCARATGGW	RMCAAATGGY	10	998	5590	17.85	12.643	1.41	1100	0.46	0.324	11.56	7.0277027815251045e-28	3.285824864340727e-27
FOSL1 (MA0477.3)	TGACTCA	RTGASTCAY	RTGACTCAY	9	777	5590	13.9	9.318	1.49	1475	0.61	0.315	11.078	1.6260607717306207e-27	7.562473112969394e-27
RREB1 (MA0073.2)	MCMCMAMMCAMCMMC	MCMCMMMMCMMCMMMMMMM	MCMCMAMMCAMCMMCMMMS	19	1237	5590	22.13	16.43	1.35	2243	0.93	0.55	16.639	1.91200860640127e-27	8.84555560540377e-27
FOSL1::JUN (MA1128.2)	TGACTCA	RTGACTCAY	RTGACTCAY	9	796	5590	14.24	9.637	1.48	987	0.41	0.253	10.782	4.437021142635768e-27	2.041958944699916e-26
DMRTC2 (MA1479.2)	GMTACA	AWWKGMTACAW	WWWTGMTACAW	11	806	5590	14.42	9.789	1.47	866	0.36	0.245	12.284	4.640219947752167e-27	2.124350694830289e-26
Sox11 (MA0869.3)	ACAAAG	GRACAAAG	GAACAAAG	8	1007	5590	18.01	12.874	1.4	1101	0.46	0.327	10.217	7.002320174908597e-27	3.189139602976506e-26
Atf3 (MA1988.2)	TGACTCA	TGACTCA	TGACTCA	7	747	5590	13.36	8.943	1.49	849	0.35	0.22	9.064	1.330553159444429e-26	5.906849632079056e-26
BATF (MA1634.2)	TGACTCA	TGACTCA	TGACTCA	7	747	5590	13.36	8.943	1.49	849	0.35	0.22	9.04	1.330553159444429e-26	5.906849632079056e-26
BATF3 (MA0835.3)	TGACTCA	TGACTCA	TGACTCA	7	747	5590	13.36	8.943	1.49	849	0.35	0.22	9.177	1.330553159444429e-26	5.906849632079056e-26
BATF::JUN (MA0462.3)	TGACTCA	TGASTCA	TGACTCA	7	747	5590	13.36	8.943	1.49	1698	0.7	0.44	9.088	1.330553159444429e-26	5.906849632079056e-26
BNC2 (MA1928.2)	TGAGTCA	TGAGTCA	TGAGTCA	7	747	5590	13.36	8.943	1.49	849	0.35	0.22	9.058	1.330553159444429e-26	5.906849632079056e-26
FOS::JUND (MA1141.2)	TGAGTCA	RTGASTCAY	RTGAGTCAY	9	805	5590	14.4	9.825	1.47	1267	0.53	0.282	11.033	1.9204169439514818e-26	8.482645697152525e-26
FOS (MA0476.2)	TGASTCA	TGASTCAY	TGASTCAY	8	813	5590	14.54	9.998	1.45	1354	0.56	0.291	9.973	8.100652120645243e-26	3.560236607023584e-25
FOXA3 (MA1683.2)	GTAAACA	GTAAACA	GTAAACA	7	470	5590	8.41	5.003	1.68	480	0.2	0.12	8.909	9.88171029331742e-26	4.077945233721132e-25
FOXD1 (MA0031.2)	GTAAACA	GTAAACA	GTAAACA	7	470	5590	8.41	5.003	1.68	480	0.2	0.12	9.079	9.88171029331742e-26	4.077945233721132e-25
FOXI1 (MA0042.2)	GTAAACA	GTAAACA	GTAAACA	7	470	5590	8.41	5.003	1.68	480	0.2	0.12	9.233	9.88171029331742e-26	4.077945233721132e-25
FOXK1 (MA0852.3)	GTAAACA	GTAAACA	GTAAACA	7	470	5590	8.41	5.003	1.68	480	0.2	0.12	9.118	9.88171029331742e-26	4.077945233721132e-25
FOXK2 (MA1103.3)	TAAACA	GTAAACA	GTAAACA	7	470	5590	8.41	5.003	1.68	480	0.2	0.12	8.902	9.88171029331742e-26	4.077945233721132e-25
FOXL1 (MA0033.2)	TAAACA	GTAAACA	RTAAACA	7	470	5590	8.41	5.003	1.68	480	0.2	0.12	8.57	9.88171029331742e-26	4.077945233721132e-25
FOXO4 (MA0848.1)	GTAAACA	GTAAACA	GTAAACA	7	470	5590	8.41	5.003	1.68	480	0.2	0.12	8.876	9.88171029331742e-26	4.077945233721132e-25
FOXP1 (MA0481.4)	GTAAACA	GTAAACA	GTAAACA	7	470	5590	8.41	5.003	1.68	480	0.2	0.12	8.878	9.88171029331742e-26	4.077945233721132e-25
FOXP3 (MA0850.1)	RYAAAYA	GTAAACA	RYAAAYA	7	470	5590	8.41	5.003	1.68	480	0.2	0.12	8.112	9.88171029331742e-26	4.077945233721132e-25
FOXP4 (MA2117.1)	TAAACA	GTAAACA	GTAAACA	7	470	5590	8.41	5.003	1.68	480	0.2	0.12	8.864	9.88171029331742e-26	4.077945233721132e-25
Foxf1 (MA1606.2)	TAAACA	GTAAACA	RTAAACA	7	470	5590	8.41	5.003	1.68	480	0.2	0.12	8.773	9.88171029331742e-26	4.077945233721132e-25
Foxo1 (MA0480.3)	GTAAACA	GTAAACA	GTAAACA	7	470	5590	8.41	5.003	1.68	480	0.2	0.12	8.832	9.88171029331742e-26	4.077945233721132e-25
Foxo3 (MA0157.4)	GTAAACA	GTAAACA	GTAAACA	7	470	5590	8.41	5.003	1.68	480	0.2	0.12	8.945	9.88171029331742e-26	4.077945233721132e-25
CLOCK (MA0819.3)	CACGTG	ACACGTG	MCACGTG	7	112	5590	2.0	0.592	3.39	120	0.05	0.016	8.844	9.993998701002193e-26	4.105011615972396e-25
mix-a (MA0621.2)	TAATTA	YTAATTA	YTAATTA	7	672	5590	12.02	7.926	1.52	947	0.39	0.27	9.247	2.1899214291653792e-25	8.953213656913342e-25
Hand1 (MA2123.1)	CAGACC	YCCAGMCCY	DCCAGACCY	9	1092	5590	19.53	14.348	1.36	1254	0.52	0.374	10.669	2.2334822038110504e-25	9.089031746064414e-25
Creb3l2 (MA0608.1)	KMCACGTG	KMCACGTGK	KMCACGTGD	9	142	5590	2.54	0.894	2.84	165	0.07	0.026	10.702	2.398857074223291e-25	9.717029346738583e-25
Foxj3 (MA0851.2)	RTAAACA	RTAAAYAWW	RTAAACAAW	9	802	5590	14.35	9.886	1.45	869	0.36	0.247	10.857	3.558586020623897e-25	1.4348610606093604e-24
ETV2::FIGLA (MA1941.2)	GGAARCAGSTG	MAGGAWMCAGRTG	SCGGAARCAGSTG	13	532	5590	9.52	5.912	1.61	556	0.23	0.144	13.417	3.701487642773748e-25	1.4856655881269975e-24
FOSB::JUN (MA1127.1)	TGACGTMA	RATKAHRTMAT	RRTGACGTMAY	11	355	5590	6.35	3.487	1.82	515	0.21	0.107	10.646	7.188682835627837e-25	2.872205551144031e-24
FOSL2::JUN (MA1131.2)	TGACGTMA	RTGAYRTMAT	RTGACGTMAY	10	404	5590	7.23	4.175	1.73	490	0.2	0.128	11.254	2.4589872581827288e-24	9.780315836844428e-24
LMX1B (MA0703.3)	TTAATTA	YTAATTAH	TTAATTAM	8	531	5590	9.5	5.957	1.59	838	0.35	0.23	10.32	2.8347697442964507e-24	1.1224155879444055e-23
Stat5b (MA1625.2)	TTCCMAGAA	TTCCMAGAA	TTCCMAGAA	9	1146	5590	20.5	15.319	1.34	1457	0.6	0.46	11.389	2.982341293358136e-24	1.175550671238476e-23
ZKSCAN5 (MA1652.2)	GGARGTGA	GGARGKGAG	GGARGTGAK	9	1086	5590	19.43	14.397	1.35	1250	0.52	0.371	11.059	5.5002594810339856e-24	2.1583607517093186e-23
MITF (MA0620.4)	TCACGTGA	RYCAYRTGRY	RTCACGTGAY	10	358	5590	6.4	3.596	1.78	770	0.32	0.166	11.113	1.510982599828372e-23	5.90290535666284e-23
BACH1 (MA1633.2)	ATGACTCA	RTGACTCAB	ATGACTCAY	9	751	5590	13.43	9.274	1.45	894	0.37	0.244	11.558	2.4953195487514015e-23	9.705247271471158e-23
Bhlha15 (MA1472.3)	CAGCTG	CCAGCTGG	MCAGCTGK	8	451	5590	8.07	4.894	1.65	942	0.39	0.235	10.131	3.44639624484227e-23	1.3345296472318745e-22
SCRT1 (MA0743.3)	CAACAGGT	YCMACAGGTK	KCAACAGGTK	10	953	5590	17.05	12.409	1.37	1007	0.42	0.315	12.133	5.267258836423295e-23	2.0306668935158227e-22
ZBTB7A (MA0750.3)	CCGGAAG	CMGGAAGKK	CCGGAAGYS	9	456	5590	8.16	4.98	1.64	479	0.2	0.12	10.741	5.914580307201793e-23	2.2701269450429407e-22
ETV5::FIGLA (MA1945.2)	GGAWRCAGGTG	DVAGGAWRCAGVTG	RSMGGAWRCAGGTG	14	640	5590	11.45	7.643	1.5	693	0.29	0.188	13.858	5.940036374970152e-23	2.2701269450429407e-22
Arntl (MA0603.2)	CACGTG	RKCACGTG	RTCACGTG	8	139	5590	2.49	0.945	2.63	162	0.07	0.028	9.833	4.533668812390903e-22	1.725149301338357e-21
RBPJ (MA1116.2)	TGGGAA	TGGGAA	TGGGAA	6	2314	5590	41.4	35.138	1.18	3191	1.32	1.101	8.184	1.2851420587283661e-21	4.869137369061353e-21
TFEB (MA0692.2)	CACRTG	CACRTGAY	CACRTGMY	8	470	5590	8.41	5.294	1.59	544	0.23	0.133	9.633	3.303154119132095e-21	1.2461255239129234e-20
Stat5a (MA1624.2)	TCCWRGAA	YTCCWRGAA	TTCCWRGAA	9	1130	5590	20.21	15.404	1.31	1467	0.61	0.458	11.271	3.408120914676351e-21	1.280230035897655e-20
SP8 (MA0747.2)	CACKCCC	CCMCHCCCMYY	MCACKCCCMYY	11	832	5590	14.88	10.718	1.39	1101	0.46	0.286	11.861	4.1691683819486645e-21	1.559446386269309e-20
Rarb (MA0857.1)	AGGTCAAAAGGTCA	DVRGGTYAARRGBTCA	WAAGGTCAAAAGGTCA	16	1111	5590	19.87	15.116	1.31	1281	0.53	0.4	12.984	4.730793408023193e-21	1.7620200871408418e-20
SREBF2 (MA0596.1)	TGGSGTGA	MTGRGGTGAY	RTGGSGTGAY	10	887	5590	15.87	11.584	1.37	968	0.4	0.295	11.397	5.452436911561073e-21	2.0222329304903727e-20
ERF::NHLH1 (MA1938.2)	GCAGCTGCCGGA	RKYAGMTBCMRSAWRY	VGCAGCTGCCGGAWRY	16	417	5590	7.46	4.579	1.63	440	0.18	0.111	10.993	1.1836870451744926e-20	4.3716845071780633e-20
Pou5f1::Sox2 (MA0142.1)	TTSWHATGCARA	YWTTBWKATKCWWAH	YWTTSWHATGCARAK	15	1114	5590	19.93	15.264	1.31	1266	0.53	0.402	15.923	3.368510735421339e-20	1.238879052901823e-19
ALX3 (MA0634.2)	ATTA	TAATTA	YAATTA	6	762	5590	13.63	9.752	1.4	1728	0.72	0.49	6.926	6.13328317027943e-20	2.026750340855496e-19
DRGX (MA1481.2)	AATTA	TAATTA	YAATTA	6	762	5590	13.63	9.752	1.4	1728	0.72	0.49	7.367	6.13328317027943e-20	2.026750340855496e-19
EMX1 (MA0612.3)	TAATTA	TAATTA	TAATTA	6	762	5590	13.63	9.752	1.4	1728	0.72	0.49	7.83	6.13328317027943e-20	2.026750340855496e-19
EMX2 (MA0886.2)	TAATTA	TAATTA	TAATTA	6	762	5590	13.63	9.752	1.4	1728	0.72	0.49	7.791	6.13328317027943e-20	2.026750340855496e-19
EN1 (MA0027.3)	AATTA	TAATTA	YAATTA	6	762	5590	13.63	9.752	1.4	1728	0.72	0.49	7.326	6.13328317027943e-20	2.026750340855496e-19
EVX1 (MA0887.2)	ATTA	TAATTA	YVATTA	6	762	5590	13.63	9.752	1.4	1728	0.72	0.49	6.931	6.13328317027943e-20	2.026750340855496e-19
EVX2 (MA0888.2)	ATTA	TAATTA	YVATTA	6	762	5590	13.63	9.752	1.4	1728	0.72	0.49	6.982	6.13328317027943e-20	2.026750340855496e-19
GSX1 (MA0892.2)	ATTA	TAATTA	YMATTA	6	762	5590	13.63	9.752	1.4	1728	0.72	0.49	6.5	6.13328317027943e-20	2.026750340855496e-19
HOXA1 (MA1495.2)	TMATKA	TAATTA	TMATKA	6	762	5590	13.63	9.752	1.4	1728	0.72	0.49	7.17	6.13328317027943e-20	2.026750340855496e-19
HOXA2 (MA0900.3)	TMATTA	TAATTA	TMATTA	6	762	5590	13.63	9.752	1.4	1728	0.72	0.49	7.854	6.13328317027943e-20	2.026750340855496e-19
HOXB2 (MA0902.3)	ATTA	TAATTA	YMATTA	6	762	5590	13.63	9.752	1.4	1728	0.72	0.49	7.119	6.13328317027943e-20	2.026750340855496e-19
HOXB3 (MA0903.2)	ATTA	TAATTA	YMATTA	6	762	5590	13.63	9.752	1.4	1728	0.72	0.49	6.783	6.13328317027943e-20	2.026750340855496e-19
HOXB5 (MA0904.3)	TMATKA	TAATTA	TMATKA	6	762	5590	13.63	9.752	1.4	1728	0.72	0.49	7.392	6.13328317027943e-20	2.026750340855496e-19
HOXC8 (MA1505.2)	YMATKR	TAATTA	YMATKR	6	762	5590	13.63	9.752	1.4	1728	0.72	0.49	6.835	6.13328317027943e-20	2.026750340855496e-19
ISX (MA0654.2)	AATTA	TAATTA	YAATTA	6	762	5590	13.63	9.752	1.4	1728	0.72	0.49	7.562	6.13328317027943e-20	2.026750340855496e-19
Lhx4 (MA0704.2)	ATTA	TAATTA	YMATTA	6	762	5590	13.63	9.752	1.4	1728	0.72	0.49	7.324	6.13328317027943e-20	2.026750340855496e-19
Lhx8 (MA0705.2)	YRATYR	TAATTA	YRATYR	6	762	5590	13.63	9.752	1.4	1728	0.72	0.49	7.003	6.13328317027943e-20	2.026750340855496e-19
MIXL1 (MA0662.2)	AATTA	TAATTA	YAATTA	6	762	5590	13.63	9.752	1.4	1728	0.72	0.49	6.89	6.13328317027943e-20	2.026750340855496e-19
MNX1 (MA0707.3)	YRATTA	TAATTA	YRATTA	6	762	5590	13.63	9.752	1.4	1728	0.72	0.49	6.914	6.13328317027943e-20	2.026750340855496e-19
NKX6-2 (MA0675.2)	ATTA	TAATTA	YMATTA	6	762	5590	13.63	9.752	1.4	1728	0.72	0.49	6.576	6.13328317027943e-20	2.026750340855496e-19
PDX1 (MA0132.3)	ATTA	TAATTA	YMATTA	6	762	5590	13.63	9.752	1.4	1728	0.72	0.49	7.422	6.13328317027943e-20	2.026750340855496e-19
POU6F1 (MA0628.2)	TAATTA	TAATTA	TAATTA	6	762	5590	13.63	9.752	1.4	1728	0.72	0.49	7.882	6.13328317027943e-20	2.026750340855496e-19
PRRX1 (MA0716.2)	AATTA	TAATTA	YAATTA	6	762	5590	13.63	9.752	1.4	1728	0.72	0.49	7.119	6.13328317027943e-20	2.026750340855496e-19
Shox2 (MA0720.2)	AATTA	TAATTA	YAATTA	6	762	5590	13.63	9.752	1.4	1728	0.72	0.49	7.293	6.13328317027943e-20	2.026750340855496e-19
TLX2 (MA1577.2)	AATTA	TAATTA	YAATTA	6	762	5590	13.63	9.752	1.4	1728	0.72	0.49	7.488	6.13328317027943e-20	2.026750340855496e-19
UNCX (MA0721.2)	ATTA	TAATTA	YAATTA	6	762	5590	13.63	9.752	1.4	1728	0.72	0.49	6.834	6.13328317027943e-20	2.026750340855496e-19
VAX2 (MA0723.3)	ATTA	TAATTA	YMATTA	6	762	5590	13.63	9.752	1.4	1728	0.72	0.49	6.633	6.13328317027943e-20	2.026750340855496e-19
FOXS1 (MA2118.1)	GTAAACA	DGTAAACA	WGTAAACA	8	620	5590	11.09	7.624	1.45	646	0.27	0.187	9.975	1.3703251514691855e-19	4.51129516157833e-19
BHLHE22 (MA1635.2)	CAGCTG	CAGCTG	CAGCTG	6	909	5590	16.26	12.094	1.34	2000	0.83	0.615	8.297	2.0333033956750866e-19	6.57085913528824e-19
Neurod2 (MA1993.2)	CAGCTG	CAGCTG	CAGCTG	6	909	5590	16.26	12.094	1.34	2000	0.83	0.615	8.284	2.0333033956750866e-19	6.57085913528824e-19
Olig2 (MA1997.2)	CAGCTG	CAGCTG	CAGCTG	6	909	5590	16.26	12.094	1.34	2000	0.83	0.615	8.263	2.0333033956750866e-19	6.57085913528824e-19
Tcf12 (MA0521.3)	CAGCTG	CAGCTG	CAGCTG	6	909	5590	16.26	12.094	1.34	2000	0.83	0.615	8.117	2.0333033956750866e-19	6.57085913528824e-19
Twist2 (MA0633.3)	CAGCTG	CAGCTG	CAGCTG	6	909	5590	16.26	12.094	1.34	2000	0.83	0.615	8.281	2.0333033956750866e-19	6.57085913528824e-19
ZNF708 (MA1730.2)	GCTGTRCCT	KCTGTKCCT	GCTGTRCCT	9	610	5590	10.91	7.495	1.46	646	0.27	0.184	11.355	2.4172157280674704e-19	7.782903388173284e-19
KLF11 (MA1512.2)	CACRCCC	CCMCRCCCMC	MCACRCCCMC	10	550	5590	9.84	6.613	1.49	648	0.27	0.162	11.7	3.5157568934788283e-19	1.127865076411639e-18
ELF3 (MA0640.3)	ACTTCCT	YASTTCCTG	YACTTCCTS	9	1126	5590	20.14	15.6	1.29	1295	0.54	0.404	10.787	5.181689636539161e-19	1.6562564329156082e-18
Jun (MA0489.3)	TGACTCA	TGASTCAB	TGACTCAY	8	835	5590	14.94	11.012	1.36	1396	0.58	0.329	10.077	1.1040143172106427e-18	3.5160455972034605e-18
FOXG1 (MA0613.1)	RTAAACA	RTAAACAY	RTAAACAW	8	727	5590	13.01	9.403	1.38	766	0.32	0.233	9.899	5.185829753196266e-18	1.64561167980488e-17
Ahr::Arnt (MA0006.2)	GCGTG	GCGTG	GCGTG	5	561	5590	10.04	6.916	1.45	615	0.26	0.172	6.682	1.50565307627729e-17	4.7606800505314315e-17
FOSL2::JUND (MA1145.2)	TKACGTCA	ATKAYRTCAY	RTKACGTCAY	10	349	5590	6.24	3.845	1.62	438	0.18	0.12	10.857	3.0745756054643743e-17	9.686566154850126e-17
ZBTB17 (MA2102.1)	ATCGAT	AATCAATT	RATCGATY	8	300	5590	5.37	3.192	1.68	350	0.15	0.088	9.638	9.47509250798636e-17	2.974502255185718e-16
FOXO6 (MA0849.1)	GTAAACA	RTAAACA	GTAAACA	7	817	5590	14.62	11.023	1.33	890	0.37	0.277	9.248	4.873471980799886e-16	1.5244775342075089e-15
JUND (MA0492.2)	ATGAYGTMA	RRTGAKRTMAY	RATGAYGTMAT	11	673	5590	12.04	8.789	1.37	812	0.34	0.253	12.451	7.509037873659439e-16	2.340583081895974e-15
ONECUT3 (MA0757.2)	AAATCRATA	WWWAATCAATHW	RAAAATCRATAW	12	719	5590	12.86	9.576	1.34	799	0.33	0.241	13.961	3.3511574895942568e-15	1.040871884577156e-14
HIF1A (MA1106.2)	ACGTGC	ACGTGC	ACGTGC	6	172	5590	3.08	1.586	1.94	177	0.07	0.038	7.953	7.484641622546586e-15	2.3165492909219892e-14
NR2F1 (MA1537.2)	GGTCAAAGGTCA	RGGKYARAGRYYR	RGGTCAAAGGTCA	13	933	5590	16.69	13.021	1.28	1059	0.44	0.338	16.163	7.746159784757425e-15	2.38907875466729e-14
ZNF189 (MA1725.2)	CTGTTCC	KKCTGTTCC	YKCTGTTCC	9	788	5590	14.1	10.731	1.31	859	0.36	0.269	11.037	1.2554697863300308e-14	3.8585942034408984e-14
MLX (MA0663.1)	TCACGTGA	RYCACGTGRY	RTCACGTGAY	10	103	5590	1.84	0.764	2.41	149	0.06	0.024	12.291	1.6408676354551686e-14	5.0255144653836004e-14
MYB (MA0100.4)	CAACTG	CAACTG	CAACTG	6	1761	5590	31.5	26.841	1.17	2212	0.92	0.767	8.173	1.9210076674416755e-14	5.86307548500428e-14
TFAP4::FLI1 (MA1967.2)	CGGAAACAGCTG	DMRGRMWMCAGMTG	RSCGGAAACAGCTG	14	579	5590	10.36	7.498	1.38	648	0.27	0.194	12.19	2.599593254559319e-14	7.906721352102567e-14
FOXJ2::ELF1 (MA1952.2)	ACMGGAA	AMMCAGGAARY	MWACMGGAARW	11	846	5590	15.13	11.752	1.29	934	0.39	0.297	12.215	7.394759935310491e-14	2.2413772355648006e-13
NKX2-4 (MA2003.2)	CACTYSA	CCACTTCA	SCACTYSA	8	793	5590	14.19	10.918	1.3	840	0.35	0.275	8.726	9.413464347375785e-14	2.8434485090526855e-13
PPARD (MA1550.2)	GGTCAAAGGTCA	RRGKTYARRGKKYR	RRGGTCAAAGGTCA	14	1007	5590	18.01	14.422	1.25	1167	0.48	0.377	16.446	2.250246282291853e-13	6.773857815529243e-13
TAL1::TCF3 (MA0091.2)	AMCAKMTG	AMCAKCTGKD	AMCAKMTGKT	10	687	5590	12.29	9.296	1.32	1035	0.43	0.31	11.335	2.812603343061187e-13	8.43781002918356e-13
HSF4 (MA0771.1)	TCYRGAABVTTC	KKCTRGAAVBWTC	WTCYRGAABVTTC	13	597	5590	10.68	7.888	1.35	690	0.29	0.203	13.011	2.9298502219385334e-13	8.759654234979492e-13
ELK4 (MA0076.3)	CTTCCGG	MRYTTCCKG	BRCTTCCGG	9	334	5590	5.97	3.941	1.52	354	0.15	0.094	10.772	6.432052307376578e-13	1.9165335519267837e-12
LMX1A (MA0702.3)	TAATTA	TTAATTA	YTAATTA	7	405	5590	7.25	4.992	1.45	538	0.22	0.142	9.198	6.699189532758069e-13	1.9826894273718325e-12
NKX6-1 (MA0674.2)	YMATTA	TAATTAA	YMATTAW	7	405	5590	7.25	4.992	1.45	538	0.22	0.142	8.213	6.699189532758069e-13	1.9826894273718325e-12
HNF4A (MA1494.2)	GTYCAAAGGTC	RRKKHCAAAGKKYW	RRGTYCAAAGGTCR	14	889	5590	15.9	12.573	1.26	1024	0.42	0.323	12.019	6.724439633140671e-13	1.983484039439815e-12
HOXD3 (MA0912.2)	TAATTA	CTAATTAY	YTAATTAS	8	508	5590	9.09	6.562	1.38	573	0.24	0.177	9.845	8.458243714099548e-13	2.486553921302175e-12
ATF7 (MA0834.2)	ATGACGTCAY	ATKAYRTMAT	ATGACGTCAY	10	204	5590	3.65	2.114	1.73	367	0.15	0.079	11.108	9.140578946111213e-13	2.6781896312105852e-12
Stat5a::Stat5b (MA0519.2)	TTCCMRGAA	TTCCMRGAR	TTCCMRGAA	9	1059	5590	18.94	15.384	1.23	1456	0.6	0.48	10.694	1.2257146597904196e-12	3.579412577926175e-12
TFAP4 (MA0691.1)	CAGCTG	MMCAGCTGDD	AWCAGCTGWY	10	518	5590	9.27	6.736	1.38	848	0.35	0.295	11.808	1.3212254272549412e-12	3.845553478665872e-12
GMEB2 (MA0862.1)	ACGT	YTACGTAA	KKACGTMM	8	76	5590	1.36	0.523	2.6	103	0.04	0.019	9.182	1.5748579341575989e-12	4.56864727433838e-12
ZBTB26 (MA1579.2)	TCCAGA	STCCAGAV	YTCCAGAR	8	1187	5590	21.23	17.568	1.21	1464	0.61	0.466	9.875	3.2847849635028035e-12	9.497782838549225e-12
Rxra (MA0512.2)	GGTCAAAGGTCA	RRGKTYARAGDYCA	RRGGTCAAAGGTCA	14	931	5590	16.65	13.413	1.24	1076	0.45	0.349	16.994	8.077072782283114e-12	2.32778589364815e-11
GLI3 (MA1491.3)	GACCACCCACGWHG	RGMCCMCMCAVVWWD	RGACCACCCACGWHG	15	711	5590	12.72	9.891	1.29	773	0.32	0.248	10.386	1.4134140555639409e-11	4.0601011596101436e-11
GSX2 (MA0893.3)	ATTA	GTAATTA	SYMATTA	7	301	5590	5.38	3.571	1.51	326	0.14	0.094	7.441	1.6131458203039723e-11	4.530208230182721e-11
HOXA3 (MA2119.1)	TMATTA	GTAATTA	STMATTA	7	301	5590	5.38	3.571	1.51	326	0.14	0.094	8.102	1.6131458203039723e-11	4.530208230182721e-11
HOXA6 (MA1497.2)	ATWA	GTAATTA	SYMATWA	7	301	5590	5.38	3.571	1.51	326	0.14	0.094	7.348	1.6131458203039723e-11	4.530208230182721e-11
HOXB1 (MA2093.1)	TMATTR	GTAATTA	STMATTR	7	301	5590	5.38	3.571	1.51	326	0.14	0.094	8.204	1.6131458203039723e-11	4.530208230182721e-11
HOXB7 (MA1501.2)	GYAATTA	GTAATTA	GYAATTA	7	301	5590	5.38	3.571	1.51	326	0.14	0.094	8.627	1.6131458203039723e-11	4.530208230182721e-11
LHX5 (MA1519.2)	YAATTA	GTAATTA	SYAATTA	7	301	5590	5.38	3.571	1.51	326	0.14	0.094	8.43	1.6131458203039723e-11	4.530208230182721e-11
MEOX2 (MA0706.2)	ATYA	GTAATTA	STMATYA	7	301	5590	5.38	3.571	1.51	326	0.14	0.094	7.626	1.6131458203039723e-11	4.530208230182721e-11
EWSR1-FLI1 (MA0149.1)	GGAAGGAAGGAAGGAAGG	GRRRGRRRKRRRGGMDRR	GGAAGGAAGGAAGGAAGG	18	977	5590	17.48	14.233	1.23	1424	0.59	0.451	12.263	2.2047455629103977e-11	6.171883279612227e-11
SOHLH2 (MA1560.2)	CACGTG	SCACGTGS	KCACGTGM	8	66	5590	1.18	0.452	2.61	126	0.05	0.018	9.921	3.481097142208912e-11	9.713918692068678e-11
RARA (MA0729.1)	RAGGTCAWAAGGTCA	RRGKTSMRWAGKWCARKB	RAGGTCAWAAGGTCAWKK	18	895	5590	16.01	12.954	1.24	1004	0.42	0.334	11.885	5.64122400408097e-11	1.5691885758187257e-10
EGR1 (MA0162.5)	CRCCCMCRC	MCWCCCACMC	MCRCCCMCRC	10	226	5590	4.04	2.542	1.59	237	0.1	0.06	10.097	7.694647081157782e-11	2.1336261149330254e-10
CTCF (MA1930.2)	TGCAVTDHHVVVHHHHDDCCWSYAGRKGG	BTKYWSBBMBVBYBVHBBVMCWSBAGRKRGVRB	BTGCAVTDHHVVVHHHHDDCCWSYAGRKGGMRS	33	647	5590	11.57	8.972	1.29	718	0.3	0.225	14.652	8.377806172949e-11	2.315752083654771e-10
JUNB (MA1140.3)	ATGACGTCA	ATGAYGTMAYY	ATGACGTCAYS	11	177	5590	3.17	1.864	1.7	233	0.1	0.06	11.102	9.414140604416424e-11	2.5940531634112964e-10
RXRB (MA0855.1)	RGGTCAAAGGTCA	RRGKTBARAGKYYR	RRGGTCAAAGGTCA	14	970	5590	17.35	14.223	1.22	1130	0.47	0.373	17.302	9.781863354430911e-11	2.686955590170241e-10
ARGFX (MA1463.2)	TAATTA	HTAATTAA	YTAATTAR	8	433	5590	7.75	5.636	1.37	671	0.28	0.212	9.85	1.2117470082676496e-10	3.3181483497422556e-10
ZNF136 (MA1588.1)	ATTCTKGGYTG	RRMTTCTKGGYTGRY	RWATTCTKGGYTGRM	15	960	5590	17.17	14.143	1.21	1083	0.45	0.368	13.747	3.1922577961288626e-10	8.714268952786554e-10
KLF6 (MA1517.2)	ACRCCC	SCACRCCCM	MMACRCCCH	9	443	5590	7.92	5.84	1.36	476	0.2	0.142	10.231	3.415721424436581e-10	9.295415269596764e-10
NFIB (MA1643.2)	TGGCWYDRWGCCA	YSTGGCWVBBWGCCMVV	YYTGGCWYDRWGCCARR	17	604	5590	10.81	8.374	1.29	871	0.36	0.286	14.685	3.7674794185418453e-10	1.0221032126229267e-09
ELK1::SREBF2 (MA1933.2)	CGGAAGTSRCGTG	MYGGAAGTSRBSKGR	SCGGAAGTSRCGTGA	15	247	5590	4.42	2.902	1.52	252	0.1	0.069	12.102	4.815844068083542e-10	1.3025005956447487e-09
NFYC (MA1644.2)	CCAATCA	CCAATCA	CCAATCA	7	711	5590	12.72	10.141	1.25	781	0.32	0.254	9.012	8.469405792828771e-10	2.2836219913792914e-09
LHX6 (MA0658.2)	TAATTA	YTAATTAR	YTAATTAR	8	328	5590	5.87	4.127	1.42	680	0.28	0.197	9.354	9.192500807046158e-10	2.4710116848298387e-09
ESX1 (MA0644.3)	AATTA	CTAATTA	YYAATTA	7	362	5590	6.48	4.645	1.39	409	0.17	0.128	8.32	9.98419173144934e-10	2.6119358726023722e-09
GBX1 (MA0889.2)	AATTA	CTAATTA	SYAATTA	7	362	5590	6.48	4.645	1.39	409	0.17	0.128	8.291	9.98419173144934e-10	2.6119358726023722e-09
LBX1 (MA0618.2)	TAAYWRG	TAATTAG	TAAYWRG	7	362	5590	6.48	4.645	1.39	409	0.17	0.128	8.507	9.98419173144934e-10	2.6119358726023722e-09
MEOX1 (MA0661.2)	TMATTA	CTAATTA	STMATTA	7	362	5590	6.48	4.645	1.39	409	0.17	0.128	8.254	9.98419173144934e-10	2.6119358726023722e-09
NOTO (MA0710.2)	MATTA	CTAATTA	YWMATTA	7	362	5590	6.48	4.645	1.39	409	0.17	0.128	8.215	9.98419173144934e-10	2.6119358726023722e-09
PRRX2 (MA0075.4)	AATTA	CTAATTA	YYAATTA	7	362	5590	6.48	4.645	1.39	409	0.17	0.128	8.752	9.98419173144934e-10	2.6119358726023722e-09
VAX1 (MA0722.2)	AAT	CTAATTA	YYAATKR	7	362	5590	6.48	4.645	1.39	409	0.17	0.128	7.496	9.98419173144934e-10	2.6119358726023722e-09
VSX1 (MA0725.2)	AATT	CTAATTA	YYAATTR	7	362	5590	6.48	4.645	1.39	409	0.17	0.128	8.107	9.98419173144934e-10	2.6119358726023722e-09
VSX2 (MA0726.2)	AATTA	CTAATTA	YTAATTA	7	362	5590	6.48	4.645	1.39	409	0.17	0.128	8.546	9.98419173144934e-10	2.6119358726023722e-09
NFIC (MA1527.2)	TGGCDBVVTGCCA	VKGGCWRBBWGCCAR	YTGGCDBVVTGCCAR	15	526	5590	9.41	7.197	1.31	657	0.27	0.228	14.209	1.0815508189898698e-09	2.82101830828515e-09
HES2 (MA0616.3)	CACGTG	GRCACGTGK	GKCACGTGY	9	69	5590	1.23	0.538	2.29	74	0.03	0.015	10.545	2.0932548464187198e-09	5.427643097351194e-09
HEY2 (MA0649.2)	GVCACGTG	GVCACGTGS	GVCACGTGY	9	69	5590	1.23	0.538	2.29	75	0.03	0.016	10.253	2.0932548464187198e-09	5.427643097351194e-09
ELK3 (MA0759.3)	CCGGAAGT	VCCGGAAGY	RCCGGAAGT	9	143	5590	2.56	1.485	1.72	143	0.06	0.035	11.521	2.5057084368347596e-09	6.47799328228751e-09
ZNF449 (MA1656.2)	AGCCCAAC	MAGCCCMACC	MAGCCCAACM	10	765	5590	13.69	11.111	1.23	819	0.34	0.28	12.15	3.3739388291928165e-09	8.697044665280016e-09
ZBED4 (MA2328.1)	CGCYCCGC	CYCKCYCCKC	SYCGCYCCGC	10	79	5590	1.41	0.666	2.12	81	0.03	0.016	11.799	3.896671887827869e-09	1.001513037836461e-08
ATF4 (MA0833.3)	TGATGYAA	RTGATGHAAY	RTGATGYAAY	10	699	5590	12.5	10.053	1.24	761	0.32	0.252	12.48	4.262785519225518e-09	1.0924164639647902e-08
TFEC (MA0871.3)	CACGTGAC	CAYGTGAC	CACGTGAC	8	193	5590	3.45	2.212	1.56	206	0.09	0.053	10.767	6.883548284344741e-09	1.7589066691683218e-08
JUN::JUNB (MA1133.2)	TKACGTCA	KRTKAYRTCAT	KRTKACGTCAK	11	275	5590	4.92	3.448	1.43	322	0.13	0.093	10.342	1.5925329179077745e-08	4.057496912582417e-08
HEY1 (MA0823.1)	CACGTG	BMCACGTGBV	SRCACGTGYM	10	65	5590	1.16	0.522	2.23	110	0.05	0.019	10.926	1.6318425179371102e-08	4.1456346048171096e-08
HES1 (MA1099.3)	CRCGTG	GRCACGTG	KKCRCGTG	8	62	5590	1.11	0.492	2.26	66	0.03	0.013	9.035	2.3024514663946154e-08	5.83243469441172e-08
HES5 (MA0821.2)	CACGTG	VSCACGTGSB	VRCACGTGYB	10	55	5590	0.98	0.411	2.39	110	0.05	0.019	10.592	2.374526065300777e-08	5.99772532011317e-08
HSF1 (MA0486.2)	TTCYMGAAYVTTC	KTCYRGAABHTTC	TTCYMGAAYVTTC	13	591	5590	10.57	8.424	1.25	683	0.28	0.22	13.935	2.5527836062846314e-08	6.429503696057854e-08
KLF15 (MA1513.2)	CCCGCCC	MCCCGCCC	SCCCGCCC	8	94	5590	1.68	0.889	1.89	103	0.04	0.021	10.432	2.5879644832715625e-08	6.49948794513058e-08
ETV5 (MA0765.4)	CCGGAAGT	MCCGGAAGY	RCCGGAAGT	9	138	5590	2.47	1.478	1.67	139	0.06	0.035	11.646	2.6292104467776107e-08	6.584262059024273e-08
CTCF (MA1929.2)	GCWVYDYYHVVDDBDDMCWSHAGRKG	BTKYWRBBHYHVHDVHDVMCWSHRGRKGKHR	VTGCWVYDYYHVVDDBDDMCWSHAGRKGGMR	31	655	5590	11.72	9.472	1.24	746	0.31	0.24	12.044	3.020639419887634e-08	7.543017187730767e-08
ASCL1 (MA1100.3)	CASSTG	GCAGCTGS	RCASSTGY	8	288	5590	5.15	3.679	1.4	409	0.17	0.145	9.047	3.612196114765626e-08	8.994675311271913e-08
NKX2-8 (MA0673.2)	CACTY	CCACTTCA	VCACTYSW	8	848	5590	15.17	12.691	1.2	901	0.37	0.324	8.45	5.7780381015676447e-08	1.4347162404739998e-07
ETV2::DRGX (MA1940.2)	CGGAWRYRATTA	RGGAARYWMTWA	CGGAWRYRATTA	12	432	5590	7.73	5.937	1.3	451	0.19	0.144	12.05	5.943949918568786e-08	1.471755486879426e-07
FEZF2 (MA2341.1)	CCAGCCT	MCCAGCCT	CCCAGCCT	8	752	5590	13.45	11.13	1.21	841	0.35	0.288	9.964	7.9513808163148e-08	1.9632763307698622e-07
SATB1 (MA1963.2)	CTAATAA	CTAATAA	CTAATAA	7	388	5590	6.94	5.269	1.32	412	0.17	0.127	9.395	9.292540599361955e-08	2.2879952904311368e-07
MEIS1 (MA0498.3)	TGACA	TGACA	TGACA	5	3670	5590	65.65	62.238	1.05	7304	3.03	2.829	6.494	1.084687557273898e-07	2.663241236993733e-07
RXRG (MA0856.1)	RGGTCAAAGGTCA	RRGKTYARRGKYYR	RRGGTCAAAGGTCA	14	940	5590	16.82	14.279	1.18	1097	0.45	0.374	16.762	1.1410717285072182e-07	2.7938775748129384e-07
NFIL3 (MA0025.3)	TTATGYAA	TTATGYAAY	TTATGYAAY	9	626	5590	11.2	9.098	1.23	698	0.29	0.227	10.649	1.223090119080863e-07	2.986378374089107e-07
CEBPG (MA1636.2)	TGATGCAA	ATGATGYAAY	RTGATGCAAT	10	711	5590	12.72	10.495	1.21	772	0.32	0.263	12.343	1.3314088479832478e-07	3.241851460878878e-07
NKX2-3 (MA0672.2)	CACTT	CCACTTSA	SCACTTRW	8	812	5590	14.53	12.223	1.19	870	0.36	0.311	9.161	2.7707803479266715e-07	6.727944546484929e-07
GCM2 (MA0767.2)	TGCGGG	ATGKGGGT	ATGCGGGY	8	408	5590	7.3	5.654	1.29	424	0.18	0.136	9.78	3.1949760738266706e-07	7.736594955629873e-07
ATF2 (MA1632.2)	ATGABGTCA	ATGAKGTMAY	ATGABGTCAY	10	608	5590	10.88	8.883	1.22	691	0.29	0.238	11.901	3.600605836948652e-07	8.694869589774355e-07
CREB3L4 (MA1474.2)	CACGT	KMCACRTSAY	KMCACGTSRY	10	141	5590	2.52	1.602	1.57	143	0.06	0.038	10.617	4.514463742016676e-07	1.0871818162281255e-06
ERF::SREBF2 (MA1939.2)	CGGAWRTCACGTGA	SMGGWWRKCAYSTKWY	SCGGAWRTCACGTGAY	16	327	5590	5.85	4.405	1.33	342	0.14	0.106	12.422	4.963301492933062e-07	1.1920060142863829e-06
ZNF740 (MA0753.3)	CCCCCCCC	CCCCCCCCMM	CCCCCCCCMY	10	898	5590	16.06	13.722	1.17	1419	0.59	0.526	12.623	5.820763906146877e-07	1.3941284668945789e-06
EGR3 (MA0732.2)	CGCCCMCGCA	MCVCCCMCVCA	MCGCCCMCGCA	11	240	5590	4.29	3.076	1.4	251	0.1	0.074	9.639	6.265664374687112e-07	1.4966084199320574e-06
ZNF214 (MA1975.2)	ATYAABRKCCT	WCAKBAADRKSCT	WMATYAABRKCCT	13	905	5590	16.19	13.878	1.17	1009	0.42	0.358	12.602	8.865862845045249e-07	2.111949441949803e-06
Thap11 (MA1573.2)	ACTACAWBTCCC	RYYMCARVTCCCAB	ACTACAWBTCCCRK	14	744	5590	13.31	11.193	1.19	815	0.34	0.28	16.095	8.939219606639603e-07	2.1236686579016787e-06
MEF2D (MA0773.1)	CTAWAAATAG	DYTAWWAATARM	DCTAWAAATAGM	12	545	5590	9.75	7.952	1.23	702	0.29	0.222	11.915	1.338079090405387e-06	3.170273640070984e-06
Sox7 (MA2095.1)	AACAATG	WGAACAAWRG	RRAACAATGG	10	885	5590	15.83	13.61	1.16	1050	0.44	0.349	12.281	1.8274341255792186e-06	4.318049990279928e-06
Alx1 (MA0854.2)	TAATTA	WTAATTAW	YTAATTAR	8	466	5590	8.34	6.71	1.24	1024	0.42	0.331	9.549	2.339033142545956e-06	5.51209150750106e-06
KLF3 (MA1516.2)	CCRCGCCC	DRCCRMRCCC	RRCCRCGCCC	10	287	5590	5.13	3.885	1.32	294	0.12	0.093	11.936	3.5080597288764076e-06	8.244878346744283e-06
NFYA (MA0060.4)	CCAATCA	CCAATCAB	CCAATCAS	8	820	5590	14.67	12.626	1.16	905	0.38	0.322	10.035	5.583404946345885e-06	1.3087501194234754e-05
NR2F1 (MA0017.3)	RGGTCA	RRRGGTCADRRR	WRRGGTCAHVVG	12	895	5590	16.01	13.906	1.15	989	0.41	0.36	11.823	6.731771727105531e-06	1.5737306776930216e-05
ZNF582 (MA1983.2)	TTACTTGCAGCYVA	BYTSKDAYTTKCAKCYVMR	YYYBTTACTTGCAGCYVAA	19	723	5590	12.93	11.042	1.17	782	0.32	0.277	13.185	8.432773140413293e-06	1.9661558595287227e-05
Hoxa13 (MA0650.4)	CAATAAA	MCAATAAA	SCAATAAA	8	701	5590	12.54	10.776	1.16	759	0.31	0.271	10.069	2.4635106200851306e-05	5.728639775277328e-05
SREBF2 (MA0828.3)	RTCACGTGAY	ATCAYRTGAT	RTCACGTGAY	10	237	5590	4.24	3.211	1.32	477	0.2	0.151	12.941	2.5824433714071282e-05	5.989360747933683e-05
THRB (MA1574.2)	GGTCARAGGT	RGGTYARRGKKYR	RGGTCARAGGTYR	13	819	5590	14.65	12.768	1.15	923	0.38	0.329	14.924	2.7014399619101766e-05	6.24885717505012e-05
Pgr (MA2323.1)	GRACADWDTGTYC	WARAAMARWHKRTWYTY	VRGRACADWDTGTYCTB	17	735	5590	13.15	11.359	1.16	1138	0.47	0.416	15.127	2.8233379224405745e-05	6.513685128150302e-05
MYOG (MA0500.3)	CAGCTG	SCAGCTGS	RCAGCTGY	8	253	5590	4.53	3.48	1.3	518	0.21	0.166	9.512	3.539134353928163e-05	8.14371491388182e-05
CREB1 (MA0018.5)	TGAYGTCA	TGATGTCA	TGAYGTCA	8	670	5590	11.99	10.355	1.16	754	0.31	0.262	10.164	6.692431974608785e-05	0.00015319395066877922
Foxq1 (MA0040.2)	TGTTTA	VYWGTTTAKK	RWTGTTTAKW	10	725	5590	12.97	11.279	1.15	808	0.34	0.285	11.492	6.681699275653677e-05	0.00015319395066877922
Nr2f6 (MA0677.2)	GGTCAAAGGTCA	RGGWCARAGRYCA	RGGTCAAAGGTCA	13	856	5590	15.31	13.499	1.13	999	0.41	0.352	15.867	7.09848068948895e-05	0.00016206661106651395
Nr2e3 (MA0164.2)	AAGCTT	AAGCTT	AAGCTT	6	852	5590	15.24	13.471	1.13	1938	0.8	0.689	8.12	0.00010061197644691496	0.0002291138012871457
RFX4 (MA0799.3)	GTTGCYWRGCAAC	GTWBCYWRGSRAC	GTTGCYWRGCAAC	13	241	5590	4.31	3.355	1.29	418	0.17	0.149	10.859	0.00010596954555054929	0.0002406905181884569
Foxl2 (MA1607.2)	GTAAACA	WWWGTAAACA	WWWGTAAACA	10	668	5590	11.95	10.425	1.15	720	0.3	0.262	11.518	0.00018184107864221304	0.00041195440238790015
FOXP2 (MA0593.2)	GTAAACA	RRWAAACAV	WGTAAACAR	9	745	5590	13.33	11.742	1.13	813	0.34	0.296	10.384	0.0002118487701988262	0.00047870197687601085
Foxn1 (MA1684.1)	GAMGC	GGACGC	RGAMGC	6	138	5590	2.47	1.792	1.38	144	0.06	0.042	7.027	0.00023599348617065334	0.0005318930111384725
ELK1 (MA0028.3)	CCGGAAGT	VCCGGAAGY	RCCGGAAGT	9	159	5590	2.84	2.122	1.34	160	0.07	0.05	11.658	0.00027368031550701715	0.0006152557476487674
Hoxd13 (MA0909.4)	CAATAA	CAATAAA	CAATAAM	7	481	5590	8.6	7.34	1.17	502	0.21	0.18	9.281	0.0002854378761814005	0.0006400507478659464
Zbtb2 (MA2340.1)	CCGGAAG	ACCDGAAGTG	ACCGGAAGYS	10	173	5590	3.09	2.343	1.32	175	0.07	0.055	11.783	0.0002933420465662159	0.0006561009133122233
BARHL1 (MA0877.4)	CGTTTA	CGTTTA	CGTTTA	6	164	5590	2.93	2.206	1.33	171	0.07	0.052	7.857	0.00030875265880001907	0.000685683214618633
BARHL2 (MA0635.2)	TAAWYG	TAAACG	TAAWYG	6	164	5590	2.93	2.206	1.33	171	0.07	0.052	7.082	0.00030875265880001907	0.000685683214618633
PAX4 (MA0068.2)	AATT	CTAATTAS	YKAATTMR	8	243	5590	4.35	3.453	1.26	350	0.15	0.14	9.098	0.0003089084789408176	0.000685683214618633
JUN (MA0488.2)	ATGAKGTMA	RTGAKGYMAY	ATGAKGTMAT	10	606	5590	10.84	9.468	1.14	672	0.28	0.241	12.206	0.00040810639548829016	0.00090359073459498
Gli1 (MA1990.2)	GACCACCCA	RGACCACCCA	RGACCACCCA	10	829	5590	14.83	13.308	1.11	947	0.39	0.34	12.082	0.0006462090685366269	0.0014271803297580276
FOXB1 (MA0845.1)	GTMAAYA	WRWRTAWATAW	WRWGTMAAYAW	11	652	5590	11.66	10.313	1.13	849	0.35	0.261	11.607	0.0007400918829945581	0.0016304279828376355
HES6 (MA1493.1)	GGCACGTGT	KSCACGTGTY	GGCACGTGTY	10	165	5590	2.95	2.283	1.29	169	0.07	0.054	10.0	0.0009373725418173082	0.002059876160643535
ZBTB33 (MA0527.2)	TCTCGCG	TCYCRYGRGA	TCTCGCGRKR	10	27	5590	0.48	0.241	2.0	50	0.02	0.008	9.016	0.0010128525197947301	0.0022201929299241092
ZNF418 (MA1980.1)	GWRGCYAMAAGCA	VDGWRGCYRMAARYW	MRGWRGCYAMAAGCA	15	787	5590	14.08	12.654	1.11	872	0.36	0.323	14.264	0.001047180778037589	0.0022897311042165192
Wt1 (MA1627.2)	CTCCCCC	MCTCCCMCAY	MCTCCCCCRC	10	806	5590	14.42	12.99	1.11	911	0.38	0.335	12.201	0.0011333560892813166	0.002472009931707884
HOXD12::ELK1 (MA1958.2)	CGGAAGTYGTAAA	MGGAWRTYRTWAA	CGGAAGTYGTAAA	13	445	5590	7.96	6.905	1.15	457	0.19	0.168	11.985	0.001524190317604041	0.0033162457652820597
TBXT (MA0009.2)	TMRCACVTABGTGYKA	WVRCAYVYRKRTGYBW	TMRCACVTABGTGYKA	16	285	5590	5.1	4.261	1.2	510	0.21	0.179	12.059	0.0017238826589969411	0.0037414638450822503
XBP1 (MA0844.2)	CACGTCA	BMCACGTCABH	KMCACGTCAKY	11	84	5590	1.5	1.064	1.41	85	0.04	0.025	12.822	0.0018461203664263742	0.003996896064258086
BHLHE41 (MA0636.1)	KCACGTGA	RKCACGTGMY	RKCACGTGAY	10	53	5590	0.95	0.611	1.55	85	0.04	0.023	11.711	0.002042743547921758	0.004411723780401044
Npas4 (MA1995.2)	CGTGAC	TCGTGAC	TCGTGAC	7	55	5590	0.98	0.641	1.53	55	0.02	0.015	8.736	0.0021286942058971153	0.0045860838406459915
ETV4 (MA0764.4)	CCGGA	VCCGGAAGY	RCCGGAAGY	9	154	5590	2.75	2.165	1.27	155	0.06	0.051	10.643	0.0024281557423326454	0.005218456962128106
ZNF35 (MA2333.1)	AATTCTA	AATTCTA	AATTCTA	7	470	5590	8.41	7.4	1.14	496	0.21	0.182	8.7	0.003022191295530389	0.006479283289685882
ZSCAN21 (MA2336.1)	AGCACT	AAGCACT	MAGCACT	7	424	5590	7.58	6.628	1.14	433	0.18	0.161	8.802	0.003086189902530577	0.0066003915433683145
Gli2 (MA0734.4)	GACCACCCA	GRCCACCCA	GACCACCCA	9	725	5590	12.97	11.772	1.1	803	0.33	0.298	11.525	0.003798916942473348	0.008104970855422507
FOSL1::JUND (MA1143.2)	TGAC	ATGACKTMA	RTGACKYMW	9	261	5590	4.67	3.938	1.19	267	0.11	0.094	9.169	0.003976515675017213	0.008463334814382882
SIX1 (MA1118.2)	AACCTGA	SWAACCTGA	GWAACCTGA	9	732	5590	13.09	11.902	1.1	795	0.33	0.302	10.797	0.004070046054433936	0.008641474593834372
THAP1 (MA0597.3)	AGGGCA	VSAGGGCA	SSAGGGCA	8	755	5590	13.51	12.314	1.1	845	0.35	0.313	9.813	0.004560458758889277	0.009659381323044999
Atf1 (MA0604.1)	TGACG	RTGACGTR	RTGACGYR	8	78	5590	1.4	1.028	1.36	79	0.03	0.024	9.195	0.0064178014832525125	0.013560691114853267
EGR4 (MA0733.2)	CGCCCMCGC	MCVCCCMCSCM	MCGCCCMCGCM	11	230	5590	4.11	3.499	1.18	241	0.1	0.084	11.637	0.009063057022017646	0.019104141780224248
BHLHE40 (MA0464.3)	CACGTG	WCACGTGM	KCACGTGM	8	46	5590	0.82	0.567	1.45	88	0.04	0.024	9.556	0.011469882923731611	0.024119682033397333
ZNF610 (MA1713.2)	GCCGCTCC	SHSCCGCTCY	SVGCCGCTCC	10	62	5590	1.11	0.812	1.37	63	0.03	0.019	10.768	0.012362371983864367	0.025934427145147442
TFAP2A (MA0003.5)	CCTCAGG	SCCTCAGGH	SCCTCAGGS	9	634	5590	11.34	10.401	1.09	736	0.31	0.303	10.853	0.013439406364524746	0.02812675760575536
EPAS1 (MA2325.1)	GCACGT	BGCACGTAS	BGCACGTMS	9	38	5590	0.68	0.458	1.48	38	0.02	0.011	9.292	0.0146500287997255	0.030587589821754666
ZNF416 (MA1979.2)	CTGGGC	WHWCTGGGCW	WRWCTGGGCW	10	712	5590	12.74	11.799	1.08	769	0.32	0.3	11.926	0.018237639104699072	0.03798787860907698
BACH2 (MA1470.2)	ATGACGTSAT	DDHYMATGASKTSAYYHWW	DWWBSATGACGTSATSVWW	19	273	5590	4.88	4.308	1.13	303	0.13	0.114	11.207	0.022038071243190207	0.04579542464010448
ZNF75A (MA2097.1)	TTTTCCCAC	KBKTYTCMCACM	KMTTTTCCCACM	12	852	5590	15.24	14.314	1.06	952	0.39	0.369	14.557	0.028144719383413497	0.05834718947646336
MTF1 (MA0863.1)	TKTGCACACGKCMC	TBTGCACACRDCMC	TKTGCACACGKCMC	14	207	5590	3.7	3.242	1.14	218	0.09	0.077	10.304	0.03277418828635788	0.06778473294990252
NR1H2::RXRA (MA0115.1)	AGGTCAAAGGTCA	HRRGKWCAWAGRYCARV	MRAGGTCAAAGGTCAAS	17	830	5590	14.85	13.968	1.06	927	0.38	0.366	15.641	0.03363749775438329	0.06940694959179086
SIX2 (MA1119.2)	GWAACCTGA	TSAAACCTGAK	WGWAACCTGAK	11	838	5590	14.99	14.137	1.06	932	0.39	0.364	11.922	0.03856560933503324	0.07938915832668433
ZNF143 (MA0088.2)	CCCAYRATGCA	BWCCCAYMATBCMHYB	YWCCCAYRATGCAYYR	16	696	5590	12.45	11.672	1.07	743	0.31	0.296	14.605	0.040545812866997974	0.08327048950955893
ZBTB18 (MA0698.2)	CAGATGT	HHCCAGATGTK	WKMCAGATGTK	11	764	5590	13.67	12.887	1.06	858	0.36	0.331	13.036	0.046834490749580966	0.09596157894844212
TCFL5 (MA0632.3)	CRCGCGC	TCACGTGC	KCRCGCGC	8	16	5590	0.29	0.176	1.63	16	0.01	0.004	9.027	0.04786242063473866	0.09783969241380298
Rhox11 (MA0629.2)	GCTGTW	DGCTGTWAW	YGCTGTWAW	9	272	5590	4.87	4.394	1.11	279	0.12	0.105	9.96	0.05075437224153558	0.10351065707728486
NEUROD1 (MA1109.2)	CAGATGG	MCAGATGG	RCAGATGG	8	664	5590	11.88	11.164	1.06	726	0.3	0.28	10.077	0.05130489197397806	0.10415011557765987
Neurod2 (MA0668.3)	CAGATGG	MCAGATGG	MCAGATGG	8	664	5590	11.88	11.164	1.06	726	0.3	0.28	10.151	0.05130489197397806	0.10415011557765987
CTCF (MA0139.2)	CCASYAGRKGGC	DMCWSVAGRKGGMRB	RCCASYAGRKGGCRS	15	609	5590	10.89	10.214	1.07	689	0.29	0.26	12.321	0.05321820002619857	0.10778524844015794
ETV3 (MA0763.2)	CGGAART	ACCKGAAGT	RCCGGAART	9	214	5590	3.83	3.423	1.12	218	0.09	0.081	10.826	0.057446076420337756	0.11608069235282044
TCF21 (MA1568.2)	CATATG	RCCATATGKY	RSCATATGKY	10	292	5590	5.22	4.786	1.09	452	0.19	0.162	11.033	0.07250209678549441	0.14616821806066418
ZNF157 (MA2331.1)	AGCARTAYACYT	RRRHMARCAVTWYACYTDYHH	RGGMCAGCARTAYACYTKYAC	21	542	5590	9.7	9.148	1.06	566	0.23	0.226	12.86	0.0865946212009459	0.1741800275414907
YY2 (MA0748.3)	ATGGCG	ATGGCGG	ATGGCGG	7	48	5590	0.86	0.71	1.21	49	0.02	0.017	9.058	0.11430436216383964	0.22853188826866935
FOXC1 (MA0032.2)	RTMAAYA	WRWRWAAAYAW	WRWRTMAAYAW	11	665	5590	11.9	11.365	1.05	759	0.31	0.289	11.332	0.11439593952015303	0.22853188826866935
NFATC4 (MA1525.3)	GGAAA	RTGGAAAMW	RYGGAAAMW	9	737	5590	13.18	12.628	1.04	806	0.33	0.321	9.753	0.1140472091179746	0.22853188826866935
ZBTB14 (MA1650.2)	CGCGCAC	CCGSGCAC	CCGCGCAC	8	33	5590	0.59	0.469	1.26	34	0.01	0.011	10.139	0.11715675420871584	0.2335165236949234
ZBTB11 (MA2329.1)	ACTTCCGG	CACTTCCKR	CACTTCCGG	9	286	5590	5.12	4.785	1.07	302	0.13	0.115	11.407	0.13504904309563717	0.26857038208385764
Spz1 (MA0111.1)	AGGGTWWCA	AGGGTWWSAGS	AGGGTWWCAGV	11	565	5590	10.11	9.656	1.05	614	0.25	0.241	10.829	0.13659916430919822	0.2710398768121563
HOXA5 (MA0158.2)	YMATTA	STAATTAS	SYMATTAS	8	271	5590	4.85	4.53	1.07	439	0.18	0.143	8.657	0.1390992278933168	0.2753788768428502
Atoh1 (MA1467.3)	CAGATG	CAGATGG	CAGATGK	7	522	5590	9.34	8.938	1.04	554	0.23	0.222	9.118	0.15787002877963208	0.3111384647921448
NEUROG2 (MA1642.2)	CAGATG	CAGATGG	CAGATGK	7	522	5590	9.34	8.938	1.04	554	0.23	0.222	9.083	0.15787002877963208	0.3111384647921448
TFCP2 (MA1968.2)	AACCGGWT	MAACYRGTT	RAACCGGWT	9	307	5590	5.49	5.186	1.06	425	0.18	0.164	10.694	0.16383130844236227	0.3221649219705513
TFAP2C (MA0814.3)	CCTGAGG	BCCTGAGGM	SCCTGAGGS	9	559	5590	10.0	9.599	1.04	603	0.25	0.248	10.946	0.16508236536909057	0.32390044455230044
ZFP42 (MA1651.2)	AARATGGC	YARRATGGCTSMY	MAARATGGCKSCY	13	542	5590	9.7	9.307	1.04	570	0.24	0.233	11.681	0.16886098270183333	0.3305764004341013
CREB3 (MA0638.2)	CACGTCA	DKMCACGTCAYY	YKMCACGTCAYH	12	94	5590	1.68	1.513	1.11	95	0.04	0.035	11.703	0.17008430795839433	0.33223134821206357
ESR1 (MA0112.4)	RGGTCAMVRTGACCT	RGGTYMBSRKRACCY	RGGTCAMVRTGACCT	15	360	5590	6.44	6.134	1.05	609	0.25	0.208	11.925	0.18195564984796697	0.35463196500302213
Prdm4 (MA1647.3)	CTKGAAAC	HCTKGAAACWV	MCTKGAAACYS	11	752	5590	13.45	13.038	1.03	814	0.34	0.333	12.647	0.18877925403293472	0.36711717764369384
EGR2 (MA0472.2)	CGCCCACGC	MCDCCCACRCR	MCGCCCACGCR	11	93	5590	1.66	1.508	1.1	95	0.04	0.035	10.121	0.18931845785312498	0.3673530341123551
Rarg (MA0860.1)	AAGGTCAMSRRAGGTCA	RAGGKCWDSRRRGSTCM	AAGGTCAMSRRAGGTCA	17	697	5590	12.47	12.078	1.03	747	0.31	0.311	15.705	0.1951961820599169	0.3779238855301034
TBX19 (MA0804.2)	TMRCACVTRBGTGYKA	TVRCAYMWRBRTGYKWD	TMRCACVTRBGTGYKAH	17	282	5590	5.04	4.821	1.05	411	0.17	0.179	12.409	0.23094480385944455	0.44615490679659725
Prdm5 (MA1999.2)	TCTCC	SYTCTCCAKCY	GYTCTCCAKYY	11	774	5590	13.85	13.501	1.03	845	0.35	0.346	11.282	0.23472419641765965	0.45246177335772547
ZNF93 (MA1721.2)	CRGCRGCRG	GGNRKCRGSAGYRG	RGYRKCRGCRGCRG	14	93	5590	1.66	1.535	1.08	105	0.04	0.039	10.998	0.23584675973425884	0.4536308573444497
HIC2 (MA0738.2)	TGCCM	ATGCCC	RTGCCM	6	1118	5590	20.0	19.611	1.02	1304	0.54	0.533	6.873	0.2414347218714526	0.46336489197599745
Arid3b (MA0601.2)	TTAAT	TATTAAT	WWTTAAT	7	266	5590	4.76	4.577	1.04	366	0.15	0.124	8.34	0.2716597031896291	0.5202372093762179
TFDP1 (MA1122.2)	GCGGGAA	KGCGGGAA	SGCGGGAA	8	68	5590	1.22	1.125	1.08	69	0.03	0.026	9.758	0.27953251942558616	0.5341501838588918
HOXB6 (MA1500.2)	TAATKR	TAATTRC	TAATKRY	7	442	5590	7.91	7.702	1.03	484	0.2	0.198	7.447	0.29404018696317036	0.5606536319753291
ZBTB7B (MA0694.2)	CGACCMCC	SRACCMCCVA	CGACCMCCRW	10	371	5590	6.64	6.466	1.03	381	0.16	0.158	10.261	0.3129275571260325	0.5953751573891397
Zfp961 (MA2126.1)	GGGCGCCA	GGGYGCCA	GGGCGCCA	8	141	5590	2.52	2.429	1.04	153	0.06	0.059	10.449	0.3411780062654172	0.6477223920244098
E2F8 (MA0865.3)	CCCGCSA	YWCCCGCCA	YWCCCGCSA	9	61	5590	1.09	1.032	1.06	62	0.03	0.024	10.526	0.35176580031935223	0.6663839191394626
ZNF75D (MA1601.2)	GTGGGAAABCCT	GTGGRAARVSYY	GTGGGAAABCCT	12	795	5590	14.22	14.055	1.01	877	0.36	0.361	13.594	0.3684877058160787	0.6965606309942649
Foxj2 (MA0614.1)	RTAAACA	RTAAACAW	RTAAACAN	8	694	5590	12.42	12.281	1.01	743	0.31	0.311	9.569	0.38816586262827196	0.732184105687234
ZBTB12 (MA1649.2)	CTRGAAC	CTGGAAC	CTRGAAC	7	442	5590	7.91	7.808	1.01	458	0.19	0.191	8.729	0.4010805024210104	0.7549245431007884
HOXB9 (MA1503.2)	TCRTAAA	RTCATAAAW	RTCRTAAAW	9	261	5590	4.67	4.658	1.0	269	0.11	0.112	11.06	0.49441050854514795	0.926624385951354
HOXC9 (MA0485.3)	TCGTAAA	RTCATAAAW	RTCGTAAAW	9	261	5590	4.67	4.658	1.0	269	0.11	0.112	11.396	0.49441050854514795	0.926624385951354
E2F6 (MA0471.3)	GGCGGGA	GGWGGGAA	GGCGGGAA	8	368	5590	6.58	6.583	1.0	388	0.16	0.16	10.173	0.508039847088199	0.950142607639419
NHLH2 (MA1529.2)	CAGCTGCG	RRHMVCASCTGHGYBY	DRHMKCAGCTGCGYMM	16	239	5590	4.28	4.288	1.0	305	0.13	0.136	11.595	0.5272131759766765	0.983907392109339
FIGLA (MA0820.2)	CACCTG	CACCTG	CACCTG	6	1505	5590	26.92	27.122	0.99	1847	0.77	0.786	7.729	0.6336348866198325	1.0
ZEB1 (MA0103.4)	CACCTG	CACCTG	CACCTG	6	1505	5590	26.92	27.122	0.99	1847	0.77	0.786	8.12	0.6336348866198325	1.0
Gfi1B (MA0483.2)	AATCWSWG	AAATCWSWGV	MAATCWSWGC	10	769	5590	13.76	13.852	0.99	856	0.36	0.356	11.561	0.5861156169069537	1.0
LHX9 (MA0701.3)	YAATTA	CYAATTA	YYAATTA	7	650	5590	11.63	11.789	0.99	741	0.31	0.315	8.758	0.6491510058623072	1.0
Ptf1A (MA1618.2)	CAGATG	MCAGATGKD	MCAGATGKB	9	626	5590	11.2	11.308	0.99	672	0.28	0.286	10.471	0.6065266626905881	1.0
BCL6B (MA0731.1)	TGCTTTCTAGGAATT	DKYTWKCYAGGAAYYMM	TGCTTTCTAGGAATTMM	17	607	5590	10.86	10.942	0.99	654	0.27	0.278	4.88	0.5845257826192214	1.0
GLIS1 (MA0735.2)	GACCCCCCACGWWG	MKACCCCCCACKWYR	MGACCCCCCACGWWG	15	255	5590	4.56	4.588	0.99	267	0.11	0.11	7.7	0.5463307471693036	1.0
ZNF684 (MA1600.2)	ACAGTCCACCCCWT	MCWBTCCWSCCCWY	ACAGTCCACCCCWT	14	818	5590	14.63	14.864	0.98	911	0.38	0.386	14.854	0.6888128238089615	1.0
ELK1::HOXB13 (MA1932.2)	CCGGAAGTHRTWA	WCMGGAARTYRYAAR	RCCGGAAGTHRTWAM	15	195	5590	3.49	3.558	0.98	198	0.08	0.085	10.469	0.6187128311941985	1.0
CREB3L4 (MA1475.2)	TSACGTSA	RTSACRTCA	RTSACGTSA	9	87	5590	1.56	1.594	0.98	118	0.05	0.045	10.043	0.6031372160036687	1.0
ZNF263 (MA0528.3)	GGGAGGA	GGGAGGA	GGGAGGA	7	555	5590	9.93	10.206	0.97	585	0.24	0.255	9.258	0.7556497856512794	1.0
ZSCAN16 (MA2100.1)	AKTGTTAACAGAGCCTC	VRDDGTTDWSWGAGMMYC	VAKTGTTAACAGAGCCTC	18	529	5590	9.46	9.735	0.97	560	0.23	0.245	6.548	0.7552567054562273	1.0
BHLHE22 (MA0818.2)	AMCATATG	WMCATATGKY	AMCATATGKY	10	191	5590	3.42	3.526	0.97	297	0.12	0.139	11.289	0.6777196150274347	1.0
E2F3 (MA0469.4)	WTTTGGCGCCAAAW	WTYTGGYRCCARAW	WTTTGGCGCCAAAW	14	83	5590	1.48	1.536	0.97	158	0.07	0.067	9.818	0.6346023379865653	1.0
EHF (MA0598.4)	ACTTCCT	MMCTTCCTG	YACTTCCTS	9	725	5590	12.97	13.561	0.96	793	0.33	0.345	10.78	0.901392887154342	1.0
ZNF184 (MA2120.1)	GAAAG	KRGAARGRDKMWK	KRGAAAGDBGMRK	13	704	5590	12.59	13.055	0.96	793	0.33	0.334	12.27	0.8470574531610733	1.0
ZNF175 (MA2332.1)	AGGAAG	HCAGGAAGY	RCAGGAAGY	9	697	5590	12.47	13.028	0.96	764	0.32	0.332	10.956	0.8929630901460767	1.0
NHLH1 (MA0048.3)	CAGCTG	MVCAGCTGC	MRCAGCTGY	9	265	5590	4.74	4.94	0.96	339	0.14	0.144	11.183	0.7582348732515635	1.0
Hoxa11 (MA0911.2)	TCRTWAA	RTCATAAAW	RTCRTWAAW	9	230	5590	4.11	4.298	0.96	235	0.1	0.103	10.359	0.7553783391479991	1.0
ERF (MA0760.2)	ACCGGAART	RYMGGAART	ACCGGAART	9	169	5590	3.02	3.156	0.96	172	0.07	0.075	11.112	0.721514008577027	1.0
INSM1 (MA0155.1)	TGYMWGGGG	KGBMWGGGGKYD	TGYMWGGGGKYR	12	762	5590	13.63	14.289	0.95	870	0.36	0.37	12.748	0.9195974411041665	1.0
FOXC2 (MA0846.2)	MAAYA	WRWRWAAAYAW	WRWRTMAAYAW	11	644	5590	11.52	12.068	0.95	739	0.31	0.309	11.362	0.8955823496068891	1.0
Hand1::Tcf3 (MA0092.2)	TCTGG	RTCTGGMAK	RTCTGGMWN	9	638	5590	11.41	12.047	0.95	689	0.29	0.306	9.371	0.9272650190090526	1.0
Hmx2 (MA0897.2)	CAATTAA	VABCAATTAWHDVDT	VAVCAATTAAHVVDD	15	544	5590	9.73	10.243	0.95	592	0.25	0.261	11.695	0.8965762933614578	1.0
NFKB1 (MA0105.4)	GGGGAWTCCCC	DGGGGRWYCCCMH	MGGGGAWTCCCCK	13	491	5590	8.78	9.294	0.95	967	0.4	0.424	16.215	0.9064579007736437	1.0
TCF4 (MA0830.3)	CACCTG	SCACCTGS	SCACCTGS	8	446	5590	7.98	8.437	0.95	466	0.19	0.209	9.804	0.8923341323614714	1.0
HOXC10 (MA0905.2)	TCRTWAA	VTCATWAAW	RTCRTWAAW	9	331	5590	5.92	6.208	0.95	342	0.14	0.151	10.01	0.815785401814196	1.0
HOXD11 (MA0908.2)	TCGTAAA	RTCATAAAW	RTCGTAAAW	9	280	5590	5.01	5.274	0.95	286	0.12	0.127	10.645	0.8160927568423044	1.0
HOXD12 (MA0873.2)	TCGTAAA	RVTCATAAAW	RRTCGTAAAW	10	197	5590	3.52	3.694	0.95	201	0.08	0.088	10.597	0.7559726099460912	1.0
GABPA (MA0062.4)	CTTCCT	MMYTTCCTGD	YACTTCCTGY	10	760	5590	13.6	14.472	0.94	848	0.35	0.372	11.913	0.9683384254806742	1.0
GFI1 (MA0038.3)	AATCACDGC	MAATCASDRYH	MAATCACDGCH	11	615	5590	11.0	11.682	0.94	665	0.28	0.295	12.323	0.943180795296984	1.0
HLF (MA0043.4)	TTATGYAA	TTATRYAAB	TTATGYAAY	9	407	5590	7.28	7.741	0.94	458	0.19	0.192	11.136	0.9021195851952106	1.0
SNAI1 (MA1558.2)	CAGGTG	GCAGGTG	RCAGGTG	7	295	5590	5.28	5.619	0.94	301	0.12	0.137	8.811	0.8685784195334347	1.0
TCF12 (MA1648.2)	CACCTGC	CACCTGC	CACCTGC	7	295	5590	5.28	5.619	0.94	301	0.12	0.137	8.908	0.8685784195334347	1.0
TCF3 (MA0522.4)	CACCTGC	CACCTGC	CACCTGC	7	295	5590	5.28	5.619	0.94	301	0.12	0.137	9.039	0.8685784195334347	1.0
CREB3L1 (MA0839.2)	GCCACGTCA	HKCCACRTVMBYW	YGCCACGTCABCR	13	135	5590	2.42	2.567	0.94	137	0.06	0.061	10.417	0.7708641076252523	1.0
Nrf1 (MA0506.3)	GCGCMTGCG	STGCBCMTGCSC	SYGCGCMTGCGY	12	31	5590	0.55	0.592	0.94	33	0.01	0.015	10.179	0.6638899871584016	1.0
ZNF382 (MA1594.1)	AKGRGAYATYACYACMGAYMCYAC	RVVDGRHRYYASMAMRRAYMCYWM	AKGRGAYATYACYACMGAYMCYAC	24	607	5590	10.86	11.675	0.93	656	0.27	0.297	13.576	0.9713358867863457	1.0
ZNF8 (MA1718.1)	TRKATRTACCACAKTTT	RWVTRKRYRTVCCAYWDTWY	GTRTRKATRTACCACAKTTT	20	460	5590	8.23	8.864	0.93	488	0.2	0.221	11.776	0.9529813309510049	1.0
ETV2::HOXB13 (MA1943.2)	CGGAWMYATWA	MAGGAAMHRTHWA	SCGGAWMYATWAA	13	233	5590	4.17	4.486	0.93	236	0.1	0.107	10.563	0.8776217742918936	1.0
SPDEF (MA0686.2)	AMCCGGATRT	AMCMGGAWGY	AMCCGGATRT	10	163	5590	2.92	3.142	0.93	166	0.07	0.075	12.11	0.8390777141433232	1.0
NFIA (MA0670.2)	TGCCAA	TGCCAA	TGCCAA	6	1315	5590	23.52	25.52	0.92	1550	0.64	0.724	8.318	0.9996639094206786	1.0
NFIX (MA0671.2)	GCCA	TGCCAA	HGCCAR	6	1315	5590	23.52	25.52	0.92	1550	0.64	0.724	7.062	0.9996639094206786	1.0
FOXD2 (MA0847.4)	TARRYAAACA	HWARRYAAAYW	YTARRYAAACA	11	634	5590	11.34	12.331	0.92	710	0.29	0.316	12.307	0.9877844159938515	1.0
Tfcp2l1 (MA0145.2)	CCRGYYHVRDCCRG	CCAGYYVHWWCCWG	CCRGYYHVRDCCRG	14	469	5590	8.39	9.119	0.92	509	0.21	0.243	11.847	0.971223908336086	1.0
Bach1::Mafk (MA0591.2)	TGACTCAGCA	VMTGASTCAGSW	SRTGACTCAGCA	12	415	5590	7.42	8.072	0.92	449	0.19	0.205	14.669	0.962860694177574	1.0
HOXD10 (MA1506.2)	TCGTAAA	DVTCATAAAW	RGTCGTAAAA	10	252	5590	4.51	4.898	0.92	264	0.11	0.118	10.973	0.9140544426778627	1.0
NFATC3 (MA0625.3)	GGAA	TGGAAA	YGGAAM	6	1783	5590	31.9	35.0	0.91	2359	0.98	1.09	7.065	0.9999992843812622	1.0
Nfatc1 (MA0624.3)	TGGAAA	TGGAAA	TGGAAA	6	1783	5590	31.9	35.0	0.91	2359	0.98	1.09	8.139	0.9999992843812622	1.0
IKZF2 (MA2326.1)	AGGAAG	AGGAAG	AGGAAG	6	1614	5590	28.87	31.898	0.91	2068	0.86	0.966	8.224	0.9999992689961861	1.0
Erg (MA0474.4)	CAGGAAG	HCAGGAARKK	RCAGGAAGYR	10	722	5590	12.92	14.204	0.91	799	0.33	0.365	11.896	0.9970886078480455	1.0
Prdm15 (MA1616.2)	AAAACCYGG	RAAMMCMTGGA	BAAAACCYGGM	11	720	5590	12.88	14.162	0.91	786	0.33	0.367	13.133	0.9969950411247279	1.0
STAT1::STAT2 (MA0517.2)	GTTTCDBTTYC	RSTTTYWKTTYYY	RGTTTCDBTTYCY	13	714	5590	12.77	14.113	0.91	806	0.33	0.367	13.847	0.9980019502733322	1.0
TBX5 (MA0807.1)	GTG	AGGTGTGR	RGGTGTKR	8	658	5590	11.77	12.99	0.91	712	0.3	0.331	9.023	0.9966704627856737	1.0
CTCFL (MA1102.3)	AGGGGGC	VAGGKGGC	SAGGGGGC	8	486	5590	8.69	9.507	0.91	507	0.21	0.237	10.268	0.9811327462860986	1.0
Mafg (MA0659.4)	TGASTCAGC	SMTGASTCAGSW	GMTGASTCAGCW	12	439	5590	7.85	8.674	0.91	517	0.21	0.249	14.05	0.9857239433400775	1.0
ZNF549 (MA1728.2)	GCTGCCC	KGCTGCCC	KGCTGCCC	8	368	5590	6.58	7.247	0.91	386	0.16	0.178	10.138	0.9728434341897665	1.0
FOXO1::FLI1 (MA1956.2)	AACAGGAAG	RHMAWCAGGAARY	GWMAACAGGAAGT	13	623	5590	11.14	12.371	0.9	669	0.28	0.314	14.319	0.9973602463225502	1.0
NKX6-3 (MA1530.2)	YCATTA	STCATTAW	SYCATTAW	8	488	5590	8.73	9.679	0.9	517	0.21	0.243	8.777	0.9920160085500337	1.0
ZNF213 (MA2121.1)	CCCAGGC	VCCCAGGCWRSV	RCCCAGGCDGSR	12	390	5590	6.98	7.778	0.9	423	0.18	0.198	12.272	0.987801847735045	1.0
GCM1 (MA0646.2)	TGCGGGT	ATGVKGGTRS	ATGCGGGTRS	10	205	5590	3.67	4.052	0.9	206	0.09	0.097	10.212	0.9306395589737361	1.0
ZBED2 (MA1971.2)	CGAAAC	CGAAACC	CGAAACY	7	38	5590	0.68	0.754	0.9	39	0.02	0.018	9.019	0.7577101828411104	1.0
SMAD2 (MA1964.2)	CCAGAC	CCAGAC	CCAGAC	6	1217	5590	21.77	24.467	0.89	1422	0.59	0.691	8.097	0.9999985199969972	1.0
Ebf4 (MA2122.1)	CCCAGGGGA	TYCCCAGRGRW	KYCCCAGGGGA	11	844	5590	15.1	16.902	0.89	1119	0.46	0.551	13.251	0.9998390976080787	1.0
EBF1 (MA0154.5)	CCCAGGG	TYCCCAGRGRD	KCCCCAGGGRM	11	786	5590	14.06	15.886	0.89	1069	0.44	0.57	13.149	0.9999074741976531	1.0
MGA (MA0801.1)	GTGTGA	WGGTGTGA	RGGTGTGA	8	588	5590	10.52	11.763	0.89	635	0.26	0.296	9.855	0.9981077467511333	1.0
ZNF85 (MA1720.2)	AGATTMCWKC	DWGATTMCWKCA	RAGATTMCWKCA	12	575	5590	10.29	11.508	0.89	626	0.26	0.29	13.497	0.9979590879537481	1.0
SCRT2 (MA0744.3)	CAACAGGT	KCMACAGGTK	KCAACAGGTK	10	571	5590	10.21	11.457	0.89	602	0.25	0.288	11.972	0.9982797817720532	1.0
SNAI2 (MA0745.3)	CACCTGT	BCACCTGT	RCACCTGT	8	498	5590	8.91	10.031	0.89	529	0.22	0.25	10.233	0.9975014727863042	1.0
ZNF692 (MA1986.2)	GGCCCA	RGGCCCAS	RGGCCCAS	8	442	5590	7.91	8.873	0.89	500	0.21	0.236	9.785	0.9946706630149537	1.0
Atoh1 (MA0461.3)	CATATG	RMCATATG	RMCATATG	8	288	5590	5.15	5.804	0.89	357	0.15	0.173	9.433	0.9823661874172647	1.0
Bcl11B (MA1989.2)	ACCACA	MAACCACAW	WAACCACAR	9	749	5590	13.4	15.276	0.88	842	0.35	0.397	10.732	0.9999540523551931	1.0
SOX18 (MA1563.2)	ACAAT	AACAATKS	RACAATDV	8	540	5590	9.66	10.947	0.88	575	0.24	0.278	8.303	0.9990163993764596	1.0
Ascl2 (MA0816.1)	CAGCTG	RSCAGCTGYH	RRCAGCTGYY	10	333	5590	5.96	6.731	0.88	451	0.19	0.223	11.468	0.99010313647892	1.0
IRF5 (MA1420.1)	GAAACCRA	YHGAWACCRAAHVY	YYGAAACCRAWMMY	14	278	5590	4.97	5.679	0.88	283	0.12	0.139	11.283	0.989421512390896	1.0
OLIG2 (MA0678.1)	CATATG	WMCATATGKY	AMCATATGKY	10	241	5590	4.31	4.904	0.88	360	0.15	0.176	11.368	0.9811193944294953	1.0
BHLHA15 (MA0607.2)	CATATG	DMCATATGKH	RMCATATGKY	10	218	5590	3.9	4.43	0.88	454	0.19	0.213	11.961	0.9746215389344557	1.0
HES7 (MA0822.1)	GGCACGTGCC	HBSCACRTGYCW	YGGCACGTGCCR	12	54	5590	0.97	1.094	0.88	70	0.03	0.036	11.986	0.8339259830564312	1.0
ZNF677 (MA2101.1)	AAGAACAG	VRHAAGAACAGH	RRYAAGAACAGY	12	633	5590	11.32	12.993	0.87	689	0.29	0.332	13.652	0.9999040634121429	1.0
ETV2::FOXI1 (MA1942.2)	ACAGGAWR	AMMCAGGAARY	MRACAGGAWRY	11	550	5590	9.84	11.279	0.87	586	0.24	0.284	12.236	0.999691081625998	1.0
MAFK (MA0496.4)	TGACTCAGC	MTGASTCAGS	MTGACTCAGC	10	451	5590	8.07	9.309	0.87	595	0.25	0.263	12.064	0.9993546516171801	1.0
MEF2C (MA0497.2)	YWAAAATA	HYWWAAATARM	MYWAAAATAGM	11	586	5590	10.48	12.249	0.86	643	0.27	0.312	12.354	0.9999750924235615	1.0
ZBTB6 (MA1581.2)	CTKGAGCC	CCTKSAGCC	SCTKGAGCC	9	516	5590	9.23	10.705	0.86	544	0.23	0.27	10.933	0.9998352806387255	1.0
NR1D2 (MA1532.2)	TRGGTYAGTRGGTCA	KRGGTYARKRKGKBR	TRGGTYAGTRGGTCA	15	513	5590	9.18	10.668	0.86	550	0.23	0.27	13.344	0.9998624765174198	1.0
RXRA::VDR (MA0074.1)	RGGTCAWNGRGTTC	RGKTYAHDGRRTTYM	RGGTCAWNGRGTTCR	15	480	5590	8.59	9.983	0.86	501	0.21	0.25	13.374	0.9997764283348449	1.0
NR4A2::RXRA (MA1147.2)	GGYCRWTGACC	DGGTCWWTGAMCY	RGGYCRWTGACCY	13	405	5590	7.25	8.399	0.86	488	0.2	0.258	11.38	0.99915522112115	1.0
Arx (MA0874.2)	TAATTA	VWYTAATTAR	MRYTAATTAR	10	362	5590	6.48	7.488	0.86	577	0.24	0.26	11.134	0.9981512970101561	1.0
Tcf21 (MA0832.2)	AACAGCTGTT	RMCAGCTGKW	AACAGCTGTT	10	343	5590	6.14	7.158	0.86	533	0.22	0.239	13.315	0.9986464310058242	1.0
FLI1 (MA0475.3)	CCGGAA	WCMGGAARY	ACCGGAARY	9	137	5590	2.45	2.852	0.86	139	0.06	0.068	10.986	0.9673529870526191	1.0
PAX2 (MA0067.3)	AVYSRWGCGTGAC	KYARTCAWSCRTGWCY	BYAVYSRWGCGTGACS	16	94	5590	1.68	1.959	0.86	95	0.04	0.046	10.651	0.9385749518348143	1.0
Stat6 (MA0520.2)	TTCYWSRGAA	TTCYWVWGAA	TTCYWSRGAA	10	685	5590	12.25	14.401	0.85	870	0.36	0.451	11.425	0.9999979041629056	1.0
SNAI3 (MA1559.2)	CAGGTG	RCAGGTGVH	RCAGGTGYR	9	498	5590	8.91	10.438	0.85	535	0.22	0.262	10.822	0.9999190896185566	1.0
BARX2 (MA1471.2)	WAAYMRTTA	AAAYMATTA	WAAYMRTTA	9	453	5590	8.1	9.531	0.85	480	0.2	0.239	9.718	0.9998791764933256	1.0
Dlx5 (MA1476.3)	GCAATTA	GYAATTAK	GCAATTAK	8	330	5590	5.9	6.975	0.85	341	0.14	0.17	10.078	0.999281739691762	1.0
TP73 (MA0861.2)	CAWGTYBDRACAYG	RCADGTYHDRRCWTGY	RCAWGTYBDRACAYGY	16	192	5590	3.43	4.049	0.85	242	0.1	0.134	10.69	0.9912023231400764	1.0
MZF1 (MA0056.3)	ATCCCC	MATCCCCA	MATCCCCW	8	758	5590	13.56	16.129	0.84	833	0.35	0.425	10.077	0.9999999276024669	1.0
Zfp809 (MA2125.1)	TCCCAG	WTCCCAGMM	WTCCCAGMY	9	637	5590	11.4	13.534	0.84	692	0.29	0.349	10.748	0.9999987848182099	1.0
ZNF816 (MA1719.2)	GGGGACMTG	KGGGGACMKKVDDRK	KGGGGACMTGYHDRV	15	570	5590	10.2	12.104	0.84	610	0.25	0.31	14.134	0.9999949073486429	1.0
MAFG::NFE2L1 (MA0089.3)	ATGACTCAGCA	RTGASTCAKSW	ATGACTCAGCA	11	493	5590	8.82	10.437	0.84	546	0.23	0.266	14.276	0.9999677921614064	1.0
ASCL1 (MA1631.2)	CACCTGC	BCACCTGCH	VCACCTGCY	9	429	5590	7.67	9.126	0.84	452	0.19	0.231	10.716	0.9999309445257412	1.0
Alx4 (MA0853.2)	TAATTA	HVVDYTAATTAR	VSHDYTAATTAR	12	284	5590	5.08	6.037	0.84	477	0.2	0.215	11.783	0.99884888337273	1.0
ZNF343 (MA1711.2)	GCTTCMCSDCGG	VHRCTTCMSBDHGKYM	VYGCTTCMCSDCGGYM	16	240	5590	4.29	5.108	0.84	246	0.1	0.123	12.901	0.9975528486129458	1.0
FEV (MA0156.4)	ACCGGAAGT	DCCGGAARY	ACCGGAAGT	9	103	5590	1.84	2.193	0.84	104	0.04	0.052	11.679	0.9671985812052475	1.0
BARX1 (MA0875.2)	ATTA	CAATTA	YMATTA	6	1064	5590	19.03	22.864	0.83	1260	0.52	0.638	7.152	0.9999999999963092	1.0
BSX (MA0876.2)	ATTA	CAATTA	YVATTA	6	1064	5590	19.03	22.864	0.83	1260	0.52	0.638	6.838	0.9999999999963092	1.0
DLX1 (MA0879.3)	ATTA	CAATTA	YMATTA	6	1064	5590	19.03	22.864	0.83	1260	0.52	0.638	7.213	0.9999999999963092	1.0
DLX6 (MA0882.2)	AATTA	CAATTA	YAATTA	6	1064	5590	19.03	22.864	0.83	1260	0.52	0.638	7.181	0.9999999999963092	1.0
Dlx3 (MA0880.2)	ATTA	CAATTA	YAATTA	6	1064	5590	19.03	22.864	0.83	1260	0.52	0.638	6.928	0.9999999999963092	1.0
Dlx4 (MA0881.2)	ATTA	CAATTA	YAATTA	6	1064	5590	19.03	22.864	0.83	1260	0.52	0.638	7.066	0.9999999999963092	1.0
GBX2 (MA0890.2)	AATTA	CAATTA	YAATTA	6	1064	5590	19.03	22.864	0.83	1260	0.52	0.638	7.552	0.9999999999963092	1.0
HESX1 (MA0894.2)	TAATT	TAATTG	TAATTR	6	1064	5590	19.03	22.864	0.83	1260	0.52	0.638	7.575	0.9999999999963092	1.0
HOXA7 (MA1498.3)	ATTA	CAATTA	YMATTA	6	1064	5590	19.03	22.864	0.83	1260	0.52	0.638	6.459	0.9999999999963092	1.0
LBX2 (MA0699.2)	AATTA	CAATTA	YAATTA	6	1064	5590	19.03	22.864	0.83	1260	0.52	0.638	6.903	0.9999999999963092	1.0
LHX2 (MA0700.3)	CAATTA	CAATTA	CAATTA	6	1064	5590	19.03	22.864	0.83	1260	0.52	0.638	7.995	0.9999999999963092	1.0
MSX1 (MA0666.3)	AATTA	CAATTA	YAATTA	6	1064	5590	19.03	22.864	0.83	1260	0.52	0.638	7.752	0.9999999999963092	1.0
MSX2 (MA0708.3)	AATTA	CAATTA	YAATTA	6	1064	5590	19.03	22.864	0.83	1260	0.52	0.638	7.715	0.9999999999963092	1.0
Msx3 (MA0709.2)	AATTA	CAATTA	YAATTA	6	1064	5590	19.03	22.864	0.83	1260	0.52	0.638	7.743	0.9999999999963092	1.0
Nobox (MA0125.2)	TAATT	TAATTG	TAATTR	6	1064	5590	19.03	22.864	0.83	1260	0.52	0.638	7.32	0.9999999999963092	1.0
RAX (MA0718.2)	AATTA	CAATTA	YAATTA	6	1064	5590	19.03	22.864	0.83	1260	0.52	0.638	7.35	0.9999999999963092	1.0
RAX2 (MA0717.2)	ATTA	CAATTA	YAATTA	6	1064	5590	19.03	22.864	0.83	1260	0.52	0.638	6.792	0.9999999999963092	1.0
SHOX (MA0630.2)	TAAT	TAATTG	TAATTR	6	1064	5590	19.03	22.864	0.83	1260	0.52	0.638	6.846	0.9999999999963092	1.0
Tbx6 (MA1567.3)	GGTGTGAA	WGGTGTGAR	RGGTGTGAA	9	698	5590	12.49	15.047	0.83	784	0.33	0.391	10.92	0.9999999673741611	1.0
PLAGL2 (MA1548.2)	GGGCCCC	GGGCCCCY	GGGCCCCY	8	421	5590	7.53	9.098	0.83	701	0.29	0.336	10.04	0.999981700065936	1.0
NFIC (MA0161.3)	CTTGGCA	CTTGGCA	CTTGGCA	7	369	5590	6.6	7.913	0.83	386	0.16	0.195	9.142	0.9998847051411862	1.0
ATOH7 (MA1468.1)	CATMTG	AVCAYMTGKY	RVCATMTGKY	10	322	5590	5.76	6.95	0.83	392	0.16	0.207	10.344	0.9998097198490336	1.0
CREM (MA0609.3)	TGACGTCA	RTGAYRTCAY	RTGACGTCAY	10	115	5590	2.06	2.479	0.83	227	0.09	0.114	9.79	0.9813343421206707	1.0
Stat2 (MA1623.2)	AAASAGAAA	VAAACAGAAA	RAAASAGAAA	10	757	5590	13.54	16.544	0.82	861	0.36	0.439	12.243	0.9999999994727593	1.0
SRY (MA0084.2)	ACAA	AAACAAT	WWACAAW	7	405	5590	7.25	8.887	0.82	429	0.18	0.22	7.894	0.9999940994747119	1.0
NRL (MA0842.3)	TGCTGAC	WWWDTGCTGAYD	WWWDTGCTGACR	12	370	5590	6.62	8.074	0.82	384	0.16	0.198	11.743	0.999974993779518	1.0
RXRG (MA1556.1)	GGTCAYGACC	VRGGTCAYRWMMYB	RRGGTCAYGACCYY	14	348	5590	6.23	7.548	0.82	397	0.16	0.214	12.342	0.999927944445442	1.0
ZNF417 (MA1727.2)	GGCGCCA	GGTGCCA	GGCGCCA	7	297	5590	5.31	6.473	0.82	308	0.13	0.16	9.556	0.9998321516345257	1.0
Spi1 (MA0080.7)	AGGAAG	RRRSAGGAASWGR	RAAGAGGAAGTGR	13	846	5590	15.13	18.609	0.81	957	0.4	0.502	12.636	0.9999999999920715	1.0
ZNF701 (MA1987.2)	GAGMASYDDRGGGGG	GAGMRVBDDRGGGRGRR	GAGMASYDDRGGGGGRR	17	666	5590	11.91	14.635	0.81	744	0.31	0.393	14.495	0.9999999971425568	1.0
IRF3 (MA1418.2)	AHSGAAACSGAAAC	RRRADKRAAAHHRAAAV	RRAAHSGAAACSGAAAC	17	399	5590	7.14	8.842	0.81	442	0.18	0.23	12.412	0.999997509485445	1.0
NFKB2 (MA0778.2)	GGGGAWTCCCC	GGGRDWHYCCC	GGGGAWTCCCC	11	382	5590	6.83	8.447	0.81	768	0.32	0.397	13.527	0.999994898050268	1.0
ZNF547 (MA2334.1)	GCTAATGCWRC	TKCTAAWGCWRCW	TGCTAATGCWRCM	13	369	5590	6.6	8.157	0.81	382	0.16	0.202	12.058	0.9999923207293535	1.0
ZBTB32 (MA1580.1)	GTACAGT	WKTACAGTWW	WGTACAGTRW	10	339	5590	6.06	7.458	0.81	354	0.15	0.183	11.823	0.9999728553669224	1.0
PAX9 (MA0781.2)	GTCACGCWTSAVTG	RGKCAYGSWTGAYTRM	SGTCACGCWTSAVTGM	16	145	5590	2.59	3.213	0.81	148	0.06	0.077	10.289	0.9964650639089967	1.0
OVOL1 (MA1544.2)	ACCGTTA	DDWCCGTTAH	DWACCGTTAY	10	45	5590	0.81	0.989	0.81	46	0.02	0.023	10.908	0.9280947564653104	1.0
HINFP (MA0131.3)	CGTCCGC	RSGTCCSC	RCGTCCGC	8	27	5590	0.48	0.599	0.81	27	0.01	0.014	9.882	0.8865255151420708	1.0
SPIB (MA0081.3)	CACTTCC	YCWSTTCCYYWYH	YCACTTCCYYWYY	13	784	5590	14.03	17.425	0.8	848	0.35	0.463	12.988	0.9999999999939355	1.0
Nfat5 (MA0606.3)	TGGAAAA	RTGGAAAA	ATGGAAAA	8	772	5590	13.81	17.29	0.8	851	0.35	0.459	10.182	0.9999999999983791	1.0
NR4A1 (MA1112.3)	AAAGGTCA	AAAGGYCA	AAAGGTCA	8	615	5590	11.0	13.826	0.8	675	0.28	0.356	10.326	0.9999999997375797	1.0
ZNF317 (MA1593.2)	ACAGCAGA	MCWGCAGA	ACAGCAGA	8	577	5590	10.32	12.879	0.8	628	0.26	0.328	10.222	0.9999999965665604	1.0
SOX21 (MA0866.1)	AACAATKKYAKTGTT	WRSAATKDYAKTGTK	AACAATKKYAKTGTT	15	531	5590	9.5	11.828	0.8	616	0.26	0.332	11.266	0.999999978053509	1.0
MEF2A (MA0052.5)	AAAATA	MTAAAAATAD	YTAAAAATAR	10	508	5590	9.09	11.406	0.8	557	0.23	0.292	11.968	0.9999999852841953	1.0
TBX1 (MA0805.1)	AGGTGTGA	ARGTGTGA	AGGTGTGA	8	500	5590	8.94	11.164	0.8	526	0.22	0.28	10.484	0.999999956976774	1.0
Nfe2l2 (MA0150.3)	TGASTCAGCA	RTGASTSAGSW	RTGASTCAGCA	11	443	5590	7.92	9.897	0.8	466	0.19	0.249	13.594	0.9999997457942154	1.0
NFIC::TLX1 (MA0119.1)	TGGCASSRHGCCAA	TGGCWSBNWGCCAD	TGGCASSRHGCCAA	14	344	5590	6.15	7.716	0.8	429	0.18	0.23	13.472	0.9999959646956312	1.0
ETV6 (MA0645.2)	GGAAGT	BMGGAAGTR	SMGGAAGTR	9	247	5590	4.42	5.527	0.8	258	0.11	0.133	10.582	0.9998951012304985	1.0
ATF6 (MA1466.2)	TGACGTGGC	DDVTGACGTGKCH	YKRTGACGTGGCR	13	96	5590	1.72	2.151	0.8	98	0.04	0.051	10.139	0.9895354172441556	1.0
PAX5 (MA0014.4)	GCGTGAC	GCRTGACC	GCGTGACC	8	79	5590	1.41	1.777	0.8	80	0.03	0.042	10.044	0.9837258664377868	1.0
E2F4 (MA0470.3)	TGGCGCS	WKYKGGCGCCMHW	WWKTGGCGCSMWW	13	24	5590	0.43	0.535	0.8	29	0.01	0.017	11.191	0.879898810651484	1.0
PPARA::RXRA (MA1148.2)	GGKBARAGGT	MWDKRGGKBARRGKKYR	WWVKRGGKBARAGGTYR	17	665	5590	11.9	15.003	0.79	743	0.31	0.391	12.916	0.9999999999798187	1.0
GATA1::TAL1 (MA0140.3)	TATCWBBVHVVHVCA	YTATCWVDVVDBHVCAS	TTATCWBBVHVVHVCAS	17	471	5590	8.43	10.644	0.79	503	0.21	0.268	11.324	0.9999999782463335	1.0
DMRTA1 (MA1707.2)	GWTACA	WTGWTACAWW	WYGWTACAWH	10	393	5590	7.03	8.901	0.79	417	0.17	0.234	10.51	0.9999997268065549	1.0
ZKSCAN1 (MA1585.2)	AGTAGG	RYAGTAGGW	AYAGTAGGY	9	357	5590	6.39	8.078	0.79	373	0.15	0.199	10.953	0.999998914892031	1.0
ETV5::DRGX (MA1944.2)	GGAWGYRRT	AGGAWRYRMTYR	MGGAWGYRRTYA	12	325	5590	5.81	7.319	0.79	338	0.14	0.179	12.458	0.999994864422184	1.0
FLI1::DRGX (MA1949.2)	CGGAWRYMAT	WVAGGAWRYWAYYR	RYCGGAWRYMATYR	14	245	5590	4.38	5.524	0.79	251	0.1	0.134	11.353	0.9999337235244558	1.0
MYF5 (MA1641.2)	CAGCTG	MCAGCTGK	RCAGCTGY	8	241	5590	4.31	5.463	0.79	490	0.2	0.263	10.084	0.9999479466895601	1.0
Ptf1A (MA1619.2)	CAGCTG	MCAGCTGK	RCAGCTGY	8	241	5590	4.31	5.463	0.79	422	0.18	0.22	9.838	0.9999479466895601	1.0
BHLHE23 (MA0817.2)	AMCATATG	RMCATATGKW	AMCATATGKY	10	178	5590	3.18	4.036	0.79	285	0.12	0.153	11.819	0.9995562392901245	1.0
FOXH1 (MA0479.2)	AATMCACA	AWTMMACA	AATMCACA	8	625	5590	11.18	14.263	0.78	680	0.28	0.367	10.324	0.9999999999896652	1.0
TBX18 (MA1565.2)	GGTGKGA	AGGTGTGAR	RGGTGKGAR	9	566	5590	10.13	13.047	0.78	609	0.25	0.333	10.709	0.9999999999807117	1.0
TBX15 (MA0803.1)	AGGTGTGA	AGGTGTGA	AGGTGTGA	8	487	5590	8.71	11.178	0.78	514	0.21	0.28	10.649	0.9999999987959662	1.0
TBX4 (MA0806.1)	ARGTGTKA	AGGTGTGA	ARGTGTKA	8	487	5590	8.71	11.178	0.78	514	0.21	0.28	9.501	0.9999999987959662	1.0
NR2F6 (MA1539.1)	AGGTCABTGACCT	DRGGTYRBTGACCYH	RAGGTCABTGACCTY	15	341	5590	6.1	7.825	0.78	576	0.24	0.318	11.787	0.9999995448100991	1.0
IRF9 (MA0653.1)	AWCGAAACCGAAAC	WWHRAAAMYGAAASW	AWCGAAACCGAAACY	15	337	5590	6.03	7.704	0.78	356	0.15	0.192	10.778	0.9999992138086032	1.0
KLF13 (MA0657.2)	RMCACGCCCCY	DRMCAMDCCCMYYYHHD	KRMCACGCCCCYTTDKK	17	314	5590	5.62	7.201	0.78	328	0.14	0.176	13.845	0.9999986120097591	1.0
RXRB (MA1555.1)	GGTCRTGACC	VRGKTYRTGAMCYB	RRGGTCRTGACCYY	14	307	5590	5.49	7.081	0.78	429	0.18	0.255	12.964	0.9999989543408389	1.0
TP63 (MA0525.2)	ACATGTYRKRACATGT	RRCAWSYYRKRACWTGYV	RACATGTYRKRACATGTM	18	193	5590	3.45	4.445	0.78	258	0.11	0.146	11.006	0.9998924751165666	1.0
ISL2 (MA0914.2)	CAMTTA	CACTTA	CAMTTA	6	931	5590	16.65	21.518	0.77	1050	0.44	0.591	7.003	1.0	1.0
DMRTA2 (MA1478.2)	GWWACA	GTTACA	GWWACA	6	692	5590	12.38	16.137	0.77	758	0.31	0.422	6.873	0.9999999999999969	1.0
ESR2 (MA0258.2)	GGTCASVVWG	RGGKCASVVWRVCYY	RGGTCASVVWGHCYY	15	532	5590	9.52	12.281	0.77	633	0.26	0.338	12.575	0.9999999999319741	1.0
RARA::RXRA (MA0159.1)	RGKTCABVVRSVGKKSA	RGKTSABVVRRMKKBCA	RGKTCABVVRSVGKKSA	17	517	5590	9.25	11.947	0.77	560	0.23	0.306	11.93	0.9999999998896588	1.0
NR1I3 (MA1534.2)	TGAACT	TGAACTYY	TGAACTHW	8	477	5590	8.53	11.113	0.77	511	0.21	0.28	9.416	0.9999999998229313	1.0
MAF::NFE2 (MA0501.2)	TGACTCAGCA	RTGASTSAKSW	RTGACTCAGCA	11	421	5590	7.53	9.737	0.77	454	0.19	0.246	13.997	0.9999999934487441	1.0
TGIF1 (MA0796.1)	TGACAGCTGTCA	TGACWKSTGTMA	TGACAGCTGTCA	12	353	5590	6.31	8.192	0.77	440	0.18	0.274	14.837	0.9999999194378842	1.0
HOXC12 (MA0906.2)	TCGTAAA	RVTYRTAAAA	RRTCGTAAAA	10	204	5590	3.65	4.763	0.77	206	0.09	0.114	10.539	0.9999711610677543	1.0
FOXE1 (MA1487.3)	TAARYAAACA	YWAWRWAAACAH	YTAARYAAACAW	12	603	5590	10.79	14.266	0.76	691	0.29	0.373	13.561	0.9999999999999856	1.0
Mafb (MA0117.3)	GCTGA	WWWDTGCTGAS	WWWDYGCTGAS	11	380	5590	6.8	8.967	0.76	394	0.16	0.222	11.352	0.9999999970621672	1.0
MSANTD3 (MA1523.2)	ACTC	CACTCAC	YACTCAM	7	317	5590	5.67	7.504	0.76	330	0.14	0.185	8.243	0.999999954700652	1.0
ETV7 (MA1708.2)	GGAAR	BMGGAAGTG	SMGGAARTR	9	269	5590	4.81	6.331	0.76	281	0.12	0.153	10.06	0.9999991816448234	1.0
Zfx (MA0146.3)	CBVGGCCT	DSYBRGGCCT	RSCBVGGCCT	10	266	5590	4.76	6.26	0.76	295	0.12	0.16	10.44	0.9999990454717437	1.0
ZNF524 (MA2096.1)	TCGVACCC	CTCSAACCC	YTCGVACCC	9	215	5590	3.85	5.065	0.76	232	0.1	0.121	10.771	0.999990690312782	1.0
NEUROG1 (MA0623.2)	CATATG	RMCATATGKB	RMCATATGKY	10	187	5590	3.35	4.42	0.76	294	0.12	0.171	11.054	0.9999723529000121	1.0
HOXC11 (MA0651.3)	GTCGTAAAA	WRSTCRTAAAA	WRGTCGTAAAA	11	154	5590	2.75	3.619	0.76	156	0.06	0.086	11.165	0.9998213314166124	1.0
Irf1 (MA0050.4)	GAAASTGAAA	WRAAAMTGAAA	WGAAASTGAAA	11	723	5590	12.93	17.338	0.75	817	0.34	0.467	13.131	1.0	1.0
Nfatc2 (MA0152.3)	TGGAAA	HMTGGAAA	MATGGAAA	8	645	5590	11.54	15.475	0.75	697	0.29	0.404	10.087	1.0	1.0
Smad4 (MA1153.2)	GTCTRG	TGTCTRG	YGTCTRG	7	629	5590	11.25	15.044	0.75	689	0.29	0.39	8.64	0.9999999999999999	1.0
ZIM3 (MA1709.2)	AACAGAAABC	HAACAGAAAHM	MAACAGAAABC	11	623	5590	11.14	14.931	0.75	696	0.29	0.387	12.394	0.9999999999999999	1.0
ZNF16 (MA1654.2)	GGGAGCCAYKGRRGG	VVKDGRGAGYYMYDGRRRRBB	AVKRGGGAGCCAYKGRRGGYK	21	601	5590	10.75	14.245	0.75	653	0.27	0.369	15.264	0.9999999999999892	1.0
Nkx3-2 (MA0122.4)	CACTTA	WWMCACTTAH	WWMCACTTAW	10	465	5590	8.32	11.079	0.75	500	0.21	0.28	11.198	0.9999999999921036	1.0
Dlx2 (MA0885.3)	GCAATTA	GYAATTAG	GCAATTAR	8	373	5590	6.67	8.866	0.75	394	0.16	0.219	10.089	0.9999999984089958	1.0
OLIG1 (MA0826.1)	AMCATATG	WMCATATGKW	AMCATATGKT	10	190	5590	3.4	4.519	0.75	364	0.15	0.199	11.815	0.9999840712629419	1.0
NR2C1 (MA1535.2)	GGTCA	AGGTCA	RGGTCA	6	1159	5590	20.73	28.192	0.74	1375	0.57	0.828	7.352	1.0	1.0
NR2C2 (MA1536.2)	GGTCR	AGGTCA	RGGTCR	6	1159	5590	20.73	28.192	0.74	1375	0.57	0.828	6.703	1.0	1.0
Nr1H2 (MA1996.2)	AGGTCA	AGGTCA	AGGTCA	6	1159	5590	20.73	28.192	0.74	1375	0.57	0.828	8.083	1.0	1.0
Nr1H4 (MA1110.3)	AGGTCA	AGGTCA	AGGTCA	6	1159	5590	20.73	28.192	0.74	1375	0.57	0.828	8.115	1.0	1.0
Nr1h3 (MA2337.1)	AGGKCA	AGGTCA	AGGKCA	6	1159	5590	20.73	28.192	0.74	1375	0.57	0.828	7.735	1.0	1.0
Runx1 (MA0002.3)	TGTGG	YTGTGGKTW	YTGTGGYYW	9	572	5590	10.23	13.748	0.74	613	0.25	0.353	10.059	0.9999999999999978	1.0
ZNF24 (MA1124.1)	TTCATTCATT	YWWTCATTCAWTY	YATTCATTCATTC	13	534	5590	9.55	12.996	0.74	657	0.27	0.378	14.393	0.9999999999999986	1.0
NR6A1 (MA1541.2)	AAGKTCAAG	SAAGKTCAAGKKYW	SAAGKTCAAGKKYR	14	515	5590	9.21	12.405	0.74	557	0.23	0.325	14.504	0.9999999999999436	1.0
NR1D1 (MA1531.2)	GGTYASTRGGTCA	RGGKYASKRGGKSR	RGGTYASTRGGTCA	14	403	5590	7.21	9.737	0.74	428	0.18	0.245	12.723	0.99999999997172	1.0
EN2 (MA0642.3)	YMATTA	CCAATTA	SYMATTA	7	315	5590	5.64	7.634	0.74	332	0.14	0.187	7.998	0.9999999966522034	1.0
HOXC13 (MA0907.2)	CTCGTAAA	CTYRTAAAW	CTCGTAAAW	9	295	5590	5.28	7.106	0.74	304	0.13	0.173	11.592	0.9999999788180685	1.0
ZNF211 (MA1974.2)	ATATACCA	YATATACCAH	YATATACCAY	10	266	5590	4.76	6.454	0.74	280	0.12	0.158	12.151	0.9999999488571425	1.0
MAFA (MA1521.2)	GCTGMSKCAGC	YGCWGASTCWGCR	YGCTGMSKCAGCR	13	146	5590	2.61	3.523	0.74	284	0.12	0.152	12.372	0.9999361026606791	1.0
RFX7 (MA1554.2)	GTTRC	KGTTGCTA	SGTTRCYR	8	133	5590	2.38	3.206	0.74	137	0.06	0.076	8.756	0.9998639217131752	1.0
PAX3 (MA1546.2)	GTCACGSYHRTT	DKTYAYGSYWATBA	SGTCACGSYHRTTA	14	129	5590	2.31	3.115	0.74	133	0.06	0.074	12.234	0.9998434285107489	1.0
Nr2e1 (MA0676.1)	AAGTCA	WWAAGTCAW	WRAAGTCAW	9	592	5590	10.59	14.421	0.73	633	0.26	0.373	10.577	1.0	1.0
NR4A2 (MA0160.3)	AAAGGTCA	AAAGGBCA	AAAGGTCA	8	561	5590	10.04	13.734	0.73	615	0.26	0.354	9.993	1.0	1.0
Six3 (MA0631.2)	GGGTATCA	AWDKGRTATCA	WWRGGGTATCA	11	389	5590	6.96	9.523	0.73	408	0.17	0.237	12.46	0.9999999999914091	1.0
NKX2-2 (MA1645.2)	CACTCA	MCACTCAR	CCACTCAA	8	574	5590	10.27	14.308	0.72	616	0.26	0.369	10.038	1.0	1.0
ZNF274 (MA1592.2)	TGAGTYCTC	YRKGWRTYCTYD	YRTGAGTYCTCR	12	520	5590	9.3	12.859	0.72	560	0.23	0.331	13.245	1.0	1.0
TBX21 (MA0690.3)	TCACACCT	WTCACACCTD	TTCACACCTY	10	495	5590	8.86	12.274	0.72	522	0.22	0.312	12.348	0.9999999999999999	1.0
EOMES (MA0800.2)	ARGTGTGA	AKGTGTGAW	ARGTGTGAW	9	460	5590	8.23	11.491	0.72	481	0.2	0.289	10.977	0.9999999999999988	1.0
ZNF410 (MA0752.2)	CATCCCATAATA	VYAWCCCAYAATWHHH	MCATCCCATAATAHYM	16	455	5590	8.14	11.278	0.72	477	0.2	0.284	13.006	0.9999999999999897	1.0
ERF::FOXO1 (MA1936.2)	ACMGGAA	RWMWACAGGMAR	RWMWACMGGAAR	12	414	5590	7.41	10.235	0.72	440	0.18	0.255	12.696	0.9999999999996839	1.0
GLIS3 (MA0737.1)	ACCCCCCACRAMG	SACCYCMYASDWWS	KACCCCCCACRAMG	14	411	5590	7.35	10.213	0.72	435	0.18	0.256	11.538	0.9999999999998379	1.0
GATA6 (MA1104.3)	TTATC	TCTTATCW	YCTTATCT	8	406	5590	7.26	10.037	0.72	422	0.18	0.251	9.954	0.9999999999994439	1.0
ZBTB7C (MA0695.2)	ACCACC	MRACCACC	SRACCACC	8	272	5590	4.87	6.734	0.72	280	0.12	0.164	9.432	0.9999999959256446	1.0
RARB (MA1552.2)	GGTCRTGACC	VRGKYYRTGAMCY	RRGGTCRTGACCY	13	262	5590	4.69	6.532	0.72	346	0.14	0.215	13.146	0.9999999963210813	1.0
IRF4 (MA1419.2)	CGAAACCGAAAC	YRAAACYGAAASYD	CGAAACCGAAACYW	14	225	5590	4.03	5.566	0.72	229	0.09	0.136	10.134	0.9999999023379736	1.0
RUNX3 (MA0684.3)	ACCWCA	AACCTCAD	RACCWCAR	8	569	5590	10.18	14.275	0.71	614	0.25	0.368	9.597	1.0	1.0
ZNF324 (MA1977.2)	GHYARGGATGGYT	WBDYARGGWWGGYK	RGHYARGGATGGYT	14	558	5590	9.98	14.094	0.71	592	0.25	0.363	13.354	1.0	1.0
PPARG (MA0066.2)	TRGGTCANBDTSACCYA	WRGGKSAHVRKSMCCYMHW	TRGGTCANBDTSACCYANW	19	510	5590	9.12	12.917	0.71	621	0.26	0.381	14.467	1.0	1.0
TBX3 (MA1566.3)	AGGTGTSA	AGGTGTSAW	AGGTGTSAA	9	486	5590	8.69	12.294	0.71	510	0.21	0.312	11.252	1.0	1.0
Gata3 (MA0037.5)	TTATCT	TYTTATCW	YCTTATCT	8	470	5590	8.41	11.918	0.71	491	0.2	0.303	9.877	1.0	1.0
NR1H4::RXRA (MA1146.2)	GKTCRWT	RGKTCANTSAMMY	RGKTCRWTGACCY	13	347	5590	6.21	8.756	0.71	454	0.19	0.269	11.083	0.9999999999984941	1.0
NR3C2 (MA0727.2)	GWACAYDRTGTWC	RGRACWBWDWGTYCY	RGWACAYDRTGTWCY	15	197	5590	3.52	4.962	0.71	304	0.13	0.204	11.567	0.9999998650489581	1.0
TBX2 (MA0688.2)	GTGTBA	AGGTGTSAW	RRGTGTBAW	9	488	5590	8.73	12.542	0.7	515	0.21	0.318	10.175	1.0	1.0
MAFF (MA0495.4)	TCAGCA	STCAGCAHWWW	STCAGCAWWWW	11	430	5590	7.69	10.973	0.7	450	0.19	0.275	12.893	0.9999999999999999	1.0
TRPS1 (MA1970.2)	TTATC	TCTTATCW	YCTTATCT	8	406	5590	7.26	10.431	0.7	423	0.18	0.263	9.86	0.9999999999999998	1.0
PKNOX2 (MA0783.1)	TGACAGSTGTCA	TGACWKSTGYSW	TGACAGSTGTCA	12	381	5590	6.82	9.787	0.7	453	0.19	0.294	15.982	0.9999999999999957	1.0
Prdm14 (MA1998.2)	GTCTCTA	GGTCYCTA	GGTCTCTA	8	307	5590	5.49	7.849	0.7	316	0.13	0.192	10.073	0.9999999999947392	1.0
OLIG3 (MA0827.1)	CATATG	MMCATATGKY	RMCATATGBY	10	222	5590	3.97	5.687	0.7	341	0.14	0.197	10.821	0.999999995881699	1.0
TBR1 (MA0802.2)	ARGTGTGA	ARGTGTGAW	ARGTGTGAW	9	477	5590	8.53	12.447	0.69	500	0.21	0.316	11.141	1.0	1.0
Sox1 (MA0870.1)	ACAATWVCATTGT	HWCAATWHSAKTGWD	MACAATWVCATTGTY	15	392	5590	7.01	10.203	0.69	475	0.2	0.306	11.3	1.0	1.0
SOX12 (MA1561.2)	CGAACAA	ACMRAACAMT	MMCGAACAAY	10	261	5590	4.67	6.813	0.69	268	0.11	0.166	10.501	0.9999999999828073	1.0
IRF8 (MA0652.2)	CGAAACCGAAACT	HGAAASYGAAASY	CGAAACCGAAACT	13	249	5590	4.45	6.427	0.69	254	0.11	0.158	11.948	0.9999999998056597	1.0
NEUROG2 (MA0669.1)	CATATGYY	AMCAKATGKY	RMCATATGYY	10	248	5590	4.44	6.466	0.69	318	0.13	0.217	11.865	0.9999999999354765	1.0
Ar (MA0007.4)	RGWACAYVRTGTWC	RRGHAMRBDVTGTWCY	RRGWACAYVRTGTWCY	16	198	5590	3.54	5.169	0.69	296	0.12	0.183	11.167	0.9999999951508172	1.0
E2F1 (MA0024.3)	GGCGCC	WYKGGCGCCMRW	WWWGGCGCCMWW	12	21	5590	0.38	0.544	0.69	32	0.01	0.023	10.587	0.9681116585697312	1.0
ZNF652 (MA1657.2)	AAGRGTTA	AAGAGTTAM	AAGRGTTAM	9	518	5590	9.27	13.578	0.68	566	0.23	0.351	11.196	1.0	1.0
FOXO1::ELF1 (MA1953.2)	AACAGGAA	RDMAACAGGAARH	RWMAACAGGAARY	13	496	5590	8.87	12.989	0.68	535	0.22	0.332	13.722	1.0	1.0
PITX2 (MA1547.2)	TAATCC	YTAATCCY	YTAATCCY	8	421	5590	7.53	11.106	0.68	438	0.18	0.281	9.585	1.0	1.0
ERF::FOXI1 (MA1935.2)	GGA	AWMCAGGAAR	MWASMGGAWR	10	390	5590	6.98	10.318	0.68	410	0.17	0.258	10.303	1.0	1.0
THRB (MA1576.2)	TSACCTBRSRTGACCTYA	TBWYCYBVHVTGWCCTBR	TSACCTBRSRTGACCTYA	18	384	5590	6.87	10.067	0.68	413	0.17	0.255	13.053	1.0	1.0
Hmx1 (MA0896.2)	CAATTAA	WRCAATTAA	RRCAATTAA	9	326	5590	5.83	8.621	0.68	341	0.14	0.214	11.166	0.9999999999999953	1.0
RARG (MA1553.2)	GKTCATGACC	RGKTYRTGAMCYB	RGKTCATGACCYY	13	263	5590	4.7	6.95	0.68	365	0.15	0.245	13.367	0.9999999999971119	1.0
IRF6 (MA1509.1)	CCGAAACT	MCCRAAACT	RCCGAAACT	9	76	5590	1.36	1.991	0.68	77	0.03	0.047	11.563	0.9998163466961394	1.0
E2F2 (MA0864.3)	GCGC	WKYKGGCGCCMHW	WWWWSGCGCSMWW	13	21	5590	0.38	0.551	0.68	24	0.01	0.017	10.446	0.9726305669574886	1.0
PLAG1 (MA0163.1)	GGGGCCMWMGGGGG	GRGGSYHWRRGGKR	GGGGCCMWMGGGGG	14	450	5590	8.05	12.066	0.67	513	0.21	0.337	13.971	1.0	1.0
Ptf1A (MA1620.2)	CACCTG	MCACCTGK	RCACCTGY	8	368	5590	6.58	9.887	0.67	406	0.17	0.265	9.87	1.0	1.0
ZSCAN4 (MA1155.1)	GCACACMCTGWAA	BRCACAYMCWSHMAD	YGCACACMCTGWAAR	15	339	5590	6.06	9.02	0.67	367	0.15	0.225	11.218	0.9999999999999999	1.0
ZNF784 (MA1717.2)	ACYTACC	ACYTACCW	ACYTACCK	8	250	5590	4.47	6.682	0.67	257	0.11	0.163	9.919	0.9999999999976559	1.0
PGR (MA2327.1)	ACABDVTGT	ACABWMTGT	ACABDVTGT	9	239	5590	4.28	6.372	0.67	434	0.18	0.283	8.64	0.9999999999901079	1.0
RUNX2 (MA0511.2)	ACCRCA	MAACCACAR	WRACCRCAR	9	200	5590	3.58	5.313	0.67	206	0.09	0.128	10.418	0.9999999992801004	1.0
FERD3L (MA1485.1)	GYRMCAGCTGYYRC	RYRHCAKMTGHYVC	GYRMCAGCTGYYRC	14	177	5590	3.17	4.757	0.67	257	0.11	0.153	11.771	0.9999999976726013	1.0
OSR1 (MA1542.2)	GCTACYG	GCTACTGK	GCTACYGT	8	150	5590	2.68	4.0	0.67	152	0.06	0.096	9.967	0.9999999315221635	1.0
ZSCAN29 (MA1602.2)	GTCTACRC	KGTCTAYRCWR	YGTCTACRCVG	11	133	5590	2.38	3.567	0.67	133	0.06	0.085	11.909	0.9999997563230181	1.0
ETS2 (MA1484.2)	ACCGGAWG	RCMGGAWGY	ACCGGAWGY	9	123	5590	2.2	3.274	0.67	128	0.05	0.078	10.776	0.9999989302689136	1.0
CEBPE (MA0837.3)	TTGCGCAA	RTTRYRYAAY	RTTGCGCAAY	10	81	5590	1.45	2.155	0.67	164	0.07	0.101	9.736	0.9999372002934837	1.0
TBX20 (MA0689.1)	AGGTGTGA	DWRGTGTGAWR	WAGGTGTGAWR	11	535	5590	9.57	14.44	0.66	582	0.24	0.373	12.701	1.0	1.0
Sox5 (MA0087.3)	AACAATG	AACAAWGR	AACAATGS	8	509	5590	9.11	13.694	0.66	544	0.23	0.351	10.102	1.0	1.0
GRHL2 (MA1105.3)	AACAGGTT	AACWGGTT	AACAGGTT	8	465	5590	8.32	12.66	0.66	499	0.21	0.321	10.162	1.0	1.0
RORC (MA1151.2)	AWBTRGGKCA	AWDKRGGKCA	AWBTRGGKCA	10	453	5590	8.1	12.23	0.66	480	0.2	0.311	10.036	1.0	1.0
MSC (MA0665.1)	ACAGCTGTT	WMCAGCTGKT	RACAGCTGTT	10	309	5590	5.53	8.339	0.66	435	0.18	0.274	12.575	0.9999999999999992	1.0
PAX8 (MA2094.1)	GTCACGCWYSR	VGYCAYGSHTSAHYRV	SGTCACGCWYSRVYRM	16	77	5590	1.38	2.082	0.66	79	0.03	0.049	11.773	0.9999515802269233	1.0
Elf5 (MA0136.4)	AGGAAG	MAGGAAGD	MAGGAAGW	8	651	5590	11.65	17.896	0.65	719	0.3	0.475	10.021	1.0	1.0
Sox17 (MA0078.3)	ACAATG	WRRACAATGR	RRRACAATGR	10	477	5590	8.53	13.166	0.65	504	0.21	0.337	11.65	1.0	1.0
Esrrg (MA0643.2)	AAGGTCA	YSRAGGTCA	YSAAGGTCA	9	476	5590	8.52	13.141	0.65	513	0.21	0.338	11.03	1.0	1.0
FOXO1::ELK1 (MA1954.2)	AACAGGAAG	RDMAMCAGGAARH	RWMAACAGGAAGY	13	449	5590	8.03	12.444	0.65	477	0.2	0.315	14.06	1.0	1.0
IRF2 (MA0051.2)	GAAAGYGAAAS	KRAAARYSAAASBRWW	SGAAAGYGAAASYNWW	16	322	5590	5.76	8.867	0.65	336	0.14	0.221	12.243	1.0	1.0
ETV5::FOXI1 (MA1946.2)	GKMAACMGGAWG	RBMAACAGGAWR	GKMAACMGGAWG	12	315	5590	5.64	8.734	0.65	343	0.14	0.217	12.454	1.0	1.0
SOX8 (MA0868.3)	ACAAT	AACAATG	RACAATR	7	295	5590	5.28	8.067	0.65	307	0.13	0.198	8.405	0.9999999999999998	1.0
TFAP2A (MA0810.2)	CCYBVRGGC	WSCCYBSAGSC	YSCCYBVRGGC	11	242	5590	4.33	6.671	0.65	275	0.11	0.19	10.164	0.9999999999999116	1.0
ETS1 (MA0098.4)	CCGGAW	RCMGGAARY	RCCGGAWRY	9	134	5590	2.4	3.7	0.65	137	0.06	0.089	10.572	0.9999999737102117	1.0
PAX1 (MA0779.2)	GTCACGCWTSAVT	DGWCMYGSWTGAHTRM	SGTCACGCWTSAVTKM	16	122	5590	2.18	3.363	0.65	128	0.05	0.08	10.813	0.999999880616645	1.0
FOXN3 (MA1489.1)	GTAAACAA	GTAAACAA	GTAAACAA	8	53	5590	0.95	1.47	0.65	53	0.02	0.034	10.866	0.999722534014317	1.0
TEAD2 (MA1121.2)	ACATTCC	ACATTCC	ACATTCC	7	271	5590	4.85	7.584	0.64	281	0.12	0.186	9.087	0.9999999999999999	1.0
HOXA4 (MA1496.2)	YMATTA	GTCATTA	RYMATTA	7	175	5590	3.13	4.91	0.64	179	0.07	0.118	7.534	0.9999999999579227	1.0
HOXB8 (MA1502.2)	YMATTA	GCAATTA	KYMATTA	7	155	5590	2.77	4.356	0.64	158	0.07	0.104	7.926	0.9999999995340615	1.0
HOXD8 (MA0910.3)	YMATTA	GCAATTA	RYMATTA	7	155	5590	2.77	4.356	0.64	158	0.07	0.104	7.934	0.9999999995340615	1.0
ZFP57 (MA1583.2)	TGCCGCA	TGCCGCA	TGCCGCA	7	22	5590	0.39	0.611	0.64	22	0.01	0.014	9.195	0.9883032864482207	1.0
TCF7L2 (MA0523.2)	WTCAAAG	RSWTSAAAG	RSWTCAAAG	9	587	5590	10.5	16.603	0.63	633	0.26	0.437	10.645	1.0	1.0
NKX2-5 (MA0063.3)	CACTCAA	CACTYAA	CACTCAA	7	557	5590	9.96	15.88	0.63	599	0.25	0.416	9.011	1.0	1.0
SPIC (MA0687.2)	AWSMGGAAG	RHAWSRGKAAGWM	RAAWSMGGAAGWM	13	386	5590	6.91	11.025	0.63	402	0.17	0.278	13.14	1.0	1.0
Dmrt1 (MA1603.2)	ACAAWGT	WACAAWGTD	WACAAWGTW	9	364	5590	6.51	10.296	0.63	402	0.17	0.263	10.734	1.0	1.0
SRF (MA0083.3)	CCATATAWGG	WBHCCAWATWWGKDVW	WKMCCATATAWGGKMW	16	250	5590	4.47	7.077	0.63	323	0.13	0.229	12.113	0.9999999999999996	1.0
TFAP2B (MA0812.2)	GCCYSAGGC	GCCYSAGGC	GCCYSAGGC	9	145	5590	2.59	4.145	0.63	256	0.11	0.154	10.6	0.9999999996281917	1.0
Hnf1A (MA1991.2)	CTTTGAT	YCTTTSATSY	SCTTTGATSY	10	554	5590	9.91	15.918	0.62	607	0.25	0.417	11.566	1.0	1.0
MGA::EVX1 (MA1960.2)	GTGWTAAT	RRGTGWTAATK	RRGTGWTAATK	11	417	5590	7.46	12.069	0.62	435	0.18	0.307	11.853	1.0	1.0
TEAD3 (MA0808.1)	CATTCC	RCATTCCW	RCATTCCW	8	306	5590	5.47	8.871	0.62	320	0.13	0.219	9.332	1.0	1.0
Hmx3 (MA0898.2)	CAATTAA	ADCAMTTAA	ADCAATTAA	9	279	5590	4.99	8.014	0.62	290	0.12	0.198	10.984	1.0	1.0
POU5F1 (MA1115.2)	ATGCAAA	ATGYAAA	ATGCAAA	7	439	5590	7.85	12.927	0.61	466	0.19	0.331	8.892	1.0	1.0
TGIF2 (MA0797.1)	TGACAGSTGTCA	TGACAKSTGWCW	TGACAGSTGTCA	12	263	5590	4.7	7.771	0.61	357	0.15	0.27	14.772	1.0	1.0
TFAP2B (MA0811.2)	CCYBVRGGC	SCCYYMRGGCA	SCCYBVRGGCR	11	232	5590	4.15	6.753	0.61	268	0.11	0.208	10.07	1.0	1.0
OTX2 (MA0712.3)	GGATTA	GGGATTA	RGGATTA	7	222	5590	3.97	6.473	0.61	227	0.09	0.157	8.651	0.9999999999999998	1.0
IRF7 (MA0772.2)	CGAAARYGAAA	HDAAAVYRAAAVW	CGAAARYGAAAVW	13	312	5590	5.58	9.338	0.6	325	0.13	0.235	12.11	1.0	1.0
TFAP2C (MA0524.3)	CCYBVRGG	SCCYYMRGGCA	SCCYBVRGGSR	11	225	5590	4.03	6.74	0.6	267	0.11	0.214	9.879	1.0	1.0
MAF (MA1520.2)	GCTKASWMAGC	TGCWKWSWMAGCA	TGCTKASWMAGCR	13	141	5590	2.52	4.195	0.6	238	0.1	0.178	12.541	0.9999999999838953	1.0
ZNF669 (MA1985.1)	GGSYGAYGMCC	RGGBYGATGMCCRSD	DGGSYGAYGMCCRBB	15	128	5590	2.29	3.795	0.6	130	0.05	0.091	12.19	0.9999999998193879	1.0
Ebf2 (MA1604.2)	CCCMRGGGA	CCCMAGGGA	CCCMRGGGA	9	575	5590	10.29	17.521	0.59	669	0.28	0.519	11.307	1.0	1.0
SOX9 (MA0077.2)	ATTGT	CYATTGWT	BYATTGTW	8	331	5590	5.92	10.027	0.59	348	0.14	0.252	9.076	1.0	1.0
Nanog (MA2339.1)	GCAATCA	GCAATCA	GCAATCA	7	192	5590	3.43	5.815	0.59	199	0.08	0.141	8.852	0.9999999999999999	1.0
TGIF2LY (MA1572.1)	GACASSTGTC	WGWCASMTGWCA	YGACASSTGTCR	12	155	5590	2.77	4.707	0.59	280	0.12	0.213	12.752	0.9999999999998315	1.0
PROX1 (MA0794.1)	AAGACGYCTT	BAWGACKYCTYM	YAAGACGYCTTR	12	152	5590	2.72	4.593	0.59	163	0.07	0.126	10.399	0.999999999999504	1.0
ZNF528 (MA1597.1)	AGGGAAGYCATTYC	VYMAGGGAAGBMAYYYH	YBMAGGGAAGYCATTYC	17	440	5590	7.87	13.656	0.58	480	0.2	0.353	12.786	1.0	1.0
RARA::RXRG (MA1149.2)	GGTCAHNBDVRGG	RGGTSADBDDRRGKBSR	RGGTCAHNBDVRGGKYR	17	363	5590	6.49	11.118	0.58	380	0.16	0.283	11.622	1.0	1.0
Plagl1 (MA1615.2)	GGGGCCA	WGGGGCCA	WGGGGCCA	8	342	5590	6.12	10.526	0.58	359	0.15	0.265	10.068	1.0	1.0
NR2F1 (MA1538.1)	GGTCRBTGACC	RRKGTCRNTGACCYH	RRGGTCRBTGACCYY	15	256	5590	4.58	7.915	0.58	357	0.15	0.257	12.376	1.0	1.0
HMBOX1 (MA0895.2)	TRGTTA	TAGTTAA	TRGTTAM	7	172	5590	3.08	5.274	0.58	178	0.07	0.128	8.217	0.9999999999999979	1.0
IKZF1 (MA1508.2)	ACAGGAA	VACAGGAA	MACAGGAA	8	465	5590	8.32	14.638	0.57	495	0.21	0.379	10.097	1.0	1.0
Ddit3::Cebpa (MA0019.2)	TGCAAT	RTGCAATHCY	RTGCAATMSY	10	236	5590	4.22	7.389	0.57	241	0.1	0.18	10.703	1.0	1.0
THRB (MA1575.2)	TGWCCTBRHYVAGGWCA	TSWCCYYVBBRRGGWSA	TGWCCTBRHYVAGGWCA	17	214	5590	3.83	6.693	0.57	379	0.16	0.291	11.97	1.0	1.0
PAX6 (MA0069.1)	TYACGCWTSA	YTYAVGCWTSABTK	TTYACGCWTSAVTK	14	196	5590	3.51	6.112	0.57	200	0.08	0.151	11.184	1.0	1.0
GRHL1 (MA0647.2)	AACCGGTT	WAACMRGTTW	WAACCGGTTW	10	187	5590	3.35	5.858	0.57	331	0.14	0.224	10.478	1.0	1.0
ETV2 (MA0762.2)	ACCGGAAR	ACMGGAARY	ACCGGAARY	9	152	5590	2.72	4.808	0.57	157	0.07	0.116	11.396	0.9999999999999977	1.0
ELK1::HOXA1 (MA1931.1)	CGGAAG	WYMGGAAGYHWKKW	WSCGGAAGTMAKTW	14	134	5590	2.4	4.241	0.57	134	0.06	0.102	11.976	0.9999999999998919	1.0
CEBPA (MA0102.5)	TTKCACAA	MTTKCAYAAK	RTTKCACAAY	10	356	5590	6.37	11.43	0.56	370	0.15	0.29	10.534	1.0	1.0
MYOD1 (MA0499.3)	CASCTGT	VCASCTGTB	SCASCTGTY	9	305	5590	5.46	9.82	0.56	324	0.13	0.251	10.786	1.0	1.0
PRDM1 (MA0508.4)	CTTTCTC	CTTTCTC	CTTTCTC	7	281	5590	5.03	9.055	0.56	288	0.12	0.224	9.267	1.0	1.0
GLIS2 (MA0736.1)	ACCCCCCRCRDHG	BRCCCCCYRSVWHS	KACCCCCCRCRDHG	14	276	5590	4.94	8.808	0.56	285	0.12	0.22	10.64	1.0	1.0
ZIC1 (MA0696.1)	CCCCCYGCTGYG	SMMMMCCYRYTGDK	KRCCCCCYGCTGYG	14	222	5590	3.97	7.081	0.56	227	0.09	0.175	10.525	1.0	1.0
HOXB2::ELK1 (MA1957.1)	CGGAAGTMRT	DSMGGAAGTHRTYW	RSCGGAAGTMRTYA	14	144	5590	2.58	4.618	0.56	147	0.06	0.111	9.582	0.9999999999999973	1.0
Crx (MA0467.3)	GGATTA	GGATTA	GGATTA	6	605	5590	10.82	19.77	0.55	653	0.27	0.538	8.157	1.0	1.0
GSC (MA0648.2)	TAAT	TAATCC	TAATCY	6	605	5590	10.82	19.77	0.55	653	0.27	0.538	7.673	1.0	1.0
GSC2 (MA0891.2)	TAAT	TAATCC	TAATCY	6	605	5590	10.82	19.77	0.55	653	0.27	0.538	7.254	1.0	1.0
OTX1 (MA0711.2)	TAATC	TAATCC	TAATCS	6	605	5590	10.82	19.77	0.55	653	0.27	0.538	7.608	1.0	1.0
PITX1 (MA0682.3)	TAATCC	TAATCC	TAATCC	6	605	5590	10.82	19.77	0.55	653	0.27	0.538	8.128	1.0	1.0
PITX3 (MA0714.2)	TAATCC	TAATCC	TAATCC	6	605	5590	10.82	19.77	0.55	653	0.27	0.538	7.63	1.0	1.0
RHOXF1 (MA0719.2)	TRAKCC	TAATCC	TRAKCC	6	605	5590	10.82	19.77	0.55	653	0.27	0.538	6.675	1.0	1.0
Nr1h3::Rxra (MA0494.2)	TGMCCYVDRRTRRCC	TGWCYYDHRRTDMMMY	TGMCCYVDRRTRRCCY	16	405	5590	7.25	13.1	0.55	431	0.18	0.338	12.929	1.0	1.0
Mecom (MA0029.2)	GAYAAGATAA	WGAYAAGAYAA	WGAYAAGATAA	11	367	5590	6.57	12.028	0.55	401	0.17	0.312	12.116	1.0	1.0
FOXO1::ELK3 (MA1955.2)	MAACAGGAA	RHMAACAGKAARY	RWMAACAGGAAGY	13	306	5590	5.47	9.949	0.55	324	0.13	0.248	14.19	1.0	1.0
ZNF354C (MA0130.1)	CCAC	ATCCAC	MWCCAC	6	693	5590	12.4	22.799	0.54	759	0.31	0.634	6.856	1.0	1.0
Znf423 (MA0116.1)	SMMCCYWRGGKKKM	RSMMCCYWRGGKKBM	RSMMCCYWRGGKKKM	15	386	5590	6.91	12.716	0.54	469	0.19	0.392	12.355	1.0	1.0
ZNF680 (MA1729.2)	CMAAGAAGAMT	MMARGAARAMW	CMAAGAAGAMT	11	531	5590	9.5	18.004	0.53	563	0.23	0.481	12.154	1.0	1.0
THRA (MA1969.2)	TGWCCTCABDTGACCT	SWSWCCYYMBDTSRCCYB	STGWCCTCABDTGACCTY	18	376	5590	6.73	12.603	0.53	398	0.17	0.325	11.105	1.0	1.0
VENTX (MA0724.1)	CRATTA	AVCMATTAR	WVCRATTAR	9	216	5590	3.86	7.314	0.53	217	0.09	0.179	9.464	1.0	1.0
ZIC5 (MA1584.2)	ACCCCCCGCYGHG	SMCCMCCYRYWGHBH	KACCCCCCGCYGHGM	15	200	5590	3.58	6.707	0.53	202	0.08	0.164	10.486	1.0	1.0
TFAP2E (MA1569.2)	SCCYSRGGS	SCCYSRGGS	SCCYSRGGS	9	142	5590	2.54	4.837	0.53	290	0.12	0.203	9.545	1.0	1.0
CEBPB (MA0466.4)	TTGCGCAA	RTTRYRYAAY	RTTGCGCAAY	10	50	5590	0.89	1.703	0.53	94	0.04	0.076	9.964	0.9999998299410133	1.0
Yy1 (MA0095.4)	AARATGG	BAARATGG	CAARATGG	8	431	5590	7.71	14.863	0.52	454	0.19	0.385	10.149	1.0	1.0
Rarb (MA0858.1)	AGGTCAHVYWRAGGTCA	AGKTSAHVBDRRSKTCA	AGGTCAHVYWRAGGTCA	17	357	5590	6.39	12.353	0.52	371	0.15	0.32	7.664	1.0	1.0
GATA4 (MA0482.3)	CTTATCT	CYTTATCT	YCTTATCT	8	347	5590	6.21	11.883	0.52	369	0.15	0.302	10.001	1.0	1.0
ZKSCAN3 (MA1973.2)	AGGCTAGCCC	SYVAGGYTASCCCM	MYVAGGCTAGCCCW	14	276	5590	4.94	9.481	0.52	290	0.12	0.243	11.927	1.0	1.0
SOX14 (MA1562.2)	GAACAAT	YKAACAATK	YGAACAATK	9	252	5590	4.51	8.646	0.52	266	0.11	0.214	11.212	1.0	1.0
Isl1 (MA1608.2)	CCATTA	CCATTAG	CCATTAR	7	200	5590	3.58	6.919	0.52	203	0.08	0.169	8.834	1.0	1.0
NR5A1 (MA1540.3)	TCAAGGYCA	RRBYCAAGGHCA	WRYTCAAGGYCA	12	444	5590	7.94	15.533	0.51	470	0.19	0.408	12.611	1.0	1.0
RORA (MA0071.1)	AGGTCA	WWVDRGGTCA	WWVDAGGTCA	10	408	5590	7.3	14.233	0.51	424	0.18	0.368	10.907	1.0	1.0
ZNF675 (MA1714.2)	GRGGMYARAAYG	RRDDHDRGRGGMMWRAAWG	KGVHYVRGRGGMYARAAYG	19	378	5590	6.76	13.187	0.51	392	0.16	0.34	11.816	1.0	1.0
ETV5::FOXO1 (MA1947.2)	AACAGGA	RDAMACAGGW	RWMAACAGGA	10	369	5590	6.6	12.823	0.51	387	0.16	0.326	11.325	1.0	1.0
CEBPD (MA0836.3)	TTGCRCAA	TTKCACAA	TTGCRCAA	8	301	5590	5.38	10.554	0.51	315	0.13	0.267	10.185	1.0	1.0
Dmbx1 (MA0883.2)	GGATTA	DWVRGGATTA	RWHMGGATTA	10	198	5590	3.54	6.953	0.51	200	0.08	0.17	10.104	1.0	1.0
NR3C1 (MA0113.4)	GWACAYDRTGTWC	RGDACAHDDTGTHCY	RGWACAYDRTGTWCY	15	141	5590	2.52	4.942	0.51	228	0.09	0.208	11.272	1.0	1.0
VEZF1 (MA1578.2)	CCCCCC	CCCCCC	CCCCCC	6	684	5590	12.24	24.421	0.5	930	0.39	0.981	8.042	1.0	1.0
EBF3 (MA1637.2)	CCCMRGGG	CCCMRGGGW	CCCMRGGGA	9	446	5590	7.98	15.83	0.5	574	0.24	0.503	11.159	1.0	1.0
RORB (MA1150.2)	AWDKRGGTCA	AWDKRGGTCA	AWDKRGGTCA	10	367	5590	6.57	13.086	0.5	384	0.16	0.335	10.171	1.0	1.0
FLI1::FOXI1 (MA1950.2)	ACAGGA	HAMACAGGAAR	HMAACAGGAWR	11	365	5590	6.53	12.979	0.5	389	0.16	0.332	12.547	1.0	1.0
RARA (MA0730.1)	AGGTCAHBYWRAGGTCA	RGGKSAHBBDRRGKYCA	AGGTCAHBYWRAGGTCA	17	349	5590	6.24	12.453	0.5	367	0.15	0.322	10.751	1.0	1.0
Zfp335 (MA2002.2)	CAGGCA	TCAGGCA	KCAGGCA	7	237	5590	4.24	8.477	0.5	243	0.1	0.208	8.828	1.0	1.0
GATA5 (MA0766.3)	GATAA	WGATAASR	WGATAASR	8	216	5590	3.86	7.768	0.5	221	0.09	0.191	8.66	1.0	1.0
ZSCAN31 (MA1722.2)	CATAAYTGCCCTGC	DYMTWAYWKCYCTGMDBY	KCATAAYTGCCCTGCKDC	18	165	5590	2.95	5.928	0.5	168	0.07	0.144	12.299	1.0	1.0
RORA (MA0072.2)	AWBTAGGTCA	WAWKTAGGTCA	WAWBTAGGTCA	11	336	5590	6.01	12.253	0.49	346	0.14	0.31	12.469	1.0	1.0
SOX13 (MA1120.2)	ACAATG	ACAATGG	ACAATGR	7	223	5590	3.99	8.22	0.49	229	0.09	0.202	8.767	1.0	1.0
SOX2 (MA0143.5)	ACAATG	ACAATGG	ACAATGR	7	223	5590	3.99	8.22	0.49	229	0.09	0.202	8.789	1.0	1.0
Sox3 (MA0514.3)	ACAATG	ACAATGG	ACAATGR	7	223	5590	3.99	8.22	0.49	229	0.09	0.202	8.827	1.0	1.0
NR1I2 (MA1533.2)	GMMCYSVDYGMAC	KGMACTSHVTRMMCY	YGMMCYSVDYGMACY	15	208	5590	3.72	7.557	0.49	213	0.09	0.187	13.075	1.0	1.0
TGIF2LX (MA1571.1)	GACASSTGTC	TGWCASMTGWCA	TGACASSTGTCA	12	131	5590	2.34	4.761	0.49	251	0.1	0.216	13.142	1.0	1.0
SMAD3 (MA0795.1)	GTCTAGAC	WGTCTAGACA	YGTCTAGACW	10	126	5590	2.25	4.627	0.49	209	0.09	0.167	12.383	1.0	1.0
CEBPG (MA0838.1)	TTRCGCAA	MTTRCDCAAY	RTTRCGCAAY	10	91	5590	1.63	3.334	0.49	104	0.04	0.096	11.338	0.9999999999999966	1.0
OVOL2 (MA1545.2)	CCGTTA	ACCGTTA	WCCGTTA	7	16	5590	0.29	0.582	0.49	16	0.01	0.014	9.085	0.9994314682756374	1.0
LIN54 (MA0619.2)	TTTRAA	TTTRAAT	TTTRAAY	7	449	5590	8.03	16.673	0.48	502	0.21	0.468	8.507	1.0	1.0
TCF7 (MA0769.3)	CTTTGA	CTTTGAT	CTTTGAW	7	248	5590	4.44	9.295	0.48	258	0.11	0.232	8.875	1.0	1.0
ONECUT2 (MA0756.3)	GATCRATA	RRTCAATA	GATCRATA	8	143	5590	2.56	5.323	0.48	143	0.06	0.129	9.998	1.0	1.0
TFAP2A (MA0872.1)	GCCCYBRGGGC	WSCCYBBVRGGSW	WGCCCYBRGGGCW	13	141	5590	2.52	5.245	0.48	244	0.1	0.233	11.911	1.0	1.0
ESRRA (MA0592.4)	CAAGGTCA	YMAAGGWCA	YCAAGGTCA	9	379	5590	6.78	14.561	0.47	398	0.17	0.377	11.372	1.0	1.0
Zic2 (MA1629.2)	CWCAGCAGG	MWCAGCAGG	CWCAGCAGG	9	289	5590	5.17	10.892	0.47	304	0.13	0.274	11.324	1.0	1.0
Nkx2-1 (MA1994.2)	CACTTGA	CACTTGA	CACTTGA	7	236	5590	4.22	9.005	0.47	244	0.1	0.223	9.189	1.0	1.0
E2F7 (MA0758.1)	TTTCCCGCCAAAW	WWTTCCCVCCAAWW	WTTTCCCGCCAAAW	14	172	5590	3.08	6.56	0.47	185	0.08	0.161	7.237	1.0	1.0
ETV5::HOXA2 (MA1948.2)	GGAWGTMRTYA	VGGAWGTVMTYA	MGGAWGTMRTYA	12	160	5590	2.86	6.036	0.47	163	0.07	0.147	11.32	1.0	1.0
ESRRB (MA0141.4)	CAAGGTCA	YSAAGGTCAW	TCAAGGTCAW	10	349	5590	6.24	13.644	0.46	365	0.15	0.351	12.299	1.0	1.0
MYF6 (MA0667.1)	AACARCTGTY	RACARBTGTY	AACARCTGTY	10	213	5590	3.81	8.298	0.46	311	0.13	0.296	12.319	1.0	1.0
Nkx3-1 (MA0124.3)	CACTTA	CCACTTA	SCACTTA	7	183	5590	3.27	7.071	0.46	192	0.08	0.172	8.939	1.0	1.0
Lef1 (MA0768.3)	CTTTGAT	HCTTTGAT	SCTTTGAT	8	374	5590	6.69	14.788	0.45	392	0.16	0.386	9.979	1.0	1.0
NR2F2 (MA1111.2)	AAGGTCA	AAGGTCA	AAGGTCA	7	242	5590	4.33	9.601	0.45	249	0.1	0.239	9.176	1.0	1.0
Ppara (MA2338.1)	AAGGTC	AAGGTCA	AAGGTCM	7	242	5590	4.33	9.601	0.45	249	0.1	0.239	8.989	1.0	1.0
GATA1 (MA0035.5)	CTWATCT	CTAATCT	CTWATCT	7	169	5590	3.02	6.761	0.45	175	0.07	0.165	8.784	1.0	1.0
SOX15 (MA1152.2)	TTGT	CTATTGT	YYWTTGT	7	142	5590	2.54	5.592	0.45	144	0.06	0.135	7.792	1.0	1.0
HOXA9 (MA0594.3)	CRTWA	GTCGTAA	RYCRTWA	7	12	5590	0.21	0.473	0.45	12	0.0	0.011	7.266	0.9993123126779909	1.0
MEIS2 (MA0774.1)	TGACAG	WTGACAGS	WTGACAGS	8	275	5590	4.92	11.059	0.44	283	0.12	0.278	9.412	1.0	1.0
ZIC4 (MA0751.2)	CCMCCYGYDG	KMCCMCCYRYWGDK	KRCCMCCYGYDGHK	14	174	5590	3.11	7.12	0.44	176	0.07	0.177	10.457	1.0	1.0
TFAP2C (MA0815.1)	GCCCYBRGGGC	WSCCYYBVRGGSW	WGCCCYBRGGGCW	13	118	5590	2.11	4.841	0.44	223	0.09	0.232	12.02	1.0	1.0
MYBL2 (MA0777.1)	CCGTTWAAC	RDMMGTTWAWCYKYH	RRCCGTTWAACBGYY	15	50	5590	0.89	2.045	0.44	65	0.03	0.067	11.965	0.9999999999937264	1.0
RELB (MA1117.2)	ATTCCCC	ATTCCCC	ATTCCCC	7	227	5590	4.06	9.372	0.43	234	0.1	0.232	8.974	1.0	1.0
TFAP2B (MA0813.1)	GCCCYBRRGGC	WSCCYYBVRGGSW	WGCCCYBRRGGCW	13	136	5590	2.43	5.974	0.41	235	0.1	0.249	11.89	1.0	1.0
SMAD5 (MA1557.1)	GTCTAGAC	WGKCTAGMCW	YGTCTAGACW	10	68	5590	1.22	2.945	0.41	121	0.05	0.128	11.916	1.0	1.0
Zic1::Zic2 (MA1628.2)	CAGCAGG	CAGCAGG	CAGCAGG	7	174	5590	3.11	7.842	0.4	198	0.08	0.193	9.314	1.0	1.0
Zic3 (MA0697.3)	CAGCAGG	CAGCAGG	CAGCAGG	7	174	5590	3.11	7.842	0.4	198	0.08	0.193	9.169	1.0	1.0
MYBL1 (MA0776.1)	CGTTAAC	RMMGTTAACBBY	RCCGTTAACSKY	12	43	5590	0.77	2.046	0.38	53	0.02	0.064	11.077	0.9999999999999899	1.0
Nr5A2 (MA0505.3)	GRCCTTGA	WGWCCTTGR	WGRCCTTGA	9	304	5590	5.44	15.199	0.36	314	0.13	0.396	11.235	1.0	1.0
DPRX (MA1480.2)	TMATC	WGMTMATCY	VGMTMATCY	9	174	5590	3.11	8.909	0.35	186	0.08	0.231	10.21	1.0	1.0
TP53 (MA0106.3)	CATGYCYRGRCATGT	DRCWWGYYHDRRCWWGYH	RACATGYCYRGRCATGTY	18	83	5590	1.48	4.605	0.32	123	0.05	0.177	11.335	1.0	1.0
GATA2 (MA0036.4)	TTATC	CTTATCT	YTTATCT	7	102	5590	1.82	6.602	0.28	104	0.04	0.16	9.0	1.0	1.0
MEIS3 (MA0775.2)	TGACA	TTGACAG	DTGACAB	7	127	5590	2.27	8.98	0.25	131	0.05	0.222	8.061	1.0	1.0
