motif	tf_name	matrix_id	consensus	consensus_full	motif_width	info_bits	family	observed_consensus	detected	hits	copies_with_hit	n_copies	pct_copies	fold_prevalence	fdr_q	significant
ZNF384 (MA1125.2)	ZNF384	MA1125.2	AAAAAA	AAAAAAWW	8	12.68	Harlequin-int	AAAAAAAR	yes	4770	359	523	68.64	1.09	0.018322222029677634	yes
IKZF2 (MA2326.1)	IKZF2	MA2326.1	AGGAAG	AGGAAG	6	11.23	Harlequin-int	AGGAAG	yes	1087	350	523	66.92	1.24	1.6116967259410974e-08	yes
IRF7 (MA0772.2)	IRF7	MA0772.2	CGAAARYGAAA	CGAAARYGAAAVW	13	17.43	Harlequin-int	VDAAARYVAAARW	yes	1078	333	523	63.67	1.39	1.0718184627356334e-14	yes
LIN54 (MA0619.2)	LIN54	MA0619.2	TTTRAA	TTTRAAY	7	11.08	Harlequin-int	TTTAAAT	yes	672	325	523	62.14	1.23	6.784599590656465e-07	yes
ZNF354A (MA1978.2)	ZNF354A	MA1978.2	AAADG	WWHDHRHAAADGRVYNMWHT	20	11.71	Harlequin-int	WWAWWRWAAAWGDDHWAWWT	yes	1465	321	523	61.38	1.11	0.01216364445630726	yes
HOXB13 (MA0901.3)	HOXB13	MA0901.3	CAATAAAA	MCAATAAAA	9	12.51	Harlequin-int	HYWATAAAA	yes	1054	316	523	60.42	1.2	2.198231002693345e-05	yes
ZNF558 (MA2335.1)	ZNF558	MA2335.1	AWYTGATGAAAGACATRAAYMYACAVAT	AWYTGATGAAAGACATRAAYMYACAVATY	29	32.26	Harlequin-int	ADDWRRWDMAAGAHADRWWDWBAMADRKD	yes	1005	316	523	60.42	1.2	1.5978092481035744e-05	yes
BARX1 (MA0875.2)	BARX1	MA0875.2	ATTA	YMATTA	6	8.76	Harlequin-int	CAATTA	yes	829	306	523	58.51	1.13	0.005059350164498234	yes
BSX (MA0876.2)	BSX	MA0876.2	ATTA	YVATTA	6	8.3	Harlequin-int	CAATTA	yes	829	306	523	58.51	1.13	0.005059350164498234	yes
DLX1 (MA0879.3)	DLX1	MA0879.3	ATTA	YMATTA	6	8.12	Harlequin-int	CAATTA	yes	829	306	523	58.51	1.13	0.005059350164498234	yes
DLX6 (MA0882.2)	DLX6	MA0882.2	AATTA	YAATTA	6	8.24	Harlequin-int	CAATTA	yes	829	306	523	58.51	1.13	0.005059350164498234	yes
Dlx3 (MA0880.2)	Dlx3	MA0880.2	ATTA	YAATTA	6	6.97	Harlequin-int	CAATTA	yes	829	306	523	58.51	1.13	0.005059350164498234	yes
Dlx4 (MA0881.2)	Dlx4	MA0881.2	ATTA	YAATTA	6	7.49	Harlequin-int	CAATTA	yes	829	306	523	58.51	1.13	0.005059350164498234	yes
GBX2 (MA0890.2)	GBX2	MA0890.2	AATTA	YAATTA	6	9.65	Harlequin-int	CAATTA	yes	829	306	523	58.51	1.13	0.005059350164498234	yes
HESX1 (MA0894.2)	HESX1	MA0894.2	TAATT	TAATTR	6	10.21	Harlequin-int	TAATTG	yes	829	306	523	58.51	1.13	0.005059350164498234	yes
HOXA7 (MA1498.3)	HOXA7	MA1498.3	ATTA	YMATTA	6	6.56	Harlequin-int	CAATTA	yes	829	306	523	58.51	1.13	0.005059350164498234	yes
LBX2 (MA0699.2)	LBX2	MA0699.2	AATTA	YAATTA	6	6.99	Harlequin-int	CAATTA	yes	829	306	523	58.51	1.13	0.005059350164498234	yes
LHX2 (MA0700.3)	LHX2	MA0700.3	CAATTA	CAATTA	6	10.06	Harlequin-int	CAATTA	yes	829	306	523	58.51	1.13	0.005059350164498234	yes
MSX1 (MA0666.3)	MSX1	MA0666.3	AATTA	YAATTA	6	10.03	Harlequin-int	CAATTA	yes	829	306	523	58.51	1.13	0.005059350164498234	yes
MSX2 (MA0708.3)	MSX2	MA0708.3	AATTA	YAATTA	6	9.72	Harlequin-int	CAATTA	yes	829	306	523	58.51	1.13	0.005059350164498234	yes
Msx3 (MA0709.2)	Msx3	MA0709.2	AATTA	YAATTA	6	9.7	Harlequin-int	CAATTA	yes	829	306	523	58.51	1.13	0.005059350164498234	yes
Nobox (MA0125.2)	Nobox	MA0125.2	TAATT	TAATTR	6	8.99	Harlequin-int	TAATTG	yes	829	306	523	58.51	1.13	0.005059350164498234	yes
RAX (MA0718.2)	RAX	MA0718.2	AATTA	YAATTA	6	9.06	Harlequin-int	CAATTA	yes	829	306	523	58.51	1.13	0.005059350164498234	yes
RAX2 (MA0717.2)	RAX2	MA0717.2	ATTA	YAATTA	6	6.91	Harlequin-int	CAATTA	yes	829	306	523	58.51	1.13	0.005059350164498234	yes
SHOX (MA0630.2)	SHOX	MA0630.2	TAAT	TAATTR	6	7.28	Harlequin-int	TAATTG	yes	829	306	523	58.51	1.13	0.005059350164498234	yes
STAT1::STAT2 (MA0517.2)	STAT1::STAT2	MA0517.2	GTTTCDBTTYC	RGTTTCDBTTYCY	13	15.76	Harlequin-int	RSTTTYYBTTYYY	yes	935	302	523	57.74	1.13	0.005265181464613211	yes
HOXA10 (MA0899.2)	HOXA10	MA0899.2	ATWAA	RYMATWAAH	9	9.01	Harlequin-int	HTAATAAAA	yes	839	297	523	56.79	1.26	4.3623160034687827e-07	yes
DMRTA2 (MA1478.2)	DMRTA2	MA1478.2	GWWACA	GWWACA	6	7.99	Harlequin-int	GTTACA	yes	592	293	523	56.02	1.25	1.8013224349721053e-06	yes
Nr2e1 (MA0676.1)	Nr2e1	MA0676.1	AAGTCA	WRAAGTCAW	9	11.37	Harlequin-int	WWAAGTCAW	yes	678	291	523	55.64	1.2	8.662426631797314e-05	yes
NR4A1 (MA1112.3)	NR4A1	MA1112.3	AAAGGTCA	AAAGGTCA	8	11.99	Harlequin-int	AAAGGTYA	yes	574	289	523	55.26	1.37	1.5563930757981412e-10	yes
Sox6 (MA0515.1)	Sox6	MA0515.1	CWTTGT	YCWTTGTYYY	10	13.2	Harlequin-int	YYTTTGTYTT	yes	498	289	523	55.26	1.33	2.838541480536532e-09	yes
FOXC1 (MA0032.2)	FOXC1	MA0032.2	RTMAAYA	WRWRTMAAYAW	11	11.88	Harlequin-int	WRWRTAAAYAW	yes	651	287	523	54.88	1.21	4.590021635426611e-05	yes
IRF2 (MA0051.2)	IRF2	MA0051.2	GAAAGYGAAAS	SGAAAGYGAAASYNWW	16	20.65	Harlequin-int	BRAAAVYRAAASMHAA	yes	616	287	523	54.88	1.52	4.1470018258168313e-16	yes
HAND2 (MA1638.2)	HAND2	MA1638.2	CAGATG	CAGATG	6	11.06	Harlequin-int	CAGATG	yes	534	286	523	54.68	1.38	8.449668757011941e-11	yes
FOXC2 (MA0846.2)	FOXC2	MA0846.2	MAAYA	WRWRTMAAYAW	11	11.36	Harlequin-int	WRWRYAAAYAW	yes	630	285	523	54.49	1.13	0.009402089502099361	yes
FOXB1 (MA0845.1)	FOXB1	MA0845.1	GTMAAYA	WRWGTMAAYAW	11	12.24	Harlequin-int	WRWGTMAAYAW	yes	721	279	523	53.35	1.33	1.2547524892792221e-08	yes
ZNF680 (MA1729.2)	ZNF680	MA1729.2	CMAAGAAGAMT	CMAAGAAGAMT	11	15.37	Harlequin-int	CYARGAARAMY	yes	522	279	523	53.35	1.2	0.00015424183652557936	yes
IRF9 (MA0653.1)	IRF9	MA0653.1	AWCGAAACCGAAAC	AWCGAAACCGAAACY	15	24.83	Harlequin-int	RWMAAAAMYVAAASY	yes	634	275	523	52.58	1.48	8.88678432929134e-14	yes
Tfcp2l1 (MA0145.2)	Tfcp2l1	MA0145.2	CCRGYYHVRDCCRG	CCRGYYHVRDCCRG	14	11.67	Harlequin-int	CCAGYVHMADCCWG	yes	494	275	523	52.58	2.47	3.0360776695725113e-50	yes
ZNF136 (MA1588.1)	ZNF136	MA1588.1	ATTCTKGGYTG	RWATTCTKGGYTGRM	15	17.9	Harlequin-int	MWATKCYWRGTTRRH	yes	538	275	523	52.58	1.43	9.022692004214886e-12	yes
IRF3 (MA1418.2)	IRF3	MA1418.2	AHSGAAACSGAAAC	RRAAHSGAAACSGAAAC	17	23.19	Harlequin-int	VRAAHVRAAAVHRAAAB	yes	702	268	523	51.24	1.4	2.1906058163568728e-10	yes
CDX4 (MA1473.2)	CDX4	MA1473.2	GYMATAAA	GYMATAAAM	9	13.82	Harlequin-int	MYMATAAAA	yes	549	267	523	51.05	1.27	4.708869404894758e-06	yes
ZNF677 (MA2101.1)	ZNF677	MA2101.1	AAGAACAG	RRYAAGAACAGY	12	13.77	Harlequin-int	DRWAAGAMCAGY	yes	486	266	523	50.86	1.3	6.391332827453583e-07	yes
SMAD2 (MA1964.2)	SMAD2	MA1964.2	CCAGAC	CCAGAC	6	10.58	Harlequin-int	CCAGAC	yes	471	265	523	50.67	1.26	6.345546084383556e-06	yes
NR4A2 (MA0160.3)	NR4A2	MA0160.3	AAAGGTCA	AAAGGTCA	8	11.51	Harlequin-int	RAAGGKCA	yes	399	257	523	49.14	1.32	2.731892669704478e-07	yes
POU2F1 (MA0785.2)	POU2F1	MA0785.2	TATGYWAA	TATGYWAAT	9	11.53	Harlequin-int	KATGYWAAW	yes	522	254	523	48.57	1.51	3.135531824777886e-13	yes
Prdm15 (MA1616.2)	Prdm15	MA1616.2	AAAACCYGG	BAAAACCYGGM	11	13.03	Harlequin-int	SAAARMCTGGA	yes	379	253	523	48.37	1.35	4.706501248461564e-08	yes
RREB1 (MA0073.2)	RREB1	MA0073.2	MCMCMAMMCAMCMMC	MCMCMAMMCAMCMMCMMMS	19	22.1	Harlequin-int	MMMCMMMMCAMMMMMMMMM	yes	878	253	523	48.37	1.41	8.46513804754701e-10	yes
GRHL2 (MA1105.3)	GRHL2	MA1105.3	AACAGGTT	AACAGGTT	8	10.98	Harlequin-int	ARCWGGTT	yes	607	252	523	48.18	1.27	8.092488700215827e-06	yes
POU2F1::SOX2 (MA1962.1)	POU2F1::SOX2	MA1962.1	ATTWRCATMACAA	MATTWRCATMACAAWRS	17	19.97	Harlequin-int	HAYWWRMATMWYMAWDB	yes	639	252	523	48.18	1.14	0.01211929567534495	yes
POU5F1 (MA1115.2)	POU5F1	MA1115.2	ATGCAAA	ATGCAAA	7	9.81	Harlequin-int	ATGYAAA	yes	576	252	523	48.18	1.14	0.01227910385251181	yes
Spi1 (MA0080.7)	Spi1	MA0080.7	AGGAAG	RAAGAGGAAGTGR	13	14.5	Harlequin-int	ARAGAGGAAGWKR	yes	720	252	523	48.18	1.12	0.03680545691064133	yes
Hoxa13 (MA0650.4)	Hoxa13	MA0650.4	CAATAAA	SCAATAAA	8	10.98	Harlequin-int	CYAATAAA	yes	476	251	523	47.99	1.2	0.000608468692646726	yes
POU3F1 (MA0786.2)	POU3F1	MA0786.2	ATGYWAAT	WTATGYWAAT	10	11.58	Harlequin-int	WWATGYWAAW	yes	676	251	523	47.99	1.34	9.265943515318329e-08	yes
Bcl11B (MA1989.2)	Bcl11B	MA1989.2	ACCACA	WAACCACAR	9	10.59	Harlequin-int	AAACCAMAA	yes	699	250	523	47.8	1.15	0.00872150152811089	yes
MEF2B (MA0660.1)	MEF2B	MA0660.1	CTAWAAATAG	RCTAWAAATAGM	12	18.37	Harlequin-int	DMTAWWAATARV	yes	613	248	523	47.42	1.31	1.3137871123601837e-06	yes
POU3F3 (MA0788.1)	POU3F3	MA0788.1	TATGYWAAT	WWTATGYWAATWW	13	13.5	Harlequin-int	WWWATGBWAATWW	yes	813	248	523	47.42	1.12	0.04671533062253799	yes
GABPA (MA0062.4)	GABPA	MA0062.4	CTTCCT	YACTTCCTGY	10	11.67	Harlequin-int	CHCTTCCTST	yes	579	246	523	47.04	1.46	4.61225678941987e-11	yes
Nr1h3::Rxra (MA0494.2)	Nr1h3::Rxra	MA0494.2	TGMCCYVDRRTRRCC	TGMCCYVDRRTRRCCY	16	13.31	Harlequin-int	TGDCMYRWRRTAAMYT	yes	406	246	523	47.04	1.52	4.746385900355963e-13	yes
POU3F2 (MA0787.1)	POU3F2	MA0787.1	TATGYWAAT	WTATGYWAATKW	12	13.77	Harlequin-int	WKATGBWAATKH	yes	691	246	523	47.04	1.23	0.0001600739122740942	yes
SPIB (MA0081.3)	SPIB	MA0081.3	CACTTCC	YCACTTCCYYWYY	13	14.28	Harlequin-int	YCWCTTCCTSTYW	yes	592	246	523	47.04	1.22	0.0003655933958605257	yes
POU5F1B (MA0792.1)	POU5F1B	MA0792.1	ATGYWAA	YATGYWAAT	9	10.56	Harlequin-int	KATGYWAAW	yes	553	245	523	46.85	1.41	1.7189505381600247e-09	yes
FOXJ2::ELF1 (MA1952.2)	FOXJ2::ELF1	MA1952.2	ACMGGAA	MWACMGGAARW	11	11.94	Harlequin-int	AWAMARGAARY	yes	449	244	523	46.65	1.3	3.6866333200175282e-06	yes
ERF::FOXO1 (MA1936.2)	ERF::FOXO1	MA1936.2	ACMGGAA	RWMWACMGGAAR	12	12.94	Harlequin-int	RWMAMCAGGAAR	yes	398	243	523	46.46	1.4	4.035109507809685e-09	yes
EWSR1-FLI1 (MA0149.1)	EWSR1-FLI1	MA0149.1	GGAAGGAAGGAAGGAAGG	GGAAGGAAGGAAGGAAGG	18	32.87	Harlequin-int	RRRAGRRARSMARRARRR	yes	660	242	523	46.27	1.39	6.769920675023439e-09	yes
ZNF530 (MA1981.2)	ZNF530	MA1981.2	GMARGGMVAGGG	GMARGGMVAGGGSC	14	16.61	Harlequin-int	GRMRGGMMAGRGGM	yes	494	242	523	46.27	1.75	1.0791703625226936e-19	yes
Ahr::Arnt (MA0006.2)	Ahr::Arnt	MA0006.2	GCGTG	GCGTG	5	9.25	Harlequin-int	GCGTG	yes	408	240	523	45.89	1.64	4.2974524892927643e-16	yes
Ikzf3 (MA1992.2)	Ikzf3	MA1992.2	CAGGAAG	CAGGAAGYS	9	11.58	Harlequin-int	CAGGAASBR	yes	474	238	523	45.51	1.49	2.7362792976788026e-11	yes
Pax7 (MA0680.3)	Pax7	MA0680.3	AATCAATT	WAATCAATTA	10	12.91	Harlequin-int	WAATMAAWTA	yes	382	238	523	45.51	1.18	0.00333068028606122	yes
SATB1 (MA1963.2)	SATB1	MA1963.2	CTAATAA	CTAATAA	7	11.91	Harlequin-int	CTAATAA	yes	370	237	523	45.32	1.76	2.194452217473414e-19	yes
Yy1 (MA0095.4)	Yy1	MA0095.4	AARATGG	CAARATGG	8	11.39	Harlequin-int	HAAAATGG	yes	468	237	523	45.32	1.18	0.0036242159607899537	yes
Dmrt1 (MA1603.2)	Dmrt1	MA1603.2	ACAAWGT	WACAAWGTW	9	11.62	Harlequin-int	HACAAAGTD	yes	399	234	523	44.74	1.18	0.004197925576726443	yes
FOXA1 (MA0148.5)	FOXA1	MA0148.5	GTAAACA	GTAAACAW	8	10.97	Harlequin-int	GTAAACAW	yes	348	234	523	44.74	1.42	3.227220403151164e-09	yes
FOXA2 (MA0047.4)	FOXA2	MA0047.4	GTAAACA	WGTAAACA	8	10.52	Harlequin-int	WGTAAAYA	yes	348	234	523	44.74	1.3	6.117410842511622e-06	yes
MXI1 (MA1108.3)	MXI1	MA1108.3	CACATG	CACATG	6	10.74	Harlequin-int	CACATG	yes	495	234	523	44.74	1.18	0.004738581414332604	yes
ZNF768 (MA1731.2)	ZNF768	MA1731.2	TCTCTG	VCSTCTCTG	9	12.16	Harlequin-int	SYCTCTCTG	yes	567	234	523	44.74	1.75	7.920405946177629e-19	yes
Erg (MA0474.4)	Erg	MA0474.4	CAGGAAG	RCAGGAAGYR	10	12.09	Harlequin-int	MSAGGAAGHR	yes	508	233	523	44.55	1.4	1.159863179477442e-08	yes
POU1F1 (MA0784.3)	POU1F1	MA0784.3	TMATTWGCATA	CTMATTWGCATAWW	14	19.82	Harlequin-int	VKHATTWVCATMWW	yes	634	232	523	44.36	1.19	0.0024779037485688792	yes
IRF4 (MA1419.2)	IRF4	MA1419.2	CGAAACCGAAAC	CGAAACCGAAACYW	14	22.95	Harlequin-int	CAAAACCAAAAYYM	yes	454	231	523	44.17	1.65	1.5536439337822252e-15	yes
MGA (MA0801.1)	MGA	MA0801.1	GTGTGA	RGGTGTGA	8	10.83	Harlequin-int	KGGTGTGA	yes	304	231	523	44.17	1.68	1.5872484973632123e-16	yes
PBX3 (MA1114.2)	PBX3	MA1114.2	TGAKTGACAG	TGAKTGACAGS	11	12.97	Harlequin-int	TGAGWGACWSK	yes	399	230	523	43.98	1.71	3.224407259489927e-17	yes
STAT3 (MA0144.3)	STAT3	MA0144.3	TKCYKGGAA	TKCYKGGAA	9	12.59	Harlequin-int	TTCYKGRAA	yes	421	229	523	43.79	1.19	0.003846454327726578	yes
NR1D2 (MA1532.2)	NR1D2	MA1532.2	TRGGTYAGTRGGTCA	TRGGTYAGTRGGTCA	15	21.1	Harlequin-int	YRKRTTASTGKGTYA	yes	302	228	523	43.59	1.69	1.2676478342441318e-16	yes
Stat5b (MA1625.2)	Stat5b	MA1625.2	TTCCMAGAA	TTCCMAGAA	9	12.99	Harlequin-int	TTCMHRGAA	yes	494	227	523	43.4	1.36	3.4105739255536856e-07	yes
CDX1 (MA0878.3)	CDX1	MA0878.3	GYMATAAA	RGYMATAAAM	10	13.85	Harlequin-int	KKYHATAAAA	yes	423	226	523	43.21	1.15	0.016024389872722946	yes
ETV1 (MA0761.3)	ETV1	MA0761.3	CAGGAAG	RCAGGAAGY	9	11.61	Harlequin-int	MCAGGAARB	yes	433	226	523	43.21	1.35	7.514760842342824e-07	yes
BHLHE22 (MA1635.2)	BHLHE22	MA1635.2	CAGCTG	CAGCTG	6	11.79	Harlequin-int	CAGCTG	yes	662	224	523	42.83	1.47	4.770446003880149e-10	yes
FOXG1 (MA0613.1)	FOXG1	MA0613.1	RTAAACA	RTAAACAW	8	13.34	Harlequin-int	GTAAACAW	yes	310	224	523	42.83	1.13	0.038756788442527744	yes
Neurod2 (MA1993.2)	Neurod2	MA1993.2	CAGCTG	CAGCTG	6	11.7	Harlequin-int	CAGCTG	yes	662	224	523	42.83	1.47	4.770446003880149e-10	yes
Olig2 (MA1997.2)	Olig2	MA1997.2	CAGCTG	CAGCTG	6	11.54	Harlequin-int	CAGCTG	yes	662	224	523	42.83	1.47	4.770446003880149e-10	yes
PBX1 (MA0070.2)	PBX1	MA0070.2	ATCAATCA	ATCAATCAW	9	14.09	Harlequin-int	ATCAAKCAR	yes	288	224	523	42.83	1.49	1.4563539096504576e-10	yes
Tcf12 (MA0521.3)	Tcf12	MA0521.3	CAGCTG	CAGCTG	6	10.49	Harlequin-int	CAGCTG	yes	662	224	523	42.83	1.47	4.770446003880149e-10	yes
Twist2 (MA0633.3)	Twist2	MA0633.3	CAGCTG	CAGCTG	6	11.66	Harlequin-int	CAGCTG	yes	662	224	523	42.83	1.47	4.770446003880149e-10	yes
Tbx6 (MA1567.3)	Tbx6	MA1567.3	GGTGTGAA	RGGTGTGAA	9	11.51	Harlequin-int	KGGTGTGAS	yes	254	222	523	42.45	1.31	6.7506679846627875e-06	yes
GRHL1 (MA0647.2)	GRHL1	MA0647.2	AACCGGTT	WAACCGGTTW	10	13.9	Harlequin-int	MAACMRGTTK	yes	559	221	523	42.26	1.74	4.1469077722493964e-17	yes
POU2F3 (MA0627.3)	POU2F3	MA0627.3	ATGCAAA	WATGCAAAT	9	13.07	Harlequin-int	BATGYAAAT	yes	371	221	523	42.26	1.15	0.024201917848355202	yes
Lef1 (MA0768.3)	Lef1	MA0768.3	CTTTGAT	SCTTTGAT	8	10.42	Harlequin-int	MCTTTGAW	yes	311	220	523	42.07	1.18	0.006065923161067212	yes
FOXS1 (MA2118.1)	FOXS1	MA2118.1	GTAAACA	WGTAAACA	8	10.77	Harlequin-int	TGTAAACA	yes	310	219	523	41.87	1.25	0.0003053565387782073	yes
MEIS1 (MA1639.2)	MEIS1	MA1639.2	ATMAATCA	YATMAATCA	9	11.7	Harlequin-int	YATMAATCA	yes	315	218	523	41.68	1.59	1.0201982235038601e-12	yes
POU2F2 (MA0507.3)	POU2F2	MA0507.3	TATGCAAAT	WTATGCAAATKWR	13	17.96	Harlequin-int	KYATGYWAATDRB	yes	381	218	523	41.68	1.21	0.0017130010409403564	yes
Mecom (MA0029.2)	Mecom	MA0029.2	GAYAAGATAA	WGAYAAGATAA	11	17.27	Harlequin-int	AGATAAGMTAA	yes	415	217	523	41.49	1.17	0.008761555832355323	yes
ZNF175 (MA2332.1)	ZNF175	MA2332.1	AGGAAG	RCAGGAAGY	9	11.05	Harlequin-int	ACAGGAAGB	yes	384	217	523	41.49	1.33	5.149772966550647e-06	yes
ZNF701 (MA1987.2)	ZNF701	MA1987.2	GAGMASYDDRGGGGG	GAGMASYDDRGGGGGRR	17	16.33	Harlequin-int	GAGVRDBRRRRRGRRVR	yes	414	216	523	41.3	1.49	4.5790824137043364e-10	yes
Hand1 (MA2123.1)	Hand1	MA2123.1	CAGACC	DCCAGACCY	9	10.93	Harlequin-int	YMCAGACCH	yes	339	215	523	41.11	1.54	3.123879208253686e-11	yes
REL (MA0101.1)	REL	MA0101.1	GGRNWTTCC	SGGRNWTTCC	10	10.51	Harlequin-int	KGGKMTTTYC	yes	384	215	523	41.11	1.7	1.1306099647094705e-15	yes
NKX2-2 (MA1645.2)	NKX2-2	MA1645.2	CACTCA	CCACTCAA	8	10.65	Harlequin-int	CCACTCMA	yes	359	214	523	40.92	1.43	1.5494847025894934e-08	yes
NEUROD1 (MA1109.2)	NEUROD1	MA1109.2	CAGATGG	RCAGATGG	8	11.78	Harlequin-int	RCAGMTGG	yes	286	213	523	40.73	1.83	6.855628560593804e-19	yes
Neurod2 (MA0668.3)	Neurod2	MA0668.3	CAGATGG	MCAGATGG	8	11.82	Harlequin-int	RCAGMTGG	yes	286	213	523	40.73	1.83	6.855628560593804e-19	yes
MTF1 (MA0863.1)	MTF1	MA0863.1	TKTGCACACGKCMC	TKTGCACACGKCMC	14	20.41	Harlequin-int	TKWGCACAYVKCAS	yes	270	212	523	40.54	3.55	1.832602045081493e-58	yes
ZNF24 (MA1124.1)	ZNF24	MA1124.1	TTCATTCATT	YATTCATTCATTC	13	17.4	Harlequin-int	MATWCATTCAWTY	yes	441	211	523	40.34	1.37	8.973157573963106e-07	yes
NFIL3 (MA0025.3)	NFIL3	MA0025.3	TTATGYAA	TTATGYAAY	9	11.32	Harlequin-int	TTATRYAAH	yes	504	210	523	40.15	1.29	5.18022387571886e-05	yes
ZNF449 (MA1656.2)	ZNF449	MA1656.2	AGCCCAAC	MAGCCCAACM	10	13.13	Harlequin-int	ARGCCCAMCC	yes	258	209	523	39.96	1.34	4.241708119278192e-06	yes
Sox17 (MA0078.3)	Sox17	MA0078.3	ACAATG	RRRACAATGR	10	11.36	Harlequin-int	ADAACAATKG	yes	358	206	523	39.39	1.17	0.015819726049601992	yes
ZFP14 (MA1972.1)	ZFP14	MA1972.1	GGAGSMHMHGGA	GGAGSMHMHGGARBG	15	15.0	Harlequin-int	RGAGRSWHARGARDG	yes	400	206	523	39.39	1.5	8.393265107087747e-10	yes
POU3F4 (MA0789.1)	POU3F4	MA0789.1	TATGCWAAT	TATGCWAAT	9	13.38	Harlequin-int	TATGYWAAW	yes	332	205	523	39.2	1.3	5.4248601008125205e-05	yes
ZNF416 (MA1979.2)	ZNF416	MA1979.2	CTGGGC	WRWCTGGGCW	10	12.82	Harlequin-int	WWWCTGGGCW	yes	490	204	523	39.01	1.41	1.7698880166138836e-07	yes
ZNF460 (MA1596.1)	ZNF460	MA1596.1	CTCMGCCTCCC	RCCTCMGCCTCCCRRR	16	20.37	Harlequin-int	RYYWSMRYCTCCMRWS	yes	374	204	523	39.01	2.57	1.2417521008143238e-35	yes
ZNF257 (MA1710.2)	ZNF257	MA1710.2	GAGGMRAG	GAGGMRAGRK	10	13.37	Harlequin-int	GWGGMAAGRR	yes	345	202	523	38.62	1.58	2.4792828465607776e-11	yes
ARNT::HIF1A (MA0259.2)	ARNT::HIF1A	MA0259.2	ACGTG	ACGTG	5	8.96	Harlequin-int	ACGTG	yes	415	201	523	38.43	1.23	0.001280092753435107	yes
Arid3b (MA0601.2)	Arid3b	MA0601.2	TTAAT	WWTTAAT	7	9.63	Harlequin-int	TATTAAT	yes	466	201	523	38.43	1.68	9.269735697951124e-14	yes
HMBOX1 (MA0895.2)	HMBOX1	MA0895.2	TRGTTA	TRGTTAM	7	8.86	Harlequin-int	TAGTTAA	yes	242	201	523	38.43	1.35	4.748244232163829e-06	yes
KLF9 (MA1107.3)	KLF9	MA1107.3	CACACCCMC	SMCACACCCMC	11	13.41	Harlequin-int	SVCACACMCAC	yes	464	201	523	38.43	1.95	2.5316108841958707e-20	yes
STAT1 (MA0137.4)	STAT1	MA0137.4	TTCYRGGAA	TTCYRGGAA	9	14.09	Harlequin-int	TTCYDGGAA	yes	472	200	523	38.24	1.21	0.004738581414332604	yes
KLF17 (MA1514.2)	KLF17	MA1514.2	CCACRCWCCC	MCCACRCWCCCMYY	14	16.39	Harlequin-int	ACCACRCWYCCMYY	yes	295	199	523	38.05	1.9	7.920405946177629e-19	yes
ZBTB32 (MA1580.1)	ZBTB32	MA1580.1	GTACAGT	WGTACAGTRW	10	14.71	Harlequin-int	WDTACAGTWW	yes	365	198	523	37.86	1.35	5.609334581703628e-06	yes
Atoh1 (MA1467.3)	Atoh1	MA1467.3	CAGATG	CAGATGK	7	10.96	Harlequin-int	CAGATGG	yes	251	197	523	37.67	2.37	9.512380915369156e-30	yes
FOXA3 (MA1683.2)	FOXA3	MA1683.2	GTAAACA	GTAAACA	7	9.77	Harlequin-int	GTAAACA	yes	244	197	523	37.67	1.56	1.5563930757981412e-10	yes
FOXD1 (MA0031.2)	FOXD1	MA0031.2	GTAAACA	GTAAACA	7	11.73	Harlequin-int	GTAAACA	yes	244	197	523	37.67	1.56	1.5563930757981412e-10	yes
FOXI1 (MA0042.2)	FOXI1	MA0042.2	GTAAACA	GTAAACA	7	11.62	Harlequin-int	GTAAACA	yes	244	197	523	37.67	1.56	1.5563930757981412e-10	yes
FOXK1 (MA0852.3)	FOXK1	MA0852.3	GTAAACA	GTAAACA	7	10.73	Harlequin-int	GTAAACA	yes	244	197	523	37.67	1.56	1.5563930757981412e-10	yes
FOXK2 (MA1103.3)	FOXK2	MA1103.3	TAAACA	GTAAACA	7	9.79	Harlequin-int	GTAAACA	yes	244	197	523	37.67	1.56	1.5563930757981412e-10	yes
FOXL1 (MA0033.2)	FOXL1	MA0033.2	TAAACA	RTAAACA	7	10.63	Harlequin-int	GTAAACA	yes	244	197	523	37.67	1.56	1.5563930757981412e-10	yes
FOXO4 (MA0848.1)	FOXO4	MA0848.1	GTAAACA	GTAAACA	7	10.66	Harlequin-int	GTAAACA	yes	244	197	523	37.67	1.56	1.5563930757981412e-10	yes
FOXP1 (MA0481.4)	FOXP1	MA0481.4	GTAAACA	GTAAACA	7	9.72	Harlequin-int	GTAAACA	yes	244	197	523	37.67	1.56	1.5563930757981412e-10	yes
FOXP3 (MA0850.1)	FOXP3	MA0850.1	RYAAAYA	RYAAAYA	7	8.59	Harlequin-int	GTAAACA	yes	244	197	523	37.67	1.56	1.5563930757981412e-10	yes
FOXP4 (MA2117.1)	FOXP4	MA2117.1	TAAACA	GTAAACA	7	9.49	Harlequin-int	GTAAACA	yes	244	197	523	37.67	1.56	1.5563930757981412e-10	yes
Foxf1 (MA1606.2)	Foxf1	MA1606.2	TAAACA	RTAAACA	7	10.19	Harlequin-int	GTAAACA	yes	244	197	523	37.67	1.56	1.5563930757981412e-10	yes
Foxo1 (MA0480.3)	Foxo1	MA0480.3	GTAAACA	GTAAACA	7	9.28	Harlequin-int	GTAAACA	yes	244	197	523	37.67	1.56	1.5563930757981412e-10	yes
Foxo3 (MA0157.4)	Foxo3	MA0157.4	GTAAACA	GTAAACA	7	9.86	Harlequin-int	GTAAACA	yes	244	197	523	37.67	1.56	1.5563930757981412e-10	yes
NEUROG2 (MA1642.2)	NEUROG2	MA1642.2	CAGATG	CAGATGK	7	10.78	Harlequin-int	CAGATGG	yes	251	197	523	37.67	2.37	9.512380915369156e-30	yes
CTCF (MA0139.2)	CTCF	MA0139.2	CCASYAGRKGGC	RCCASYAGRKGGCRS	15	16.19	Harlequin-int	DCCASMAGADGGMDS	yes	307	196	523	37.48	1.77	1.5536439337822252e-15	yes
IRF5 (MA1420.1)	IRF5	MA1420.1	GAAACCRA	YYGAAACCRAWMMY	14	15.35	Harlequin-int	YCAAAACCAAAAYY	yes	386	196	523	37.48	1.56	1.5563930757981412e-10	yes
ZNF816 (MA1719.2)	ZNF816	MA1719.2	GGGGACMTG	KGGGGACMTGYHDRV	15	16.05	Harlequin-int	WGGRGACMWKMHRRG	yes	436	196	523	37.48	1.69	1.3359880740071483e-13	yes
HOXB6 (MA1500.2)	HOXB6	MA1500.2	TAATKR	TAATKRY	7	7.92	Harlequin-int	TAATTRC	yes	432	194	523	37.09	1.17	0.019685519703443555	yes
HLF (MA0043.4)	HLF	MA0043.4	TTATGYAA	TTATGYAAY	9	13.1	Harlequin-int	TTATRYAAH	yes	411	193	523	36.9	1.29	0.00016829829480997414	yes
Hand1::Tcf3 (MA0092.2)	Hand1::Tcf3	MA0092.2	TCTGG	RTCTGGMWN	9	10.07	Harlequin-int	ATCTGGTAT	yes	302	193	523	36.9	1.42	3.0486145061661183e-07	yes
ZNF282 (MA1154.2)	ZNF282	MA1154.2	TTTCCCMYWACAC	STTTCCCMYWACACK	15	20.62	Harlequin-int	MYKTCYCYYAACACW	yes	309	193	523	36.9	1.3	0.0001012051259385284	yes
TRPS1 (MA1970.2)	TRPS1	MA1970.2	TTATC	YCTTATCT	8	10.21	Harlequin-int	KYTTATCT	yes	296	191	523	36.52	1.15	0.04119479929897812	yes
PLAG1 (MA0163.1)	PLAG1	MA0163.1	GGGGCCMWMGGGGG	GGGGCCMWMGGGGG	14	19.35	Harlequin-int	RWGKSYMWMRGGGR	yes	307	190	523	36.33	1.62	1.7857606201892122e-11	yes
ERF::FOXI1 (MA1935.2)	ERF::FOXI1	MA1935.2	GGA	MWASMGGAWR	10	9.46	Harlequin-int	RWAMAGGAAR	yes	342	189	523	36.14	1.17	0.021497245818569148	yes
ZNF341 (MA1655.2)	ZNF341	MA1655.2	AACAGC	SAACAGCH	8	10.54	Harlequin-int	GAACAGCM	yes	258	188	523	35.95	1.49	2.127904444007134e-08	yes
ZNF8 (MA1718.1)	ZNF8	MA1718.1	TRKATRTACCACAKTTT	GTRTRKATRTACCACAKTTT	20	25.16	Harlequin-int	RWWTRKMTRWACYASAWYTW	yes	279	188	523	35.95	1.28	0.0003430139507622861	yes
ELF1 (MA0473.4)	ELF1	MA0473.4	AGGAAGT	CAGGAAGTR	9	12.35	Harlequin-int	CAGGAASKG	yes	363	187	523	35.76	1.25	0.0013336674122355586	yes
Dlx2 (MA0885.3)	Dlx2	MA0885.3	GCAATTA	GCAATTAR	8	11.02	Harlequin-int	GCAATTAR	yes	355	185	523	35.37	1.18	0.02042169895599026	yes
Dlx5 (MA1476.3)	Dlx5	MA1476.3	GCAATTA	GCAATTAK	8	11.21	Harlequin-int	GCAATTAR	yes	353	185	523	35.37	1.32	6.486954691381227e-05	yes
Plagl1 (MA1615.2)	Plagl1	MA1615.2	GGGGCCA	WGGGGCCA	8	10.93	Harlequin-int	KGGGGCCA	yes	369	185	523	35.37	1.56	9.073810091433249e-10	yes
SREBF2 (MA0596.1)	SREBF2	MA0596.1	TGGSGTGA	RTGGSGTGAY	10	13.55	Harlequin-int	RTGGSSTGAY	yes	238	185	523	35.37	1.79	8.104073644870909e-15	yes
ZNF189 (MA1725.2)	ZNF189	MA1725.2	CTGTTCC	YKCTGTTCC	9	12.04	Harlequin-int	KRCTGTTCY	yes	221	185	523	35.37	1.36	1.1313686796635676e-05	yes
RELA (MA0107.1)	RELA	MA0107.1	GGRRTTTCC	SGGRRTTTCC	10	14.76	Harlequin-int	SGGRRTTTYC	yes	280	183	523	34.99	1.44	4.2139454894936916e-07	yes
TFCP2 (MA1968.2)	TFCP2	MA1968.2	AACCGGWT	RAACCGGWT	9	11.41	Harlequin-int	MAACYRGWT	yes	401	183	523	34.99	1.8	6.7845044439304266e-15	yes
ZNF317 (MA1593.2)	ZNF317	MA1593.2	ACAGCAGA	ACAGCAGA	8	11.28	Harlequin-int	HCAGCAGA	yes	235	181	523	34.61	1.16	0.03777814846710415	yes
Arid5a (MA0602.2)	Arid5a	MA0602.2	AATATT	YAATATTR	8	9.62	Harlequin-int	HAATATTR	yes	405	180	523	34.42	1.26	0.0013851179897903475	yes
Thap11 (MA1573.2)	Thap11	MA1573.2	ACTACAWBTCCC	ACTACAWBTCCCRK	14	17.72	Harlequin-int	MSTMCARBTSCCAK	yes	278	180	523	34.42	1.39	4.615805434909719e-06	yes
ZNF382 (MA1594.1)	ZNF382	MA1594.1	AKGRGAYATYACYACMGAYMCYAC	AKGRGAYATYACYACMGAYMCYAC	24	26.22	Harlequin-int	AKRDKMMADYMYYASMRAHYYMAV	yes	305	179	523	34.23	1.29	0.00041278235236297755	yes
Zfp809 (MA2125.1)	Zfp809	MA2125.1	TCCCAG	WTCCCAGMY	9	11.89	Harlequin-int	TTCCCAGBM	yes	267	179	523	34.23	1.36	1.9802595286006328e-05	yes
NFE2 (MA0841.2)	NFE2	MA0841.2	ATGACTCAT	ATGACTCATS	10	16.64	Harlequin-int	ATGAVYCAYY	yes	282	178	523	34.03	2.04	2.604322279027128e-19	yes
SREBF1 (MA0595.1)	SREBF1	MA0595.1	TCACSCCA	RTCACSCCAY	10	13.52	Harlequin-int	MTCASRCCAY	yes	293	178	523	34.03	1.91	1.1227687879147677e-16	yes
PRDM9 (MA1723.2)	PRDM9	MA1723.2	GGBVAVGGRGGVVRHA	RRDGGBVAVGGRGGVVRHAR	20	15.6	Harlequin-int	RRRRGRRARRGRGGVVRRRR	yes	415	176	523	33.65	1.17	0.031985517302874876	yes
ZNF281 (MA1630.3)	ZNF281	MA1630.3	GGGGGMGGGG	GGGGGMGGGG	10	16.56	Harlequin-int	GGRGGHKGGG	yes	278	175	523	33.46	1.39	8.98350630272441e-06	yes
TFAP2B (MA0813.1)	TFAP2B	MA0813.1	GCCCYBRRGGC	WGCCCYBRRGGCW	13	14.36	Harlequin-int	RSCCCYBRRGGSM	yes	448	174	523	33.27	2.45	5.687883677894145e-27	yes
GATA6 (MA1104.3)	GATA6	MA1104.3	TTATC	YCTTATCT	8	10.74	Harlequin-int	KCTTATCT	yes	224	173	523	33.08	1.19	0.015489449669760763	yes
TBX5 (MA0807.1)	TBX5	MA0807.1	GTG	RGGTGTKR	8	8.48	Harlequin-int	RGGTGTGR	yes	283	173	523	33.08	1.19	0.01590320472921749	yes
IRF8 (MA0652.2)	IRF8	MA0652.2	CGAAACCGAAACT	CGAAACCGAAACT	13	22.37	Harlequin-int	YRAAASYRAAASY	yes	245	172	523	32.89	1.21	0.011099464227868058	yes
ESR2 (MA0258.2)	ESR2	MA0258.2	GGTCASVVWG	RGGTCASVVWGHCYY	15	13.12	Harlequin-int	RGGTCASDYWGMCYY	yes	320	171	523	32.7	1.36	3.1624020222624926e-05	yes
HOXD3 (MA0912.2)	HOXD3	MA0912.2	TAATTA	YTAATTAS	8	11.74	Harlequin-int	YTAATTRC	yes	288	171	523	32.7	1.23	0.00542113734904775	yes
ZIC1 (MA0696.1)	ZIC1	MA0696.1	CCCCCYGCTGYG	KRCCCCCYGCTGYG	14	18.77	Harlequin-int	BMCMCCMYRCKGTG	yes	212	171	523	32.7	2.1	1.3379472133717952e-19	yes
ATF4 (MA0833.3)	ATF4	MA0833.3	TGATGYAA	RTGATGYAAY	10	14.64	Harlequin-int	WTGATGAAAT	yes	202	170	523	32.5	1.33	0.00016214020058460035	yes
TFAP2C (MA0815.1)	TFAP2C	MA0815.1	GCCCYBRGGGC	WGCCCYBRGGGCW	13	14.48	Harlequin-int	KSCCYYSRRGGSM	yes	533	169	523	32.31	2.93	1.7658940712967212e-34	yes
ZFP42 (MA1651.2)	ZFP42	MA1651.2	AARATGGC	MAARATGGCKSCY	13	15.28	Harlequin-int	MAARATGGCWSHH	yes	350	169	523	32.31	1.33	0.00014803405635793455	yes
TFAP2A (MA0872.1)	TFAP2A	MA0872.1	GCCCYBRGGGC	WGCCCYBRGGGCW	13	14.1	Harlequin-int	KSCCCYSRGGGSM	yes	348	168	523	32.12	2.71	1.4322563472064187e-30	yes
TFAP2C (MA0814.3)	TFAP2C	MA0814.3	CCTGAGG	SCCTGAGGS	9	11.36	Harlequin-int	SCCWGAGGC	yes	303	168	523	32.12	1.7	2.2546138141801752e-11	yes
TP63 (MA0525.2)	TP63	MA0525.2	ACATGTYRKRACATGT	RACATGTYRKRACATGTM	18	24.33	Harlequin-int	ARMAWGTTDWRACWTGTY	yes	281	168	523	32.12	2.11	2.552896767484755e-19	yes
ZNF35 (MA2333.1)	ZNF35	MA2333.1	AATTCTA	AATTCTA	7	8.65	Harlequin-int	AATTCTA	yes	220	168	523	32.12	1.23	0.005424550504930017	yes
Zfx (MA0146.3)	Zfx	MA0146.3	CBVGGCCT	RSCBVGGCCT	10	12.4	Harlequin-int	RSTKRGGCCT	yes	202	168	523	32.12	1.97	1.087418974291284e-16	yes
TFAP2A (MA0003.5)	TFAP2A	MA0003.5	CCTCAGG	SCCTCAGGS	9	11.45	Harlequin-int	SCCTCWGGS	yes	370	167	523	31.93	1.59	2.838541480536532e-09	yes
GLI3 (MA1491.3)	GLI3	MA1491.3	GACCACCCACGWHG	RGACCACCCACGWHG	15	22.26	Harlequin-int	DGMYCMCCCABRVYK	yes	198	166	523	31.74	1.62	8.864301591159188e-10	yes
THRB (MA1576.2)	THRB	MA1576.2	TSACCTBRSRTGACCTYA	TSACCTBRSRTGACCTYA	18	21.44	Harlequin-int	KGRSKYYAMMTGACCTKM	yes	292	166	523	31.74	1.54	3.003309837551786e-08	yes
GATA2 (MA0036.4)	GATA2	MA0036.4	TTATC	YTTATCT	7	10.64	Harlequin-int	CTTATCT	yes	195	165	523	31.55	1.51	1.22606153675908e-07	yes
CTCF (MA1930.2)	CTCF	MA1930.2	TGCAVTDHHVVVHHHHDDCCWSYAGRKGG	BTGCAVTDHHVVVHHHHDDCCWSYAGRKGGMRS	33	20.71	Harlequin-int	YKRYAGWSSYRHBDMWWRRSCASMAGRKRGMDV	yes	199	162	523	30.98	1.63	8.46513804754701e-10	yes
ZNF682 (MA1599.2)	ZNF682	MA1599.2	GCYAAGCCCC	RGCYAAGCCCC	11	14.46	Harlequin-int	RGRBMAGCCCC	yes	268	162	523	30.98	1.23	0.007041124784635327	yes
TP53 (MA0106.3)	TP53	MA0106.3	CATGYCYRGRCATGT	RACATGYCYRGRCATGTY	18	20.66	Harlequin-int	RRMRWGYYBVRRCWWKYY	yes	309	160	523	30.59	2.12	1.4869998479408396e-18	yes
Zic2 (MA1629.2)	Zic2	MA1629.2	CWCAGCAGG	CWCAGCAGG	9	12.75	Harlequin-int	CMCAGCAKG	yes	218	160	523	30.59	1.32	0.00032716725027656337	yes
PKNOX1 (MA0782.3)	PKNOX1	MA0782.3	GAKTGACA	WGAKTGACAK	10	12.21	Harlequin-int	TGAGTGACAK	yes	227	159	523	30.4	1.17	0.04366501737487826	yes
HOXB8 (MA1502.2)	HOXB8	MA1502.2	YMATTA	KYMATTA	7	9.63	Harlequin-int	GCAATTA	yes	271	158	523	30.21	1.61	4.485944620420324e-09	yes
HOXD8 (MA0910.3)	HOXD8	MA0910.3	YMATTA	RYMATTA	7	9.68	Harlequin-int	GCAATTA	yes	271	158	523	30.21	1.61	4.485944620420324e-09	yes
JUND (MA0491.3)	JUND	MA0491.3	TGASTCA	RTGASTCAT	9	12.73	Harlequin-int	RTGAYTYAT	yes	208	157	523	30.02	1.6	8.142990351136157e-09	yes
NFIC (MA0161.3)	NFIC	MA0161.3	CTTGGCA	CTTGGCA	7	10.5	Harlequin-int	CTTGGCA	yes	261	157	523	30.02	1.34	0.00019786840892796047	yes
ZNF213 (MA2121.1)	ZNF213	MA2121.1	CCCAGGC	RCCCAGGCDGSR	12	11.8	Harlequin-int	KCCCWGGCWGSM	yes	184	157	523	30.02	1.79	2.898174139204701e-12	yes
HOXC11 (MA0651.3)	HOXC11	MA0651.3	GTCGTAAAA	WRGTCGTAAAA	11	16.27	Harlequin-int	WRGTMRTWAAA	yes	205	155	523	29.64	1.35	0.0001890836400646154	yes
Ddit3::Cebpa (MA0019.2)	Ddit3::Cebpa	MA0019.2	TGCAAT	RTGCAATMSY	10	11.5	Harlequin-int	ATGMAATRSY	yes	242	154	523	29.45	1.45	4.935203088923452e-06	yes
MEIS2 (MA0774.1)	MEIS2	MA0774.1	TGACAG	WTGACAGS	8	10.96	Harlequin-int	WTGACAGS	yes	186	154	523	29.45	1.18	0.04119479929897812	yes
ZIC4 (MA0751.2)	ZIC4	MA0751.2	CCMCCYGYDG	KRCCMCCYGYDGHK	14	13.49	Harlequin-int	SMCYCCMYRCKGTG	yes	192	153	523	29.25	1.94	1.5014724035403552e-14	yes
ZNF263 (MA0528.3)	ZNF263	MA0528.3	GGGAGGA	GGGAGGA	7	11.04	Harlequin-int	GGGAGGA	yes	224	153	523	29.25	1.67	7.58557382359726e-10	yes
GATA1 (MA0035.5)	GATA1	MA0035.5	CTWATCT	CTWATCT	7	9.78	Harlequin-int	CTAATCT	yes	177	152	523	29.06	1.46	4.536012046911915e-06	yes
Spz1 (MA0111.1)	Spz1	MA0111.1	AGGGTWWCA	AGGGTWWCAGV	11	11.91	Harlequin-int	AGGGTWWCAKM	yes	190	152	523	29.06	1.17	0.04861157174107695	yes
BCL11A (MA2324.1)	BCL11A	MA2324.1	TGACC	CTGACCW	7	9.32	Harlequin-int	CTGACCA	yes	233	151	523	28.87	1.52	3.8900330392643474e-07	yes
FOSL2 (MA0478.2)	FOSL2	MA0478.2	TGASTCA	RRTGASTCAB	10	13.92	Harlequin-int	RRTGRBTCAT	yes	225	151	523	28.87	1.44	8.98350630272441e-06	yes
ETV2::HOXB13 (MA1943.2)	ETV2::HOXB13	MA1943.2	CGGAWMYATWA	SCGGAWMYATWAA	13	15.7	Harlequin-int	SAGGAAMWRTWAD	yes	213	149	523	28.49	1.61	1.5494847025894934e-08	yes
NR1D1 (MA1531.2)	NR1D1	MA1531.2	GGTYASTRGGTCA	RGGTYASTRGGTCA	14	19.0	Harlequin-int	RKGTTASKRKGWYA	yes	187	149	523	28.49	1.24	0.008830996124698003	yes
ZKSCAN3 (MA1973.2)	ZKSCAN3	MA1973.2	AGGCTAGCCC	MYVAGGCTAGCCCW	14	17.24	Harlequin-int	CMMAGGCTRGCYCV	yes	221	149	523	28.49	1.25	0.006867149612888156	yes
CTCF (MA1929.2)	CTCF	MA1929.2	GCWVYDYYHVVDDBDDMCWSHAGRKG	VTGCWVYDYYHVVDDBDDMCWSHAGRKGGMR	31	17.8	Harlequin-int	CWGMWSWYYHHDYDBYBRBCARHRSRDGGHR	yes	225	148	523	28.3	1.41	4.034047357189071e-05	yes
KLF13 (MA0657.2)	KLF13	MA0657.2	RMCACGCCCCY	KRMCACGCCCCYTTDKK	17	20.27	Harlequin-int	KGMCASGYCCCTKKTTW	yes	178	147	523	28.11	1.44	1.0670905058084354e-05	yes
PLAGL2 (MA1548.2)	PLAGL2	MA1548.2	GGGCCCC	GGGCCCCY	8	12.05	Harlequin-int	KGGCCCCC	yes	314	145	523	27.72	1.52	9.8545252269109e-07	yes
Six3 (MA0631.2)	Six3	MA0631.2	GGGTATCA	WWRGGGTATCA	11	13.95	Harlequin-int	AWRRGRKATCA	yes	179	145	523	27.72	1.33	0.0007030352065200954	yes
ZBTB7C (MA0695.2)	ZBTB7C	MA0695.2	ACCACC	SRACCACC	8	9.72	Harlequin-int	RGACCACC	yes	182	145	523	27.72	1.81	1.5039958309201433e-11	yes
Ascl2 (MA0816.1)	Ascl2	MA0816.1	CAGCTG	RRCAGCTGYY	10	12.85	Harlequin-int	ASCAGCTGYW	yes	250	144	523	27.53	1.35	0.00036215831726449295	yes
ELK4 (MA0076.3)	ELK4	MA0076.3	CTTCCGG	BRCTTCCGG	9	12.73	Harlequin-int	MRYTTCCKG	yes	208	141	523	26.96	2.29	8.974763172477572e-19	yes
Jun (MA0489.3)	Jun	MA0489.3	TGACTCA	TGACTCAY	8	11.31	Harlequin-int	TGAYTCAW	yes	202	141	523	26.96	1.24	0.011601281934138603	yes
ELF2 (MA1483.3)	ELF2	MA1483.3	CCGGAA	WMCCGGAART	10	12.94	Harlequin-int	WMCMGGAARY	yes	170	139	523	26.58	1.69	3.2905702269532756e-09	yes
ZBTB7A (MA0750.3)	ZBTB7A	MA0750.3	CCGGAAG	CCGGAAGYS	9	11.14	Harlequin-int	CMGGAAGSK	yes	203	139	523	26.58	1.99	8.482662966949292e-14	yes
ETV5::FIGLA (MA1945.2)	ETV5::FIGLA	MA1945.2	GGAWRCAGGTG	RSMGGAWRCAGGTG	14	17.38	Harlequin-int	RSMGKAAGCAGSTK	yes	156	136	523	26.0	1.47	1.2507566160899552e-05	yes
ZNF211 (MA1974.2)	ZNF211	MA1974.2	ATATACCA	YATATACCAY	10	14.46	Harlequin-int	WMTATACCWW	yes	192	136	523	26.0	1.33	0.001114520584313316	yes
ELF4 (MA0641.1)	ELF4	MA0641.1	CCGGAAGT	DWMCCGGAAGTR	12	16.25	Harlequin-int	VACCMGGAAGYD	yes	160	134	523	25.62	1.93	2.3364820602603218e-12	yes
MAZ (MA1522.2)	MAZ	MA1522.2	CCCCTCC	CCCCTCCY	8	13.64	Harlequin-int	CCCCTCCW	yes	167	134	523	25.62	1.31	0.002333373105344535	yes
TFAP2A (MA0810.2)	TFAP2A	MA0810.2	CCYBVRGGC	YSCCYBVRGGC	11	10.54	Harlequin-int	MSCCCBRGGGC	yes	285	133	523	25.43	1.6	2.0216873485692767e-07	yes
ERF::NHLH1 (MA1938.2)	ERF::NHLH1	MA1938.2	GCAGCTGCCGGA	VGCAGCTGCCGGAWRY	16	20.57	Harlequin-int	RKCAGCTKSCRGRKGY	yes	155	131	523	25.05	1.84	1.1380142861553908e-10	yes
SMAD3 (MA0795.1)	SMAD3	MA0795.1	GTCTAGAC	YGTCTAGACW	10	15.61	Harlequin-int	WGTSTAGACA	yes	234	130	523	24.86	1.84	1.1380142861553908e-10	yes
Zfp335 (MA2002.2)	Zfp335	MA2002.2	CAGGCA	KCAGGCA	7	10.5	Harlequin-int	TCAGGCA	yes	134	130	523	24.86	1.26	0.00971937532369895	yes
NFKB2 (MA0778.2)	NFKB2	MA0778.2	GGGGAWTCCCC	GGGGAWTCCCC	11	16.19	Harlequin-int	GGGKHWDMCCC	yes	350	129	523	24.67	1.62	1.760987902349168e-07	yes
NHLH1 (MA0048.3)	NHLH1	MA0048.3	CAGCTG	MRCAGCTGY	9	12.91	Harlequin-int	MKCAGCTGM	yes	180	125	523	23.9	1.59	8.771409206368643e-07	yes
GLIS2 (MA0736.1)	GLIS2	MA0736.1	ACCCCCCRCRDHG	KACCCCCCRCRDHG	14	16.87	Harlequin-int	SRCCCCCYMYRSWG	yes	172	124	523	23.71	1.29	0.006799542468502604	yes
MYF5 (MA1641.2)	MYF5	MA1641.2	CAGCTG	RCAGCTGY	8	11.69	Harlequin-int	MCAGCTGK	yes	266	124	523	23.71	1.47	4.06177554782152e-05	yes
Ptf1A (MA1619.2)	Ptf1A	MA1619.2	CAGCTG	RCAGCTGY	8	11.3	Harlequin-int	MCAGCTGK	yes	249	124	523	23.71	1.47	4.06177554782152e-05	yes
TFAP2E (MA1569.2)	TFAP2E	MA1569.2	SCCYSRGGS	SCCYSRGGS	9	11.64	Harlequin-int	SCCTSAGGS	yes	272	123	523	23.52	2.15	2.7340390669642615e-14	yes
TFAP4 (MA0691.1)	TFAP4	MA0691.1	CAGCTG	AWCAGCTGWY	10	14.15	Harlequin-int	WMCAGCTGKW	yes	248	121	523	23.14	1.31	0.004473859854812419	yes
TFAP2B (MA0811.2)	TFAP2B	MA0811.2	CCYBVRGGC	SCCYBVRGGCR	11	10.59	Harlequin-int	GCCCYRGGGCT	yes	247	120	523	22.94	1.4	0.0003839139811637015	yes
ETS2 (MA1484.2)	ETS2	MA1484.2	ACCGGAWG	ACCGGAWGY	9	13.27	Harlequin-int	ASMGGAWGY	yes	164	119	523	22.75	2.13	1.5892113984684039e-13	yes
PROX1 (MA0794.1)	PROX1	MA0794.1	AAGACGYCTT	YAAGACGYCTTR	12	16.94	Harlequin-int	YAWGAYKYCTKR	yes	189	119	523	22.75	1.45	0.00010595545364832393	yes
TFAP2C (MA0524.3)	TFAP2C	MA0524.3	CCYBVRGG	SCCYBVRGGSR	11	10.17	Harlequin-int	GCCCYRGGGCT	yes	248	119	523	22.75	1.4	0.0004422440691351982	yes
PATZ1 (MA1961.2)	PATZ1	MA1961.2	GGMGGGG	SSRGGMGGGGS	11	14.28	Harlequin-int	RSRGGWGGGGS	yes	143	118	523	22.56	1.56	4.780729101056044e-06	yes
TP73 (MA0861.2)	TP73	MA0861.2	CAWGTYBDRACAYG	RCAWGTYBDRACAYGY	16	16.94	Harlequin-int	ACATGYCWYRACWTKY	yes	144	118	523	22.56	1.79	4.854964938564208e-09	yes
ESR1 (MA0112.4)	ESR1	MA0112.4	RGGTCAMVRTGACCT	RGGTCAMVRTGACCT	15	22.06	Harlequin-int	GKGKYWMHSTGACMY	yes	184	117	523	22.37	1.59	2.6878176771764518e-06	yes
Bhlha15 (MA1472.3)	Bhlha15	MA1472.3	CAGCTG	MCAGCTGK	8	11.75	Harlequin-int	MCAGCTGK	yes	242	116	523	22.18	1.59	2.9421985305388637e-06	yes
SMAD5 (MA1557.1)	SMAD5	MA1557.1	GTCTAGAC	YGTCTAGACW	10	13.54	Harlequin-int	WGTSYRGACW	yes	197	114	523	21.8	2.55	6.345653984383171e-18	yes
OLIG1 (MA0826.1)	OLIG1	MA0826.1	AMCATATG	AMCATATGKT	10	14.66	Harlequin-int	ACCWTAWGGT	yes	246	110	523	21.03	1.42	0.00048379330192499655	yes
SPDEF (MA0686.2)	SPDEF	MA0686.2	AMCCGGATRT	AMCCGGATRT	10	14.33	Harlequin-int	WMCCGGAWRY	yes	136	107	523	20.46	2.37	8.978926959565722e-15	yes
BHLHE23 (MA0817.2)	BHLHE23	MA0817.2	AMCATATG	AMCATATGKY	10	14.72	Harlequin-int	ACCATAAGGT	yes	122	105	523	20.08	1.47	0.00020370695300365657	yes
ETV2 (MA0762.2)	ETV2	MA0762.2	ACCGGAAR	ACCGGAARY	9	14.15	Harlequin-int	ACMGGAARY	yes	138	105	523	20.08	1.32	0.008063902378701658	yes
MYBL1 (MA0776.1)	MYBL1	MA0776.1	CGTTAAC	RCCGTTAACSKY	12	15.28	Harlequin-int	AMAGTTAACRKT	yes	125	103	523	19.69	1.7	8.769278873376543e-07	yes
ETS1 (MA0098.4)	ETS1	MA0098.4	CCGGAW	RCCGGAWRY	9	12.02	Harlequin-int	ACMGGAARY	yes	124	99	523	18.93	1.57	3.167372748124101e-05	yes
NHLH2 (MA1529.2)	NHLH2	MA1529.2	CAGCTGCG	DRHMKCAGCTGCGYMM	16	17.97	Harlequin-int	HRRCBCAKMTGVGYCD	yes	231	99	523	18.93	1.7	1.3137871123601837e-06	yes
ERF (MA0760.2)	ERF	MA0760.2	ACCGGAART	ACCGGAART	9	12.68	Harlequin-int	ACMGGAARY	yes	124	98	523	18.74	1.76	4.071550386656181e-07	yes
PAX8 (MA2094.1)	PAX8	MA2094.1	GTCACGCWYSR	SGTCACGCWYSRVYRM	16	16.06	Harlequin-int	STMCAYGCWYGGCYRA	yes	116	97	523	18.55	3.37	2.8852765388529467e-22	yes
ELK1::SREBF2 (MA1933.2)	ELK1::SREBF2	MA1933.2	CGGAAGTSRCGTG	SCGGAAGTSRCGTGA	15	18.3	Harlequin-int	SVGGAWGYGWGGTGR	yes	104	95	523	18.16	2.38	3.9026163362761705e-13	yes
FOXN3 (MA1489.1)	FOXN3	MA1489.1	GTAAACAA	GTAAACAA	8	14.22	Harlequin-int	GTAAACAA	yes	96	95	523	18.16	1.68	4.513817705682033e-06	yes
HIF1A (MA1106.2)	HIF1A	MA1106.2	ACGTGC	ACGTGC	6	10.07	Harlequin-int	ACGTGC	yes	122	95	523	18.16	2.03	8.864301591159188e-10	yes
ZNF454 (MA1712.2)	ZNF454	MA1712.2	GGCTCBVGG	GGCTCBVGGNYCYKVBS	17	14.94	Harlequin-int	GGCCCYYRGMCMTGGGG	yes	116	94	523	17.97	1.48	0.0004970684310519755	yes
GLIS1 (MA0735.2)	GLIS1	MA0735.2	GACCCCCCACGWWG	MGACCCCCCACGWWG	15	25.16	Harlequin-int	WGRCCCCCCAYDHWG	yes	104	93	523	17.78	1.54	0.00012506125561664248	yes
ZSCAN29 (MA1602.2)	ZSCAN29	MA1602.2	GTCTACRC	YGTCTACRCVG	11	14.8	Harlequin-int	KGTCYACACRK	yes	114	93	523	17.78	1.65	9.80642528312677e-06	yes
TFAP2B (MA0812.2)	TFAP2B	MA0812.2	GCCYSAGGC	GCCYSAGGC	9	12.17	Harlequin-int	SCCTVAGGS	yes	164	92	523	17.59	1.57	7.18217233489888e-05	yes
ETV4 (MA0764.4)	ETV4	MA0764.4	CCGGA	RCCGGAAGY	9	11.51	Harlequin-int	MCCGGAARY	yes	115	91	523	17.4	2.04	1.86669182105182e-09	yes
ZNF93 (MA1721.2)	ZNF93	MA1721.2	CRGCRGCRG	RGYRKCRGCRGCRG	14	15.52	Harlequin-int	RRCATMAGCAGYKG	yes	103	90	523	17.21	3.3	5.532060264375026e-20	yes
ELK1 (MA0028.3)	ELK1	MA0028.3	CCGGAAGT	RCCGGAAGT	9	14.22	Harlequin-int	MCCGGAARY	yes	112	89	523	17.02	2.0	6.769920675023439e-09	yes
ETV5 (MA0765.4)	ETV5	MA0765.4	CCGGAAGT	RCCGGAAGT	9	14.15	Harlequin-int	MCCGGAARY	yes	102	86	523	16.44	2.48	8.865044868911795e-13	yes
BACH2 (MA1470.2)	BACH2	MA1470.2	ATGACGTSAT	DWWBSATGACGTSATSVWW	19	22.37	Harlequin-int	WDAWSAKRAMGTSMYHYYH	yes	102	85	523	16.25	1.28	0.04119479929897812	yes
ELK3 (MA0759.3)	ELK3	MA0759.3	CCGGAAGT	RCCGGAAGT	9	13.99	Harlequin-int	MCCGGAARY	yes	99	84	523	16.06	2.29	8.137505800357637e-11	yes
PAX1 (MA0779.2)	PAX1	MA0779.2	GTCACGCWTSAVT	SGTCACGCWTSAVTKM	16	19.52	Harlequin-int	STYCAYGCWTGRCYRA	yes	79	74	523	14.15	1.66	9.866439997600153e-05	yes
EGR4 (MA0733.2)	EGR4	MA0733.2	CGCCCMCGC	MCGCCCMCGCM	11	13.2	Harlequin-int	MMVCCCMCSCM	yes	77	67	523	12.81	1.61	0.0005659940266170423	yes
TFDP1 (MA1122.2)	TFDP1	MA1122.2	GCGGGAA	SGCGGGAA	8	10.94	Harlequin-int	YGCGGGAM	yes	71	63	523	12.05	2.51	1.1146212880111222e-09	yes
EGR1 (MA0162.5)	EGR1	MA0162.5	CRCCCMCRC	MCRCCCMCRC	10	11.51	Harlequin-int	CMRCCCMCSC	yes	63	58	523	11.09	1.92	1.8963733112697022e-05	yes
PAX9 (MA0781.2)	PAX9	MA0781.2	GTCACGCWTSAVTG	SGTCACGCWTSAVTGM	16	22.11	Harlequin-int	SKYCAYGCWTGRSYRM	yes	60	58	523	11.09	1.39	0.02667235859628284	yes
ZBTB33 (MA0527.2)	ZBTB33	MA0527.2	TCTCGCG	TCTCGCGRKR	10	13.12	Harlequin-int	TCCCGCGATG	yes	38	37	523	7.07	6.09	3.970819690320336e-15	yes
EPAS1 (MA2325.1)	EPAS1	MA2325.1	GCACGT	BGCACGTMS	9	11.56	Harlequin-int	VGCACGTMS	yes	35	33	523	6.31	2.85	1.8013224349721053e-06	yes
Npas2 (MA0626.2)	Npas2	MA0626.2	CACGTG	SCACGTGK	8	11.47	Harlequin-int	SCACGTGB	yes	41	27	523	5.16	1.66	0.03088182740199095	yes
SOHLH2 (MA1560.2)	SOHLH2	MA1560.2	CACGTG	KCACGTGM	8	11.16	Harlequin-int	VCACGTGS	yes	42	27	523	5.16	2.28	0.0005714280700328286	yes
HEY1 (MA0823.1)	HEY1	MA0823.1	CACGTG	SRCACGTGYM	10	12.27	Harlequin-int	VVCACGTGSM	yes	39	25	523	4.78	1.93	0.00772145296770355	yes
HES2 (MA0616.3)	HES2	MA0616.3	CACGTG	GKCACGTGY	9	12.0	Harlequin-int	KSCACGTGY	yes	24	24	523	4.59	1.78	0.022662148129925605	yes
HEY2 (MA0649.2)	HEY2	MA0649.2	GVCACGTG	GVCACGTGY	9	11.78	Harlequin-int	SMCACGTGC	yes	26	24	523	4.59	1.72	0.031738451005071694	yes
ZBED4 (MA2328.1)	ZBED4	MA2328.1	CGCYCCGC	SYCGCYCCGC	10	11.73	Harlequin-int	CCCSCCCCVC	yes	26	24	523	4.59	1.9	0.01102569737800829	yes
HES5 (MA0821.2)	HES5	MA0821.2	CACGTG	VRCACGTGYB	10	10.39	Harlequin-int	RSCACGTGSY	yes	36	18	523	3.44	1.84	0.04074405582352045	yes
MEIS1 (MA0498.3)	MEIS1	MA0498.3	TGACA	TGACA	5	7.79	Harlequin-int	TGACA	yes	1651	366	523	69.98	0.91	1.0	no
Stat2 (MA1623.2)	Stat2	MA1623.2	AAASAGAAA	RAAASAGAAA	10	12.87	Harlequin-int	RAAASARAAA	yes	920	317	523	60.61	1.07	0.12068351984746128	no
Arid3a (MA0151.1)	Arid3a	MA0151.1	ATYAAW	ATYAAW	6	9.9	Harlequin-int	ATTAAA	yes	1297	314	523	60.04	0.98	1.0	no
FOXE1 (MA1487.3)	FOXE1	MA1487.3	TAARYAAACA	YTAARYAAACAW	12	14.76	Harlequin-int	YWRWAHAAACWW	yes	768	302	523	57.74	1.06	0.2514609703611679	no
Irf1 (MA0050.4)	Irf1	MA0050.4	GAAASTGAAA	WGAAASTGAAA	11	13.2	Harlequin-int	WRAAARWRAAA	yes	900	296	523	56.6	1.03	0.5332619768064557	no
RBPJ (MA1116.2)	RBPJ	MA1116.2	TGGGAA	TGGGAA	6	11.01	Harlequin-int	TGGGAA	yes	705	286	523	54.68	1.03	0.5909905630739574	no
SOX10 (MA0442.3)	SOX10	MA0442.3	ACAAAG	ACAAAG	6	10.69	Harlequin-int	ACAAAG	yes	748	271	523	51.82	0.84	1.0	no
NFIA (MA0670.2)	NFIA	MA0670.2	TGCCAA	TGCCAA	6	12.0	Harlequin-int	TGCCAA	yes	694	264	523	50.48	0.96	1.0	no
NFIX (MA0671.2)	NFIX	MA0671.2	GCCA	HGCCAR	6	7.75	Harlequin-int	TGCCAA	yes	694	264	523	50.48	0.96	1.0	no
NR2C1 (MA1535.2)	NR2C1	MA1535.2	GGTCA	RGGTCA	6	9.63	Harlequin-int	AGGTCA	yes	557	264	523	50.48	1.05	0.3547420046259495	no
NR2C2 (MA1536.2)	NR2C2	MA1536.2	GGTCR	RGGTCR	6	7.4	Harlequin-int	AGGTCA	yes	557	264	523	50.48	1.05	0.3547420046259495	no
Nr1H2 (MA1996.2)	Nr1H2	MA1996.2	AGGTCA	AGGTCA	6	10.29	Harlequin-int	AGGTCA	yes	557	264	523	50.48	1.05	0.3547420046259495	no
Nr1H4 (MA1110.3)	Nr1H4	MA1110.3	AGGTCA	AGGTCA	6	10.64	Harlequin-int	AGGTCA	yes	557	264	523	50.48	1.05	0.3547420046259495	no
Nr1h3 (MA2337.1)	Nr1h3	MA2337.1	AGGKCA	AGGKCA	6	10.62	Harlequin-int	AGGTCA	yes	557	264	523	50.48	1.05	0.3547420046259495	no
NFATC3 (MA0625.3)	NFATC3	MA0625.3	GGAA	YGGAAM	6	8.13	Harlequin-int	TGGAAA	yes	976	263	523	50.29	0.85	1.0	no
Nfatc1 (MA0624.3)	Nfatc1	MA0624.3	TGGAAA	TGGAAA	6	10.67	Harlequin-int	TGGAAA	yes	976	263	523	50.29	0.85	1.0	no
Hmga1 (MA2124.1)	Hmga1	MA2124.1	ATTTTTA	ATTTTTAW	8	11.85	Harlequin-int	ATTTTTAW	yes	1206	260	523	49.71	1.04	0.4604549968418783	no
MEF2C (MA0497.2)	MEF2C	MA0497.2	YWAAAATA	MYWAAAATAGM	11	13.36	Harlequin-int	WTMAAAATARR	yes	624	257	523	49.14	1.0	1.0	no
Nfat5 (MA0606.3)	Nfat5	MA0606.3	TGGAAAA	ATGGAAAA	8	11.16	Harlequin-int	MWGGAAAA	yes	719	249	523	47.61	0.99	1.0	no
FOXD2 (MA0847.4)	FOXD2	MA0847.4	TARRYAAACA	YTARRYAAACA	11	14.05	Harlequin-int	TWAWAYAAAYW	yes	715	246	523	47.04	0.92	1.0	no
Elf5 (MA0136.4)	Elf5	MA0136.4	AGGAAG	MAGGAAGW	8	11.15	Harlequin-int	AAGGAARY	yes	401	239	523	45.7	1.1	0.10616987937564591	no
ZNF652 (MA1657.2)	ZNF652	MA1657.2	AAGRGTTA	AAGRGTTAM	9	12.42	Harlequin-int	AARAGTTAR	yes	554	234	523	44.74	0.99	1.0	no
PHOX2B (MA0681.3)	PHOX2B	MA0681.3	AATYAAATTA	WAATYAAATTAW	12	14.4	Harlequin-int	WWATMWAATTWW	yes	558	232	523	44.36	0.96	1.0	no
FOXO6 (MA0849.1)	FOXO6	MA0849.1	GTAAACA	GTAAACA	7	11.99	Harlequin-int	RTAAACA	yes	326	231	523	44.17	1.08	0.19048532340240307	no
Foxj2 (MA0614.1)	Foxj2	MA0614.1	RTAAACA	RTAAACAN	8	11.78	Harlequin-int	GTAAACAW	yes	314	229	523	43.79	1.05	0.42147931188806775	no
MEF2D (MA0773.1)	MEF2D	MA0773.1	CTAWAAATAG	DCTAWAAATAGM	12	18.5	Harlequin-int	VHTAWWAATARV	yes	536	229	523	43.79	1.12	0.054212774933419645	no
MEF2A (MA0052.5)	MEF2A	MA0052.5	AAAATA	YTAAAAATAR	10	11.85	Harlequin-int	HTAAAAATAR	yes	505	228	523	43.59	0.93	1.0	no
POU4F3 (MA0791.2)	POU4F3	MA0791.2	TDMATWATTDAT	TDMATWATTDAT	12	13.12	Harlequin-int	KKMATWWTTRAT	yes	472	228	523	43.59	1.11	0.07609187327983379	no
TCF7L1 (MA1421.1)	TCF7L1	MA1421.1	AGATCAAAG	WAAGATCAAAGR	12	16.79	Harlequin-int	WRAKAKCAAAGR	yes	381	227	523	43.4	0.99	1.0	no
Foxl2 (MA1607.2)	Foxl2	MA1607.2	GTAAACA	WWWGTAAACA	10	11.46	Harlequin-int	WRTGTAAAMA	yes	442	225	523	43.02	1.02	0.8420548093934479	no
SP5 (MA1965.2)	SP5	MA1965.2	CCTCCC	CCTCCC	6	11.6	Harlequin-int	CCTCCC	yes	418	225	523	43.02	1.01	0.9974231142167211	no
MYB (MA0100.4)	MYB	MA0100.4	CAACTG	CAACTG	6	11.06	Harlequin-int	CAACTG	yes	546	223	523	42.64	0.83	1.0	no
PROP1 (MA0715.1)	PROP1	MA0715.1	TAATYWAATTA	TAATYWAATTA	11	15.12	Harlequin-int	TAAWYWWATTW	yes	463	221	523	42.26	1.0	1.0	no
VEZF1 (MA1578.2)	VEZF1	MA1578.2	CCCCCC	CCCCCC	6	10.73	Harlequin-int	CCCCCC	yes	469	221	523	42.26	1.08	0.21990679615553627	no
FOXP2 (MA0593.2)	FOXP2	MA0593.2	GTAAACA	WGTAAACAR	9	13.54	Harlequin-int	TGTAAACAW	yes	303	216	523	41.3	0.96	1.0	no
Foxj3 (MA0851.2)	Foxj3	MA0851.2	RTAAACA	RTAAACAAW	9	12.58	Harlequin-int	GTAAACAWR	yes	300	216	523	41.3	1.0	1.0	no
ZIM3 (MA1709.2)	ZIM3	MA1709.2	AACAGAAABC	MAACAGAAABC	11	15.05	Harlequin-int	HAAMARAAAVM	yes	351	216	523	41.3	0.91	1.0	no
Pou5f1::Sox2 (MA0142.1)	Pou5f1::Sox2	MA0142.1	TTSWHATGCARA	YWTTSWHATGCARAK	15	14.81	Harlequin-int	HWTTDWWATGYWWRT	yes	495	212	523	40.54	0.93	1.0	no
Sox7 (MA2095.1)	Sox7	MA2095.1	AACAATG	RRAACAATGG	10	13.54	Harlequin-int	ARAWCAATRR	yes	278	208	523	39.77	1.09	0.19208099203387557	no
ZNF766 (MA2098.1)	ZNF766	MA2098.1	AAKAAACC	AAKAAACCY	9	12.94	Harlequin-int	RRKAAACCW	yes	314	208	523	39.77	0.99	1.0	no
Crx (MA0467.3)	Crx	MA0467.3	GGATTA	GGATTA	6	10.76	Harlequin-int	GGATTA	yes	333	207	523	39.58	1.0	1.0	no
GSC (MA0648.2)	GSC	MA0648.2	TAAT	TAATCY	6	9.06	Harlequin-int	TAATCC	yes	333	207	523	39.58	1.0	1.0	no
GSC2 (MA0891.2)	GSC2	MA0891.2	TAAT	TAATCY	6	7.43	Harlequin-int	TAATCC	yes	333	207	523	39.58	1.0	1.0	no
OTX1 (MA0711.2)	OTX1	MA0711.2	TAATC	TAATCS	6	9.14	Harlequin-int	TAATCC	yes	333	207	523	39.58	1.0	1.0	no
PITX1 (MA0682.3)	PITX1	MA0682.3	TAATCC	TAATCC	6	10.94	Harlequin-int	TAATCC	yes	333	207	523	39.58	1.0	1.0	no
PITX3 (MA0714.2)	PITX3	MA0714.2	TAATCC	TAATCC	6	8.6	Harlequin-int	TAATCC	yes	333	207	523	39.58	1.0	1.0	no
RHOXF1 (MA0719.2)	RHOXF1	MA0719.2	TRAKCC	TRAKCC	6	8.11	Harlequin-int	TAATCC	yes	333	207	523	39.58	1.0	1.0	no
TCF7L2 (MA0523.2)	TCF7L2	MA0523.2	WTCAAAG	RSWTCAAAG	9	12.78	Harlequin-int	WSWTSAAAG	yes	369	207	523	39.58	0.95	1.0	no
TBP (MA0108.3)	TBP	MA0108.3	ATAWA	TATAWAW	7	8.98	Harlequin-int	TATAAAA	yes	742	206	523	39.39	1.12	0.09314295562395127	no
Foxq1 (MA0040.2)	Foxq1	MA0040.2	TGTTTA	RWTGTTTAKW	10	14.0	Harlequin-int	MHWGTTTAKD	yes	448	205	523	39.2	0.9	1.0	no
CEBPD (MA0836.3)	CEBPD	MA0836.3	TTGCRCAA	TTGCRCAA	8	11.5	Harlequin-int	TTRCAYAA	yes	280	203	523	38.81	1.13	0.06285663028308257	no
HNF4A (MA1494.2)	HNF4A	MA1494.2	GTYCAAAGGTC	RRGTYCAAAGGTCR	14	20.91	Harlequin-int	RRGTMMAAAKKKYA	yes	258	203	523	38.81	1.1	0.14416323055764962	no
ISL2 (MA0914.2)	ISL2	MA0914.2	CAMTTA	CAMTTA	6	7.04	Harlequin-int	CACTTA	yes	310	202	523	38.62	0.77	1.0	no
Rarb (MA0857.1)	Rarb	MA0857.1	AGGTCAAAAGGTCA	WAAGGTCAAAAGGTCA	16	26.39	Harlequin-int	RYRGGTVAWMAGGBYA	yes	279	202	523	38.62	0.99	1.0	no
PBX2 (MA1113.3)	PBX2	MA1113.3	ATAAATCA	MATAAATCA	9	11.71	Harlequin-int	MATAAATYA	yes	295	201	523	38.43	1.13	0.060686858545087305	no
ELF3 (MA0640.3)	ELF3	MA0640.3	ACTTCCT	YACTTCCTS	9	11.3	Harlequin-int	CMSTTCCTG	yes	402	200	523	38.24	1.12	0.09069476780409828	no
ZNF354C (MA0130.1)	ZNF354C	MA0130.1	CCAC	MWCCAC	6	8.96	Harlequin-int	ATCCAC	yes	311	200	523	38.24	1.08	0.3091582414708875	no
Hmx1 (MA0896.2)	Hmx1	MA0896.2	CAATTAA	RRCAATTAA	9	12.47	Harlequin-int	DRCAATTAA	yes	310	199	523	38.05	1.07	0.3107295343644408	no
Hnf1A (MA1991.2)	Hnf1A	MA1991.2	CTTTGAT	SCTTTGATSY	10	11.35	Harlequin-int	YCTTTGATSW	yes	361	199	523	38.05	1.02	0.8693603925490018	no
Lhx3 (MA0135.2)	Lhx3	MA0135.2	AATTAATTA	WAATTAATTAWY	12	16.14	Harlequin-int	WAATTAAYTWWY	yes	418	198	523	37.86	0.87	1.0	no
Gata3 (MA0037.5)	Gata3	MA0037.5	TTATCT	YCTTATCT	8	10.28	Harlequin-int	KYTTATCT	yes	302	194	523	37.09	1.09	0.2544806327347086	no
ZNF184 (MA2120.1)	ZNF184	MA2120.1	GAAAG	KRGAAAGDBGMRK	13	12.69	Harlequin-int	WRGAAAGWVKMAW	yes	345	191	523	36.52	1.0	1.0	no
FLI1::FOXI1 (MA1950.2)	FLI1::FOXI1	MA1950.2	ACAGGA	HMAACAGGAWR	11	12.96	Harlequin-int	HMDACAGGAWR	yes	385	189	523	36.14	1.04	0.7111873311840231	no
Stat5a::Stat5b (MA0519.2)	Stat5a::Stat5b	MA0519.2	TTCCMRGAA	TTCCMRGAA	9	13.05	Harlequin-int	TTCYWRGAA	yes	376	186	523	35.56	1.11	0.15794534471261115	no
Stat6 (MA0520.2)	Stat6	MA0520.2	TTCYWSRGAA	TTCYWSRGAA	10	13.58	Harlequin-int	TTMYWSWGAA	yes	268	186	523	35.56	1.0	1.0	no
ZNF324 (MA1977.2)	ZNF324	MA1977.2	GHYARGGATGGYT	RGHYARGGATGGYT	14	15.86	Harlequin-int	RKDMAARGAYRGYK	yes	335	186	523	35.56	1.01	1.0	no
HNF1A (MA0046.3)	HNF1A	MA0046.3	TWAATVATTAAC	RTWAATVATTAAC	13	15.78	Harlequin-int	RTWAAWDWTTRAM	yes	417	184	523	35.18	0.98	1.0	no
MGA::EVX1 (MA1960.2)	MGA::EVX1	MA1960.2	GTGWTAAT	RRGTGWTAATK	11	13.84	Harlequin-int	ARKTGMTAAWK	yes	235	183	523	34.99	1.11	0.1655781011262928	no
ZBTB26 (MA1579.2)	ZBTB26	MA1579.2	TCCAGA	YTCCAGAR	8	11.4	Harlequin-int	MTCCAGAR	yes	210	181	523	34.61	1.1	0.22016754126577176	no
EHF (MA0598.4)	EHF	MA0598.4	ACTTCCT	YACTTCCTS	9	11.36	Harlequin-int	CMYTTCCTG	yes	297	180	523	34.42	1.1	0.18247287835685824	no
NR1I3 (MA1534.2)	NR1I3	MA1534.2	TGAACT	TGAACTHW	8	10.51	Harlequin-int	TGAACTTW	yes	231	180	523	34.42	1.05	0.582026701683989	no
PPARA::RXRA (MA1148.2)	PPARA::RXRA	MA1148.2	GGKBARAGGT	WWVKRGGKBARAGGTYR	17	12.41	Harlequin-int	AWRTRGGYRARARTYHA	yes	250	179	523	34.23	0.88	1.0	no
ONECUT3 (MA0757.2)	ONECUT3	MA0757.2	AAATCRATA	RAAAATCRATAW	12	16.73	Harlequin-int	MAWAATCAAWAM	yes	229	177	523	33.84	0.9	1.0	no
ETV2::FOXI1 (MA1942.2)	ETV2::FOXI1	MA1942.2	ACAGGAWR	MRACAGGAWRY	11	12.31	Harlequin-int	ADACAGGAWRY	yes	308	176	523	33.65	1.09	0.2527468035384173	no
FOXD3 (MA0041.3)	FOXD3	MA0041.3	AAAYAA	WRNRHAAAYAAWCW	14	11.78	Harlequin-int	WRWRWAAAYAAAHW	yes	366	176	523	33.65	0.64	1.0	no
GATA4 (MA0482.3)	GATA4	MA0482.3	CTTATCT	YCTTATCT	8	10.87	Harlequin-int	SCTTATCT	yes	227	176	523	33.65	1.08	0.3547420046259495	no
Hmx2 (MA0897.2)	Hmx2	MA0897.2	CAATTAA	VAVCAATTAAHVVDD	15	13.97	Harlequin-int	WRKCAATTAWRRSWK	yes	256	176	523	33.65	0.85	1.0	no
Nr2e3 (MA0164.2)	Nr2e3	MA0164.2	AAGCTT	AAGCTT	6	11.74	Harlequin-int	AAGCTT	yes	742	176	523	33.65	0.75	1.0	no
SOX4 (MA0867.3)	SOX4	MA0867.3	ACAAWG	RACAAWGR	8	10.91	Harlequin-int	RACAAAGR	yes	286	176	523	33.65	0.78	1.0	no
Nfatc2 (MA0152.3)	Nfatc2	MA0152.3	TGGAAA	MATGGAAA	8	11.13	Harlequin-int	AVTGGAAA	yes	269	174	523	33.27	0.91	1.0	no
PHOX2A (MA0713.1)	PHOX2A	MA0713.1	AAYYYAATTA	WAAYYYAATTA	11	12.07	Harlequin-int	WWABYTAATTW	yes	340	173	523	33.08	0.82	1.0	no
FIGLA (MA0820.2)	FIGLA	MA0820.2	CACCTG	CACCTG	6	9.49	Harlequin-int	CACCTG	yes	255	172	523	32.89	0.72	1.0	no
FOXO1::FLI1 (MA1956.2)	FOXO1::FLI1	MA1956.2	AACAGGAAG	GWMAACAGGAAGT	13	18.2	Harlequin-int	RWMAACARGAWRK	yes	278	172	523	32.89	0.88	1.0	no
HIC2 (MA0738.2)	HIC2	MA0738.2	TGCCM	RTGCCM	6	7.93	Harlequin-int	ATGCCC	yes	237	172	523	32.89	0.89	1.0	no
HNF1B (MA0153.2)	HNF1B	MA0153.2	GTTAATVATTAA	GTTAATVATTAAY	13	16.24	Harlequin-int	KTWAAWHATTRAY	yes	365	172	523	32.89	0.98	1.0	no
ZEB1 (MA0103.4)	ZEB1	MA0103.4	CACCTG	CACCTG	6	10.59	Harlequin-int	CACCTG	yes	255	172	523	32.89	0.72	1.0	no
RORA (MA0072.2)	RORA	MA0072.2	AWBTAGGTCA	WAWBTAGGTCA	11	16.99	Harlequin-int	AATSTAGGTMA	yes	202	171	523	32.7	0.99	1.0	no
Rarg (MA0859.2)	Rarg	MA0859.2	RGGTCAAAAGGTCA	RRGGTCAAAAGGTCA	15	24.53	Harlequin-int	YRGGWMAAAAGGKYA	yes	208	171	523	32.7	0.95	1.0	no
Stat4 (MA0518.2)	Stat4	MA0518.2	TTCYRRGAA	TTCYRRGAAR	10	13.03	Harlequin-int	TTMYWRGAAA	yes	318	171	523	32.7	0.92	1.0	no
GFI1 (MA0038.3)	GFI1	MA0038.3	AATCACDGC	MAATCACDGCH	11	15.33	Harlequin-int	AAATCASWGYM	yes	200	169	523	32.31	1.13	0.09981753583602786	no
HOXB4 (MA1499.2)	HOXB4	MA1499.2	TMATTA	TMATTA	6	9.9	Harlequin-int	TCATTA	yes	323	169	523	32.31	0.69	1.0	no
HOXC4 (MA1504.2)	HOXC4	MA1504.2	YMATTA	YMATTA	6	9.33	Harlequin-int	TCATTA	yes	323	169	523	32.31	0.69	1.0	no
HOXD4 (MA1507.2)	HOXD4	MA1507.2	YMATTA	YMATTA	6	9.6	Harlequin-int	TCATTA	yes	323	169	523	32.31	0.69	1.0	no
Prdm4 (MA1647.3)	Prdm4	MA1647.3	CTKGAAAC	MCTKGAAACYS	11	13.83	Harlequin-int	MYTTGAAACWR	yes	194	169	523	32.31	0.92	1.0	no
DMRTA1 (MA1707.2)	DMRTA1	MA1707.2	GWTACA	WYGWTACAWH	10	10.5	Harlequin-int	WTGHTACWKT	yes	254	168	523	32.12	1.03	0.8127779938096735	no
HNF4A (MA0114.5)	HNF4A	MA0114.5	CAAAGTCC	CAAAGTCCA	9	12.07	Harlequin-int	YAAAGTCCA	yes	256	168	523	32.12	0.84	1.0	no
HNF4G (MA0484.3)	HNF4G	MA0484.3	CAAAGTCC	CAAAGTCCA	9	12.18	Harlequin-int	YAAAGTCCA	yes	253	167	523	31.93	0.85	1.0	no
ALX3 (MA0634.2)	ALX3	MA0634.2	ATTA	YAATTA	6	7.0	Harlequin-int	TAATTA	yes	630	166	523	31.74	0.79	1.0	no
DRGX (MA1481.2)	DRGX	MA1481.2	AATTA	YAATTA	6	8.96	Harlequin-int	TAATTA	yes	630	166	523	31.74	0.79	1.0	no
EMX1 (MA0612.3)	EMX1	MA0612.3	TAATTA	TAATTA	6	10.24	Harlequin-int	TAATTA	yes	630	166	523	31.74	0.79	1.0	no
EMX2 (MA0886.2)	EMX2	MA0886.2	TAATTA	TAATTA	6	9.87	Harlequin-int	TAATTA	yes	630	166	523	31.74	0.79	1.0	no
EN1 (MA0027.3)	EN1	MA0027.3	AATTA	YAATTA	6	9.09	Harlequin-int	TAATTA	yes	630	166	523	31.74	0.79	1.0	no
EVX1 (MA0887.2)	EVX1	MA0887.2	ATTA	YVATTA	6	7.34	Harlequin-int	TAATTA	yes	630	166	523	31.74	0.79	1.0	no
EVX2 (MA0888.2)	EVX2	MA0888.2	ATTA	YVATTA	6	7.48	Harlequin-int	TAATTA	yes	630	166	523	31.74	0.79	1.0	no
GSX1 (MA0892.2)	GSX1	MA0892.2	ATTA	YMATTA	6	6.04	Harlequin-int	TAATTA	yes	630	166	523	31.74	0.79	1.0	no
HOXA1 (MA1495.2)	HOXA1	MA1495.2	TMATKA	TMATKA	6	8.26	Harlequin-int	TAATTA	yes	630	166	523	31.74	0.79	1.0	no
HOXA2 (MA0900.3)	HOXA2	MA0900.3	TMATTA	TMATTA	6	10.53	Harlequin-int	TAATTA	yes	630	166	523	31.74	0.79	1.0	no
HOXB2 (MA0902.3)	HOXB2	MA0902.3	ATTA	YMATTA	6	9.18	Harlequin-int	TAATTA	yes	630	166	523	31.74	0.79	1.0	no
HOXB3 (MA0903.2)	HOXB3	MA0903.2	ATTA	YMATTA	6	7.43	Harlequin-int	TAATTA	yes	630	166	523	31.74	0.79	1.0	no
HOXB5 (MA0904.3)	HOXB5	MA0904.3	TMATKA	TMATKA	6	9.07	Harlequin-int	TAATTA	yes	630	166	523	31.74	0.79	1.0	no
HOXC8 (MA1505.2)	HOXC8	MA1505.2	YMATKR	YMATKR	6	7.74	Harlequin-int	TAATTA	yes	630	166	523	31.74	0.79	1.0	no
IKZF1 (MA1508.2)	IKZF1	MA1508.2	ACAGGAA	MACAGGAA	8	10.93	Harlequin-int	WACAGGAA	yes	289	166	523	31.74	0.91	1.0	no
ISX (MA0654.2)	ISX	MA0654.2	AATTA	YAATTA	6	10.34	Harlequin-int	TAATTA	yes	630	166	523	31.74	0.79	1.0	no
Lhx4 (MA0704.2)	Lhx4	MA0704.2	ATTA	YMATTA	6	7.99	Harlequin-int	TAATTA	yes	630	166	523	31.74	0.79	1.0	no
Lhx8 (MA0705.2)	Lhx8	MA0705.2	YRATYR	YRATYR	6	8.39	Harlequin-int	TAATTA	yes	630	166	523	31.74	0.79	1.0	no
MIXL1 (MA0662.2)	MIXL1	MA0662.2	AATTA	YAATTA	6	6.97	Harlequin-int	TAATTA	yes	630	166	523	31.74	0.79	1.0	no
MNX1 (MA0707.3)	MNX1	MA0707.3	YRATTA	YRATTA	6	9.01	Harlequin-int	TAATTA	yes	630	166	523	31.74	0.79	1.0	no
NKX6-2 (MA0675.2)	NKX6-2	MA0675.2	ATTA	YMATTA	6	6.79	Harlequin-int	TAATTA	yes	630	166	523	31.74	0.79	1.0	no
PDX1 (MA0132.3)	PDX1	MA0132.3	ATTA	YMATTA	6	9.69	Harlequin-int	TAATTA	yes	630	166	523	31.74	0.79	1.0	no
POU6F1 (MA0628.2)	POU6F1	MA0628.2	TAATTA	TAATTA	6	9.33	Harlequin-int	TAATTA	yes	630	166	523	31.74	0.79	1.0	no
PRRX1 (MA0716.2)	PRRX1	MA0716.2	AATTA	YAATTA	6	8.05	Harlequin-int	TAATTA	yes	630	166	523	31.74	0.79	1.0	no
Shox2 (MA0720.2)	Shox2	MA0720.2	AATTA	YAATTA	6	8.98	Harlequin-int	TAATTA	yes	630	166	523	31.74	0.79	1.0	no
TLX2 (MA1577.2)	TLX2	MA1577.2	AATTA	YAATTA	6	10.34	Harlequin-int	TAATTA	yes	630	166	523	31.74	0.79	1.0	no
UNCX (MA0721.2)	UNCX	MA0721.2	ATTA	YAATTA	6	6.81	Harlequin-int	TAATTA	yes	630	166	523	31.74	0.79	1.0	no
VAX2 (MA0723.3)	VAX2	MA0723.3	ATTA	YMATTA	6	6.87	Harlequin-int	TAATTA	yes	630	166	523	31.74	0.79	1.0	no
Pparg::Rxra (MA0065.3)	Pparg::Rxra	MA0065.3	GDSARAGG	RGGDSARAGGKSA	13	11.19	Harlequin-int	RGGSCARAGGSCM	yes	204	165	523	31.55	0.83	1.0	no
FOXO1::ELK1 (MA1954.2)	FOXO1::ELK1	MA1954.2	AACAGGAAG	RWMAACAGGAAGY	13	15.03	Harlequin-int	MDMAAYAGGAARD	yes	236	164	523	31.36	0.92	1.0	no
SOX9 (MA0077.2)	SOX9	MA0077.2	ATTGT	BYATTGTW	8	8.9	Harlequin-int	CMATTGWT	yes	252	164	523	31.36	1.14	0.08952592446126216	no
Sox11 (MA0869.3)	Sox11	MA0869.3	ACAAAG	GAACAAAG	8	11.47	Harlequin-int	RAACAAAG	yes	274	163	523	31.17	0.77	1.0	no
EOMES (MA0800.2)	EOMES	MA0800.2	ARGTGTGA	ARGTGTGAW	9	11.88	Harlequin-int	RGGTGTGAY	yes	217	161	523	30.78	1.16	0.06382531077165748	no
mix-a (MA0621.2)	mix-a	MA0621.2	TAATTA	YTAATTA	7	12.19	Harlequin-int	YTAATTA	yes	351	161	523	30.78	0.85	1.0	no
SOX18 (MA1563.2)	SOX18	MA1563.2	ACAAT	RACAATDV	8	10.04	Harlequin-int	AACAATTS	yes	214	160	523	30.59	0.88	1.0	no
ZNF157 (MA2331.1)	ZNF157	MA2331.1	AGCARTAYACYT	RGGMCAGCARTAYACYTKYAC	21	23.77	Harlequin-int	ARRRYWSMARTAYACYWWYAV	yes	222	160	523	30.59	1.13	0.14339809918135343	no
ZNF667 (MA1984.2)	ZNF667	MA1984.2	TAMRAGCWCA	KTAMRAGCWCA	11	12.33	Harlequin-int	TTRWRAGCHCA	yes	254	160	523	30.59	0.96	1.0	no
FOXO1::ELK3 (MA1955.2)	FOXO1::ELK3	MA1955.2	MAACAGGAA	RWMAACAGGAAGY	13	15.33	Harlequin-int	RWAAACARGAARW	yes	222	159	523	30.4	0.93	1.0	no
Msgn1 (MA1524.3)	Msgn1	MA1524.3	CAAATGG	RMCAAATGGY	10	14.08	Harlequin-int	RMCAAAWGGT	yes	252	159	523	30.4	0.94	1.0	no
HOXC13 (MA0907.2)	HOXC13	MA0907.2	CTCGTAAA	CTCGTAAAW	9	14.01	Harlequin-int	CTMRTAAAM	yes	243	158	523	30.21	0.96	1.0	no
ZNF418 (MA1980.1)	ZNF418	MA1980.1	GWRGCYAMAAGCA	MRGWRGCYAMAAGCA	15	17.63	Harlequin-int	MRRWRRMHWAAAGMA	yes	205	157	523	30.02	0.73	1.0	no
ETV5::FOXO1 (MA1947.2)	ETV5::FOXO1	MA1947.2	AACAGGA	RWMAACAGGA	10	11.57	Harlequin-int	RWAARCAGGW	yes	214	156	523	29.83	0.92	1.0	no
Gli1 (MA1990.2)	Gli1	MA1990.2	GACCACCCA	RGACCACCCA	10	12.41	Harlequin-int	RGMCCACCCW	yes	190	155	523	29.64	1.17	0.05738654275074289	no
FOXO1::ELF1 (MA1953.2)	FOXO1::ELF1	MA1953.2	AACAGGAA	RWMAACAGGAARY	13	13.43	Harlequin-int	RDMAACARGAARH	yes	251	154	523	29.45	0.82	1.0	no
TBX1 (MA0805.1)	TBX1	MA0805.1	AGGTGTGA	AGGTGTGA	8	12.82	Harlequin-int	RGGTGTGA	yes	215	154	523	29.45	1.11	0.2417300443588041	no
MYF6 (MA0667.1)	MYF6	MA0667.1	AACARCTGTY	AACARCTGTY	10	14.58	Harlequin-int	ARCARYTGYT	yes	363	153	523	29.25	1.09	0.3091582414708875	no
TBX15 (MA0803.1)	TBX15	MA0803.1	AGGTGTGA	AGGTGTGA	8	13.31	Harlequin-int	RGGTGTGA	yes	212	153	523	29.25	1.1	0.2752799578667099	no
TBX4 (MA0806.1)	TBX4	MA0806.1	ARGTGTKA	ARGTGTKA	8	9.89	Harlequin-int	RGGTGTGA	yes	212	153	523	29.25	1.1	0.2752799578667099	no
NR2F2 (MA1111.2)	NR2F2	MA1111.2	AAGGTCA	AAGGTCA	7	10.95	Harlequin-int	AAGGTCA	yes	232	152	523	29.06	1.14	0.12068351984746128	no
Ppara (MA2338.1)	Ppara	MA2338.1	AAGGTC	AAGGTCM	7	10.23	Harlequin-int	AAGGTCA	yes	232	152	523	29.06	1.14	0.12068351984746128	no
HOXD9 (MA0913.3)	HOXD9	MA0913.3	GYMATAAA	GYMATAAAM	9	12.45	Harlequin-int	RYMATAAAA	yes	245	151	523	28.87	0.73	1.0	no
LMX1B (MA0703.3)	LMX1B	MA0703.3	TTAATTA	TTAATTAM	8	13.5	Harlequin-int	YTAATTAH	yes	414	151	523	28.87	0.9	1.0	no
Esrrg (MA0643.2)	Esrrg	MA0643.2	AAGGTCA	YSAAGGTCA	9	12.95	Harlequin-int	KSAAGGTCA	yes	242	150	523	28.68	0.92	1.0	no
Stat5a (MA1624.2)	Stat5a	MA1624.2	TCCWRGAA	TTCCWRGAA	9	12.49	Harlequin-int	TTCYWRGAA	yes	323	150	523	28.68	0.86	1.0	no
ZNF582 (MA1983.2)	ZNF582	MA1983.2	TTACTTGCAGCYVA	YYYBTTACTTGCAGCYVAA	19	22.5	Harlequin-int	YYWMYTRCTWGCWGCYDAM	yes	213	150	523	28.68	0.79	1.0	no
Znf423 (MA0116.1)	Znf423	MA0116.1	SMMCCYWRGGKKKM	RSMMCCYWRGGKKKM	15	17.93	Harlequin-int	RSMMCCYWDGGKKBM	yes	264	150	523	28.68	1.1	0.3026061503097933	no
Hmx3 (MA0898.2)	Hmx3	MA0898.2	CAATTAA	ADCAATTAA	9	12.0	Harlequin-int	RGCAATTAA	yes	219	149	523	28.49	0.86	1.0	no
EBF1 (MA0154.5)	EBF1	MA0154.5	CCCAGGG	KCCCCAGGGRM	11	12.87	Harlequin-int	KYCCCWKGGGM	yes	386	148	523	28.3	1.1	0.3059924639975197	no
MSC (MA0665.1)	MSC	MA0665.1	ACAGCTGTT	RACAGCTGTT	10	14.86	Harlequin-int	WACAGCTGKT	yes	201	148	523	28.3	1.07	0.4615487063923973	no
POU4F2 (MA0683.2)	POU4F2	MA0683.2	TGMATAATTAAT	TGMATAATTAATKAR	15	20.77	Harlequin-int	WSMATWWTTAAWKWH	yes	228	148	523	28.3	0.74	1.0	no
BARX2 (MA1471.2)	BARX2	MA1471.2	WAAYMRTTA	WAAYMRTTA	9	10.02	Harlequin-int	AAAYMRTTA	yes	211	147	523	28.11	0.74	1.0	no
MZF1 (MA0056.3)	MZF1	MA0056.3	ATCCCC	MATCCCCW	8	11.14	Harlequin-int	WATCCCCR	yes	223	147	523	28.11	1.03	0.80069822043766	no
CEBPA (MA0102.5)	CEBPA	MA0102.5	TTKCACAA	RTTKCACAAY	10	12.15	Harlequin-int	ATTGCAMAAW	yes	206	145	523	27.72	0.81	1.0	no
EBF3 (MA1637.2)	EBF3	MA1637.2	CCCMRGGG	CCCMRGGGA	9	11.93	Harlequin-int	CCCMWGGGM	yes	355	145	523	27.72	0.97	1.0	no
Ebf4 (MA2122.1)	Ebf4	MA2122.1	CCCAGGGGA	KYCCCAGGGGA	11	12.75	Harlequin-int	KYCCCWGGGGM	yes	364	145	523	27.72	1.04	0.7731259255825775	no
POU4F1 (MA0790.2)	POU4F1	MA0790.2	TRMATWATTDA	TRMATWATTDAT	12	12.73	Harlequin-int	TNMATWWTTWAT	yes	236	145	523	27.72	0.69	1.0	no
SPIC (MA0687.2)	SPIC	MA0687.2	AWSMGGAAG	RAAWSMGGAAGWM	13	13.16	Harlequin-int	RAAARRGRAARWH	yes	214	145	523	27.72	0.76	1.0	no
INSM1 (MA0155.1)	INSM1	MA0155.1	TGYMWGGGG	TGYMWGGGGKYR	12	14.86	Harlequin-int	KKKCWGGGGYYR	yes	233	144	523	27.53	0.91	1.0	no
NFYB (MA0502.3)	NFYB	MA0502.3	ATTGGCC	YSATTGGCC	9	11.93	Harlequin-int	YCAYTGGCC	yes	196	143	523	27.34	1.09	0.37078031836699726	no
Gfi1B (MA0483.2)	Gfi1B	MA0483.2	AATCWSWG	MAATCWSWGC	10	13.32	Harlequin-int	AAATCASAGY	yes	164	142	523	27.15	0.84	1.0	no
FEZF2 (MA2341.1)	FEZF2	MA2341.1	CCAGCCT	CCCAGCCT	8	10.62	Harlequin-int	MCCAGSCT	yes	246	141	523	26.96	1.06	0.567436193703324	no
NKX2-5 (MA0063.3)	NKX2-5	MA0063.3	CACTCAA	CACTCAA	7	10.21	Harlequin-int	CACTCAA	yes	186	141	523	26.96	0.67	1.0	no
Nr5A2 (MA0505.3)	Nr5A2	MA0505.3	GRCCTTGA	WGRCCTTGA	9	12.5	Harlequin-int	TGRCCTTGR	yes	212	141	523	26.96	0.81	1.0	no
ETV5::FOXI1 (MA1946.2)	ETV5::FOXI1	MA1946.2	GKMAACMGGAWG	GKMAACMGGAWG	12	14.01	Harlequin-int	RKMARYAGGAAG	yes	191	140	523	26.77	0.99	1.0	no
Ebf2 (MA1604.2)	Ebf2	MA1604.2	CCCMRGGGA	CCCMRGGGA	9	12.25	Harlequin-int	CCCMDGGGA	yes	309	140	523	26.77	0.84	1.0	no
ZBTB24 (MA2330.1)	ZBTB24	MA2330.1	CAGGAC	SCCAGGACCY	10	9.69	Harlequin-int	KCCAGGRCCC	yes	207	140	523	26.77	1.1	0.28430220847654514	no
ZNF707 (MA1715.1)	ZNF707	MA1715.1	CCCCACTYCTGGT	CCCCACTYCTGGTMM	15	20.54	Harlequin-int	SCYYACWCCTGSTMD	yes	207	140	523	26.77	0.95	1.0	no
ONECUT1 (MA0679.3)	ONECUT1	MA0679.3	AATCAAT	WAATCAATA	9	13.26	Harlequin-int	ARATCAATR	yes	228	139	523	26.58	0.82	1.0	no
ZNF274 (MA1592.2)	ZNF274	MA1592.2	TGAGTYCTC	YRTGAGTYCTCR	12	16.54	Harlequin-int	YRKGWSTTCTYR	yes	207	139	523	26.58	0.98	1.0	no
NR6A1 (MA1541.2)	NR6A1	MA1541.2	AAGKTCAAG	SAAGKTCAAGKKYR	14	15.4	Harlequin-int	RAWKKTCAAKKWYW	yes	212	138	523	26.39	0.8	1.0	no
THAP1 (MA0597.3)	THAP1	MA0597.3	AGGGCA	SSAGGGCA	8	10.66	Harlequin-int	MCAGGGCA	yes	192	137	523	26.2	0.99	1.0	no
PRDM1 (MA0508.4)	PRDM1	MA0508.4	CTTTCTC	CTTTCTC	7	11.16	Harlequin-int	CTTTCTC	yes	274	135	523	25.81	0.97	1.0	no
TBX3 (MA1566.3)	TBX3	MA1566.3	AGGTGTSA	AGGTGTSAA	9	12.67	Harlequin-int	AGGTGYKAA	yes	175	135	523	25.81	0.8	1.0	no
ARGFX (MA1463.2)	ARGFX	MA1463.2	TAATTA	YTAATTAR	8	11.8	Harlequin-int	DTAATTAA	yes	292	134	523	25.62	0.82	1.0	no
Rarb (MA0858.1)	Rarb	MA0858.1	AGGTCAHVYWRAGGTCA	AGGTCAHVYWRAGGTCA	17	24.8	Harlequin-int	WGSTSAWVBRRRGSTCW	yes	195	134	523	25.62	0.85	1.0	no
ZNF684 (MA1600.2)	ZNF684	MA1600.2	ACAGTCCACCCCWT	ACAGTCCACCCCWT	14	20.04	Harlequin-int	WCASTSCAYCCCTT	yes	190	134	523	25.62	0.88	1.0	no
LHX9 (MA0701.3)	LHX9	MA0701.3	YAATTA	YYAATTA	7	10.86	Harlequin-int	CYAATTA	yes	207	133	523	25.43	0.7	1.0	no
TCF7 (MA0769.3)	TCF7	MA0769.3	CTTTGA	CTTTGAW	7	10.62	Harlequin-int	CTTTGAT	yes	179	133	523	25.43	0.99	1.0	no
TEAD1 (MA0090.4)	TEAD1	MA0090.4	ACATTCCA	ACATTCCAR	9	12.42	Harlequin-int	RMATTCCAS	yes	158	133	523	25.43	0.88	1.0	no
LMX1A (MA0702.3)	LMX1A	MA0702.3	TAATTA	YTAATTA	7	12.26	Harlequin-int	TTAATTA	yes	247	132	523	25.24	0.85	1.0	no
NFATC4 (MA1525.3)	NFATC4	MA1525.3	GGAAA	RYGGAAAMW	9	11.76	Harlequin-int	WTGGAAAMW	yes	193	132	523	25.24	0.69	1.0	no
NKX6-1 (MA0674.2)	NKX6-1	MA0674.2	YMATTA	YMATTAW	7	9.12	Harlequin-int	TAATTAA	yes	247	132	523	25.24	0.85	1.0	no
NR5A1 (MA1540.3)	NR5A1	MA1540.3	TCAAGGYCA	WRYTCAAGGYCA	12	13.51	Harlequin-int	WSKYCAAGGYCA	yes	190	132	523	25.24	0.73	1.0	no
ZBTB18 (MA0698.2)	ZBTB18	MA0698.2	CAGATGT	WKMCAGATGTK	11	15.33	Harlequin-int	DKMCAGRTGTK	yes	173	132	523	25.24	0.91	1.0	no
Tcf21 (MA0832.2)	Tcf21	MA0832.2	AACAGCTGTT	AACAGCTGTT	10	17.47	Harlequin-int	WMCAGCTGKW	yes	266	131	523	25.05	1.13	0.1777600413446295	no
Pgr (MA2323.1)	Pgr	MA2323.1	GRACADWDTGTYC	VRGRACADWDTGTYCTB	17	14.83	Harlequin-int	MWRAAMWWMHTGTKYYD	yes	231	130	523	24.86	0.72	1.0	no
ZNF740 (MA0753.3)	ZNF740	MA0753.3	CCCCCCCC	CCCCCCCCMY	10	14.46	Harlequin-int	CCCMCCCCMY	yes	297	130	523	24.86	1.06	0.6364033205022636	no
HOXD11 (MA0908.2)	HOXD11	MA0908.2	TCGTAAA	RTCGTAAAW	9	12.23	Harlequin-int	RTCRTAAAR	yes	200	129	523	24.67	0.94	1.0	no
MEIS2 (MA1640.2)	MEIS2	MA1640.2	GATTTAT	WGATTTATK	9	11.46	Harlequin-int	TGATTWATR	yes	157	129	523	24.67	0.79	1.0	no
OSR2 (MA1646.2)	OSR2	MA1646.2	CAGAAGC	VCAGAAGC	8	10.19	Harlequin-int	MCAGAAGY	yes	156	129	523	24.67	0.96	1.0	no
TEAD3 (MA0808.1)	TEAD3	MA0808.1	CATTCC	RCATTCCW	8	11.51	Harlequin-int	GCATTCCW	yes	148	129	523	24.67	1.19	0.06058096592051036	no
ZNF549 (MA1728.2)	ZNF549	MA1728.2	GCTGCCC	KGCTGCCC	8	10.98	Harlequin-int	TGCWGCCY	yes	151	129	523	24.67	1.19	0.059532724791856645	no
ERF::HOXB13 (MA1937.2)	ERF::HOXB13	MA1937.2	GGAWRYHRTWA	MGGAWRYHRTWAM	13	11.86	Harlequin-int	AGGAAATWRYAAA	yes	165	128	523	24.47	1.06	0.6017895481845846	no
SOX21 (MA0866.1)	SOX21	MA0866.1	AACAATKKYAKTGTT	AACAATKKYAKTGTT	15	23.37	Harlequin-int	ARCAAWKDYMYTGTT	yes	214	128	523	24.47	0.67	1.0	no
ZSCAN21 (MA2336.1)	ZSCAN21	MA2336.1	AGCACT	MAGCACT	7	9.51	Harlequin-int	AAGCACT	yes	160	127	523	24.28	1.0	1.0	no
TBR1 (MA0802.2)	TBR1	MA0802.2	ARGTGTGA	ARGTGTGAW	9	12.2	Harlequin-int	AGGTGYKAW	yes	170	126	523	24.09	0.74	1.0	no
PITX2 (MA1547.2)	PITX2	MA1547.2	TAATCC	YTAATCCY	8	12.08	Harlequin-int	TTAATCCW	yes	149	125	523	23.9	0.86	1.0	no
RORB (MA1150.2)	RORB	MA1150.2	AWDKRGGTCA	AWDKRGGTCA	10	9.32	Harlequin-int	AWWTRGGYCA	yes	142	125	523	23.9	0.73	1.0	no
SIX2 (MA1119.2)	SIX2	MA1119.2	GWAACCTGA	WGWAACCTGAK	11	12.42	Harlequin-int	KGAAACYTSAT	yes	181	125	523	23.9	0.71	1.0	no
ZNF148 (MA1653.2)	ZNF148	MA1653.2	CCCCTCCC	CCCCTCCCSS	10	13.31	Harlequin-int	CCCCTCCYYC	yes	168	124	523	23.71	1.18	0.07464185376959273	no
FOS (MA0476.2)	FOS	MA0476.2	TGASTCA	TGASTCAY	8	12.99	Harlequin-int	TKAYTCAT	yes	157	123	523	23.52	1.11	0.30430811017025544	no
HOXD12::ELK1 (MA1958.2)	HOXD12::ELK1	MA1958.2	CGGAAGTYGTAAA	CGGAAGTYGTAAA	13	20.57	Harlequin-int	MGRAARTYRTRAA	yes	144	121	523	23.14	0.89	1.0	no
SRY (MA0084.2)	SRY	MA0084.2	ACAA	WWACAAW	7	8.9	Harlequin-int	AAACAAT	yes	144	121	523	23.14	0.65	1.0	no
Rhox11 (MA0629.2)	Rhox11	MA0629.2	GCTGTW	YGCTGTWAW	9	10.89	Harlequin-int	TGSTGTWAA	yes	134	120	523	22.94	1.11	0.3180393041675298	no
ZKSCAN5 (MA1652.2)	ZKSCAN5	MA1652.2	GGARGTGA	GGARGTGAK	9	13.03	Harlequin-int	GGAAGYGAG	yes	148	120	523	22.94	0.87	1.0	no
ZNF320 (MA1976.2)	ZNF320	MA1976.2	GKRGGRBCMRGGGG	GKRGGRBCMRGGGGMMWRKG	20	18.15	Harlequin-int	SKRGGRHMWGRGGKMHWKBY	yes	140	120	523	22.94	1.01	1.0	no
Alx1 (MA0854.2)	Alx1	MA0854.2	TAATTA	YTAATTAR	8	11.94	Harlequin-int	WTAATTAW	yes	322	119	523	22.75	0.71	1.0	no
HOXC10 (MA0905.2)	HOXC10	MA0905.2	TCRTWAA	RTCRTWAAW	9	10.98	Harlequin-int	RTCATWAAW	yes	227	119	523	22.75	0.9	1.0	no
Nr2F6 (MA0728.1)	Nr2F6	MA0728.1	AGGTCAARAGGTCA	RAGGTCAARAGGTCA	15	25.04	Harlequin-int	MRGGTHAMRAGGKCA	yes	141	119	523	22.75	0.71	1.0	no
Rarg (MA0860.1)	Rarg	MA0860.1	AAGGTCAMSRRAGGTCA	AAGGTCAMSRRAGGTCA	17	25.52	Harlequin-int	AAGGTCARKWRARGTCM	yes	157	119	523	22.75	0.82	1.0	no
TEAD4 (MA0809.3)	TEAD4	MA0809.3	CATTCCA	ACATTCCA	8	11.31	Harlequin-int	AMATTCCA	yes	147	119	523	22.75	0.76	1.0	no
ESRRA (MA0592.4)	ESRRA	MA0592.4	CAAGGTCA	YCAAGGTCA	9	12.88	Harlequin-int	YCAAKGKCA	yes	216	118	523	22.56	0.7	1.0	no
MAFF (MA0495.4)	MAFF	MA0495.4	TCAGCA	STCAGCAWWWW	11	12.77	Harlequin-int	GTCAGCAWTWK	yes	154	118	523	22.56	0.74	1.0	no
RXRA::VDR (MA0074.1)	RXRA::VDR	MA0074.1	RGGTCAWNGRGTTC	RGGTCAWNGRGTTCR	15	20.45	Harlequin-int	RGGTYRYKGGGTTWA	yes	140	118	523	22.56	0.92	1.0	no
TAL1::TCF3 (MA0091.2)	TAL1::TCF3	MA0091.2	AMCAKMTG	AMCAKMTGKT	10	13.86	Harlequin-int	WMCAGCTGKW	yes	252	117	523	22.37	0.98	1.0	no
ZNF75D (MA1601.2)	ZNF75D	MA1601.2	GTGGGAAABCCT	GTGGGAAABCCT	12	16.0	Harlequin-int	GKGGRAAAVCYT	yes	160	117	523	22.37	0.7	1.0	no
DUX4 (MA0468.1)	DUX4	MA0468.1	AAYYYAATCA	WAAYYYAATCA	11	15.01	Harlequin-int	HAAMYKMATCA	yes	151	116	523	22.18	0.61	1.0	no
DUXA (MA0884.2)	DUXA	MA0884.2	TRAYTWARTYA	YTRAYTWARTYAR	13	15.36	Harlequin-int	WTRACYWRGTYAW	yes	260	115	523	21.99	0.83	1.0	no
GLIS3 (MA0737.1)	GLIS3	MA0737.1	ACCCCCCACRAMG	KACCCCCCACRAMG	14	21.03	Harlequin-int	GRYCMCCCAYRNWG	yes	138	115	523	21.99	1.05	0.6959527888471212	no
TBX20 (MA0689.1)	TBX20	MA0689.1	AGGTGTGA	WAGGTGTGAWR	11	13.85	Harlequin-int	WRGGTGTRAWR	yes	158	115	523	21.99	0.6	1.0	no
ZNF692 (MA1986.2)	ZNF692	MA1986.2	GGCCCA	RGGCCCAS	8	12.11	Harlequin-int	KGGCCCAC	yes	155	115	523	21.99	1.15	0.1655781011262928	no
Smad4 (MA1153.2)	Smad4	MA1153.2	GTCTRG	YGTCTRG	7	11.47	Harlequin-int	TGTCTRG	yes	137	114	523	21.8	0.73	1.0	no
HOXB9 (MA1503.2)	HOXB9	MA1503.2	TCRTAAA	RTCRTAAAW	9	13.32	Harlequin-int	RTCRTAAAR	yes	167	113	523	21.61	1.07	0.5662904477537243	no
HOXC9 (MA0485.3)	HOXC9	MA0485.3	TCGTAAA	RTCGTAAAW	9	14.17	Harlequin-int	RTCRTAAAR	yes	167	113	523	21.61	1.07	0.5662904477537243	no
Ptf1A (MA1618.2)	Ptf1A	MA1618.2	CAGATG	MCAGATGKB	9	10.82	Harlequin-int	RCAGATGKD	yes	138	113	523	21.61	0.95	1.0	no
Mafb (MA0117.3)	Mafb	MA0117.3	GCTGA	WWWDYGCTGAS	11	11.15	Harlequin-int	MWATTGCTGAC	yes	128	112	523	21.41	0.85	1.0	no
PAX3 (MA0780.1)	PAX3	MA0780.1	AATYRATTA	TAATYRATTA	10	15.43	Harlequin-int	WWATYRATWA	yes	227	111	523	21.22	0.86	1.0	no
REST (MA0138.3)	REST	MA0138.3	CAGSACCWYGGACAG	YCAGSACCWYGGACAGMKSY	20	22.84	Harlequin-int	AARGMASCCTGGACAGSTCC	yes	129	111	523	21.22	1.05	0.753029396350564	no
Hoxa11 (MA0911.2)	Hoxa11	MA0911.2	TCRTWAA	RTCRTWAAW	9	11.1	Harlequin-int	RTCRTAAAR	yes	163	110	523	21.03	1.1	0.4084757388173041	no
NRL (MA0842.3)	NRL	MA0842.3	TGCTGAC	WWWDTGCTGACR	12	14.84	Harlequin-int	MTADTGCTGACM	yes	127	110	523	21.03	0.89	1.0	no
TWIST1 (MA1123.3)	TWIST1	MA1123.3	CAGATG	MCAGATGK	8	11.09	Harlequin-int	VCAGATGY	yes	133	109	523	20.84	0.97	1.0	no
E2F7 (MA0758.1)	E2F7	MA0758.1	TTTCCCGCCAAAW	WTTTCCCGCCAAAW	14	24.2	Harlequin-int	KYTTCCCDCVAAAA	yes	123	108	523	20.65	0.94	1.0	no
Runx1 (MA0002.3)	Runx1	MA0002.3	TGTGG	YTGTGGYYW	9	10.21	Harlequin-int	BTGTGGTYW	yes	158	108	523	20.65	0.62	1.0	no
Six4 (MA2001.2)	Six4	MA2001.2	AACCTGA	AACCTGA	7	9.37	Harlequin-int	AACCTGA	yes	152	108	523	20.65	0.81	1.0	no
VENTX (MA0724.1)	VENTX	MA0724.1	CRATTA	WVCRATTAR	9	11.05	Harlequin-int	ARCAATTAR	yes	134	108	523	20.65	0.77	1.0	no
RUNX3 (MA0684.3)	RUNX3	MA0684.3	ACCWCA	RACCWCAR	8	10.17	Harlequin-int	AACCTCAW	yes	120	107	523	20.46	0.62	1.0	no
JDP2 (MA0655.1)	JDP2	MA0655.1	ATGASTCAT	ATGASTCAT	9	15.1	Harlequin-int	ATGASTYAT	yes	141	106	523	20.27	1.17	0.1352339099550436	no
BCL6 (MA0463.3)	BCL6	MA0463.3	CTKTCKAGGAA	GCTKTCKAGGAAH	13	16.11	Harlequin-int	RMTKTCTWRGAAW	yes	133	105	523	20.08	0.73	1.0	no
ETV5::HOXA2 (MA1948.2)	ETV5::HOXA2	MA1948.2	GGAWGTMRTYA	MGGAWGTMRTYA	12	14.06	Harlequin-int	WGGAMRTSATKA	yes	134	105	523	20.08	1.13	0.2527468035384173	no
NR1H4::RXRA (MA1146.2)	NR1H4::RXRA	MA1146.2	GKTCRWT	RGKTCRWTGACCY	13	12.55	Harlequin-int	AGGYCAYTGRCCT	yes	131	105	523	20.08	0.97	1.0	no
GSX2 (MA0893.3)	GSX2	MA0893.3	ATTA	SYMATTA	7	8.49	Harlequin-int	GTAATTA	yes	161	104	523	19.89	1.0	1.0	no
HOXA3 (MA2119.1)	HOXA3	MA2119.1	TMATTA	STMATTA	7	9.85	Harlequin-int	GTAATTA	yes	161	104	523	19.89	1.0	1.0	no
HOXA6 (MA1497.2)	HOXA6	MA1497.2	ATWA	SYMATWA	7	6.82	Harlequin-int	GTAATTA	yes	161	104	523	19.89	1.0	1.0	no
HOXB1 (MA2093.1)	HOXB1	MA2093.1	TMATTR	STMATTR	7	9.26	Harlequin-int	GTAATTA	yes	161	104	523	19.89	1.0	1.0	no
HOXB7 (MA1501.2)	HOXB7	MA1501.2	GYAATTA	GYAATTA	7	10.19	Harlequin-int	GTAATTA	yes	161	104	523	19.89	1.0	1.0	no
LHX5 (MA1519.2)	LHX5	MA1519.2	YAATTA	SYAATTA	7	10.98	Harlequin-int	GTAATTA	yes	161	104	523	19.89	1.0	1.0	no
MEOX2 (MA0706.2)	MEOX2	MA0706.2	ATYA	STMATYA	7	7.16	Harlequin-int	GTAATTA	yes	161	104	523	19.89	1.0	1.0	no
FOSL1::JUN (MA1128.2)	FOSL1::JUN	MA1128.2	TGACTCA	RTGACTCAY	9	12.09	Harlequin-int	RTGAYTCAT	yes	114	103	523	19.69	0.96	1.0	no
LHX6 (MA0658.2)	LHX6	MA0658.2	TAATTA	YTAATTAR	8	10.56	Harlequin-int	YTAATTAR	yes	230	103	523	19.69	0.85	1.0	no
NR2F6 (MA1539.1)	NR2F6	MA1539.1	AGGTCABTGACCT	RAGGTCABTGACCTY	15	20.55	Harlequin-int	WAGGCCASTGGCCTW	yes	219	103	523	19.69	1.09	0.442394809721944	no
Prdm14 (MA1998.2)	Prdm14	MA1998.2	GTCTCTA	GGTCTCTA	8	10.54	Harlequin-int	GGTCTGTA	yes	138	103	523	19.69	1.01	1.0	no
ZSCAN4 (MA1155.1)	ZSCAN4	MA1155.1	GCACACMCTGWAA	YGCACACMCTGWAAR	15	21.14	Harlequin-int	YRCACACMCWBWHAM	yes	138	103	523	19.69	0.79	1.0	no
DMRTC2 (MA1479.2)	DMRTC2	MA1479.2	GMTACA	WWWTGMTACAW	11	12.05	Harlequin-int	WWTTGMYACAK	yes	175	102	523	19.5	0.64	1.0	no
FOS::JUND (MA1141.2)	FOS::JUND	MA1141.2	TGAGTCA	RTGAGTCAY	9	13.11	Harlequin-int	ATGARTCAY	yes	127	102	523	19.5	0.95	1.0	no
FOSL1 (MA0477.3)	FOSL1	MA0477.3	TGACTCA	RTGACTCAY	9	12.5	Harlequin-int	RTGAYTCAT	yes	132	102	523	19.5	1.03	0.8933630965732572	no
JUNB (MA0490.3)	JUNB	MA0490.3	TGASTCA	RTGASTCAY	9	12.56	Harlequin-int	RTGAYTCAT	yes	133	102	523	19.5	1.05	0.7838140503084479	no
ZNF135 (MA1587.1)	ZNF135	MA1587.1	CTCGACCTCC	YCTCGACCTCCYRR	14	17.94	Harlequin-int	RCYMRRCCTCCDRR	yes	127	102	523	19.5	0.96	1.0	no
BCL6B (MA0731.1)	BCL6B	MA0731.1	TGCTTTCTAGGAATT	TGCTTTCTAGGAATTMM	17	29.81	Harlequin-int	TVYTKTCYAGBRWTYVM	yes	122	101	523	19.31	0.62	1.0	no
CTCFL (MA1102.3)	CTCFL	MA1102.3	AGGGGGC	SAGGGGGC	8	11.68	Harlequin-int	YAGGGGGC	yes	125	101	523	19.31	0.87	1.0	no
FOSL1::JUNB (MA1137.2)	FOSL1::JUNB	MA1137.2	TGASTMA	RTGASTMAY	9	9.03	Harlequin-int	RTGAYTCAT	yes	131	101	523	19.31	1.03	0.8933630965732572	no
Gli2 (MA0734.4)	Gli2	MA0734.4	GACCACCCA	GACCACCCA	9	13.13	Harlequin-int	GMCCACCCW	yes	122	101	523	19.31	0.85	1.0	no
HOXC12 (MA0906.2)	HOXC12	MA0906.2	TCGTAAA	RRTCGTAAAA	10	14.27	Harlequin-int	RRTMRTAAAA	yes	135	101	523	19.31	0.71	1.0	no
ZNF410 (MA0752.2)	ZNF410	MA0752.2	CATCCCATAATA	MCATCCCATAATAHYM	16	24.42	Harlequin-int	MCWKSCCAKAAWARYM	yes	128	101	523	19.31	0.71	1.0	no
CDX2 (MA0465.3)	CDX2	MA0465.3	CAATAAA	GCAATAAA	8	11.12	Harlequin-int	KCAATAAA	yes	139	100	523	19.12	0.47	1.0	no
FOS::JUNB (MA1134.2)	FOS::JUNB	MA1134.2	TGASTCA	RTGASTCAY	9	12.9	Harlequin-int	ATGAVTCAY	yes	131	100	523	19.12	1.09	0.46438065844562026	no
FOSB::JUNB (MA1135.2)	FOSB::JUNB	MA1135.2	TGASTCA	RTGASTCAY	9	12.55	Harlequin-int	RTGAKTCAT	yes	129	100	523	19.12	1.04	0.8127779938096735	no
FOSL2::JUNB (MA1138.2)	FOSL2::JUNB	MA1138.2	TGASTCA	RTGASTCAY	9	12.82	Harlequin-int	RTGAKTCAT	yes	130	100	523	19.12	1.1	0.4301424138017891	no
FOSL2::JUND (MA1144.2)	FOSL2::JUND	MA1144.2	TGASTCA	RTGASTCAY	9	12.78	Harlequin-int	RTGABTCAT	yes	131	100	523	19.12	1.09	0.46438065844562026	no
HOXD10 (MA1506.2)	HOXD10	MA1506.2	TCGTAAA	RGTCGTAAAA	10	14.57	Harlequin-int	RRTCATAAAW	yes	164	100	523	19.12	0.89	1.0	no
ZNF140 (MA1589.2)	ZNF140	MA1589.2	GAGYRGAATTGC	RKGAGYRGAATTGCTRRRB	19	22.45	Harlequin-int	BKGRSYKGAAKTGYWGSVW	yes	118	100	523	19.12	0.7	1.0	no
ZNF16 (MA1654.2)	ZNF16	MA1654.2	GGGAGCCAYKGRRGG	AVKRGGGAGCCAYKGRRGGYK	21	24.56	Harlequin-int	AVKAGGGAGYCAWRRARRGWK	yes	127	100	523	19.12	0.66	1.0	no
Dmbx1 (MA0883.2)	Dmbx1	MA0883.2	GGATTA	RWHMGGATTA	10	11.87	Harlequin-int	AARAGGATTA	yes	107	99	523	18.93	0.92	1.0	no
ZNF214 (MA1975.2)	ZNF214	MA1975.2	ATYAABRKCCT	WMATYAABRKCCT	13	13.43	Harlequin-int	WCAKYAABRWSCT	yes	129	99	523	18.93	0.59	1.0	no
ZNF75A (MA2097.1)	ZNF75A	MA2097.1	TTTTCCCAC	KMTTTTCCCACM	12	16.55	Harlequin-int	DMTTYTCMCACW	yes	123	98	523	18.74	0.59	1.0	no
ESX1 (MA0644.3)	ESX1	MA0644.3	AATTA	YYAATTA	7	9.97	Harlequin-int	CTAATTA	yes	104	97	523	18.55	0.83	1.0	no
FOS::JUN (MA0099.4)	FOS::JUN	MA0099.4	TGASTCA	RTGASTCAY	9	11.64	Harlequin-int	ATGARTCAY	yes	126	97	523	18.55	1.1	0.41701288333458253	no
GBX1 (MA0889.2)	GBX1	MA0889.2	AATTA	SYAATTA	7	10.42	Harlequin-int	CTAATTA	yes	104	97	523	18.55	0.83	1.0	no
LBX1 (MA0618.2)	LBX1	MA0618.2	TAAYWRG	TAAYWRG	7	9.96	Harlequin-int	TAATTAG	yes	104	97	523	18.55	0.83	1.0	no
MEOX1 (MA0661.2)	MEOX1	MA0661.2	TMATTA	STMATTA	7	9.38	Harlequin-int	CTAATTA	yes	104	97	523	18.55	0.83	1.0	no
NOTO (MA0710.2)	NOTO	MA0710.2	MATTA	YWMATTA	7	9.39	Harlequin-int	CTAATTA	yes	104	97	523	18.55	0.83	1.0	no
PRRX2 (MA0075.4)	PRRX2	MA0075.4	AATTA	YYAATTA	7	10.98	Harlequin-int	CTAATTA	yes	104	97	523	18.55	0.83	1.0	no
SIX1 (MA1118.2)	SIX1	MA1118.2	AACCTGA	GWAACCTGA	9	11.47	Harlequin-int	RWAACCTGA	yes	115	97	523	18.55	0.57	1.0	no
VAX1 (MA0722.2)	VAX1	MA0722.2	AAT	YYAATKR	7	6.83	Harlequin-int	CTAATTA	yes	104	97	523	18.55	0.83	1.0	no
VSX1 (MA0725.2)	VSX1	MA0725.2	AATT	YYAATTR	7	8.07	Harlequin-int	CTAATTA	yes	104	97	523	18.55	0.83	1.0	no
VSX2 (MA0726.2)	VSX2	MA0726.2	AATTA	YTAATTA	7	9.16	Harlequin-int	CTAATTA	yes	104	97	523	18.55	0.83	1.0	no
ZNF675 (MA1714.2)	ZNF675	MA1714.2	GRGGMYARAAYG	KGVHYVRGRGGMYARAAYG	19	16.87	Harlequin-int	DDDHHRRGWKGMMWAAAWG	yes	121	97	523	18.55	0.57	1.0	no
FOSL2::JUN (MA1130.2)	FOSL2::JUN	MA1130.2	TGASTCA	RTGASTCAY	9	12.03	Harlequin-int	RTGAWTCAY	yes	195	96	523	18.36	1.1	0.42147931188806775	no
NFIB (MA1643.2)	NFIB	MA1643.2	TGGCWYDRWGCCA	YYTGGCWYDRWGCCARR	17	18.75	Harlequin-int	YTKGGCASWSTGCCMAR	yes	190	96	523	18.36	0.92	1.0	no
TBX21 (MA0690.3)	TBX21	MA0690.3	TCACACCT	TTCACACCTY	10	13.36	Harlequin-int	WTCACACCTD	yes	110	96	523	18.36	0.58	1.0	no
Ptf1A (MA1620.2)	Ptf1A	MA1620.2	CACCTG	RCACCTGY	8	10.84	Harlequin-int	ACACCTGK	yes	113	95	523	18.16	0.77	1.0	no
NR2C2 (MA0504.2)	NR2C2	MA0504.2	GGTCARAGGKCR	RRGGTCARAGGKCR	14	16.16	Harlequin-int	GRKGKSAGAGKKBA	yes	115	94	523	17.97	0.62	1.0	no
ZNF770 (MA2099.1)	ZNF770	MA2099.1	CRGCCTC	CRGCCTCM	8	11.56	Harlequin-int	YRGCCTCM	yes	123	93	523	17.78	0.99	1.0	no
HOXD12 (MA0873.2)	HOXD12	MA0873.2	TCGTAAA	RRTCGTAAAW	10	13.94	Harlequin-int	RVTCATAAAA	yes	128	92	523	17.59	0.97	1.0	no
KLF16 (MA0741.1)	KLF16	MA0741.1	CMCRCCCMC	VMCMCRCCCMC	11	13.16	Harlequin-int	SCCMCVCCCCC	yes	130	92	523	17.59	0.87	1.0	no
Nfe2l2 (MA0150.3)	Nfe2l2	MA0150.3	TGASTCAGCA	RTGASTCAGCA	11	15.19	Harlequin-int	RTKAYTCWGSA	yes	121	92	523	17.59	0.77	1.0	no
Wt1 (MA1627.2)	Wt1	MA1627.2	CTCCCCC	MCTCCCCCRC	10	13.02	Harlequin-int	CCTCCCCCWS	yes	99	92	523	17.59	0.82	1.0	no
FOXH1 (MA0479.2)	FOXH1	MA0479.2	AATMCACA	AATMCACA	8	13.37	Harlequin-int	AATMCACA	yes	104	91	523	17.4	0.49	1.0	no
NR1I2 (MA1533.2)	NR1I2	MA1533.2	GMMCYSVDYGMAC	YGMMCYSVDYGMACY	15	14.35	Harlequin-int	TGRACTSWBYRMACY	yes	121	91	523	17.4	0.84	1.0	no
ZNF143 (MA0088.2)	ZNF143	MA0088.2	CCCAYRATGCA	YWCCCAYRATGCAYYR	16	22.06	Harlequin-int	YWMCCAKRATHCMWSY	yes	101	91	523	17.4	0.71	1.0	no
PAX4 (MA0068.2)	PAX4	MA0068.2	AATT	YKAATTMR	8	9.47	Harlequin-int	YTAATTAV	yes	138	89	523	17.02	0.93	1.0	no
PPARG (MA0066.2)	PPARG	MA0066.2	TRGGTCANBDTSACCYA	TRGGTCANBDTSACCYANW	19	20.07	Harlequin-int	WRGKTSAHWBKBWMYHMDW	yes	143	89	523	17.02	0.61	1.0	no
SCRT2 (MA0744.3)	SCRT2	MA0744.3	CAACAGGT	KCAACAGGTK	10	12.64	Harlequin-int	KCAACAGGTT	yes	104	89	523	17.02	0.57	1.0	no
ETV5::DRGX (MA1944.2)	ETV5::DRGX	MA1944.2	GGAWGYRRT	MGGAWGYRRTYA	12	13.17	Harlequin-int	AGGMWGYARTKR	yes	112	88	523	16.83	0.74	1.0	no
RFX5 (MA0510.3)	RFX5	MA0510.3	GTTRCYATRGYAAC	GTTRCYATRGYAAC	14	20.16	Harlequin-int	GKTRYYWTRRYAMC	yes	163	88	523	16.83	0.89	1.0	no
ZNF528 (MA1597.1)	ZNF528	MA1597.1	AGGGAAGYCATTYC	YBMAGGGAAGYCATTYC	17	21.85	Harlequin-int	BHMWGGDARGVMATTKM	yes	108	88	523	16.83	0.59	1.0	no
ZSCAN16 (MA2100.1)	ZSCAN16	MA2100.1	AKTGTTAACAGAGCCTC	VAKTGTTAACAGAGCCTC	18	31.01	Harlequin-int	HWDWKTYRMCARAGYMTS	yes	105	88	523	16.83	0.62	1.0	no
GCM2 (MA0767.2)	GCM2	MA0767.2	TGCGGG	ATGCGGGY	8	10.75	Harlequin-int	ATGGGGGT	yes	96	87	523	16.63	1.18	0.1655781011262928	no
MEIS3 (MA0775.2)	MEIS3	MA0775.2	TGACA	DTGACAB	7	8.85	Harlequin-int	TTGACAG	yes	92	86	523	16.44	0.71	1.0	no
Sox5 (MA0087.3)	Sox5	MA0087.3	AACAATG	AACAATGS	8	11.45	Harlequin-int	AACAAWGS	yes	106	86	523	16.44	0.44	1.0	no
ZIC5 (MA1584.2)	ZIC5	MA1584.2	ACCCCCCGCYGHG	KACCCCCCGCYGHGM	15	18.97	Harlequin-int	KMCYCCCYRYNGDGR	yes	96	86	523	16.44	1.1	0.45537901110275497	no
ATOH7 (MA1468.1)	ATOH7	MA1468.1	CATMTG	RVCATMTGKY	10	10.83	Harlequin-int	AHCATMTGKY	yes	95	85	523	16.25	0.9	1.0	no
Atf3 (MA1988.2)	Atf3	MA1988.2	TGACTCA	TGACTCA	7	10.41	Harlequin-int	TGACTCA	yes	109	85	523	16.25	0.89	1.0	no
BATF (MA1634.2)	BATF	MA1634.2	TGACTCA	TGACTCA	7	10.48	Harlequin-int	TGACTCA	yes	109	85	523	16.25	0.89	1.0	no
BATF3 (MA0835.3)	BATF3	MA0835.3	TGACTCA	TGACTCA	7	11.0	Harlequin-int	TGACTCA	yes	109	85	523	16.25	0.89	1.0	no
BATF::JUN (MA0462.3)	BATF::JUN	MA0462.3	TGACTCA	TGACTCA	7	10.68	Harlequin-int	TGASTCA	yes	218	85	523	16.25	0.89	1.0	no
BNC2 (MA1928.2)	BNC2	MA1928.2	TGAGTCA	TGAGTCA	7	10.41	Harlequin-int	TGAGTCA	yes	109	85	523	16.25	0.89	1.0	no
NFIX (MA1528.2)	NFIX	MA1528.2	TGGCDBBDTGCCA	HTGGCDBBDTGCCA	14	15.65	Harlequin-int	TKGGCASWSTGCCM	yes	145	85	523	16.25	0.97	1.0	no
RARA (MA0729.1)	RARA	MA0729.1	RAGGTCAWAAGGTCA	RAGGTCAWAAGGTCAWKK	18	28.14	Harlequin-int	WARRWSAWAAGGTCAMKY	yes	96	85	523	16.25	0.5	1.0	no
RARA (MA0730.1)	RARA	MA0730.1	AGGTCAHBYWRAGGTCA	AGGTCAHBYWRAGGTCA	17	22.77	Harlequin-int	RGGYCAWHYRMRGKTYA	yes	101	85	523	16.25	0.55	1.0	no
SP8 (MA0747.2)	SP8	MA0747.2	CACKCCC	MCACKCCCMYY	11	11.85	Harlequin-int	CCMCBCCCMCH	yes	129	85	523	16.25	0.77	1.0	no
Hic1 (MA0739.2)	Hic1	MA0739.2	TGCCA	RTGCCARS	8	9.38	Harlequin-int	GTGCCAMC	yes	97	84	523	16.06	0.81	1.0	no
MAFG::NFE2L1 (MA0089.3)	MAFG::NFE2L1	MA0089.3	ATGACTCAGCA	ATGACTCAGCA	11	17.14	Harlequin-int	AWGACTCWGSW	yes	101	84	523	16.06	0.72	1.0	no
PAX6 (MA0069.1)	PAX6	MA0069.1	TYACGCWTSA	TTYACGCWTSAVTK	14	13.8	Harlequin-int	TYCAYGCATSRBTK	yes	100	84	523	16.06	0.72	1.0	no
SCRT1 (MA0743.3)	SCRT1	MA0743.3	CAACAGGT	KCAACAGGTK	10	13.21	Harlequin-int	KCWACAGGTK	yes	97	84	523	16.06	0.52	1.0	no
NFIC (MA1527.2)	NFIC	MA1527.2	TGGCDBVVTGCCA	YTGGCDBVVTGCCAR	15	18.24	Harlequin-int	TKGGCWVHBTGCMAR	yes	136	83	523	15.87	0.81	1.0	no
Nkx3-2 (MA0122.4)	Nkx3-2	MA0122.4	CACTTA	WWMCACTTAW	10	11.89	Harlequin-int	WDMCACTTAW	yes	92	83	523	15.87	0.45	1.0	no
PKNOX2 (MA0783.1)	PKNOX2	MA0783.1	TGACAGSTGTCA	TGACAGSTGTCA	12	21.22	Harlequin-int	TGRBAKSTGWCA	yes	102	83	523	15.87	0.74	1.0	no
RARA::RXRA (MA0159.1)	RARA::RXRA	MA0159.1	RGKTCABVVRSVGKKSA	RGKTCABVVRSVGKKSA	17	16.0	Harlequin-int	RGSTSAWVVRSAGKTYW	yes	101	83	523	15.87	0.58	1.0	no
BARHL1 (MA0877.4)	BARHL1	MA0877.4	CGTTTA	CGTTTA	6	9.71	Harlequin-int	CGTTTA	yes	104	82	523	15.68	0.87	1.0	no
BARHL2 (MA0635.2)	BARHL2	MA0635.2	TAAWYG	TAAWYG	6	8.03	Harlequin-int	TAAACG	yes	104	82	523	15.68	0.87	1.0	no
TBX2 (MA0688.2)	TBX2	MA0688.2	GTGTBA	RRGTGTBAW	9	9.99	Harlequin-int	AGGTGTKAH	yes	93	82	523	15.68	0.48	1.0	no
Lhx1 (MA1518.3)	Lhx1	MA1518.3	TAATTA	KYTAATTARM	10	10.67	Harlequin-int	KKTAATTARR	yes	144	81	523	15.49	0.78	1.0	no
NFIC::TLX1 (MA0119.1)	NFIC::TLX1	MA0119.1	TGGCASSRHGCCAA	TGGCASSRHGCCAA	14	19.66	Harlequin-int	KKGCASWBWGCCMA	yes	133	81	523	15.49	0.73	1.0	no
TGIF1 (MA0796.1)	TGIF1	MA0796.1	TGACAGCTGTCA	TGACAGCTGTCA	12	22.28	Harlequin-int	TGACAKRTSTMA	yes	128	81	523	15.49	0.84	1.0	no
ZNF417 (MA1727.2)	ZNF417	MA1727.2	GGCGCCA	GGCGCCA	7	13.0	Harlequin-int	GGTGCCA	yes	85	81	523	15.49	0.86	1.0	no
MAFK (MA0496.4)	MAFK	MA0496.4	TGACTCAGC	MTGACTCAGC	10	12.21	Harlequin-int	HWGACTCAGS	yes	98	80	523	15.3	0.77	1.0	no
POU6F2 (MA0793.2)	POU6F2	MA0793.2	CTMATTA	DSCTMATTA	9	11.43	Harlequin-int	BMCTMATTA	yes	90	80	523	15.3	0.53	1.0	no
Prdm5 (MA1999.2)	Prdm5	MA1999.2	TCTCC	GYTCTCCAKYY	11	11.37	Harlequin-int	KTTCTCMMTCT	yes	87	80	523	15.3	0.56	1.0	no
RFX7 (MA1554.2)	RFX7	MA1554.2	GTTRC	SGTTRCYR	8	9.11	Harlequin-int	SGTTGCTR	yes	108	80	523	15.3	1.06	0.728187322212891	no
ESRRB (MA0141.4)	ESRRB	MA0141.4	CAAGGTCA	TCAAGGTCAW	10	16.19	Harlequin-int	YCAAGGKCAW	yes	97	79	523	15.11	0.48	1.0	no
Hoxd13 (MA0909.4)	Hoxd13	MA0909.4	CAATAA	CAATAAM	7	12.05	Harlequin-int	CAATAAA	yes	93	79	523	15.11	0.47	1.0	no
KLF14 (MA0740.2)	KLF14	MA0740.2	GGGCGKG	KGGGCGKGR	9	13.41	Harlequin-int	GGGGYGGGR	yes	89	79	523	15.11	0.91	1.0	no
NR2F1 (MA0017.3)	NR2F1	MA0017.3	RGGTCA	WRRGGTCAHVVG	12	13.15	Harlequin-int	WAAGGTCAVWYK	yes	105	79	523	15.11	0.49	1.0	no
Bach1::Mafk (MA0591.2)	Bach1::Mafk	MA0591.2	TGACTCAGCA	SRTGACTCAGCA	12	17.83	Harlequin-int	RRWGASWCAGCW	yes	86	78	523	14.91	0.78	1.0	no
ETV7 (MA1708.2)	ETV7	MA1708.2	GGAAR	SMGGAARTR	9	10.94	Harlequin-int	SWGGAAGTG	yes	84	78	523	14.91	0.88	1.0	no
NKX6-3 (MA1530.2)	NKX6-3	MA1530.2	YCATTA	SYCATTAW	8	10.4	Harlequin-int	GTCATTAA	yes	108	78	523	14.91	0.54	1.0	no
TFAP4::FLI1 (MA1967.2)	TFAP4::FLI1	MA1967.2	CGGAAACAGCTG	RSCGGAAACAGCTG	14	21.02	Harlequin-int	DVMVKAARCAGCTG	yes	86	78	523	14.91	0.71	1.0	no
Vdr (MA0693.4)	Vdr	MA0693.4	AGTTCA	RAGTTCA	7	9.62	Harlequin-int	GAGTTCA	yes	105	78	523	14.91	0.81	1.0	no
ATF2 (MA1632.2)	ATF2	MA1632.2	ATGABGTCA	ATGABGTCAY	10	13.71	Harlequin-int	ATGAKGTCWT	yes	94	76	523	14.53	0.8	1.0	no
GATA1::TAL1 (MA0140.3)	GATA1::TAL1	MA0140.3	TATCWBBVHVVHVCA	TTATCWBBVHVVHVCAS	17	14.2	Harlequin-int	YTATCWRWVWWWWVCAS	yes	83	76	523	14.53	0.56	1.0	no
Nkx3-1 (MA0124.3)	Nkx3-1	MA0124.3	CACTTA	SCACTTA	7	10.83	Harlequin-int	CCACTTA	yes	81	76	523	14.53	0.66	1.0	no
RORA (MA0071.1)	RORA	MA0071.1	AGGTCA	WWVDAGGTCA	10	13.19	Harlequin-int	WAVDRGGTCA	yes	85	76	523	14.53	0.45	1.0	no
SP4 (MA0685.2)	SP4	MA0685.2	GGGMGGRG	KGGGMGGRG	9	14.12	Harlequin-int	RGGGMGKRG	yes	85	76	523	14.53	0.74	1.0	no
ZBTB7B (MA0694.2)	ZBTB7B	MA0694.2	CGACCMCC	CGACCMCCRW	10	13.49	Harlequin-int	MRMCCMCCVA	yes	88	76	523	14.53	0.91	1.0	no
KLF1 (MA0493.3)	KLF1	MA0493.3	GGGYGKGG	GGGYGKGG	8	12.93	Harlequin-int	GGGWGKGG	yes	84	75	523	14.34	0.7	1.0	no
ZNF85 (MA1720.2)	ZNF85	MA1720.2	AGATTMCWKC	RAGATTMCWKCA	12	15.12	Harlequin-int	RAGATTVCWRYR	yes	95	75	523	14.34	0.54	1.0	no
CEBPG (MA1636.2)	CEBPG	MA1636.2	TGATGCAA	RTGATGCAAT	10	13.3	Harlequin-int	RTKATGMAAY	yes	81	74	523	14.15	0.52	1.0	no
ETV6 (MA0645.2)	ETV6	MA0645.2	GGAAGT	SMGGAAGTR	9	12.18	Harlequin-int	SWGGAAGTG	yes	81	74	523	14.15	0.95	1.0	no
FOXF2 (MA0030.2)	FOXF2	MA0030.2	RTAAACA	SRTAAACAW	9	13.79	Harlequin-int	MRTAAACAD	yes	80	74	523	14.15	0.42	1.0	no
KLF5 (MA0599.1)	KLF5	MA0599.1	CCMCRCCC	BCCMCRCCCH	10	12.86	Harlequin-int	SCCMCRCCCM	yes	82	74	523	14.15	0.61	1.0	no
NFKB1 (MA0105.4)	NFKB1	MA0105.4	GGGGAWTCCCC	MGGGGAWTCCCCK	13	20.52	Harlequin-int	AGGGKWWWMCCCT	yes	154	74	523	14.15	0.87	1.0	no
PAX3 (MA1546.2)	PAX3	MA1546.2	GTCACGSYHRTT	SGTCACGSYHRTTA	14	14.65	Harlequin-int	TTTTATGGTTATTA	yes	79	74	523	14.15	1.19	0.19872967371452102	no
ZKSCAN1 (MA1585.2)	ZKSCAN1	MA1585.2	AGTAGG	AYAGTAGGY	9	13.27	Harlequin-int	HYAGTAGGY	yes	96	74	523	14.15	0.56	1.0	no
ZNF574 (MA1982.2)	ZNF574	MA1982.2	CYAGAGMGKC	KSCYAGAGMGKCSS	14	15.33	Harlequin-int	RRCYAGAGWGGCMC	yes	84	74	523	14.15	0.88	1.0	no
EN2 (MA0642.3)	EN2	MA0642.3	YMATTA	SYMATTA	7	9.06	Harlequin-int	CCAATTA	yes	103	73	523	13.96	0.57	1.0	no
MAF::NFE2 (MA0501.2)	MAF::NFE2	MA0501.2	TGACTCAGCA	RTGACTCAGCA	11	16.71	Harlequin-int	RTGACWCWGSA	yes	79	73	523	13.96	0.65	1.0	no
SNAI3 (MA1559.2)	SNAI3	MA1559.2	CAGGTG	RCAGGTGYR	9	13.21	Harlequin-int	RCAGGTGHR	yes	78	73	523	13.96	0.55	1.0	no
ZNF784 (MA1717.2)	ZNF784	MA1717.2	ACYTACC	ACYTACCK	8	11.81	Harlequin-int	ACCTACCW	yes	75	73	523	13.96	0.65	1.0	no
Zic1::Zic2 (MA1628.2)	Zic1::Zic2	MA1628.2	CAGCAGG	CAGCAGG	7	11.53	Harlequin-int	CAGCAGG	yes	87	73	523	13.96	0.75	1.0	no
Zic3 (MA0697.3)	Zic3	MA0697.3	CAGCAGG	CAGCAGG	7	10.63	Harlequin-int	CAGCAGG	yes	87	73	523	13.96	0.75	1.0	no
ZSCAN31 (MA1722.2)	ZSCAN31	MA1722.2	CATAAYTGCCCTGC	KCATAAYTGCCCTGCKDC	18	24.71	Harlequin-int	RYATWAWRGSYCTGCWWM	yes	89	72	523	13.77	0.73	1.0	no
Alx4 (MA0853.2)	Alx4	MA0853.2	TAATTA	VSHDYTAATTAR	12	13.12	Harlequin-int	YBTYTTAATTAR	yes	99	71	523	13.58	0.49	1.0	no
ZBTB11 (MA2329.1)	ZBTB11	MA2329.1	ACTTCCGG	CACTTCCGG	9	12.52	Harlequin-int	CRCTTCCKG	yes	79	71	523	13.58	1.07	0.7258813165896574	no
ETV2::DRGX (MA1940.2)	ETV2::DRGX	MA1940.2	CGGAWRYRATTA	CGGAWRYRATTA	12	14.02	Harlequin-int	RGGAAMYWATTW	yes	89	70	523	13.38	0.65	1.0	no
HOXA4 (MA1496.2)	HOXA4	MA1496.2	YMATTA	RYMATTA	7	8.05	Harlequin-int	GTCATTA	yes	94	70	523	13.38	0.86	1.0	no
RORC (MA1151.2)	RORC	MA1151.2	AWBTRGGKCA	AWBTRGGKCA	10	9.77	Harlequin-int	AWWTRGGYCA	yes	74	70	523	13.38	0.43	1.0	no
SP9 (MA1564.2)	SP9	MA1564.2	CGCCC	MCMCGCCCMY	10	11.27	Harlequin-int	CCMCVCCCCC	yes	96	70	523	13.38	1.22	0.1499756120317241	no
KLF4 (MA0039.5)	KLF4	MA0039.5	CCCCACCC	CCCCACCC	8	10.8	Harlequin-int	CCCCRCCC	yes	76	69	523	13.19	0.58	1.0	no
RFX2 (MA0600.3)	RFX2	MA0600.3	GTTRCCATGGYAAC	GTTRCCATGGYAAC	14	19.91	Harlequin-int	GTTRYYATRRYAMC	yes	140	69	523	13.19	0.83	1.0	no
SRF (MA0083.3)	SRF	MA0083.3	CCATATAWGG	WKMCCATATAWGGKMW	16	20.98	Harlequin-int	TKHCYATRYATRGDMW	yes	116	69	523	13.19	0.66	1.0	no
Rfx6 (MA1724.2)	Rfx6	MA1724.2	CMTAGCAA	CMTAGCAAC	9	11.62	Harlequin-int	CMTAGCARC	yes	81	68	523	13.0	0.5	1.0	no
ZNF547 (MA2334.1)	ZNF547	MA2334.1	GCTAATGCWRC	TGCTAATGCWRCM	13	16.8	Harlequin-int	TGCTWATGCWRCW	yes	77	68	523	13.0	0.48	1.0	no
BACH2 (MA1101.3)	BACH2	MA1101.3	ATGASTCAT	MATGASTCATS	11	16.36	Harlequin-int	VATGASYCAYY	yes	90	67	523	12.81	1.07	0.728187322212891	no
HOXA5 (MA0158.2)	HOXA5	MA0158.2	YMATTA	SYMATTAS	8	10.17	Harlequin-int	STAATTAS	yes	134	67	523	12.81	0.75	1.0	no
MYOD1 (MA0499.3)	MYOD1	MA0499.3	CASCTGT	SCASCTGTY	9	11.64	Harlequin-int	KCASCTGTY	yes	77	67	523	12.81	0.51	1.0	no
SNAI2 (MA0745.3)	SNAI2	MA0745.3	CACCTGT	RCACCTGT	8	12.6	Harlequin-int	WCACCTGT	yes	71	67	523	12.81	0.53	1.0	no
Mafg (MA0659.4)	Mafg	MA0659.4	TGASTCAGC	GMTGASTCAGCW	12	14.56	Harlequin-int	GMWGASTCAGCW	yes	84	66	523	12.62	0.67	1.0	no
PGR (MA2327.1)	PGR	MA2327.1	ACABDVTGT	ACABDVTGT	9	10.2	Harlequin-int	ACAKWMTGT	yes	137	66	523	12.62	0.71	1.0	no
TBX18 (MA1565.2)	TBX18	MA1565.2	GGTGKGA	RGGTGKGAR	9	10.79	Harlequin-int	AGGTGTGAH	yes	74	66	523	12.62	0.42	1.0	no
FOSL1::JUND (MA1142.2)	FOSL1::JUND	MA1142.2	TGASKMA	RTGASKMA	8	7.28	Harlequin-int	ATGAYTCA	yes	75	65	523	12.43	0.63	1.0	no
RFX1 (MA0509.3)	RFX1	MA0509.3	GTTGCCATGGYAAC	SGTTGCCATGGYAACS	16	23.1	Harlequin-int	WGKTRYYATRRYAMCW	yes	117	65	523	12.43	0.91	1.0	no
ZNF76 (MA1716.2)	ZNF76	MA1716.2	CCCAYMATGCMHYRC	WCCCAYMATGCMHYRCR	17	18.79	Harlequin-int	WCCCAVARTYCMRCWSS	yes	74	65	523	12.43	0.6	1.0	no
KLF10 (MA1511.2)	KLF10	MA1511.2	GGGGCGKGG	GGGGCGKGG	9	13.84	Harlequin-int	GGGGYGGGG	yes	72	64	523	12.24	0.76	1.0	no
MSANTD3 (MA1523.2)	MSANTD3	MA1523.2	ACTC	YACTCAM	7	8.36	Harlequin-int	CACTCAC	yes	71	64	523	12.24	0.81	1.0	no
RARA::RXRG (MA1149.2)	RARA::RXRG	MA1149.2	GGTCAHNBDVRGG	RGGTCAHNBDVRGGKYR	17	13.12	Harlequin-int	RGGYYAWHHRVRGKYYW	yes	69	63	523	12.05	0.46	1.0	no
RUNX2 (MA0511.2)	RUNX2	MA0511.2	ACCRCA	WRACCRCAR	9	11.55	Harlequin-int	AAACCACAM	yes	71	63	523	12.05	0.6	1.0	no
SP3 (MA0746.3)	SP3	MA0746.3	CCACGCCC	RCCACGCCCMY	11	14.67	Harlequin-int	VCCMCDCCCMC	yes	64	62	523	11.85	0.89	1.0	no
Sox1 (MA0870.1)	Sox1	MA0870.1	ACAATWVCATTGT	MACAATWVCATTGTY	15	20.93	Harlequin-int	VMCAAWDVYAKTGHH	yes	81	62	523	11.85	0.42	1.0	no
ZBTB12 (MA1649.2)	ZBTB12	MA1649.2	CTRGAAC	CTRGAAC	7	10.02	Harlequin-int	CTGGAAC	yes	65	62	523	11.85	0.63	1.0	no
ZBTB6 (MA1581.2)	ZBTB6	MA1581.2	CTKGAGCC	SCTKGAGCC	9	11.91	Harlequin-int	VCTTGAGCM	yes	75	62	523	11.85	0.48	1.0	no
Dux (MA0611.3)	Dux	MA0611.3	GATTBAATCA	WGATTBAATCA	11	16.28	Harlequin-int	DGATTBAATCW	yes	91	61	523	11.66	0.45	1.0	no
MYOG (MA0500.3)	MYOG	MA0500.3	CAGCTG	RCAGCTGY	8	11.6	Harlequin-int	SCAGCTGS	yes	136	61	523	11.66	0.98	1.0	no
ONECUT2 (MA0756.3)	ONECUT2	MA0756.3	GATCRATA	GATCRATA	8	12.47	Harlequin-int	GATCRATA	yes	73	60	523	11.47	0.71	1.0	no
SP1 (MA0079.5)	SP1	MA0079.5	GGGGMGGRG	GGGGMGGRG	9	14.32	Harlequin-int	GGGGMGGRR	yes	72	60	523	11.47	0.78	1.0	no
TFAP4 (MA1570.1)	TFAP4	MA1570.1	CAYRTG	RHCAYRTGKY	10	10.48	Harlequin-int	AYCATATGRT	yes	125	60	523	11.47	0.73	1.0	no
JUN (MA0488.2)	JUN	MA0488.2	ATGAKGTMA	ATGAKGTMAT	10	14.71	Harlequin-int	MTGAKGHMAY	yes	74	59	523	11.28	0.61	1.0	no
TCF21 (MA1568.2)	TCF21	MA1568.2	CATATG	RSCATATGKY	10	11.6	Harlequin-int	AYCATATGRT	yes	115	59	523	11.28	0.91	1.0	no
ZNF331 (MA1726.2)	ZNF331	MA1726.2	GCWGAGC	WGCWGAGCMH	10	13.01	Harlequin-int	RGCAGAGCCT	yes	69	59	523	11.28	0.53	1.0	no
OLIG2 (MA0678.1)	OLIG2	MA0678.1	CATATG	AMCATATGKY	10	12.95	Harlequin-int	AWCATATGKT	yes	71	58	523	11.09	0.71	1.0	no
ASCL1 (MA1100.3)	ASCL1	MA1100.3	CASSTG	RCASSTGY	8	9.3	Harlequin-int	GCAGCTGS	yes	81	57	523	10.9	0.87	1.0	no
Atoh1 (MA0461.3)	Atoh1	MA0461.3	CATATG	RMCATATG	8	10.81	Harlequin-int	RMCATATG	yes	67	57	523	10.9	0.74	1.0	no
ETV3 (MA0763.2)	ETV3	MA0763.2	CGGAART	RCCGGAART	9	11.46	Harlequin-int	ACCGGAART	yes	65	57	523	10.9	0.95	1.0	no
Isl1 (MA1608.2)	Isl1	MA1608.2	CCATTA	CCATTAR	7	9.98	Harlequin-int	CCATTAG	yes	60	57	523	10.9	0.59	1.0	no
NR3C2 (MA0727.2)	NR3C2	MA0727.2	GWACAYDRTGTWC	RGWACAYDRTGTWCY	15	18.77	Harlequin-int	KGAACWHWRTGTKCC	yes	88	57	523	10.9	0.79	1.0	no
HSF4 (MA0771.1)	HSF4	MA0771.1	TCYRGAABVTTC	WTCYRGAABVTTC	13	13.63	Harlequin-int	TWCTRGMAYATTC	yes	59	56	523	10.71	0.5	1.0	no
KLF2 (MA1515.2)	KLF2	MA1515.2	CMCRCCC	MCMCRCCC	8	9.7	Harlequin-int	CCMCRCCC	yes	59	56	523	10.71	0.86	1.0	no
NFYA (MA0060.4)	NFYA	MA0060.4	CCAATCA	CCAATCAS	8	11.55	Harlequin-int	CCAATCAS	yes	61	56	523	10.71	0.44	1.0	no
FLI1 (MA0475.3)	FLI1	MA0475.3	CCGGAA	ACCGGAARY	9	13.16	Harlequin-int	ACMGGAART	yes	65	55	523	10.52	1.0	1.0	no
RXRB (MA0855.1)	RXRB	MA0855.1	RGGTCAAAGGTCA	RRGGTCAAAGGTCA	14	23.11	Harlequin-int	DRGKTMAAAGKKYA	yes	64	55	523	10.52	0.29	1.0	no
THRA (MA1969.2)	THRA	MA1969.2	TGWCCTCABDTGACCT	STGWCCTCABDTGACCTY	18	19.89	Harlequin-int	VTGWCCTSAHVTRRCCTB	yes	61	55	523	10.52	0.42	1.0	no
DMRT3 (MA0610.2)	DMRT3	MA0610.2	TGTAWC	TGTAWCM	7	10.51	Harlequin-int	TGTATCM	yes	60	54	523	10.33	0.44	1.0	no
FEV (MA0156.4)	FEV	MA0156.4	ACCGGAAGT	ACCGGAAGT	9	14.41	Harlequin-int	ACCGGAART	yes	62	54	523	10.33	1.16	0.38307127184777023	no
HSF1 (MA0486.2)	HSF1	MA0486.2	TTCYMGAAYVTTC	TTCYMGAAYVTTC	13	18.74	Harlequin-int	YTMYVGAAWWTTC	yes	57	54	523	10.33	0.44	1.0	no
SREBF1 (MA0829.3)	SREBF1	MA0829.3	TCACSTGA	RTCACSTGAY	10	13.3	Harlequin-int	RTSACCTSAY	yes	59	54	523	10.33	0.64	1.0	no
KLF7 (MA1959.2)	KLF7	MA1959.2	GGGCGKKG	GGGCGKKG	8	12.48	Harlequin-int	GGGYGGGG	yes	60	53	523	10.13	0.98	1.0	no
RFX3 (MA0798.3)	RFX3	MA0798.3	GTTRCCATGGCAAC	SGTTRCCATGGCAACS	16	23.18	Harlequin-int	WGKTRYYATRRYAMCW	yes	91	53	523	10.13	0.78	1.0	no
TFAP4::ETV1 (MA1966.2)	TFAP4::ETV1	MA1966.2	GGAWRCASSTG	SCGGAWRCASSTG	13	14.49	Harlequin-int	SMGGAAGCAKRKG	yes	55	53	523	10.13	0.84	1.0	no
ELK1::HOXB13 (MA1932.2)	ELK1::HOXB13	MA1932.2	CCGGAAGTHRTWA	RCCGGAAGTHRTWAM	15	18.9	Harlequin-int	RCMGGAARWYVTRRR	yes	61	51	523	9.75	0.65	1.0	no
PPARD (MA1550.2)	PPARD	MA1550.2	GGTCAAAGGTCA	RRGGTCAAAGGTCA	14	20.05	Harlequin-int	RRGKTVAAAGKKYA	yes	58	51	523	9.75	0.27	1.0	no
RELB (MA1117.2)	RELB	MA1117.2	ATTCCCC	ATTCCCC	7	9.77	Harlequin-int	ATTCCCC	yes	58	51	523	9.75	0.55	1.0	no
SP2 (MA0516.3)	SP2	MA0516.3	GGGCGGG	GGGGCGGGR	9	13.51	Harlequin-int	GGGGMGGRR	yes	58	51	523	9.75	0.74	1.0	no
TGIF2 (MA0797.1)	TGIF2	MA0797.1	TGACAGSTGTCA	TGACAGSTGTCA	12	18.38	Harlequin-int	TGASAKSTGTCA	yes	69	51	523	9.75	0.56	1.0	no
BHLHE22 (MA0818.2)	BHLHE22	MA0818.2	AMCATATG	AMCATATGKY	10	13.4	Harlequin-int	AMCATATGWT	yes	61	50	523	9.56	0.93	1.0	no
NKX2-8 (MA0673.2)	NKX2-8	MA0673.2	CACTY	VCACTYSW	8	8.9	Harlequin-int	SCACTTVA	yes	52	50	523	9.56	0.31	1.0	no
SOX8 (MA0868.3)	SOX8	MA0868.3	ACAAT	RACAATR	7	9.58	Harlequin-int	AACAATG	yes	56	50	523	9.56	0.38	1.0	no
TBX19 (MA0804.2)	TBX19	MA0804.2	TMRCACVTRBGTGYKA	TMRCACVTRBGTGYKAH	17	16.98	Harlequin-int	TMDCAMVTASKTGHKAR	yes	79	50	523	9.56	0.63	1.0	no
Arx (MA0874.2)	Arx	MA0874.2	TAATTA	MRYTAATTAR	10	12.83	Harlequin-int	HVTTAATTAA	yes	81	49	523	9.37	0.3	1.0	no
DPRX (MA1480.2)	DPRX	MA1480.2	TMATC	VGMTMATCY	9	10.39	Harlequin-int	AGMTWATCY	yes	58	49	523	9.37	0.47	1.0	no
NR1H2::RXRA (MA0115.1)	NR1H2::RXRA	MA0115.1	AGGTCAAAGGTCA	MRAGGTCAAAGGTCAAS	17	27.88	Harlequin-int	MRRGKTMAAARGNYWDB	yes	54	49	523	9.37	0.26	1.0	no
Nr2f6 (MA0677.2)	Nr2f6	MA0677.2	GGTCAAAGGTCA	RGGTCAAAGGTCA	13	18.03	Harlequin-int	RGKTMAAAGGKCA	yes	53	49	523	9.37	0.28	1.0	no
OSR1 (MA1542.2)	OSR1	MA1542.2	GCTACYG	GCTACYGT	8	12.23	Harlequin-int	RCTACTGT	yes	57	49	523	9.37	0.6	1.0	no
SOX13 (MA1120.2)	SOX13	MA1120.2	ACAATG	ACAATGR	7	9.99	Harlequin-int	ACAATGG	yes	54	49	523	9.37	0.46	1.0	no
SOX2 (MA0143.5)	SOX2	MA0143.5	ACAATG	ACAATGR	7	9.81	Harlequin-int	ACAATGG	yes	54	49	523	9.37	0.46	1.0	no
Sox3 (MA0514.3)	Sox3	MA0514.3	ACAATG	ACAATGR	7	10.02	Harlequin-int	ACAATGG	yes	54	49	523	9.37	0.46	1.0	no
CUX2 (MA0755.2)	CUX2	MA0755.2	ATCRAT	WRATCRATH	9	11.54	Harlequin-int	WRATCRATW	yes	58	48	523	9.18	0.54	1.0	no
ERF::FIGLA (MA1934.2)	ERF::FIGLA	MA1934.2	MGGAWRCASSTG	SMGGAWRCASSTG	13	17.99	Harlequin-int	SWGGAWSMASSTK	yes	54	48	523	9.18	0.59	1.0	no
GCM1 (MA0646.2)	GCM1	MA0646.2	TGCGGGT	ATGCGGGTRS	10	12.91	Harlequin-int	RTRCKGGYAC	yes	53	48	523	9.18	0.79	1.0	no
NKX2-3 (MA0672.2)	NKX2-3	MA0672.2	CACTT	SCACTTRW	8	10.64	Harlequin-int	CCACTTRA	yes	52	48	523	9.18	0.3	1.0	no
RXRG (MA0856.1)	RXRG	MA0856.1	RGGTCAAAGGTCA	RRGGTCAAAGGTCA	14	22.33	Harlequin-int	DRGKTHARAGKTYA	yes	55	48	523	9.18	0.25	1.0	no
KLF11 (MA1512.2)	KLF11	MA1512.2	CACRCCC	MCACRCCCMC	10	13.13	Harlequin-int	CCMCRCCCMC	yes	50	47	523	8.99	0.64	1.0	no
NKX2-4 (MA2003.2)	NKX2-4	MA2003.2	CACTYSA	SCACTYSA	8	8.99	Harlequin-int	CCACTTVA	yes	49	47	523	8.99	0.33	1.0	no
NR4A2::RXRA (MA1147.2)	NR4A2::RXRA	MA1147.2	GGYCRWTGACC	RGGYCRWTGACCY	13	14.02	Harlequin-int	RGGYCWWTSAMCY	yes	62	47	523	8.99	0.46	1.0	no
NFYC (MA1644.2)	NFYC	MA1644.2	CCAATCA	CCAATCA	7	10.05	Harlequin-int	CCAATCA	yes	49	46	523	8.8	0.44	1.0	no
EGR3 (MA0732.2)	EGR3	MA0732.2	CGCCCMCGCA	MCGCCCMCGCA	11	17.69	Harlequin-int	MCNCCCMCVCW	yes	53	45	523	8.6	1.18	0.38003098282536296	no
CUX1 (MA0754.3)	CUX1	MA0754.3	AATCRAT	YAATCRATA	9	12.28	Harlequin-int	WRATCRATA	yes	49	44	523	8.41	0.48	1.0	no
FLI1::DRGX (MA1949.2)	FLI1::DRGX	MA1949.2	CGGAWRYMAT	RYCGGAWRYMATYR	14	14.14	Harlequin-int	RYAGGAASYAATTM	yes	53	44	523	8.41	0.46	1.0	no
HOXB2::ELK1 (MA1957.1)	HOXB2::ELK1	MA1957.1	CGGAAGTMRT	RSCGGAAGTMRTYA	14	17.19	Harlequin-int	MCCRGAAGTHRTYW	yes	48	44	523	8.41	0.54	1.0	no
TBXT (MA0009.2)	TBXT	MA0009.2	TMRCACVTABGTGYKA	TMRCACVTABGTGYKA	16	18.96	Harlequin-int	TMDCAMSTWSKTGHDA	yes	75	44	523	8.41	0.65	1.0	no
ZNF343 (MA1711.2)	ZNF343	MA1711.2	GCTTCMCSDCGG	VYGCTTCMCSDCGGYM	16	19.26	Harlequin-int	MYGCTTCMYCRMGRSA	yes	44	44	523	8.41	0.6	1.0	no
BACH1 (MA1633.2)	BACH1	MA1633.2	ATGACTCA	ATGACTCAY	9	14.11	Harlequin-int	WTGAHTCAT	yes	57	42	523	8.03	0.4	1.0	no
ERF::SREBF2 (MA1939.2)	ERF::SREBF2	MA1939.2	CGGAWRTCACGTGA	SCGGAWRTCACGTGAY	16	20.8	Harlequin-int	MWGGAARTVASSTGWY	yes	50	42	523	8.03	0.69	1.0	no
FOS::JUN (MA1126.2)	FOS::JUN	MA1126.2	TKRCRTCA	RTKRCRTCAY	10	9.66	Harlequin-int	RTBRCSTCAT	yes	55	41	523	7.84	0.92	1.0	no
TGIF2LX (MA1571.1)	TGIF2LX	MA1571.1	GACASSTGTC	TGACASSTGTCA	12	13.93	Harlequin-int	TGASAYRTSTCA	yes	82	41	523	7.84	0.73	1.0	no
JUND (MA0492.2)	JUND	MA0492.2	ATGAYGTMA	RATGAYGTMAT	11	14.69	Harlequin-int	RATGABSYMAY	yes	49	40	523	7.65	0.42	1.0	no
Rxra (MA0512.2)	Rxra	MA0512.2	GGTCAAAGGTCA	RRGGTCAAAGGTCA	14	22.65	Harlequin-int	VRGKTMAAAKKKYA	yes	45	40	523	7.65	0.22	1.0	no
TEF (MA0843.2)	TEF	MA0843.2	TTACRTAA	RTTACRTAAY	10	14.4	Harlequin-int	ATTAYATAAT	yes	61	40	523	7.65	0.53	1.0	no
ZNF708 (MA1730.2)	ZNF708	MA1730.2	GCTGTRCCT	GCTGTRCCT	9	14.0	Harlequin-int	KCTGTDCST	yes	43	40	523	7.65	0.37	1.0	no
RXRG (MA1556.1)	RXRG	MA1556.1	GGTCAYGACC	RRGGTCAYGACCYY	14	17.92	Harlequin-int	RAGGTCAYRMNCTY	yes	44	39	523	7.46	0.48	1.0	no
MYBL2 (MA0777.1)	MYBL2	MA0777.1	CCGTTWAAC	RRCCGTTWAACBGYY	15	16.77	Harlequin-int	ADMMGKTAAACWBYT	yes	45	38	523	7.27	0.66	1.0	no
TGIF2LY (MA1572.1)	TGIF2LY	MA1572.1	GACASSTGTC	YGACASSTGTCR	12	12.6	Harlequin-int	TGASAYRTSTCA	yes	78	38	523	7.27	0.69	1.0	no
Zbtb2 (MA2340.1)	Zbtb2	MA2340.1	CCGGAAG	ACCGGAAGYS	10	10.8	Harlequin-int	ACMGGAAGYG	yes	41	38	523	7.27	0.88	1.0	no
MAX::MYC (MA0059.2)	MAX::MYC	MA0059.2	CACGTGG	RSCACGTGGY	10	13.95	Harlequin-int	RSCAYGTGGH	yes	50	37	523	7.07	0.95	1.0	no
NR2F1 (MA1537.2)	NR2F1	MA1537.2	GGTCAAAGGTCA	RGGTCAAAGGTCA	13	20.09	Harlequin-int	RGDTBADRGGYYM	yes	38	37	523	7.07	0.22	1.0	no
Ar (MA0007.4)	Ar	MA0007.4	RGWACAYVRTGTWC	RRGWACAYVRTGTWCY	16	18.51	Harlequin-int	RRGRACWNWRWGTKCC	yes	56	36	523	6.88	0.49	1.0	no
IRF6 (MA1509.1)	IRF6	MA1509.1	CCGAAACT	RCCGAAACT	9	14.1	Harlequin-int	ACSRAAACW	yes	37	36	523	6.88	0.62	1.0	no
KLF6 (MA1517.2)	KLF6	MA1517.2	ACRCCC	MMACRCCCH	9	11.16	Harlequin-int	CCMCRCCCM	yes	37	36	523	6.88	0.5	1.0	no
POU6F1 (MA1549.2)	POU6F1	MA1549.2	TAATGA	TAATGAK	7	10.45	Harlequin-int	TAATGAG	yes	37	36	523	6.88	0.36	1.0	no
ZBTB17 (MA2102.1)	ZBTB17	MA2102.1	ATCGAT	RATCGATY	8	9.73	Harlequin-int	MATCRATK	yes	60	36	523	6.88	0.59	1.0	no
ASCL1 (MA1631.2)	ASCL1	MA1631.2	CACCTGC	VCACCTGCY	9	11.73	Harlequin-int	VCASCTGCY	yes	50	35	523	6.69	0.29	1.0	no
DBP (MA0639.2)	DBP	MA0639.2	TTAYRTAA	RTTAYRTAAY	10	13.67	Harlequin-int	ATTAYATAAT	yes	67	35	523	6.69	0.53	1.0	no
GATA5 (MA0766.3)	GATA5	MA0766.3	GATAA	WGATAASR	8	11.27	Harlequin-int	AGATAAGA	yes	37	35	523	6.69	0.3	1.0	no
HES6 (MA1493.1)	HES6	MA1493.1	GGCACGTGT	GGCACGTGTY	10	14.15	Harlequin-int	GGCACRTGTW	yes	35	35	523	6.69	0.86	1.0	no
KLF12 (MA0742.2)	KLF12	MA0742.2	GGGCGKGG	KGGGCGKGG	9	14.29	Harlequin-int	DGGGMGGGG	yes	35	35	523	6.69	0.6	1.0	no
KLF3 (MA1516.2)	KLF3	MA1516.2	CCRCGCCC	RRCCRCGCCC	10	14.09	Harlequin-int	BRCCACRCCC	yes	37	35	523	6.69	0.63	1.0	no
CREB1 (MA0018.5)	CREB1	MA0018.5	TGAYGTCA	TGAYGTCA	8	11.22	Harlequin-int	TGATGTCA	yes	37	34	523	6.5	0.3	1.0	no
RFX4 (MA0799.3)	RFX4	MA0799.3	GTTGCYWRGCAAC	GTTGCYWRGCAAC	13	20.01	Harlequin-int	GTYKCYWAGSAAC	yes	47	34	523	6.5	0.5	1.0	no
THRB (MA1574.2)	THRB	MA1574.2	GGTCARAGGT	RGGTCARAGGTYR	13	15.81	Harlequin-int	RKKTYARRGGTYR	yes	39	34	523	6.5	0.2	1.0	no
E2F3 (MA0469.4)	E2F3	MA0469.4	WTTTGGCGCCAAAW	WTTTGGCGCCAAAW	14	20.78	Harlequin-int	WWWTGGYRCCAWWW	yes	71	33	523	6.31	0.78	1.0	no
E2F8 (MA0865.3)	E2F8	MA0865.3	CCCGCSA	YWCCCGCSA	9	10.59	Harlequin-int	YTCCCGCVA	yes	37	33	523	6.31	1.24	0.3443763284272158	no
ETV2::FIGLA (MA1941.2)	ETV2::FIGLA	MA1941.2	GGAARCAGSTG	SCGGAARCAGSTG	13	15.34	Harlequin-int	VMGGAWRMAGSTG	yes	35	33	523	6.31	0.42	1.0	no
HSF2 (MA0770.1)	HSF2	MA0770.1	TTCTRGAABDTTC	TTCTRGAABDTTC	13	17.22	Harlequin-int	YTCYRGAADWTTC	yes	40	33	523	6.31	0.25	1.0	no
PAX2 (MA0067.3)	PAX2	MA0067.3	AVYSRWGCGTGAC	BYAVYSRWGCGTGACS	16	16.99	Harlequin-int	KYRSYCAWGCRTGRMV	yes	36	33	523	6.31	1.11	0.7258813165896574	no
SOX15 (MA1152.2)	SOX15	MA1152.2	TTGT	YYWTTGT	7	9.03	Harlequin-int	CTATTGT	yes	35	33	523	6.31	0.33	1.0	no
Arnt (MA0004.1)	Arnt	MA0004.1	CACGTG	CACGTG	6	10.99	Harlequin-int	CACGTG	yes	62	31	523	5.93	1.04	0.9974231142167211	no
MAX (MA0058.4)	MAX	MA0058.4	CACGTG	CACGTG	6	10.9	Harlequin-int	CACGTG	yes	62	31	523	5.93	1.04	0.9974231142167211	no
MNT (MA0825.2)	MNT	MA0825.2	CACGTG	CACGTG	6	10.76	Harlequin-int	CACGTG	yes	62	31	523	5.93	1.04	0.9974231142167211	no
Mlxip (MA0622.2)	Mlxip	MA0622.2	CACGTG	CACGTG	6	12.0	Harlequin-int	CACGTG	yes	62	31	523	5.93	1.04	0.9974231142167211	no
OLIG3 (MA0827.1)	OLIG3	MA0827.1	CATATG	RMCATATGBY	10	11.44	Harlequin-int	AMCATMTGKY	yes	43	31	523	5.93	0.34	1.0	no
SOX14 (MA1562.2)	SOX14	MA1562.2	GAACAAT	YGAACAATK	9	12.5	Harlequin-int	BGAACAATK	yes	32	31	523	5.93	0.23	1.0	no
FOSL1::JUND (MA1143.2)	FOSL1::JUND	MA1143.2	TGAC	RTGACKYMW	9	7.13	Harlequin-int	ATGACDWMA	yes	31	30	523	5.74	0.46	1.0	no
JUN::JUNB (MA1132.2)	JUN::JUNB	MA1132.2	TGACKMA	RTGACKMA	8	9.31	Harlequin-int	VTGACTCA	yes	31	30	523	5.74	0.31	1.0	no
NR3C1 (MA0113.4)	NR3C1	MA0113.4	GWACAYDRTGTWC	RGWACAYDRTGTWCY	15	18.94	Harlequin-int	RRRACAHWDWGTYYY	yes	51	30	523	5.74	0.42	1.0	no
Nkx2-1 (MA1994.2)	Nkx2-1	MA1994.2	CACTTGA	CACTTGA	7	10.76	Harlequin-int	CACTTGA	yes	30	30	523	5.74	0.25	1.0	no
MYC (MA0147.4)	MYC	MA0147.4	CACGTG	CCACGTGS	8	10.98	Harlequin-int	MCACGTGC	yes	29	29	523	5.54	1.55	0.054212774933419645	no
THRB (MA1575.2)	THRB	MA1575.2	TGWCCTBRHYVAGGWCA	TGWCCTBRHYVAGGWCA	17	17.66	Harlequin-int	KRDCCTSVHBVAGGHYR	yes	56	29	523	5.54	0.37	1.0	no
EGR2 (MA0472.2)	EGR2	MA0472.2	CGCCCACGC	MCGCCCACGCR	11	15.29	Harlequin-int	MCKYCCACGYA	yes	29	28	523	5.35	1.27	0.3345978396625768	no
ZNF524 (MA2096.1)	ZNF524	MA2096.1	TCGVACCC	YTCGVACCC	9	12.14	Harlequin-int	MTCGVACCC	yes	30	28	523	5.35	0.37	1.0	no
CEBPG (MA0838.1)	CEBPG	MA0838.1	TTRCGCAA	RTTRCGCAAY	10	14.66	Harlequin-int	ATTACVCAAY	yes	28	27	523	5.16	0.38	1.0	no
ELK1::HOXA1 (MA1931.1)	ELK1::HOXA1	MA1931.1	CGGAAG	WSCGGAAGTMAKTW	14	17.39	Harlequin-int	HCMGGAAGKMAKWW	yes	28	27	523	5.16	0.35	1.0	no
FERD3L (MA1485.1)	FERD3L	MA1485.1	GYRMCAGCTGYYRC	GYRMCAGCTGYYRC	14	18.06	Harlequin-int	RHRSCASCTGHKRC	yes	31	27	523	5.16	0.43	1.0	no
FOSL2::JUN (MA1131.2)	FOSL2::JUN	MA1131.2	TGACGTMA	RTGACGTMAY	10	12.96	Harlequin-int	RTGACRTMAK	yes	32	27	523	5.16	0.49	1.0	no
RARG (MA1553.2)	RARG	MA1553.2	GKTCATGACC	RGKTCATGACCYY	13	15.67	Harlequin-int	AGGDYATGMCCTT	yes	33	27	523	5.16	0.32	1.0	no
RXRB (MA1555.1)	RXRB	MA1555.1	GGTCRTGACC	RRGGTCRTGACCYY	14	16.32	Harlequin-int	BRKKTYATGAMCYH	yes	34	27	523	5.16	0.34	1.0	no
NEUROG2 (MA0669.1)	NEUROG2	MA0669.1	CATATGYY	RMCATATGYY	10	14.5	Harlequin-int	AMCADATGKY	yes	33	26	523	4.97	0.27	1.0	no
TCF4 (MA0830.3)	TCF4	MA0830.3	CACCTG	SCACCTGS	8	10.6	Harlequin-int	NCACCTGC	yes	30	26	523	4.97	0.23	1.0	no
MAF (MA1520.2)	MAF	MA1520.2	GCTKASWMAGC	TGCTKASWMAGCR	13	12.49	Harlequin-int	TGCWKWVWMAGCA	yes	49	25	523	4.78	0.34	1.0	no
PAX5 (MA0014.4)	PAX5	MA0014.4	GCGTGAC	GCGTGACC	8	10.61	Harlequin-int	SCGTGACC	yes	26	25	523	4.78	0.89	1.0	no
SOX12 (MA1561.2)	SOX12	MA1561.2	CGAACAA	MMCGAACAAY	10	13.27	Harlequin-int	MMHRAACAAW	yes	27	25	523	4.78	0.2	1.0	no
Zfp961 (MA2126.1)	Zfp961	MA2126.1	GGGCGCCA	GGGCGCCA	8	12.38	Harlequin-int	GGGTGCCA	yes	27	25	523	4.78	0.65	1.0	no
BHLHA15 (MA0607.2)	BHLHA15	MA0607.2	CATATG	RMCATATGKY	10	13.73	Harlequin-int	RMCAKMTGKY	yes	50	24	523	4.59	0.41	1.0	no
NR2F1 (MA1538.1)	NR2F1	MA1538.1	GGTCRBTGACC	RRGGTCRBTGACCYY	15	18.39	Harlequin-int	RRGGTMAHTKACCYY	yes	36	24	523	4.59	0.26	1.0	no
RARB (MA1552.2)	RARB	MA1552.2	GGTCRTGACC	RRGGTCRTGACCY	13	15.86	Harlequin-int	RAGKKYATRRCCT	yes	29	24	523	4.59	0.31	1.0	no
Atf1 (MA0604.1)	Atf1	MA0604.1	TGACG	RTGACGYR	8	10.52	Harlequin-int	RTGACGYR	yes	23	23	523	4.4	1.0	1.0	no
CREB3L4 (MA1474.2)	CREB3L4	MA1474.2	CACGT	KMCACGTSRY	10	10.67	Harlequin-int	KCCACGTCAH	yes	25	23	523	4.4	0.9	1.0	no
KLF15 (MA1513.2)	KLF15	MA1513.2	CCCGCCC	SCCCGCCC	8	13.64	Harlequin-int	YCCCGCCC	yes	25	23	523	4.4	1.21	0.5169172065065241	no
TEAD2 (MA1121.2)	TEAD2	MA1121.2	ACATTCC	ACATTCC	7	10.52	Harlequin-int	ACATTCC	yes	23	23	523	4.4	0.26	1.0	no
USF1 (MA0093.4)	USF1	MA0093.4	CAYGTGA	GYCAYGTGAY	10	12.85	Harlequin-int	GKCAKGTGRM	yes	26	23	523	4.4	0.29	1.0	no
MAFA (MA1521.2)	MAFA	MA1521.2	GCTGMSKCAGC	YGCTGMSKCAGCR	13	12.21	Harlequin-int	WGCTBMSKCWGCW	yes	44	22	523	4.21	0.38	1.0	no
CREB3L4 (MA1475.2)	CREB3L4	MA1475.2	TSACGTSA	RTSACGTSA	9	10.62	Harlequin-int	VTSACGTSA	yes	34	21	523	4.02	0.9	1.0	no
CREM (MA0609.3)	CREM	MA0609.3	TGACGTCA	RTGACGTCAY	10	11.5	Harlequin-int	RTGACSTCAY	yes	39	21	523	4.02	0.72	1.0	no
Creb5 (MA0840.2)	Creb5	MA0840.2	ATGACGTCA	ATGACGTCAY	10	16.13	Harlequin-int	ATGACRTCAY	yes	26	20	523	3.82	0.54	1.0	no
OTX2 (MA0712.3)	OTX2	MA0712.3	GGATTA	RGGATTA	7	10.35	Harlequin-int	GGGATTA	yes	22	20	523	3.82	0.22	1.0	no
SNAI1 (MA1558.2)	SNAI1	MA1558.2	CAGGTG	RCAGGTG	7	10.72	Harlequin-int	GCAGGTG	yes	24	20	523	3.82	0.26	1.0	no
TCF12 (MA1648.2)	TCF12	MA1648.2	CACCTGC	CACCTGC	7	9.53	Harlequin-int	CACCTGC	yes	24	20	523	3.82	0.26	1.0	no
TCF3 (MA0522.4)	TCF3	MA0522.4	CACCTGC	CACCTGC	7	10.11	Harlequin-int	CACCTGC	yes	24	20	523	3.82	0.26	1.0	no
CEBPB (MA0466.4)	CEBPB	MA0466.4	TTGCGCAA	RTTGCGCAAY	10	16.12	Harlequin-int	RTTRYRYAAY	yes	38	19	523	3.63	0.47	1.0	no
CEBPE (MA0837.3)	CEBPE	MA0837.3	TTGCGCAA	RTTGCGCAAY	10	15.87	Harlequin-int	RTTRYRYAAY	yes	38	19	523	3.63	0.39	1.0	no
FOS (MA1951.2)	FOS	MA1951.2	TGACGTCAT	BRTGACGTCATMR	13	17.34	Harlequin-int	DRTGAYRTSATHV	yes	25	19	523	3.63	0.54	1.0	no
USF2 (MA0526.5)	USF2	MA0526.5	TCACGTGA	RTCACGTGAY	10	16.05	Harlequin-int	RYCACGKGRY	yes	30	19	523	3.63	1.2	0.6065432737836431	no
ARNT2 (MA1464.2)	ARNT2	MA1464.2	CACGTG	RWCACGTG	8	12.19	Harlequin-int	GYCACGTG	yes	18	18	523	3.44	0.88	1.0	no
FOSL2::JUND (MA1145.2)	FOSL2::JUND	MA1145.2	TKACGTCA	RTKACGTCAY	10	12.85	Harlequin-int	RTSACRTCAY	yes	30	18	523	3.44	0.35	1.0	no
ZNF610 (MA1713.2)	ZNF610	MA1713.2	GCCGCTCC	SVGCCGCTCC	10	13.57	Harlequin-int	VHGCCGCTCC	yes	18	18	523	3.44	1.1	0.8849420559747174	no
ATF7 (MA0834.2)	ATF7	MA0834.2	ATGACGTCAY	ATGACGTCAY	10	16.97	Harlequin-int	ATGACGTSAY	yes	23	17	523	3.25	0.57	1.0	no
CREB3L1 (MA0839.2)	CREB3L1	MA0839.2	GCCACGTCA	YGCCACGTCABCR	13	17.19	Harlequin-int	TGCCACGTSMDSW	yes	17	17	523	3.25	0.44	1.0	no
XBP1 (MA0844.2)	XBP1	MA0844.2	CACGTCA	KMCACGTCAKY	11	14.75	Harlequin-int	KHCACGTCABK	yes	17	17	523	3.25	0.8	1.0	no
ATF6 (MA1466.2)	ATF6	MA1466.2	TGACGTGGC	YKRTGACGTGGCR	13	19.07	Harlequin-int	VMRTGACGTGDMW	yes	16	16	523	3.06	0.5	1.0	no
FOSB::JUN (MA1127.1)	FOSB::JUN	MA1127.1	TGACGTMA	RRTGACGTMAY	11	12.84	Harlequin-int	RATGACRTSAY	yes	27	16	523	3.06	0.34	1.0	no
FOSL2::JUNB (MA1139.2)	FOSL2::JUNB	MA1139.2	TGACGTCA	RTGACGTCAY	10	13.38	Harlequin-int	RTGACGTCAY	yes	34	16	523	3.06	0.54	1.0	no
Foxn1 (MA1684.1)	Foxn1	MA1684.1	GAMGC	RGAMGC	6	9.5	Harlequin-int	GGACGC	yes	16	16	523	3.06	0.39	1.0	no
JDP2 (MA0656.2)	JDP2	MA0656.2	ATGACGTCA	ATGACGTCAY	10	17.16	Harlequin-int	ATGAYRTCAY	yes	24	16	523	3.06	0.36	1.0	no
JUN::JUNB (MA1133.2)	JUN::JUNB	MA1133.2	TKACGTCA	KRTKACGTCAK	11	11.0	Harlequin-int	TRTKABGTCAK	yes	18	16	523	3.06	0.35	1.0	no
CREB3 (MA0638.2)	CREB3	MA0638.2	CACGTCA	YKMCACGTCAYH	12	15.31	Harlequin-int	DKMCACGTCABN	yes	15	15	523	2.87	0.56	1.0	no
E2F6 (MA0471.3)	E2F6	MA0471.3	GGCGGGA	GGCGGGAA	8	11.28	Harlequin-int	GGMGGGAR	yes	16	15	523	2.87	0.19	1.0	no
FOSB::JUNB (MA1136.1)	FOSB::JUNB	MA1136.1	TKACGTCA	RTKACGTCAY	10	11.16	Harlequin-int	RTSACGTCAT	yes	28	15	523	2.87	0.51	1.0	no
Gmeb1 (MA0615.2)	Gmeb1	MA0615.2	RCGY	KRCGYM	6	7.22	Harlequin-int	TACGTA	yes	30	15	523	2.87	0.5	1.0	no
JUNB (MA1140.3)	JUNB	MA1140.3	ATGACGTCA	ATGACGTCAYS	11	17.54	Harlequin-int	RTGACGTSATY	yes	21	15	523	2.87	0.56	1.0	no
MLX (MA0663.1)	MLX	MA0663.1	TCACGTGA	RTCACGTGAY	10	14.72	Harlequin-int	RKSACGTGRY	yes	16	15	523	2.87	0.85	1.0	no
MYCN (MA0104.5)	MYCN	MA0104.5	CACGTG	CCACGTGG	8	11.6	Harlequin-int	SCACGTGS	yes	30	15	523	2.87	1.6	0.1655781011262928	no
NEUROG1 (MA0623.2)	NEUROG1	MA0623.2	CATATG	RMCATATGKY	10	13.78	Harlequin-int	VVCATATGKB	yes	29	15	523	2.87	0.24	1.0	no
TFEB (MA0692.2)	TFEB	MA0692.2	CACRTG	CACRTGMY	8	10.76	Harlequin-int	CAYRTGAY	yes	15	15	523	2.87	0.26	1.0	no
ATF3 (MA0605.3)	ATF3	MA0605.3	TGACGTCA	RTGACGTCAY	10	17.06	Harlequin-int	MTGAYRTCAK	yes	26	14	523	2.68	0.29	1.0	no
Arntl (MA0603.2)	Arntl	MA0603.2	CACGTG	RTCACGTG	8	10.97	Harlequin-int	MKCACGTG	yes	14	14	523	2.68	0.65	1.0	no
BHLHE40 (MA0464.3)	BHLHE40	MA0464.3	CACGTG	KCACGTGM	8	12.37	Harlequin-int	ACACGTGC	yes	16	14	523	2.68	0.96	1.0	no
BHLHE41 (MA0636.1)	BHLHE41	MA0636.1	KCACGTGA	RKCACGTGAY	10	15.49	Harlequin-int	RTCMCGKGAY	yes	23	14	523	2.68	1.11	0.8990854241522236	no
CLOCK (MA0819.3)	CLOCK	MA0819.3	CACGTG	MCACGTG	7	10.46	Harlequin-int	ACACGTG	yes	14	14	523	2.68	0.99	1.0	no
FOSL1::JUN (MA1129.1)	FOSL1::JUN	MA1129.1	TKACGTMA	RTKACGTMAY	10	10.26	Harlequin-int	RTSACGTCAT	yes	28	14	523	2.68	0.56	1.0	no
HES7 (MA0822.1)	HES7	MA0822.1	GGCACGTGCC	YGGCACGTGCCR	12	19.78	Harlequin-int	HGSCACKTGCYV	yes	23	14	523	2.68	0.73	1.0	no
YY2 (MA0748.3)	YY2	MA0748.3	ATGGCG	ATGGCGG	7	10.38	Harlequin-int	ATGGCGG	yes	14	13	523	2.49	0.85	1.0	no
E2F1 (MA0024.3)	E2F1	MA0024.3	GGCGCC	WWWGGCGCCMWW	12	13.05	Harlequin-int	YWDGSCGCCHAD	yes	14	11	523	2.1	0.54	1.0	no
MLXIPL (MA0664.2)	MLXIPL	MA0664.2	CACGTG	RKCACGTG	8	12.11	Harlequin-int	RGCACGTG	yes	11	11	523	2.1	0.54	1.0	no
OVOL1 (MA1544.2)	OVOL1	MA1544.2	ACCGTTA	DWACCGTTAY	10	14.54	Harlequin-int	DWMCCGTTAK	yes	11	11	523	2.1	0.31	1.0	no
TFE3 (MA0831.3)	TFE3	MA0831.3	TCACGTGA	RTCACGTGAY	10	15.4	Harlequin-int	RBCACGTGVY	yes	22	11	523	2.1	0.5	1.0	no
SREBF2 (MA0828.3)	SREBF2	MA0828.3	RTCACGTGAY	RTCACGTGAY	10	17.11	Harlequin-int	RTSACGTSAY	yes	20	10	523	1.91	0.27	1.0	no
Nanog (MA2339.1)	Nanog	MA2339.1	GCAATCA	GCAATCA	7	9.51	Harlequin-int	GCAATCA	yes	8	8	523	1.53	0.1	1.0	no
TFEC (MA0871.3)	TFEC	MA0871.3	CACGTGAC	CACGTGAC	8	14.27	Harlequin-int	CAYGTGAC	yes	8	8	523	1.53	0.28	1.0	no
ZNF669 (MA1985.1)	ZNF669	MA1985.1	GGSYGAYGMCC	DGGSYGAYGMCCRBB	15	15.86	Harlequin-int	RGGVWGATGMCBDSB	yes	9	8	523	1.53	0.2	1.0	no
HINFP (MA0131.3)	HINFP	MA0131.3	CGTCCGC	RCGTCCGC	8	12.11	Harlequin-int	MSGTCCGC	yes	7	7	523	1.34	0.52	1.0	no
Npas4 (MA1995.2)	Npas4	MA1995.2	CGTGAC	TCGTGAC	7	8.96	Harlequin-int	TCGTGAC	yes	7	7	523	1.34	0.57	1.0	no
ZBED2 (MA1971.2)	ZBED2	MA1971.2	CGAAAC	CGAAACY	7	10.4	Harlequin-int	CGAAACC	yes	7	7	523	1.34	0.27	1.0	no
MITF (MA0620.4)	MITF	MA0620.4	TCACGTGA	RTCACGTGAY	10	12.72	Harlequin-int	RTCAYRTGAY	yes	14	6	523	1.15	0.16	1.0	no
OVOL2 (MA1545.2)	OVOL2	MA1545.2	CCGTTA	WCCGTTA	7	11.92	Harlequin-int	ACCGTTA	yes	6	6	523	1.15	0.25	1.0	no
TCFL5 (MA0632.3)	TCFL5	MA0632.3	CRCGCGC	KCRCGCGC	8	11.12	Harlequin-int	YCACGCGC	yes	6	6	523	1.15	1.16	0.9681083892511924	no
Creb3l2 (MA0608.1)	Creb3l2	MA0608.1	KMCACGTG	KMCACGTGD	9	13.0	Harlequin-int	KMSACGTSD	yes	7	5	523	0.96	0.25	1.0	no
E2F2 (MA0864.3)	E2F2	MA0864.3	GCGC	WWWWSGCGCSMWW	13	12.7	Harlequin-int	WWDDGGCGCHMWK	yes	6	5	523	0.96	0.23	1.0	no
GMEB2 (MA0862.1)	GMEB2	MA0862.1	ACGT	KKACGTMM	8	9.89	Harlequin-int	TKACGTMA	yes	10	5	523	0.96	0.22	1.0	no
HOXA9 (MA0594.3)	HOXA9	MA0594.3	CRTWA	RYCRTWA	7	7.19	Harlequin-int	GTCGTAA	yes	5	5	523	0.96	0.28	1.0	no
HES1 (MA1099.3)	HES1	MA1099.3	CRCGTG	KKCRCGTG	8	10.5	Harlequin-int	GRCRCGTG	yes	4	4	523	0.76	0.35	1.0	no
Nrf1 (MA0506.3)	Nrf1	MA0506.3	GCGCMTGCG	SYGCGCMTGCGY	12	14.5	Harlequin-int	CTGCKCMTGCCC	yes	4	4	523	0.76	0.31	1.0	no
ZBTB14 (MA1650.2)	ZBTB14	MA1650.2	CGCGCAC	CCGCGCAC	8	11.22	Harlequin-int	CCGCGCAS	yes	4	4	523	0.76	0.37	1.0	no
E2F4 (MA0470.3)	E2F4	MA0470.3	TGGCGCS	WWKTGGCGCSMWW	13	14.55	Harlequin-int	YYTKSGCGCYYTD	yes	3	3	523	0.57	0.15	1.0	no
ZBED1 (MA0749.2)	ZBED1	MA0749.2	TRTCGCGACAT	TRTCGCGACATR	12	18.79	Harlequin-int	TGTCRCGACABM	yes	5	3	523	0.57	0.2	1.0	no
ZFP57 (MA1583.2)	ZFP57	MA1583.2	TGCCGCA	TGCCGCA	7	11.28	Harlequin-int	TGCCGCA	yes	3	3	523	0.57	0.17	1.0	no
ZNF558 (MA2335.1)	ZNF558	MA2335.1	AWYTGATGAAAGACATRAAYMYACAVAT	AWYTGATGAAAGACATRAAYMYACAVATY	29	32.26	LTR66	AWRWRWRWAWAKAYATAYATATAYAYATW	yes	1112	278	405	68.64	2.76	3.3105052334153644e-71	yes
FOXB1 (MA0845.1)	FOXB1	MA0845.1	GTMAAYA	WRWGTMAAYAW	11	12.24	LTR66	TATRTATATAT	yes	1645	271	405	66.91	2.68	1.6072420352647425e-65	yes
POU3F3 (MA0788.1)	POU3F3	MA0788.1	TATGYWAAT	WWTATGYWAATWW	13	13.5	LTR66	AATAWGYWWATKW	yes	611	223	405	55.06	2.89	3.1826788714982887e-54	yes
SMAD2 (MA1964.2)	SMAD2	MA1964.2	CCAGAC	CCAGAC	6	10.58	LTR66	CCAGAC	yes	446	211	405	52.1	4.21	4.8333751177596744e-76	yes
FOXD3 (MA0041.3)	FOXD3	MA0041.3	AAAYAA	WRNRHAAAYAAWCW	14	11.78	LTR66	WRDRWAAAYAWRYW	yes	380	199	405	49.14	2.88	5.867313777104199e-46	yes
ZBTB6 (MA1581.2)	ZBTB6	MA1581.2	CTKGAGCC	SCTKGAGCC	9	11.91	LTR66	YCTKGAGCC	yes	329	196	405	48.4	9.8	1.382358387623049e-125	yes
POU3F2 (MA0787.1)	POU3F2	MA0787.1	TATGYWAAT	WTATGYWAATKW	12	13.77	LTR66	ATAAGCAAATKR	yes	407	193	405	47.65	2.98	2.7732829495095233e-46	yes
FOXC2 (MA0846.2)	FOXC2	MA0846.2	MAAYA	WRWRTMAAYAW	11	11.36	LTR66	ARKGTAAAYAW	yes	305	190	405	46.91	2.89	1.4875989092604183e-43	yes
GRHL2 (MA1105.3)	GRHL2	MA1105.3	AACAGGTT	AACAGGTT	8	10.98	LTR66	AACARGTT	yes	306	187	405	46.17	5.89	2.81484941208292e-86	yes
Nr2e1 (MA0676.1)	Nr2e1	MA0676.1	AAGTCA	WRAAGTCAW	9	11.37	LTR66	AAARGTYAA	yes	258	185	405	45.68	4.46	5.2033994758148066e-68	yes
POU2F3 (MA0627.3)	POU2F3	MA0627.3	ATGCAAA	WATGCAAAT	9	13.07	LTR66	TAAGCAAAT	yes	409	183	405	45.19	3.23	7.61473093040664e-48	yes
ZNF354A (MA1978.2)	ZNF354A	MA1978.2	AAADG	WWHDHRHAAADGRVYNMWHT	20	11.71	LTR66	WAWADRYAWATRWWMWWWWW	yes	262	183	405	45.19	1.91	1.3696645828689283e-19	yes
FOXC1 (MA0032.2)	FOXC1	MA0032.2	RTMAAYA	WRWRTMAAYAW	11	11.88	LTR66	WRKGTAAAYAW	yes	281	181	405	44.69	2.76	2.383074688032253e-38	yes
ZBTB26 (MA1579.2)	ZBTB26	MA1579.2	TCCAGA	YTCCAGAR	8	11.4	LTR66	CTCCAGAG	yes	200	180	405	44.44	5.16	2.149681878237768e-74	yes
POU1F1 (MA0784.3)	POU1F1	MA0784.3	TMATTWGCATA	CTMATTWGCATAWW	14	19.82	LTR66	DYMATTTGCTTATT	yes	398	179	405	44.2	3.04	4.043555101255433e-43	yes
RBPJ (MA1116.2)	RBPJ	MA1116.2	TGGGAA	TGGGAA	6	11.01	LTR66	TGGGAA	yes	283	177	405	43.7	2.03	1.7200834531173907e-21	yes
Sox5 (MA0087.3)	Sox5	MA0087.3	AACAATG	AACAATGS	8	11.45	LTR66	AACAATRG	yes	227	175	405	43.21	3.39	8.602795177869917e-48	yes
Foxl2 (MA1607.2)	Foxl2	MA1607.2	GTAAACA	WWWGTAAACA	10	11.46	LTR66	ARKGTAAAYA	yes	248	174	405	42.96	2.89	6.87402079642295e-39	yes
Sox6 (MA0515.1)	Sox6	MA0515.1	CWTTGT	YCWTTGTYYY	10	13.2	LTR66	CYATTGTTTK	yes	225	173	405	42.72	3.57	3.918499660816744e-50	yes
Hmga1 (MA2124.1)	Hmga1	MA2124.1	ATTTTTA	ATTTTTAW	8	11.85	LTR66	ATATTTAA	yes	201	171	405	42.22	3.05	8.706140137134963e-41	yes
Arid3a (MA0151.1)	Arid3a	MA0151.1	ATYAAW	ATYAAW	6	9.9	LTR66	ATTAAA	yes	198	170	405	41.98	1.74	5.6276457553353665e-14	yes
FOXA1 (MA0148.5)	FOXA1	MA0148.5	GTAAACA	GTAAACAW	8	10.97	LTR66	GTAAAYAW	yes	228	170	405	41.98	4.91	1.119350737940051e-66	yes
SRY (MA0084.2)	SRY	MA0084.2	ACAA	WWACAAW	7	8.9	LTR66	AAACAAT	yes	226	168	405	41.48	3.97	4.9973528693123156e-54	yes
POU4F1 (MA0790.2)	POU4F1	MA0790.2	TRMATWATTDA	TRMATWATTDAT	12	12.73	LTR66	TWAATATTWAAY	yes	342	167	405	41.23	2.45	1.1658470664001602e-28	yes
ESR2 (MA0258.2)	ESR2	MA0258.2	GGTCASVVWG	RGGTCASVVWGHCYY	15	13.12	LTR66	WGGTCAMCWWGTYYY	yes	211	166	405	40.99	7.76	5.350698154110796e-90	yes
FOXS1 (MA2118.1)	FOXS1	MA2118.1	GTAAACA	WGTAAACA	8	10.77	LTR66	KGTAAAYA	yes	222	165	405	40.74	4.66	1.1841249960964302e-61	yes
SOX9 (MA0077.2)	SOX9	MA0077.2	ATTGT	BYATTGTW	8	8.9	LTR66	CYATTGTT	yes	213	165	405	40.74	4.45	3.3267786691659354e-59	yes
FOXA2 (MA0047.4)	FOXA2	MA0047.4	GTAAACA	WGTAAACA	8	10.52	LTR66	KGTAAAYA	yes	222	164	405	40.49	5.12	3.3984907434400063e-66	yes
Sox17 (MA0078.3)	Sox17	MA0078.3	ACAATG	RRRACAATGR	10	11.36	LTR66	MAAACAATRG	yes	214	162	405	40.0	3.29	5.887349611283879e-42	yes
POU4F3 (MA0791.2)	POU4F3	MA0791.2	TDMATWATTDAT	TDMATWATTDAT	12	13.12	LTR66	TWAATATTWAAY	yes	331	161	405	39.75	2.49	4.93562285170445e-28	yes
Sox7 (MA2095.1)	Sox7	MA2095.1	AACAATG	RRAACAATGG	10	13.54	LTR66	MAAACAATRG	yes	205	160	405	39.51	3.21	4.554339056055245e-40	yes
Foxj2 (MA0614.1)	Foxj2	MA0614.1	RTAAACA	RTAAACAN	8	11.78	LTR66	GTAAACAA	yes	188	159	405	39.26	2.96	8.377901489042957e-36	yes
ZNF341 (MA1655.2)	ZNF341	MA1655.2	AACAGC	SAACAGCH	8	10.54	LTR66	CAACAGCC	yes	174	157	405	38.77	6.72	5.25481560332837e-77	yes
POU4F2 (MA0683.2)	POU4F2	MA0683.2	TGMATAATTAAT	TGMATAATTAATKAR	15	20.77	LTR66	TMAATATTWAATKTR	yes	194	155	405	38.27	2.68	3.518772209236544e-30	yes
FOXG1 (MA0613.1)	FOXG1	MA0613.1	RTAAACA	RTAAACAW	8	13.34	LTR66	GTAAACAA	yes	181	154	405	38.02	3.48	3.194753872135701e-42	yes
FOXO6 (MA0849.1)	FOXO6	MA0849.1	GTAAACA	GTAAACA	7	11.99	LTR66	RTAAACA	yes	185	154	405	38.02	3.03	1.4815731070226454e-35	yes
FEZF2 (MA2341.1)	FEZF2	MA2341.1	CCAGCCT	CCCAGCCT	8	10.62	LTR66	CCCAGGCT	yes	178	150	405	37.04	7.98	1.0605908140039372e-81	yes
FOXP2 (MA0593.2)	FOXP2	MA0593.2	GTAAACA	WGTAAACAR	9	13.54	LTR66	RGTAAACAA	yes	186	148	405	36.54	2.98	3.338744582893656e-33	yes
Foxj3 (MA0851.2)	Foxj3	MA0851.2	RTAAACA	RTAAACAAW	9	12.58	LTR66	RTAAACAAV	yes	183	145	405	35.8	2.85	2.5048396476852644e-30	yes
HNF1A (MA0046.3)	HNF1A	MA0046.3	TWAATVATTAAC	RTWAATVATTAAC	13	15.78	LTR66	KTTAAWWWTTAAM	yes	286	145	405	35.8	3.9	1.4321968127180892e-44	yes
NR4A1 (MA1112.3)	NR4A1	MA1112.3	AAAGGTCA	AAAGGTCA	8	11.99	LTR66	AAAGGTCA	yes	151	145	405	35.8	3.68	6.582864315328955e-42	yes
FOXF2 (MA0030.2)	FOXF2	MA0030.2	RTAAACA	SRTAAACAW	9	13.79	LTR66	RGTAAACAA	yes	181	144	405	35.56	3.82	3.399228999143463e-43	yes
ZNF652 (MA1657.2)	ZNF652	MA1657.2	AAGRGTTA	AAGRGTTAM	9	12.42	LTR66	AAAAGTTAA	yes	152	143	405	35.31	4.12	2.165688869117263e-46	yes
Foxq1 (MA0040.2)	Foxq1	MA0040.2	TGTTTA	RWTGTTTAKW	10	14.0	LTR66	WTTGTTTRTK	yes	159	142	405	35.06	2.94	5.055498468960556e-31	yes
HNF1B (MA0153.2)	HNF1B	MA0153.2	GTTAATVATTAA	GTTAATVATTAAY	13	16.24	LTR66	KTTAAWWWTTAAM	yes	287	142	405	35.06	4.25	2.3506494308204403e-47	yes
Nr2e3 (MA0164.2)	Nr2e3	MA0164.2	AAGCTT	AAGCTT	6	11.74	LTR66	AAGCTT	yes	324	141	405	34.81	4.24	7.097989379236348e-47	yes
Zfp809 (MA2125.1)	Zfp809	MA2125.1	TCCCAG	WTCCCAGMY	9	11.89	LTR66	KTCCCAGWC	yes	200	140	405	34.57	5.29	1.0898711162200845e-56	yes
KLF9 (MA1107.3)	KLF9	MA1107.3	CACACCCMC	SMCACACCCMC	11	13.41	LTR66	BACACACACAC	yes	227	139	405	34.32	7.24	1.3818562788893536e-70	yes
ZNF213 (MA2121.1)	ZNF213	MA2121.1	CCCAGGC	RCCCAGGCDGSR	12	11.8	LTR66	GCCCAGGCTGTT	yes	170	139	405	34.32	10.69	2.4431648535156802e-88	yes
NFIA (MA0670.2)	NFIA	MA0670.2	TGCCAA	TGCCAA	6	12.0	LTR66	TGCCAA	yes	148	138	405	34.07	1.7	6.133962505961751e-10	yes
NFIX (MA0671.2)	NFIX	MA0671.2	GCCA	HGCCAR	6	7.75	LTR66	TGCCAA	yes	148	138	405	34.07	1.7	6.133962505961751e-10	yes
SOX13 (MA1120.2)	SOX13	MA1120.2	ACAATG	ACAATGR	7	9.99	LTR66	ACAATGG	yes	144	137	405	33.83	4.78	9.402566220912557e-51	yes
SOX2 (MA0143.5)	SOX2	MA0143.5	ACAATG	ACAATGR	7	9.81	LTR66	ACAATGG	yes	144	137	405	33.83	4.78	9.402566220912557e-51	yes
Sox3 (MA0514.3)	Sox3	MA0514.3	ACAATG	ACAATGR	7	10.02	LTR66	ACAATGG	yes	144	137	405	33.83	4.78	9.402566220912557e-51	yes
Lhx3 (MA0135.2)	Lhx3	MA0135.2	AATTAATTA	WAATTAATTAWY	12	16.14	LTR66	AAATTWAATATT	yes	163	136	405	33.58	2.74	1.2193150872056943e-26	yes
Vdr (MA0693.4)	Vdr	MA0693.4	AGTTCA	RAGTTCA	7	9.62	LTR66	GAGTTCA	yes	137	135	405	33.33	7.2	4.818118827560615e-68	yes
Arid5a (MA0602.2)	Arid5a	MA0602.2	AATATT	YAATATTR	8	9.62	LTR66	TAATATTT	yes	134	134	405	33.09	3.82	8.837746852053477e-40	yes
FOXA3 (MA1683.2)	FOXA3	MA1683.2	GTAAACA	GTAAACA	7	9.77	LTR66	GTAAACA	yes	137	133	405	32.84	6.68	7.147590260669764e-64	yes
FOXD1 (MA0031.2)	FOXD1	MA0031.2	GTAAACA	GTAAACA	7	11.73	LTR66	GTAAACA	yes	137	133	405	32.84	6.68	7.147590260669764e-64	yes
FOXI1 (MA0042.2)	FOXI1	MA0042.2	GTAAACA	GTAAACA	7	11.62	LTR66	GTAAACA	yes	137	133	405	32.84	6.68	7.147590260669764e-64	yes
FOXK1 (MA0852.3)	FOXK1	MA0852.3	GTAAACA	GTAAACA	7	10.73	LTR66	GTAAACA	yes	137	133	405	32.84	6.68	7.147590260669764e-64	yes
FOXK2 (MA1103.3)	FOXK2	MA1103.3	TAAACA	GTAAACA	7	9.79	LTR66	GTAAACA	yes	137	133	405	32.84	6.68	7.147590260669764e-64	yes
FOXL1 (MA0033.2)	FOXL1	MA0033.2	TAAACA	RTAAACA	7	10.63	LTR66	GTAAACA	yes	137	133	405	32.84	6.68	7.147590260669764e-64	yes
FOXO4 (MA0848.1)	FOXO4	MA0848.1	GTAAACA	GTAAACA	7	10.66	LTR66	GTAAACA	yes	137	133	405	32.84	6.68	7.147590260669764e-64	yes
FOXP1 (MA0481.4)	FOXP1	MA0481.4	GTAAACA	GTAAACA	7	9.72	LTR66	GTAAACA	yes	137	133	405	32.84	6.68	7.147590260669764e-64	yes
FOXP3 (MA0850.1)	FOXP3	MA0850.1	RYAAAYA	RYAAAYA	7	8.59	LTR66	GTAAACA	yes	137	133	405	32.84	6.68	7.147590260669764e-64	yes
FOXP4 (MA2117.1)	FOXP4	MA2117.1	TAAACA	GTAAACA	7	9.49	LTR66	GTAAACA	yes	137	133	405	32.84	6.68	7.147590260669764e-64	yes
Foxf1 (MA1606.2)	Foxf1	MA1606.2	TAAACA	RTAAACA	7	10.19	LTR66	GTAAACA	yes	137	133	405	32.84	6.68	7.147590260669764e-64	yes
Foxo1 (MA0480.3)	Foxo1	MA0480.3	GTAAACA	GTAAACA	7	9.28	LTR66	GTAAACA	yes	137	133	405	32.84	6.68	7.147590260669764e-64	yes
Foxo3 (MA0157.4)	Foxo3	MA0157.4	GTAAACA	GTAAACA	7	9.86	LTR66	GTAAACA	yes	137	133	405	32.84	6.68	7.147590260669764e-64	yes
NR4A2 (MA0160.3)	NR4A2	MA0160.3	AAAGGTCA	AAAGGTCA	8	11.51	LTR66	AAAGGTCA	yes	137	131	405	32.35	3.4	5.8011465965539156e-34	yes
MSANTD3 (MA1523.2)	MSANTD3	MA1523.2	ACTC	YACTCAM	7	8.36	LTR66	CACTCAC	yes	149	130	405	32.1	8.49	2.7661076702417153e-72	yes
SOX4 (MA0867.3)	SOX4	MA0867.3	ACAAWG	RACAAWGR	8	10.91	LTR66	AACAATGG	yes	131	130	405	32.1	2.48	1.7368875747138393e-21	yes
EWSR1-FLI1 (MA0149.1)	EWSR1-FLI1	MA0149.1	GGAAGGAAGGAAGGAAGG	GGAAGGAAGGAAGGAAGG	18	32.87	LTR66	GRAAGGGRAGAAGGRAAR	yes	153	128	405	31.6	4.16	3.1415709153977555e-41	yes
MEF2C (MA0497.2)	MEF2C	MA0497.2	YWAAAATA	MYWAAAATAGM	11	13.36	LTR66	ATTGAAATAGA	yes	141	128	405	31.6	2.62	4.205666362127248e-23	yes
NR2C1 (MA1535.2)	NR2C1	MA1535.2	GGTCA	RGGTCA	6	9.63	LTR66	AGGTCA	yes	133	128	405	31.6	2.06	7.682790833115926e-15	yes
NR2C2 (MA1536.2)	NR2C2	MA1536.2	GGTCR	RGGTCR	6	7.4	LTR66	AGGTCA	yes	133	128	405	31.6	2.06	7.682790833115926e-15	yes
Nr1H2 (MA1996.2)	Nr1H2	MA1996.2	AGGTCA	AGGTCA	6	10.29	LTR66	AGGTCA	yes	133	128	405	31.6	2.06	7.682790833115926e-15	yes
Nr1H4 (MA1110.3)	Nr1H4	MA1110.3	AGGTCA	AGGTCA	6	10.64	LTR66	AGGTCA	yes	133	128	405	31.6	2.06	7.682790833115926e-15	yes
Nr1h3 (MA2337.1)	Nr1h3	MA2337.1	AGGKCA	AGGKCA	6	10.62	LTR66	AGGTCA	yes	133	128	405	31.6	2.06	7.682790833115926e-15	yes
SOX8 (MA0868.3)	SOX8	MA0868.3	ACAAT	RACAATR	7	9.58	LTR66	AACAATG	yes	128	127	405	31.36	3.77	7.840672950245228e-37	yes
SOX18 (MA1563.2)	SOX18	MA1563.2	ACAAT	RACAATDV	8	10.04	LTR66	AACAATGG	yes	128	125	405	30.86	2.76	2.4693714349310882e-24	yes
RORA (MA0071.1)	RORA	MA0071.1	AGGTCA	WWVDAGGTCA	10	13.19	LTR66	AAAAAGGTCA	yes	126	123	405	30.37	3.72	5.166310425743627e-35	yes
NR2F1 (MA0017.3)	NR2F1	MA0017.3	RGGTCA	WRRGGTCAHVVG	12	13.15	LTR66	AAAGGTCAACTT	yes	126	121	405	29.88	4.29	6.8729852214080016e-40	yes
Rarg (MA0860.1)	Rarg	MA0860.1	AAGGTCAMSRRAGGTCA	AAGGTCAMSRRAGGTCA	17	25.52	LTR66	AYGTTCAATTGAGTTCA	yes	123	119	405	29.38	4.54	2.9166620086077825e-41	yes
ARNT::HIF1A (MA0259.2)	ARNT::HIF1A	MA0259.2	ACGTG	ACGTG	5	8.96	LTR66	ACGTG	yes	149	118	405	29.14	2.53	7.956940701381142e-20	yes
ETV2::HOXB13 (MA1943.2)	ETV2::HOXB13	MA1943.2	CGGAWMYATWA	SCGGAWMYATWAA	13	15.7	LTR66	GAGGAAAAGTTAA	yes	121	118	405	29.14	6.12	1.9195523462529815e-52	yes
Pgr (MA2323.1)	Pgr	MA2323.1	GRACADWDTGTYC	VRGRACADWDTGTYCTB	17	14.83	LTR66	AARRWCAASTTGWYYTT	yes	236	118	405	29.14	3.52	2.38239197923739e-31	yes
POU3F4 (MA0789.1)	POU3F4	MA0789.1	TATGCWAAT	TATGCWAAT	9	13.38	LTR66	TATGTATAT	yes	192	116	405	28.64	1.6	9.78001296888867e-07	yes
RXRB (MA0855.1)	RXRB	MA0855.1	RGGTCAAAGGTCA	RRGGTCAAAGGTCA	14	23.11	LTR66	GAGTTCAAATTTAA	yes	121	116	405	28.64	3.58	2.136132601568728e-31	yes
NR2F2 (MA1111.2)	NR2F2	MA1111.2	AAGGTCA	AAGGTCA	7	10.95	LTR66	AAGGTCA	yes	119	114	405	28.15	5.63	2.266659728312953e-47	yes
Ppara (MA2338.1)	Ppara	MA2338.1	AAGGTC	AAGGTCM	7	10.23	LTR66	AAGGTCA	yes	119	114	405	28.15	5.63	2.266659728312953e-47	yes
ZNF416 (MA1979.2)	ZNF416	MA1979.2	CTGGGC	WRWCTGGGCW	10	12.82	LTR66	TGACTGGGCY	yes	145	114	405	28.15	4.7	1.0815943294743796e-40	yes
JUND (MA0492.2)	JUND	MA0492.2	ATGAYGTMA	RATGAYGTMAT	11	14.69	LTR66	AATGATATAAT	yes	134	113	405	27.9	3.45	3.038003684892868e-29	yes
ZNF143 (MA0088.2)	ZNF143	MA0088.2	CCCAYRATGCA	YWCCCAYRATGCAYYR	16	22.06	LTR66	SWCMCASAATRCMTTT	yes	123	112	405	27.65	3.45	6.65398477095099e-29	yes
SOX14 (MA1562.2)	SOX14	MA1562.2	GAACAAT	YGAACAATK	9	12.5	LTR66	CAAACAATG	yes	111	111	405	27.41	3.31	2.9614114436339265e-27	yes
POU3F1 (MA0786.2)	POU3F1	MA0786.2	ATGYWAAT	WTATGYWAAT	10	11.58	LTR66	ATATGTATAT	yes	174	106	405	26.17	1.38	0.0016949605191525132	yes
RORB (MA1150.2)	RORB	MA1150.2	AWDKRGGTCA	AWDKRGGTCA	10	9.32	LTR66	AAAAAGGTCA	yes	106	106	405	26.17	3.11	7.374723416967208e-24	yes
Rarb (MA0858.1)	Rarb	MA0858.1	AGGTCAHVYWRAGGTCA	AGGTCAHVYWRAGGTCA	17	24.8	LTR66	GGAACACAAAAAGGTCA	yes	112	101	405	24.94	3.69	7.409566615045104e-28	yes
DMRTA2 (MA1478.2)	DMRTA2	MA1478.2	GWWACA	GWWACA	6	7.99	LTR66	GTTACA	yes	102	100	405	24.69	1.85	1.1877776425211789e-08	yes
RARA::RXRA (MA0159.1)	RARA::RXRA	MA0159.1	RGKTCABVVRSVGKKSA	RGKTCABVVRSVGKKSA	17	16.0	LTR66	GGAACACAAAAAGGTCA	yes	100	100	405	24.69	3.96	9.563943162099712e-30	yes
POU2F2 (MA0507.3)	POU2F2	MA0507.3	TATGCAAAT	WTATGCAAATKWR	13	17.96	LTR66	ATATGTATATWTR	yes	153	99	405	24.44	1.44	0.000629220465095065	yes
FOXE1 (MA1487.3)	FOXE1	MA1487.3	TAARYAAACA	YTAARYAAACAW	12	14.76	LTR66	TWDMAWAAACAA	yes	123	97	405	23.95	1.46	0.0005754413293006708	yes
FOXN3 (MA1489.1)	FOXN3	MA1489.1	GTAAACAA	GTAAACAA	8	14.22	LTR66	GTAAACAA	yes	97	97	405	23.95	15.06	1.3818562788893536e-70	yes
NFIB (MA1643.2)	NFIB	MA1643.2	TGGCWYDRWGCCA	YYTGGCWYDRWGCCARR	17	18.75	LTR66	YTKGGCMTSAKGCCMAR	yes	196	94	405	23.21	5.68	9.954890601049274e-39	yes
HAND2 (MA1638.2)	HAND2	MA1638.2	CAGATG	CAGATG	6	11.06	LTR66	CAGATG	yes	104	92	405	22.72	1.35	0.010707119698806087	yes
SOX15 (MA1152.2)	SOX15	MA1152.2	TTGT	YYWTTGT	7	9.03	LTR66	CTATTGT	yes	94	91	405	22.47	4.6	3.566306332596642e-31	yes
ATF3 (MA0605.3)	ATF3	MA0605.3	TGACGTCA	RTGACGTCAY	10	17.06	LTR66	ATGATATAAT	yes	113	90	405	22.22	5.28	7.549440276821802e-35	yes
PHOX2B (MA0681.3)	PHOX2B	MA0681.3	AATYAAATTA	WAATYAAATTAW	12	14.4	LTR66	TAAKYAAATWAW	yes	129	90	405	22.22	1.39	0.0048067286951459535	yes
NFIX (MA1528.2)	NFIX	MA1528.2	TGGCDBBDTGCCA	HTGGCDBBDTGCCA	14	15.65	LTR66	TKGGCMTSAKGCCM	yes	179	88	405	21.73	6.43	1.042319111762096e-39	yes
ZNF317 (MA1593.2)	ZNF317	MA1593.2	ACAGCAGA	ACAGCAGA	8	11.28	LTR66	ACAACAGA	yes	90	88	405	21.73	2.56	1.1006023345118664e-14	yes
ZNF384 (MA1125.2)	ZNF384	MA1125.2	AAAAAA	AAAAAAWW	8	12.68	LTR66	AAAAAAWA	yes	224	87	405	21.48	1.32	0.021803000136404918	yes
NFIC (MA1527.2)	NFIC	MA1527.2	TGGCDBVVTGCCA	YTGGCDBVVTGCCAR	15	18.24	LTR66	TGGGCCTCATGCCAA	yes	87	86	405	21.23	5.13	2.148889391770429e-32	yes
NFIC::TLX1 (MA0119.1)	NFIC::TLX1	MA0119.1	TGGCASSRHGCCAA	TGGCASSRHGCCAA	14	19.66	LTR66	KGGCMTSAKGCCMA	yes	153	86	405	21.23	4.33	9.071992561728444e-28	yes
PRDM9 (MA1723.2)	PRDM9	MA1723.2	GGBVAVGGRGGVVRHA	RRDGGBVAVGGRGGVVRHAR	20	15.6	LTR66	RDDGGGRAGRRRGRARRRRA	yes	110	86	405	21.23	2.97	7.33773058168718e-18	yes
ONECUT3 (MA0757.2)	ONECUT3	MA0757.2	AAATCRATA	RAAAATCRATAW	12	16.73	LTR66	GAAAAACAATAG	yes	93	84	405	20.74	1.71	6.528114637686612e-06	yes
TFAP2A (MA0810.2)	TFAP2A	MA0810.2	CCYBVRGGC	YSCCYBVRGGC	11	10.54	LTR66	CCCCTTGAGGC	yes	92	84	405	20.74	8.5	1.7794005140695067e-45	yes
ZNF257 (MA1710.2)	ZNF257	MA1710.2	GAGGMRAG	GAGGMRAGRK	10	13.37	LTR66	GAGGAGAGGT	yes	86	81	405	20.0	4.03	3.546884548687298e-24	yes
ZNF75A (MA2097.1)	ZNF75A	MA2097.1	TTTTCCCAC	KMTTTTCCCACM	12	16.55	LTR66	VYDTHTCCCACA	yes	87	80	405	19.75	2.16	1.0229396623931004e-09	yes
TFAP2B (MA0813.1)	TFAP2B	MA0813.1	GCCCYBRRGGC	WGCCCYBRRGGCW	13	14.36	LTR66	KSCCYYWRRGGSM	yes	135	79	405	19.51	10.18	2.7926025148062756e-47	yes
ZNF214 (MA1975.2)	ZNF214	MA1975.2	ATYAABRKCCT	WMATYAABRKCCT	13	13.43	LTR66	WYATSAAKKKSCT	yes	97	79	405	19.51	2.33	4.358132549070754e-11	yes
DMRTC2 (MA1479.2)	DMRTC2	MA1479.2	GMTACA	WWWTGMTACAW	11	12.05	LTR66	AMWTGWTACAA	yes	83	78	405	19.26	1.55	0.0005045964842277068	yes
ZSCAN4 (MA1155.1)	ZSCAN4	MA1155.1	GCACACMCTGWAA	YGCACACMCTGWAAR	15	21.14	LTR66	YACACACACAYAMAH	yes	123	75	405	18.52	2.41	3.482760794408456e-11	yes
Npas4 (MA1995.2)	Npas4	MA1995.2	CGTGAC	TCGTGAC	7	8.96	LTR66	TCGTGAC	yes	75	72	405	17.78	19.78	6.767971993120979e-58	yes
Stat4 (MA0518.2)	Stat4	MA0518.2	TTCYRRGAA	TTCYRRGAAR	10	13.03	LTR66	TTCAGAGAAA	yes	75	71	405	17.53	1.93	9.716087516458984e-07	yes
POU5F1B (MA0792.1)	POU5F1B	MA0792.1	ATGYWAA	YATGYWAAT	9	10.56	LTR66	YATGTAAAT	yes	85	70	405	17.28	1.42	0.011134261423531203	yes
ZBTB12 (MA1649.2)	ZBTB12	MA1649.2	CTRGAAC	CTRGAAC	7	10.02	LTR66	CTGGAAC	yes	75	68	405	16.79	4.57	7.705461485141272e-23	yes
DMRTA1 (MA1707.2)	DMRTA1	MA1707.2	GWTACA	WYGWTACAWH	10	10.5	LTR66	WTGWTACAAW	yes	72	67	405	16.54	1.61	0.0006195508838026566	yes
POU2F1 (MA0785.2)	POU2F1	MA0785.2	TATGYWAA	TATGYWAAT	9	11.53	LTR66	YATGYAAAT	yes	77	67	405	16.54	1.42	0.014631392957337466	yes
Stat6 (MA0520.2)	Stat6	MA0520.2	TTCYWSRGAA	TTCYWSRGAA	10	13.58	LTR66	TTTCWGAGAA	yes	75	67	405	16.54	1.76	4.263770610780874e-05	yes
PPARA::RXRA (MA1148.2)	PPARA::RXRA	MA1148.2	GGKBARAGGT	WWVKRGGKBARAGGTYR	17	12.41	LTR66	AYRTGGGATAAAGGTTG	yes	67	64	405	15.8	1.83	2.2960416087301258e-05	yes
TFAP2B (MA0811.2)	TFAP2B	MA0811.2	CCYBVRGGC	SCCYBVRGGCR	11	10.59	LTR66	CCCTTGAGGCA	yes	77	63	405	15.56	6.4	5.990574212491636e-28	yes
TFAP2C (MA0524.3)	TFAP2C	MA0524.3	CCYBVRGG	SCCYBVRGGSR	11	10.17	LTR66	SCCTTGAGGCA	yes	78	62	405	15.31	6.22	6.1767638561829086e-27	yes
TFAP2C (MA0815.1)	TFAP2C	MA0815.1	GCCCYBRGGGC	WGCCCYBRGGGCW	13	14.48	LTR66	KSCCYYWRRGGSM	yes	114	58	405	14.32	9.35	7.4929113948868e-33	yes
ZNF677 (MA2101.1)	ZNF677	MA2101.1	AAGAACAG	RRYAAGAACAGY	12	13.77	LTR66	RAMAAGAAVAGS	yes	56	56	405	13.83	1.44	0.02290957599132306	yes
TFAP2A (MA0872.1)	TFAP2A	MA0872.1	GCCCYBRGGGC	WGCCCYBRGGGCW	13	14.1	LTR66	GCCCCTTGAGGCA	yes	67	55	405	13.58	7.39	6.235613655304143e-27	yes
Mafg (MA0659.4)	Mafg	MA0659.4	TGASTCAGC	GMTGASTCAGCW	12	14.56	LTR66	GCTGACTCTGGA	yes	53	52	405	12.84	2.48	4.056510230458152e-08	yes
Stat5b (MA1625.2)	Stat5b	MA1625.2	TTCCMAGAA	TTCCMAGAA	9	12.99	LTR66	KTCYCAGAA	yes	63	52	405	12.84	1.61	0.0038615836364053113	yes
MAFK (MA0496.4)	MAFK	MA0496.4	TGACTCAGC	MTGACTCAGC	10	12.21	LTR66	CAGAGTCAGC	yes	50	50	405	12.35	2.41	1.9500805300334467e-07	yes
TFEC (MA0871.3)	TFEC	MA0871.3	CACGTGAC	CACGTGAC	8	14.27	LTR66	CTCGTGAC	yes	49	49	405	12.1	5.47	3.67266604349819e-19	yes
Hand1 (MA2123.1)	Hand1	MA2123.1	CAGACC	DCCAGACCY	9	10.93	LTR66	MCCAGACCA	yes	54	48	405	11.85	2.14	9.62891841787191e-06	yes
POU6F1 (MA1549.2)	POU6F1	MA1549.2	TAATGA	TAATGAK	7	10.45	LTR66	TAATGAG	yes	52	48	405	11.85	2.43	2.9554784569701604e-07	yes
NR2F6 (MA1539.1)	NR2F6	MA1539.1	AGGTCABTGACCT	RAGGTCABTGACCTY	15	20.55	LTR66	ARGGTYRWTWACCYT	yes	65	47	405	11.6	3.17	1.7285281302887154e-10	yes
ZNF75D (MA1601.2)	ZNF75D	MA1601.2	GTGGGAAABCCT	GTGGGAAABCCT	12	16.0	LTR66	GTGGKAAAYSCD	yes	50	47	405	11.6	1.66	0.003902753697062884	yes
NR4A2::RXRA (MA1147.2)	NR4A2::RXRA	MA1147.2	GGYCRWTGACC	RGGYCRWTGACCY	13	14.02	LTR66	AGGTTGTTTACCC	yes	46	46	405	11.36	2.46	3.96090179119762e-07	yes
ZNF768 (MA1731.2)	ZNF768	MA1731.2	TCTCTG	VCSTCTCTG	9	12.16	LTR66	CCYWCTCTG	yes	47	45	405	11.11	1.71	0.0026250221340837323	yes
NR1H4::RXRA (MA1146.2)	NR1H4::RXRA	MA1146.2	GKTCRWT	RGKTCRWTGACCY	13	12.55	LTR66	AGGTTGTTTACCC	yes	44	44	405	10.86	2.14	2.5252860994294264e-05	yes
NR2F1 (MA1538.1)	NR2F1	MA1538.1	GGTCRBTGACC	RRGGTCRBTGACCYY	15	18.39	LTR66	AAGGTTRTTWACCYT	yes	54	44	405	10.86	2.6	1.8967815630486476e-07	yes
POU6F2 (MA0793.2)	POU6F2	MA0793.2	CTMATTA	DSCTMATTA	9	11.43	LTR66	AACTCATTA	yes	46	43	405	10.62	1.53	0.02515264874983386	yes
ZNF343 (MA1711.2)	ZNF343	MA1711.2	GCTTCMCSDCGG	VYGCTTCMCSDCGGYM	16	19.26	LTR66	AAGCTTCAGYRCRGTC	yes	42	42	405	10.37	3.56	7.972801344916222e-11	yes
GRHL1 (MA0647.2)	GRHL1	MA0647.2	AACCGGTT	WAACCGGTTW	10	13.9	LTR66	RAACAKGTTB	yes	52	41	405	10.12	2.29	1.1533950505170106e-05	yes
RXRA::VDR (MA0074.1)	RXRA::VDR	MA0074.1	RGGTCAWNGRGTTC	RGGTCAWNGRGTTCR	15	20.45	LTR66	WSSTCAWKGRGTTCA	yes	38	36	405	8.89	1.7	0.011118057729011614	yes
ZNF148 (MA1653.2)	ZNF148	MA1653.2	CCCCTCCC	CCCCTCCCSS	10	13.31	LTR66	CCCCTCNCRC	yes	34	34	405	8.4	2.06	0.0006459533874973168	yes
TFDP1 (MA1122.2)	TFDP1	MA1122.2	GCGGGAA	SGCGGGAA	8	10.94	LTR66	TGCGGGAA	yes	28	28	405	6.91	5.07	2.1564373921177438e-10	yes
CREB3L1 (MA0839.2)	CREB3L1	MA0839.2	GCCACGTCA	YGCCACGTCABCR	13	17.19	LTR66	WSCCACGTRWMYR	yes	19	19	405	4.69	2.14	0.013220044706440696	yes
Gmeb1 (MA0615.2)	Gmeb1	MA0615.2	RCGY	KRCGYM	6	7.22	LTR66	TACGTA	yes	28	14	405	3.46	2.24	0.03142662699079613	yes
HEY2 (MA0649.2)	HEY2	MA0649.2	GVCACGTG	GVCACGTGY	9	11.78	LTR66	GMCACGTGK	yes	15	9	405	2.22	2.74	0.04282076142658215	yes
ZBTB33 (MA0527.2)	ZBTB33	MA0527.2	TCTCGCG	TCTCGCGRKR	10	13.12	LTR66	TCTCGTGAGC	yes	8	8	405	1.98	5.13	0.0021802848965057583	yes
HES5 (MA0821.2)	HES5	MA0821.2	CACGTG	VRCACGTGYB	10	10.39	LTR66	GMCACGTGKC	yes	14	7	405	1.73	3.37	0.03798596199351155	yes
IKZF2 (MA2326.1)	IKZF2	MA2326.1	AGGAAG	AGGAAG	6	11.23	LTR66	AGGAAG	yes	95	86	405	21.23	1.26	0.06829693040125986	no
FOXD2 (MA0847.4)	FOXD2	MA0847.4	TARRYAAACA	YTARRYAAACA	11	14.05	LTR66	WTAMRYAAAYA	yes	88	69	405	17.04	1.14	0.6366537920315811	no
HOXB4 (MA1499.2)	HOXB4	MA1499.2	TMATTA	TMATTA	6	9.9	LTR66	TCATTA	yes	84	68	405	16.79	0.8	1.0	no
HOXC4 (MA1504.2)	HOXC4	MA1504.2	YMATTA	YMATTA	6	9.33	LTR66	TCATTA	yes	84	68	405	16.79	0.8	1.0	no
HOXD4 (MA1507.2)	HOXD4	MA1507.2	YMATTA	YMATTA	6	9.6	LTR66	TCATTA	yes	84	68	405	16.79	0.8	1.0	no
MEIS1 (MA0498.3)	MEIS1	MA0498.3	TGACA	TGACA	5	7.79	LTR66	TGACA	yes	71	66	405	16.3	0.31	1.0	no
MYB (MA0100.4)	MYB	MA0100.4	CAACTG	CAACTG	6	11.06	LTR66	CAACTG	yes	67	63	405	15.56	0.89	1.0	no
POU5F1 (MA1115.2)	POU5F1	MA1115.2	ATGCAAA	ATGCAAA	7	9.81	LTR66	ATGTAAA	yes	64	58	405	14.32	0.99	1.0	no
ZNF24 (MA1124.1)	ZNF24	MA1124.1	TTCATTCATT	YATTCATTCATTC	13	17.4	LTR66	SAYKCATYCAKYB	yes	72	55	405	13.58	1.29	0.17627341578106698	no
Nfat5 (MA0606.3)	Nfat5	MA0606.3	TGGAAAA	ATGGAAAA	8	11.16	LTR66	AWGGAAAA	yes	56	54	405	13.33	0.93	1.0	no
ZNF8 (MA1718.1)	ZNF8	MA1718.1	TRKATRTACCACAKTTT	GTRTRKATRTACCACAKTTT	20	25.16	LTR66	RTATRTATATAYMWYWKWTW	yes	62	53	405	13.09	0.63	1.0	no
Ahr::Arnt (MA0006.2)	Ahr::Arnt	MA0006.2	GCGTG	GCGTG	5	9.25	LTR66	GCGTG	yes	50	50	405	12.35	1.3	0.17627341578106698	no
FOXH1 (MA0479.2)	FOXH1	MA0479.2	AATMCACA	AATMCACA	8	13.37	LTR66	AATAMACA	yes	54	49	405	12.1	0.95	1.0	no
PROP1 (MA0715.1)	PROP1	MA0715.1	TAATYWAATTA	TAATYWAATTA	11	15.12	LTR66	TAAKMWAATWA	yes	71	49	405	12.1	1.04	1.0	no
Pparg::Rxra (MA0065.3)	Pparg::Rxra	MA0065.3	GDSARAGG	RGGDSARAGGKSA	13	11.19	LTR66	RGGRKARAGGKHW	yes	52	49	405	12.1	1.28	0.2279539394959692	no
PHOX2A (MA0713.1)	PHOX2A	MA0713.1	AAYYYAATTA	WAAYYYAATTA	11	12.07	LTR66	TAAKMWAATWA	yes	63	47	405	11.6	1.01	1.0	no
Ikzf3 (MA1992.2)	Ikzf3	MA1992.2	CAGGAAG	CAGGAAGYS	9	11.58	LTR66	CAGGAAGSD	yes	50	45	405	11.11	1.45	0.0513700465889695	no
NFATC3 (MA0625.3)	NFATC3	MA0625.3	GGAA	YGGAAM	6	8.13	LTR66	TGGAAA	yes	51	45	405	11.11	0.44	1.0	no
Nfatc1 (MA0624.3)	Nfatc1	MA0624.3	TGGAAA	TGGAAA	6	10.67	LTR66	TGGAAA	yes	51	45	405	11.11	0.44	1.0	no
POU2F1::SOX2 (MA1962.1)	POU2F1::SOX2	MA1962.1	ATTWRCATMACAA	MATTWRCATMACAAWRS	17	19.97	LTR66	HATTTMMATRRYAAWDB	yes	45	43	405	10.62	0.64	1.0	no
Stat2 (MA1623.2)	Stat2	MA1623.2	AAASAGAAA	RAAASAGAAA	10	12.87	LTR66	RAAAYAGAAA	yes	42	41	405	10.12	0.62	1.0	no
ZNF85 (MA1720.2)	ZNF85	MA1720.2	AGATTMCWKC	RAGATTMCWKCA	12	15.12	LTR66	GAGATTTCTCCA	yes	41	41	405	10.12	1.4	0.10588228893467495	no
ETV1 (MA0761.3)	ETV1	MA0761.3	CAGGAAG	RCAGGAAGY	9	11.61	LTR66	BCAGGAAGY	yes	44	40	405	9.88	1.19	0.6493306251868558	no
LIN54 (MA0619.2)	LIN54	MA0619.2	TTTRAA	TTTRAAY	7	11.08	LTR66	TTTRAAT	yes	49	40	405	9.88	0.64	1.0	no
Pou5f1::Sox2 (MA0142.1)	Pou5f1::Sox2	MA0142.1	TTSWHATGCARA	YWTTSWHATGCARAK	15	14.81	LTR66	YWTWSWWWTKSADAW	yes	43	40	405	9.88	0.6	1.0	no
Msgn1 (MA1524.3)	Msgn1	MA1524.3	CAAATGG	RMCAAATGGY	10	14.08	LTR66	MACAAATGRY	yes	39	39	405	9.63	0.87	1.0	no
CEBPA (MA0102.5)	CEBPA	MA0102.5	TTKCACAA	RTTKCACAAY	10	12.15	LTR66	ATTGCAAAAA	yes	38	38	405	9.38	0.76	1.0	no
SOX10 (MA0442.3)	SOX10	MA0442.3	ACAAAG	ACAAAG	6	10.69	LTR66	ACAAAG	yes	41	38	405	9.38	0.42	1.0	no
ZNF175 (MA2332.1)	ZNF175	MA2332.1	AGGAAG	RCAGGAAGY	9	11.05	LTR66	YCAGGAAGC	yes	39	38	405	9.38	1.26	0.40389083543665605	no
Spi1 (MA0080.7)	Spi1	MA0080.7	AGGAAG	RAAGAGGAAGTGR	13	14.5	LTR66	VAWKARGAARWGR	yes	46	37	405	9.14	0.89	1.0	no
ZNF274 (MA1592.2)	ZNF274	MA1592.2	TGAGTYCTC	YRTGAGTYCTCR	12	16.54	LTR66	VRDGAGWYCTCN	yes	51	37	405	9.14	1.3	0.3126969251494798	no
Rxra (MA0512.2)	Rxra	MA0512.2	GGTCAAAGGTCA	RRGGTCAAAGGTCA	14	22.65	LTR66	KRGKWYAAAGKTHA	yes	36	36	405	8.89	1.16	0.8874949758683309	no
DMRT3 (MA0610.2)	DMRT3	MA0610.2	TGTAWC	TGTAWCM	7	10.51	LTR66	TGTATCA	yes	34	34	405	8.4	0.73	1.0	no
MEF2A (MA0052.5)	MEF2A	MA0052.5	AAAATA	YTAAAAATAR	10	11.85	LTR66	AWWAAAATAG	yes	34	33	405	8.15	0.71	1.0	no
Mecom (MA0029.2)	Mecom	MA0029.2	GAYAAGATAA	WGAYAAGATAA	11	17.27	LTR66	WGAHAWGATAA	yes	36	33	405	8.15	0.74	1.0	no
STAT1::STAT2 (MA0517.2)	STAT1::STAT2	MA0517.2	GTTTCDBTTYC	RGTTTCDBTTYCY	13	15.76	LTR66	WSTTTYYYTTYYY	yes	33	33	405	8.15	0.69	1.0	no
ZNF76 (MA1716.2)	ZNF76	MA1716.2	CCCAYMATGCMHYRC	WCCCAYMATGCMHYRCR	17	18.79	LTR66	TCCCMKMMTGCAYYKMM	yes	33	32	405	7.9	1.37	0.24524403666911915	no
IRF3 (MA1418.2)	IRF3	MA1418.2	AHSGAAACSGAAAC	RRAAHSGAAACSGAAAC	17	23.19	LTR66	DARADGGAAAWRRAWAB	yes	35	31	405	7.65	0.92	1.0	no
MEIS1 (MA1639.2)	MEIS1	MA1639.2	ATMAATCA	YATMAATCA	9	11.7	LTR66	TATCAATCT	yes	35	31	405	7.65	0.67	1.0	no
Prdm4 (MA1647.3)	Prdm4	MA1647.3	CTKGAAAC	MCTKGAAACYS	11	13.83	LTR66	YCYTGAAACWR	yes	31	31	405	7.65	0.94	1.0	no
Hand1::Tcf3 (MA0092.2)	Hand1::Tcf3	MA0092.2	TCTGG	RTCTGGMWN	9	10.07	LTR66	RTCTGGMAY	yes	31	30	405	7.41	1.02	1.0	no
MEF2B (MA0660.1)	MEF2B	MA0660.1	CTAWAAATAG	RCTAWAAATAGM	12	18.37	LTR66	DMTATATATAKM	yes	44	30	405	7.41	0.68	1.0	no
Nfe2l2 (MA0150.3)	Nfe2l2	MA0150.3	TGASTCAGCA	RTGASTCAGCA	11	15.19	LTR66	ATGACWRRGCW	yes	30	29	405	7.16	0.98	1.0	no
ZNF157 (MA2331.1)	ZNF157	MA2331.1	AGCARTAYACYT	RGGMCAGCARTAYACYTKYAC	21	23.77	LTR66	TGAAAAACAATAGACAATCAC	yes	29	29	405	7.16	0.86	1.0	no
ZNF701 (MA1987.2)	ZNF701	MA1987.2	GAGMASYDDRGGGGG	GAGMASYDDRGGGGGRR	17	16.33	LTR66	GASMWGMRHRRGGRGAR	yes	28	28	405	6.91	1.02	1.0	no
BARX1 (MA0875.2)	BARX1	MA0875.2	ATTA	YMATTA	6	8.76	LTR66	CAATTA	yes	28	27	405	6.67	0.32	1.0	no
BARX2 (MA1471.2)	BARX2	MA1471.2	WAAYMRTTA	WAAYMRTTA	9	10.02	LTR66	AWAYMRTTA	yes	38	27	405	6.67	0.6	1.0	no
BSX (MA0876.2)	BSX	MA0876.2	ATTA	YVATTA	6	8.3	LTR66	CAATTA	yes	28	27	405	6.67	0.32	1.0	no
DLX1 (MA0879.3)	DLX1	MA0879.3	ATTA	YMATTA	6	8.12	LTR66	CAATTA	yes	28	27	405	6.67	0.32	1.0	no
DLX6 (MA0882.2)	DLX6	MA0882.2	AATTA	YAATTA	6	8.24	LTR66	CAATTA	yes	28	27	405	6.67	0.32	1.0	no
Dlx3 (MA0880.2)	Dlx3	MA0880.2	ATTA	YAATTA	6	6.97	LTR66	CAATTA	yes	28	27	405	6.67	0.32	1.0	no
Dlx4 (MA0881.2)	Dlx4	MA0881.2	ATTA	YAATTA	6	7.49	LTR66	CAATTA	yes	28	27	405	6.67	0.32	1.0	no
GBX2 (MA0890.2)	GBX2	MA0890.2	AATTA	YAATTA	6	9.65	LTR66	CAATTA	yes	28	27	405	6.67	0.32	1.0	no
HESX1 (MA0894.2)	HESX1	MA0894.2	TAATT	TAATTR	6	10.21	LTR66	TAATTG	yes	28	27	405	6.67	0.32	1.0	no
HOXA7 (MA1498.3)	HOXA7	MA1498.3	ATTA	YMATTA	6	6.56	LTR66	CAATTA	yes	28	27	405	6.67	0.32	1.0	no
LBX2 (MA0699.2)	LBX2	MA0699.2	AATTA	YAATTA	6	6.99	LTR66	CAATTA	yes	28	27	405	6.67	0.32	1.0	no
LHX2 (MA0700.3)	LHX2	MA0700.3	CAATTA	CAATTA	6	10.06	LTR66	CAATTA	yes	28	27	405	6.67	0.32	1.0	no
MSX1 (MA0666.3)	MSX1	MA0666.3	AATTA	YAATTA	6	10.03	LTR66	CAATTA	yes	28	27	405	6.67	0.32	1.0	no
MSX2 (MA0708.3)	MSX2	MA0708.3	AATTA	YAATTA	6	9.72	LTR66	CAATTA	yes	28	27	405	6.67	0.32	1.0	no
Msx3 (MA0709.2)	Msx3	MA0709.2	AATTA	YAATTA	6	9.7	LTR66	CAATTA	yes	28	27	405	6.67	0.32	1.0	no
Nobox (MA0125.2)	Nobox	MA0125.2	TAATT	TAATTR	6	8.99	LTR66	TAATTG	yes	28	27	405	6.67	0.32	1.0	no
PPARD (MA1550.2)	PPARD	MA1550.2	GGTCAAAGGTCA	RRGGTCAAAGGTCA	14	20.05	LTR66	KRGKWYAAAGGTNA	yes	27	27	405	6.67	0.86	1.0	no
RAX (MA0718.2)	RAX	MA0718.2	AATTA	YAATTA	6	9.06	LTR66	CAATTA	yes	28	27	405	6.67	0.32	1.0	no
RAX2 (MA0717.2)	RAX2	MA0717.2	ATTA	YAATTA	6	6.91	LTR66	CAATTA	yes	28	27	405	6.67	0.32	1.0	no
SHOX (MA0630.2)	SHOX	MA0630.2	TAAT	TAATTR	6	7.28	LTR66	TAATTG	yes	28	27	405	6.67	0.32	1.0	no
Irf1 (MA0050.4)	Irf1	MA0050.4	GAAASTGAAA	WGAAASTGAAA	11	13.2	LTR66	DGAAAMWGARA	yes	26	26	405	6.42	0.41	1.0	no
Nfatc2 (MA0152.3)	Nfatc2	MA0152.3	TGGAAA	MATGGAAA	8	11.13	LTR66	AMTGGAAA	yes	28	26	405	6.42	0.55	1.0	no
RXRG (MA0856.1)	RXRG	MA0856.1	RGGTCAAAGGTCA	RRGGTCAAAGGTCA	14	22.33	LTR66	KRGKWYAAAKKTDA	yes	26	26	405	6.42	0.8	1.0	no
ZSCAN16 (MA2100.1)	ZSCAN16	MA2100.1	AKTGTTAACAGAGCCTC	VAKTGTTAACAGAGCCTC	18	31.01	LTR66	MYRKGTTGWSWGAGCCYC	yes	29	26	405	6.42	1.09	1.0	no
MXI1 (MA1108.3)	MXI1	MA1108.3	CACATG	CACATG	6	10.74	LTR66	CACATG	yes	25	25	405	6.17	0.28	1.0	no
NFIL3 (MA0025.3)	NFIL3	MA0025.3	TTATGYAA	TTATGYAAY	9	11.32	LTR66	TTATRTAAT	yes	37	25	405	6.17	0.49	1.0	no
ZNF189 (MA1725.2)	ZNF189	MA1725.2	CTGTTCC	YKCTGTTCC	9	12.04	LTR66	RTCTGTTCC	yes	25	25	405	6.17	0.84	1.0	no
ERF::FOXO1 (MA1936.2)	ERF::FOXO1	MA1936.2	ACMGGAA	RWMWACMGGAAR	12	12.94	LTR66	ARMAACAGGMWR	yes	24	24	405	5.93	0.72	1.0	no
Gli1 (MA1990.2)	Gli1	MA1990.2	GACCACCCA	RGACCACCCA	10	12.41	LTR66	MGRCCACMCW	yes	29	24	405	5.93	0.9	1.0	no
MEF2D (MA0773.1)	MEF2D	MA0773.1	CTAWAAATAG	DCTAWAAATAGM	12	18.5	LTR66	WMTATATATAKW	yes	44	24	405	5.93	0.5	1.0	no
NEUROD1 (MA1109.2)	NEUROD1	MA1109.2	CAGATGG	RCAGATGG	8	11.78	LTR66	MCAGATGG	yes	25	24	405	5.93	0.87	1.0	no
Neurod2 (MA0668.3)	Neurod2	MA0668.3	CAGATGG	MCAGATGG	8	11.82	LTR66	MCAGATGG	yes	25	24	405	5.93	0.87	1.0	no
TWIST1 (MA1123.3)	TWIST1	MA1123.3	CAGATG	MCAGATGK	8	11.09	LTR66	CCAGATGR	yes	25	24	405	5.93	0.83	1.0	no
ZNF282 (MA1154.2)	ZNF282	MA1154.2	TTTCCCMYWACAC	STTTCCCMYWACACK	15	20.62	LTR66	YYTTCCCMYYACAMK	yes	25	24	405	5.93	0.89	1.0	no
CEBPG (MA1636.2)	CEBPG	MA1636.2	TGATGCAA	RTGATGCAAT	10	13.3	LTR66	ATGATRCAAT	yes	23	23	405	5.68	0.48	1.0	no
IKZF1 (MA1508.2)	IKZF1	MA1508.2	ACAGGAA	MACAGGAA	8	10.93	LTR66	TACAGGAA	yes	24	23	405	5.68	0.57	1.0	no
ZNF418 (MA1980.1)	ZNF418	MA1980.1	GWRGCYAMAAGCA	MRGWRGCYAMAAGCA	15	17.63	LTR66	AWGTGGACACAAACA	yes	24	23	405	5.68	0.62	1.0	no
ATF4 (MA0833.3)	ATF4	MA0833.3	TGATGYAA	RTGATGYAAY	10	14.64	LTR66	ATGATACAAT	yes	22	22	405	5.43	0.51	1.0	no
Atoh1 (MA1467.3)	Atoh1	MA1467.3	CAGATG	CAGATGK	7	10.96	LTR66	CAGATGG	yes	23	22	405	5.43	1.17	1.0	no
HNF4A (MA1494.2)	HNF4A	MA1494.2	GTYCAAAGGTC	RRGTYCAAAGGTCR	14	20.91	LTR66	KRGKWYAAAGGTHA	yes	22	22	405	5.43	0.74	1.0	no
NEUROG2 (MA1642.2)	NEUROG2	MA1642.2	CAGATG	CAGATGK	7	10.78	LTR66	CAGATGG	yes	23	22	405	5.43	1.17	1.0	no
ONECUT1 (MA0679.3)	ONECUT1	MA0679.3	AATCAAT	WAATCAATA	9	13.26	LTR66	AAATMAATA	yes	28	22	405	5.43	0.44	1.0	no
TEF (MA0843.2)	TEF	MA0843.2	TTACRTAA	RTTACRTAAY	10	14.4	LTR66	ATTAYRTAAY	yes	35	22	405	5.43	1.0	1.0	no
DBP (MA0639.2)	DBP	MA0639.2	TTAYRTAA	RTTAYRTAAY	10	13.67	LTR66	ATTAYATAAT	yes	37	21	405	5.19	1.2	0.963637454122522	no
FOXO1::ELF1 (MA1953.2)	FOXO1::ELF1	MA1953.2	AACAGGAA	RWMAACAGGAARY	13	13.43	LTR66	RAMAACAGRMARK	yes	22	21	405	5.19	0.5	1.0	no
Gli2 (MA0734.4)	Gli2	MA0734.4	GACCACCCA	GACCACCCA	9	13.13	LTR66	GRCCACCCA	yes	25	21	405	5.19	0.94	1.0	no
NKX2-3 (MA0672.2)	NKX2-3	MA0672.2	CACTT	SCACTTRW	8	10.64	LTR66	CCACTTRW	yes	21	21	405	5.19	0.73	1.0	no
NR1H2::RXRA (MA0115.1)	NR1H2::RXRA	MA0115.1	AGGTCAAAGGTCA	MRAGGTCAAAGGTCAAS	17	27.88	LTR66	WRVRKTWAAAGGTMAAY	yes	21	21	405	5.19	0.65	1.0	no
NR1I2 (MA1533.2)	NR1I2	MA1533.2	GMMCYSVDYGMAC	YGMMCYSVDYGMACY	15	14.35	LTR66	TRAACTCAMYRAACH	yes	22	21	405	5.19	1.22	0.9096253766035532	no
Runx1 (MA0002.3)	Runx1	MA0002.3	TGTGG	YTGTGGYYW	9	10.21	LTR66	YTGTGGTTT	yes	21	21	405	5.19	0.6	1.0	no
SOX12 (MA1561.2)	SOX12	MA1561.2	CGAACAA	MMCGAACAAY	10	13.27	LTR66	RCCRAACAAH	yes	21	21	405	5.19	0.78	1.0	no
Smad4 (MA1153.2)	Smad4	MA1153.2	GTCTRG	YGTCTRG	7	11.47	LTR66	TGTCTGG	yes	21	21	405	5.19	0.65	1.0	no
Arid3b (MA0601.2)	Arid3b	MA0601.2	TTAAT	WWTTAAT	7	9.63	LTR66	TATTAAT	yes	20	20	405	4.94	0.74	1.0	no
BARHL1 (MA0877.4)	BARHL1	MA0877.4	CGTTTA	CGTTTA	6	9.71	LTR66	CGTTTA	yes	21	20	405	4.94	1.22	0.9268495226787438	no
BARHL2 (MA0635.2)	BARHL2	MA0635.2	TAAWYG	TAAWYG	6	8.03	LTR66	TAAACG	yes	21	20	405	4.94	1.22	0.9268495226787438	no
ETV2::FIGLA (MA1941.2)	ETV2::FIGLA	MA1941.2	GGAARCAGSTG	SCGGAARCAGSTG	13	15.34	LTR66	CMKGAAACASGTK	yes	20	20	405	4.94	1.39	0.4424919135543146	no
RARA (MA0730.1)	RARA	MA0730.1	AGGTCAHBYWRAGGTCA	AGGTCAHBYWRAGGTCA	17	22.77	LTR66	RGRWCWMRWRAAGSTCA	yes	28	20	405	4.94	0.82	1.0	no
STAT1 (MA0137.4)	STAT1	MA0137.4	TTCYRGGAA	TTCYRGGAA	9	14.09	LTR66	TTCYRRGAA	yes	22	20	405	4.94	0.66	1.0	no
ELF2 (MA1483.3)	ELF2	MA1483.3	CCGGAA	WMCCGGAART	10	12.94	LTR66	ACCAGGAAGC	yes	20	19	405	4.69	1.26	0.8228993305610037	no
FERD3L (MA1485.1)	FERD3L	MA1485.1	GYRMCAGCTGYYRC	GYRMCAGCTGYYRC	14	18.06	LTR66	GYSCCAKMTGKBRC	yes	27	19	405	4.69	1.48	0.2998643293156378	no
FOXJ2::ELF1 (MA1952.2)	FOXJ2::ELF1	MA1952.2	ACMGGAA	MWACMGGAARW	11	11.94	LTR66	MWACAGGAASA	yes	20	19	405	4.69	0.53	1.0	no
FOXO1::ELK1 (MA1954.2)	FOXO1::ELK1	MA1954.2	AACAGGAAG	RWMAACAGGAAGY	13	15.03	LTR66	VAMAACAGRAARK	yes	19	19	405	4.69	0.49	1.0	no
FOXO1::FLI1 (MA1956.2)	FOXO1::FLI1	MA1956.2	AACAGGAAG	GWMAACAGGAAGT	13	18.2	LTR66	RAMMACAGRAWRK	yes	23	19	405	4.69	0.46	1.0	no
Nr2f6 (MA0677.2)	Nr2f6	MA0677.2	GGTCAAAGGTCA	RGGTCAAAGGTCA	13	18.03	LTR66	GGGWTAAAGGTYR	yes	19	19	405	4.69	0.62	1.0	no
SPIC (MA0687.2)	SPIC	MA0687.2	AWSMGGAAG	RAAWSMGGAAGWM	13	13.16	LTR66	MSATGRGGAAGHA	yes	19	19	405	4.69	0.62	1.0	no
STAT3 (MA0144.3)	STAT3	MA0144.3	TKCYKGGAA	TKCYKGGAA	9	12.59	LTR66	TTCTGRRAA	yes	19	19	405	4.69	0.46	1.0	no
Stat5a::Stat5b (MA0519.2)	Stat5a::Stat5b	MA0519.2	TTCCMRGAA	TTCCMRGAA	9	13.05	LTR66	TTCYMAGAA	yes	22	19	405	4.69	0.6	1.0	no
TAL1::TCF3 (MA0091.2)	TAL1::TCF3	MA0091.2	AMCAKMTG	AMCAKMTGKT	10	13.86	LTR66	AACATMTKTW	yes	24	19	405	4.69	0.62	1.0	no
Wt1 (MA1627.2)	Wt1	MA1627.2	CTCCCCC	MCTCCCCCRC	10	13.02	LTR66	YCTCCCMCAC	yes	19	19	405	4.69	1.01	1.0	no
ZNF184 (MA2120.1)	ZNF184	MA2120.1	GAAAG	KRGAAAGDBGMRK	13	12.69	LTR66	KRGAAAGKNGMRW	yes	20	19	405	4.69	0.59	1.0	no
ZNF530 (MA1981.2)	ZNF530	MA1981.2	GMARGGMVAGGG	GMARGGMVAGGGSC	14	16.61	LTR66	RAAGRGMKAGGGYM	yes	20	19	405	4.69	0.78	1.0	no
Atoh1 (MA0461.3)	Atoh1	MA0461.3	CATATG	RMCATATG	8	10.81	LTR66	MACATATG	yes	23	18	405	4.44	0.47	1.0	no
ELF3 (MA0640.3)	ELF3	MA0640.3	ACTTCCT	YACTTCCTS	9	11.3	LTR66	CMYTTCCTK	yes	19	18	405	4.44	0.54	1.0	no
ELF4 (MA0641.1)	ELF4	MA0641.1	CCGGAAGT	DWMCCGGAAGTR	12	16.25	LTR66	GACCMGGAAGYA	yes	19	18	405	4.44	1.53	0.27294997627185014	no
ERF::FOXI1 (MA1935.2)	ERF::FOXI1	MA1935.2	GGA	MWASMGGAWR	10	9.46	LTR66	AWACAGGAAS	yes	20	18	405	4.44	0.58	1.0	no
FIGLA (MA0820.2)	FIGLA	MA0820.2	CACCTG	CACCTG	6	9.49	LTR66	CACCTG	yes	18	18	405	4.44	0.29	1.0	no
FOXO1::ELK3 (MA1955.2)	FOXO1::ELK3	MA1955.2	MAACAGGAA	RWMAACAGGAAGY	13	15.33	LTR66	RAMAACAGRWWRW	yes	18	18	405	4.44	0.53	1.0	no
Gfi1B (MA0483.2)	Gfi1B	MA0483.2	AATCWSWG	MAATCWSWGC	10	13.32	LTR66	AAAYCWCWGH	yes	18	18	405	4.44	0.48	1.0	no
ISL2 (MA0914.2)	ISL2	MA0914.2	CAMTTA	CAMTTA	6	7.04	LTR66	CACTTA	yes	18	18	405	4.44	0.31	1.0	no
MYOD1 (MA0499.3)	MYOD1	MA0499.3	CASCTGT	SCASCTGTY	9	11.64	LTR66	SCACCTGTB	yes	18	18	405	4.44	0.75	1.0	no
NKX6-3 (MA1530.2)	NKX6-3	MA1530.2	YCATTA	SYCATTAW	8	10.4	LTR66	STCATTAA	yes	18	18	405	4.44	0.58	1.0	no
RARA (MA0729.1)	RARA	MA0729.1	RAGGTCAWAAGGTCA	RAGGTCAWAAGGTCAWKK	18	28.14	LTR66	AASRYMAAAAGGTHAABT	yes	18	18	405	4.44	0.55	1.0	no
ZEB1 (MA0103.4)	ZEB1	MA0103.4	CACCTG	CACCTG	6	10.59	LTR66	CACCTG	yes	18	18	405	4.44	0.29	1.0	no
ZIM3 (MA1709.2)	ZIM3	MA1709.2	AACAGAAABC	MAACAGAAABC	11	15.05	LTR66	MAACAGAAWMY	yes	18	18	405	4.44	0.38	1.0	no
ZNF354C (MA0130.1)	ZNF354C	MA0130.1	CCAC	MWCCAC	6	8.96	LTR66	ATCCAC	yes	18	18	405	4.44	0.3	1.0	no
ZNF547 (MA2334.1)	ZNF547	MA2334.1	GCTAATGCWRC	TGCTAATGCWRCM	13	16.8	LTR66	GGCTCATGCAACM	yes	18	18	405	4.44	0.64	1.0	no
ZNF692 (MA1986.2)	ZNF692	MA1986.2	GGCCCA	RGGCCCAS	8	12.11	LTR66	RGGCCCAC	yes	18	18	405	4.44	1.16	1.0	no
BCL6B (MA0731.1)	BCL6B	MA0731.1	TGCTTTCTAGGAATT	TGCTTTCTAGGAATTMM	17	29.81	LTR66	YKYDTTYCAGKAMYTAR	yes	17	17	405	4.2	0.6	1.0	no
Bcl11B (MA1989.2)	Bcl11B	MA1989.2	ACCACA	WAACCACAR	9	10.59	LTR66	AAACCACAR	yes	17	17	405	4.2	0.37	1.0	no
EHF (MA0598.4)	EHF	MA0598.4	ACTTCCT	YACTTCCTS	9	11.36	LTR66	CAYTTCCTK	yes	18	17	405	4.2	0.57	1.0	no
GATA4 (MA0482.3)	GATA4	MA0482.3	CTTATCT	YCTTATCT	8	10.87	LTR66	CYTTATCT	yes	18	17	405	4.2	0.58	1.0	no
NFATC4 (MA1525.3)	NFATC4	MA1525.3	GGAAA	RYGGAAAMW	9	11.76	LTR66	KTGGAAAMW	yes	17	17	405	4.2	0.37	1.0	no
NFYB (MA0502.3)	NFYB	MA0502.3	ATTGGCC	YSATTGGCC	9	11.93	LTR66	WSATTGGCY	yes	17	17	405	4.2	0.62	1.0	no
NKX2-5 (MA0063.3)	NKX2-5	MA0063.3	CACTCAA	CACTCAA	7	10.21	LTR66	CACTYAA	yes	17	17	405	4.2	0.39	1.0	no
PAX9 (MA0781.2)	PAX9	MA0781.2	GTCACGCWTSAVTG	SGTCACGCWTSAVTGM	16	22.11	LTR66	GTGCACGGATGRGTGG	yes	17	17	405	4.2	1.69	0.15236520905735493	no
RORA (MA0072.2)	RORA	MA0072.2	AWBTAGGTCA	WAWBTAGGTCA	11	16.99	LTR66	ARWKTAGKTCA	yes	17	17	405	4.2	0.54	1.0	no
SNAI2 (MA0745.3)	SNAI2	MA0745.3	CACCTGT	RCACCTGT	8	12.6	LTR66	SCACCTGT	yes	17	17	405	4.2	0.7	1.0	no
TBP (MA0108.3)	TBP	MA0108.3	ATAWA	TATAWAW	7	8.98	LTR66	TATAAAA	yes	18	17	405	4.2	0.58	1.0	no
THRA (MA1969.2)	THRA	MA1969.2	TGWCCTCABDTGACCT	STGWCCTCABDTGACCTY	18	19.89	LTR66	BYSWMCTCAMYKGRMCWY	yes	18	17	405	4.2	0.63	1.0	no
ZNF382 (MA1594.1)	ZNF382	MA1594.1	AKGRGAYATYACYACMGAYMCYAC	AKGRGAYATYACYACMGAYMCYAC	24	26.22	LTR66	AGGGGMKMRSAMWACMSAYYCMAD	yes	17	17	405	4.2	0.52	1.0	no
CREB1 (MA0018.5)	CREB1	MA0018.5	TGAYGTCA	TGAYGTCA	8	11.22	LTR66	TKATGTCA	yes	16	16	405	3.95	0.45	1.0	no
Erg (MA0474.4)	Erg	MA0474.4	CAGGAAG	RCAGGAAGYR	10	12.09	LTR66	DCAGGAARKK	yes	16	16	405	3.95	0.48	1.0	no
GFI1 (MA0038.3)	GFI1	MA0038.3	AATCACDGC	MAATCACDGCH	11	15.33	LTR66	AAATCWCWRTW	yes	16	16	405	3.95	0.43	1.0	no
Gata3 (MA0037.5)	Gata3	MA0037.5	TTATCT	YCTTATCT	8	10.28	LTR66	YYTTATCT	yes	16	16	405	3.95	0.46	1.0	no
HLF (MA0043.4)	HLF	MA0043.4	TTATGYAA	TTATGYAAY	9	13.1	LTR66	TTATATAAT	yes	28	16	405	3.95	0.42	1.0	no
NKX2-2 (MA1645.2)	NKX2-2	MA1645.2	CACTCA	CCACTCAA	8	10.65	LTR66	CCACTCAM	yes	16	16	405	3.95	0.51	1.0	no
NR2C2 (MA0504.2)	NR2C2	MA0504.2	GGTCARAGGKCR	RRGGTCARAGGKCR	14	16.16	LTR66	GRGRTGAGRGGBMA	yes	16	16	405	3.95	0.66	1.0	no
RUNX2 (MA0511.2)	RUNX2	MA0511.2	ACCRCA	WRACCRCAR	9	11.55	LTR66	AAACCACAR	yes	16	16	405	3.95	0.92	1.0	no
SNAI3 (MA1559.2)	SNAI3	MA1559.2	CAGGTG	RCAGGTGYR	9	13.21	LTR66	ACAGGTGSB	yes	16	16	405	3.95	0.63	1.0	no
TBX20 (MA0689.1)	TBX20	MA0689.1	AGGTGTGA	WAGGTGTGAWR	11	13.85	LTR66	WABGTGTGARG	yes	16	16	405	3.95	0.44	1.0	no
ZNF211 (MA1974.2)	ZNF211	MA1974.2	ATATACCA	YATATACCAY	10	14.46	LTR66	TATATAYCMY	yes	20	16	405	3.95	0.21	1.0	no
GABPA (MA0062.4)	GABPA	MA0062.4	CTTCCT	YACTTCCTGY	10	11.67	LTR66	MMYTTCCTGH	yes	15	15	405	3.7	0.45	1.0	no
IRF2 (MA0051.2)	IRF2	MA0051.2	GAAAGYGAAAS	SGAAAGYGAAASYNWW	16	20.65	LTR66	GAAAAGKKAAANRWTA	yes	17	15	405	3.7	0.5	1.0	no
Ptf1A (MA1618.2)	Ptf1A	MA1618.2	CAGATG	MCAGATGKB	9	10.82	LTR66	RCAGATGKR	yes	15	15	405	3.7	0.49	1.0	no
Ptf1A (MA1620.2)	Ptf1A	MA1620.2	CACCTG	RCACCTGY	8	10.84	LTR66	SCACCTGT	yes	15	15	405	3.7	0.63	1.0	no
Stat5a (MA1624.2)	Stat5a	MA1624.2	TCCWRGAA	TTCCWRGAA	9	12.49	LTR66	YTCCMRGAA	yes	15	15	405	3.7	0.42	1.0	no
TCF7L1 (MA1421.1)	TCF7L1	MA1421.1	AGATCAAAG	WAAGATCAAAGR	12	16.79	LTR66	WRAKWTCAAAKK	yes	16	15	405	3.7	0.32	1.0	no
TRPS1 (MA1970.2)	TRPS1	MA1970.2	TTATC	YCTTATCT	8	10.21	LTR66	YYTTATCT	yes	15	15	405	3.7	0.53	1.0	no
ZNF707 (MA1715.1)	ZNF707	MA1715.1	CCCCACTYCTGGT	CCCCACTYCTGGTMM	15	20.54	LTR66	MMCMWCTYCTGGDMY	yes	15	15	405	3.7	0.59	1.0	no
Dux (MA0611.3)	Dux	MA0611.3	GATTBAATCA	WGATTBAATCA	11	16.28	LTR66	WGATTSAAWYA	yes	21	14	405	3.46	0.42	1.0	no
ERF::FIGLA (MA1934.2)	ERF::FIGLA	MA1934.2	MGGAWRCASSTG	SMGGAWRCASSTG	13	17.99	LTR66	YRGGAAACACRTG	yes	14	14	405	3.46	0.95	1.0	no
ETV5::FIGLA (MA1945.2)	ETV5::FIGLA	MA1945.2	GGAWRCAGGTG	RSMGGAWRCAGGTG	14	17.38	LTR66	GHRGGAAACACRTG	yes	14	14	405	3.46	0.82	1.0	no
ETV5::FOXO1 (MA1947.2)	ETV5::FOXO1	MA1947.2	AACAGGA	RWMAACAGGA	10	11.57	LTR66	RRAAACAGGW	yes	14	14	405	3.46	0.36	1.0	no
Elf5 (MA0136.4)	Elf5	MA0136.4	AGGAAG	MAGGAAGW	8	11.15	LTR66	AAGGAART	yes	14	14	405	3.46	0.33	1.0	no
GATA1::TAL1 (MA0140.3)	GATA1::TAL1	MA0140.3	TATCWBBVHVVHVCA	TTATCWBBVHVVHVCAS	17	14.2	LTR66	TTATCTYRWTTKWRCAW	yes	14	14	405	3.46	0.48	1.0	no
IRF7 (MA0772.2)	IRF7	MA0772.2	CGAAARYGAAA	CGAAARYGAAAVW	13	17.43	LTR66	SDAAAWYGAAARD	yes	15	14	405	3.46	0.34	1.0	no
MYF6 (MA0667.1)	MYF6	MA0667.1	AACARCTGTY	AACARCTGTY	10	14.58	LTR66	RACAMYWGTY	yes	16	14	405	3.46	0.51	1.0	no
Prdm14 (MA1998.2)	Prdm14	MA1998.2	GTCTCTA	GGTCTCTA	8	10.54	LTR66	GGGCTCTA	yes	14	14	405	3.46	0.96	1.0	no
RXRB (MA1555.1)	RXRB	MA1555.1	GGTCRTGACC	RRGGTCRTGACCYY	14	16.32	LTR66	VGKKKYRTGAMCCY	yes	15	14	405	3.46	0.99	1.0	no
SP5 (MA1965.2)	SP5	MA1965.2	CCTCCC	CCTCCC	6	11.6	LTR66	CCTCCC	yes	14	14	405	3.46	0.27	1.0	no
Sox11 (MA0869.3)	Sox11	MA0869.3	ACAAAG	GAACAAAG	8	11.47	LTR66	RMACAAAG	yes	14	14	405	3.46	0.31	1.0	no
TBX19 (MA0804.2)	TBX19	MA0804.2	TMRCACVTRBGTGYKA	TMRCACVTRBGTGYKAH	17	16.98	LTR66	TSHCAYDTAHRTGKSAW	yes	21	14	405	3.46	0.75	1.0	no
TFAP4::ETV1 (MA1966.2)	TFAP4::ETV1	MA1966.2	GGAWRCASSTG	SCGGAWRCASSTG	13	14.49	LTR66	CVGGAARCASRYG	yes	14	14	405	3.46	1.25	1.0	no
ZNF454 (MA1712.2)	ZNF454	MA1712.2	GGCTCBVGG	GGCTCBVGGNYCYKVBS	17	14.94	LTR66	GGYYCTRGGMCMYKSKG	yes	15	14	405	3.46	1.87	0.11645208758253749	no
ZNF708 (MA1730.2)	ZNF708	MA1730.2	GCTGTRCCT	GCTGTRCCT	9	14.0	LTR66	KCTGTRSCT	yes	14	14	405	3.46	0.78	1.0	no
EBF3 (MA1637.2)	EBF3	MA1637.2	CCCMRGGG	CCCMRGGGA	9	11.93	LTR66	CYCAAGGRA	yes	14	13	405	3.21	0.63	1.0	no
ESRRB (MA0141.4)	ESRRB	MA0141.4	CAAGGTCA	TCAAGGTCAW	10	16.19	LTR66	TMAAGKTCAW	yes	13	13	405	3.21	0.41	1.0	no
ETV5::DRGX (MA1944.2)	ETV5::DRGX	MA1944.2	GGAWGYRRT	MGGAWGYRRTYA	12	13.17	LTR66	AGGAASHRATWR	yes	14	13	405	3.21	0.58	1.0	no
Esrrg (MA0643.2)	Esrrg	MA0643.2	AAGGTCA	YSAAGGTCA	9	12.95	LTR66	TRAAGGKCA	yes	13	13	405	3.21	0.43	1.0	no
MTF1 (MA0863.1)	MTF1	MA0863.1	TKTGCACACGKCMC	TKTGCACACGKCMC	14	20.41	LTR66	KTTRSACACWGCAS	yes	13	13	405	3.21	1.05	1.0	no
NR6A1 (MA1541.2)	NR6A1	MA1541.2	AAGKTCAAG	SAAGKTCAAGKKYR	14	15.4	LTR66	YRWGTTCAADTKNR	yes	16	13	405	3.21	0.4	1.0	no
SCRT2 (MA0744.3)	SCRT2	MA0744.3	CAACAGGT	KCAACAGGTK	10	12.64	LTR66	KYAACARGYK	yes	14	13	405	3.21	0.44	1.0	no
Thap11 (MA1573.2)	Thap11	MA1573.2	ACTACAWBTCCC	ACTACAWBTCCCRK	14	17.72	LTR66	ACTACACKYACCAG	yes	15	13	405	3.21	0.55	1.0	no
ZNF449 (MA1656.2)	ZNF449	MA1656.2	AGCCCAAC	MAGCCCAACM	10	13.13	LTR66	GAGCCCARSC	yes	13	13	405	3.21	0.59	1.0	no
ZNF675 (MA1714.2)	ZNF675	MA1714.2	GRGGMYARAAYG	KGVHYVRGRGGMYARAAYG	19	16.87	LTR66	DVWHVRRGARKANRAAAWG	yes	13	13	405	3.21	0.36	1.0	no
ZNF816 (MA1719.2)	ZNF816	MA1719.2	GGGGACMTG	KGGGGACMTGYHDRV	15	16.05	LTR66	RRGAGACATGCRAGG	yes	13	13	405	3.21	0.53	1.0	no
CDX4 (MA1473.2)	CDX4	MA1473.2	GYMATAAA	GYMATAAAM	9	13.82	LTR66	RYMATAAAM	yes	12	12	405	2.96	0.29	1.0	no
ELF1 (MA0473.4)	ELF1	MA0473.4	AGGAAGT	CAGGAAGTR	9	12.35	LTR66	CAGGAARKG	yes	12	12	405	2.96	0.43	1.0	no
Ebf2 (MA1604.2)	Ebf2	MA1604.2	CCCMRGGGA	CCCMRGGGA	9	12.25	LTR66	CYCAAGGRA	yes	13	12	405	2.96	0.46	1.0	no
FOSL1::JUND (MA1143.2)	FOSL1::JUND	MA1143.2	TGAC	RTGACKYMW	9	7.13	LTR66	MTGACRTAA	yes	12	12	405	2.96	0.71	1.0	no
MAZ (MA1522.2)	MAZ	MA1522.2	CCCCTCC	CCCCTCCY	8	13.64	LTR66	CCCSTCCY	yes	12	12	405	2.96	0.73	1.0	no
NKX2-8 (MA0673.2)	NKX2-8	MA0673.2	CACTY	VCACTYSW	8	8.9	LTR66	CCACTTRA	yes	12	12	405	2.96	0.4	1.0	no
Nkx3-1 (MA0124.3)	Nkx3-1	MA0124.3	CACTTA	SCACTTA	7	10.83	LTR66	CCACTTA	yes	12	12	405	2.96	0.81	1.0	no
PLAGL2 (MA1548.2)	PLAGL2	MA1548.2	GGGCCCC	GGGCCCCY	8	12.05	LTR66	GGGCCCCW	yes	12	12	405	2.96	1.12	1.0	no
PRDM1 (MA0508.4)	PRDM1	MA0508.4	CTTTCTC	CTTTCTC	7	11.16	LTR66	CTTTCTC	yes	12	12	405	2.96	0.68	1.0	no
Pax7 (MA0680.3)	Pax7	MA0680.3	AATCAATT	WAATCAATTA	10	12.91	LTR66	WAMTHAATTW	yes	13	12	405	2.96	0.25	1.0	no
Prdm15 (MA1616.2)	Prdm15	MA1616.2	AAAACCYGG	BAAAACCYGGM	11	13.03	LTR66	SAARTCCTGGA	yes	12	12	405	2.96	0.32	1.0	no
Rhox11 (MA0629.2)	Rhox11	MA0629.2	GCTGTW	YGCTGTWAW	9	10.89	LTR66	YGCTGTWWT	yes	12	12	405	2.96	0.7	1.0	no
Arnt (MA0004.1)	Arnt	MA0004.1	CACGTG	CACGTG	6	10.99	LTR66	CACGTG	yes	22	11	405	2.72	1.33	0.9268495226787438	no
Arntl (MA0603.2)	Arntl	MA0603.2	CACGTG	RTCACGTG	8	10.97	LTR66	SWCACGTG	yes	11	11	405	2.72	1.9	0.18672124773877238	no
CUX2 (MA0755.2)	CUX2	MA0755.2	ATCRAT	WRATCRATH	9	11.54	LTR66	AAATCAATA	yes	11	11	405	2.72	0.44	1.0	no
ELK4 (MA0076.3)	ELK4	MA0076.3	CTTCCGG	BRCTTCCGG	9	12.73	LTR66	YWYTTCCKG	yes	11	11	405	2.72	1.03	1.0	no
IRF9 (MA0653.1)	IRF9	MA0653.1	AWCGAAACCGAAAC	AWCGAAACCGAAACY	15	24.83	LTR66	ANKGAAAMMGAAAMK	yes	12	11	405	2.72	0.36	1.0	no
JDP2 (MA0656.2)	JDP2	MA0656.2	ATGACGTCA	ATGACGTCAY	10	17.16	LTR66	ATKAYRTMAT	yes	21	11	405	2.72	0.71	1.0	no
KLF16 (MA0741.1)	KLF16	MA0741.1	CMCRCCCMC	VMCMCRCCCMC	11	13.16	LTR66	SACMCWCCCMY	yes	11	11	405	2.72	0.82	1.0	no
MAF::NFE2 (MA0501.2)	MAF::NFE2	MA0501.2	TGACTCAGCA	RTGACTCAGCA	11	16.71	LTR66	ATGACWMWGCM	yes	12	11	405	2.72	0.38	1.0	no
MAX (MA0058.4)	MAX	MA0058.4	CACGTG	CACGTG	6	10.9	LTR66	CACGTG	yes	22	11	405	2.72	1.33	0.9268495226787438	no
MNT (MA0825.2)	MNT	MA0825.2	CACGTG	CACGTG	6	10.76	LTR66	CACGTG	yes	22	11	405	2.72	1.33	0.9268495226787438	no
Mafb (MA0117.3)	Mafb	MA0117.3	GCTGA	WWWDYGCTGAS	11	11.15	LTR66	AAYWWGCTKAC	yes	11	11	405	2.72	0.43	1.0	no
Mlxip (MA0622.2)	Mlxip	MA0622.2	CACGTG	CACGTG	6	12.0	LTR66	CACGTG	yes	22	11	405	2.72	1.33	0.9268495226787438	no
NKX2-4 (MA2003.2)	NKX2-4	MA2003.2	CACTYSA	SCACTYSA	8	8.99	LTR66	CCACTTRA	yes	11	11	405	2.72	0.46	1.0	no
Nkx3-2 (MA0122.4)	Nkx3-2	MA0122.4	CACTTA	WWMCACTTAW	10	11.89	LTR66	WYCCACTTAW	yes	11	11	405	2.72	0.37	1.0	no
ONECUT2 (MA0756.3)	ONECUT2	MA0756.3	GATCRATA	GATCRATA	8	12.47	LTR66	AATCAATA	yes	11	11	405	2.72	0.51	1.0	no
PGR (MA2327.1)	PGR	MA2327.1	ACABDVTGT	ACABDVTGT	9	10.2	LTR66	ACARNCTGT	yes	18	11	405	2.72	0.43	1.0	no
RREB1 (MA0073.2)	RREB1	MA0073.2	MCMCMAMMCAMCMMC	MCMCMAMMCAMCMMCMMMS	19	22.1	LTR66	CMMMCAMACAMACAMWYHV	yes	15	11	405	2.72	0.37	1.0	no
TBXT (MA0009.2)	TBXT	MA0009.2	TMRCACVTABGTGYKA	TMRCACVTABGTGYKA	16	18.96	LTR66	TSMCAYWTAHRTGDSA	yes	16	11	405	2.72	0.72	1.0	no
TCF7L2 (MA0523.2)	TCF7L2	MA0523.2	WTCAAAG	RSWTCAAAG	9	12.78	LTR66	RGATSAAAG	yes	11	11	405	2.72	0.22	1.0	no
TFAP4 (MA1570.1)	TFAP4	MA1570.1	CAYRTG	RHCAYRTGKY	10	10.48	LTR66	AACATATGKW	yes	14	11	405	2.72	0.37	1.0	no
Yy1 (MA0095.4)	Yy1	MA0095.4	AARATGG	CAARATGG	8	11.39	LTR66	SAAAATGG	yes	11	11	405	2.72	0.22	1.0	no
ZBTB24 (MA2330.1)	ZBTB24	MA2330.1	CAGGAC	SCCAGGACCY	10	9.69	LTR66	MCCAGGMCHY	yes	11	11	405	2.72	0.6	1.0	no
ZFP14 (MA1972.1)	ZFP14	MA1972.1	GGAGSMHMHGGA	GGAGSMHMHGGARBG	15	15.0	LTR66	KGAGRCVSRKGARDG	yes	11	11	405	2.72	0.46	1.0	no
ZKSCAN5 (MA1652.2)	ZKSCAN5	MA1652.2	GGARGTGA	GGARGTGAK	9	13.03	LTR66	GGARGWGAN	yes	11	11	405	2.72	0.46	1.0	no
ARNT2 (MA1464.2)	ARNT2	MA1464.2	CACGTG	RWCACGTG	8	12.19	LTR66	RMCACGTG	yes	18	10	405	2.47	1.74	0.336103594436664	no
ATF2 (MA1632.2)	ATF2	MA1632.2	ATGABGTCA	ATGABGTCAY	10	13.71	LTR66	ATKATGTCAT	yes	11	10	405	2.47	0.33	1.0	no
Alx1 (MA0854.2)	Alx1	MA0854.2	TAATTA	YTAATTAR	8	11.94	LTR66	TYAATTRA	yes	20	10	405	2.47	0.37	1.0	no
CLOCK (MA0819.3)	CLOCK	MA0819.3	CACGTG	MCACGTG	7	10.46	LTR66	ACACGTG	yes	10	10	405	2.47	2.38	0.0675625814705573	no
CTCFL (MA1102.3)	CTCFL	MA1102.3	AGGGGGC	SAGGGGGC	8	11.68	LTR66	VAGGKGGC	yes	10	10	405	2.47	0.63	1.0	no
CUX1 (MA0754.3)	CUX1	MA0754.3	AATCRAT	YAATCRATA	9	12.28	LTR66	AAATCAATA	yes	10	10	405	2.47	0.41	1.0	no
Creb5 (MA0840.2)	Creb5	MA0840.2	ATGACGTCA	ATGACGTCAY	10	16.13	LTR66	ATKAYRTMAT	yes	20	10	405	2.47	0.76	1.0	no
EGR2 (MA0472.2)	EGR2	MA0472.2	CGCCCACGC	MCGCCCACGCR	11	15.29	LTR66	ASGCCCACKCA	yes	10	10	405	2.47	2.16	0.11645208758253749	no
ERF::HOXB13 (MA1937.2)	ERF::HOXB13	MA1937.2	GGAWRYHRTWA	MGGAWRYHRTWAM	13	11.86	LTR66	AGGAWATDRTAWR	yes	10	10	405	2.47	0.43	1.0	no
ETV2::FOXI1 (MA1942.2)	ETV2::FOXI1	MA1942.2	ACAGGAWR	MRACAGGAWRY	11	12.31	LTR66	MWACAGKAAGS	yes	10	10	405	2.47	0.29	1.0	no
FOSL2::JUNB (MA1139.2)	FOSL2::JUNB	MA1139.2	TGACGTCA	RTGACGTCAY	10	13.38	LTR66	ATKAYRTMAT	yes	20	10	405	2.47	0.93	1.0	no
GLI3 (MA1491.3)	GLI3	MA1491.3	GACCACCCACGWHG	RGACCACCCACGWHG	15	22.26	LTR66	WGRCCACAMASAMNS	yes	10	10	405	2.47	0.51	1.0	no
HOXB13 (MA0901.3)	HOXB13	MA0901.3	CAATAAAA	MCAATAAAA	9	12.51	LTR66	MYAWTAAAA	yes	10	10	405	2.47	0.18	1.0	no
HOXD12 (MA0873.2)	HOXD12	MA0873.2	TCGTAAA	RRTCGTAAAW	10	13.94	LTR66	AVTCRYAAAA	yes	10	10	405	2.47	0.62	1.0	no
JUN (MA0488.2)	JUN	MA0488.2	ATGAKGTMA	ATGAKGTMAT	10	14.71	LTR66	ATKATGTMAT	yes	10	10	405	2.47	0.3	1.0	no
MAFF (MA0495.4)	MAFF	MA0495.4	TCAGCA	STCAGCAWWWW	11	12.77	LTR66	GTMAGCWWRTT	yes	10	10	405	2.47	0.3	1.0	no
NFYA (MA0060.4)	NFYA	MA0060.4	CCAATCA	CCAATCAS	8	11.55	LTR66	CCAATCAY	yes	10	10	405	2.47	0.31	1.0	no
NFYC (MA1644.2)	NFYC	MA1644.2	CCAATCA	CCAATCA	7	10.05	LTR66	CCAATCA	yes	10	10	405	2.47	0.39	1.0	no
NRL (MA0842.3)	NRL	MA0842.3	TGCTGAC	WWWDTGCTGACR	12	14.84	LTR66	AATTTGCTTAYK	yes	10	10	405	2.47	0.41	1.0	no
PBX1 (MA0070.2)	PBX1	MA0070.2	ATCAATCA	ATCAATCAW	9	14.09	LTR66	ATCAATCWW	yes	10	10	405	2.47	0.22	1.0	no
Prdm5 (MA1999.2)	Prdm5	MA1999.2	TCTCC	GYTCTCCAKYY	11	11.37	LTR66	STTCYCCATST	yes	10	10	405	2.47	0.33	1.0	no
SPIB (MA0081.3)	SPIB	MA0081.3	CACTTCC	YCACTTCCYYWYY	13	14.28	LTR66	TCWYTTCCYYWYY	yes	11	10	405	2.47	0.26	1.0	no
THAP1 (MA0597.3)	THAP1	MA0597.3	AGGGCA	SSAGGGCA	8	10.66	LTR66	GAAGGGCA	yes	10	10	405	2.47	0.35	1.0	no
ZBTB7C (MA0695.2)	ZBTB7C	MA0695.2	ACCACC	SRACCACC	8	9.72	LTR66	MGMCCACC	yes	12	10	405	2.47	0.71	1.0	no
ZIC1 (MA0696.1)	ZIC1	MA0696.1	CCCCCYGCTGYG	KRCCCCCYGCTGYG	14	18.77	LTR66	KGASCCCCGYTGTG	yes	10	10	405	2.47	0.66	1.0	no
ZNF766 (MA2098.1)	ZNF766	MA2098.1	AAKAAACC	AAKAAACCY	9	12.94	LTR66	AWGAAACCT	yes	10	10	405	2.47	0.27	1.0	no
ATF7 (MA0834.2)	ATF7	MA0834.2	ATGACGTCAY	ATGACGTCAY	10	16.97	LTR66	ATKAYRTMAT	yes	18	9	405	2.22	0.87	1.0	no
Creb3l2 (MA0608.1)	Creb3l2	MA0608.1	KMCACGTG	KMCACGTGD	9	13.0	LTR66	GMCACGTGK	yes	15	9	405	2.22	1.81	0.32605434191273486	no
ETV5::FOXI1 (MA1946.2)	ETV5::FOXI1	MA1946.2	GKMAACMGGAWG	GKMAACMGGAWG	12	14.01	LTR66	VRMMACAGGAWG	yes	9	9	405	2.22	0.33	1.0	no
FLI1::FOXI1 (MA1950.2)	FLI1::FOXI1	MA1950.2	ACAGGA	HMAACAGGAWR	11	12.96	LTR66	WNHACAGGAWR	yes	9	9	405	2.22	0.22	1.0	no
FOS (MA1951.2)	FOS	MA1951.2	TGACGTCAT	BRTGACGTCATMR	13	17.34	LTR66	AATGAYATAATAA	yes	9	9	405	2.22	0.65	1.0	no
FOS::JUND (MA1141.2)	FOS::JUND	MA1141.2	TGAGTCA	RTGAGTCAY	9	13.11	LTR66	MTKARTCAT	yes	10	9	405	2.22	0.32	1.0	no
FOSB::JUN (MA1127.1)	FOSB::JUN	MA1127.1	TGACGTMA	RRTGACGTMAY	11	12.84	LTR66	AATGACATAAT	yes	9	9	405	2.22	0.63	1.0	no
FOSB::JUNB (MA1136.1)	FOSB::JUNB	MA1136.1	TKACGTCA	RTKACGTCAY	10	11.16	LTR66	ATTATGTCAT	yes	11	9	405	2.22	0.79	1.0	no
FOSL1::JUN (MA1128.2)	FOSL1::JUN	MA1128.2	TGACTCA	RTGACTCAY	9	12.09	LTR66	ATGAYTMAK	yes	9	9	405	2.22	0.29	1.0	no
FOSL1::JUN (MA1129.1)	FOSL1::JUN	MA1129.1	TKACGTMA	RTKACGTMAY	10	10.26	LTR66	ATKAYRTMAT	yes	18	9	405	2.22	0.9	1.0	no
FOSL1::JUNB (MA1137.2)	FOSL1::JUNB	MA1137.2	TGASTMA	RTGASTMAY	9	9.03	LTR66	ATGAYTMAK	yes	10	9	405	2.22	0.32	1.0	no
FOSL2::JUN (MA1131.2)	FOSL2::JUN	MA1131.2	TGACGTMA	RTGACGTMAY	10	12.96	LTR66	ATGACATAAT	yes	9	9	405	2.22	0.54	1.0	no
FOSL2::JUND (MA1145.2)	FOSL2::JUND	MA1145.2	TKACGTCA	RTKACGTCAY	10	12.85	LTR66	ATTATGTCAT	yes	9	9	405	2.22	0.55	1.0	no
KLF10 (MA1511.2)	KLF10	MA1511.2	GGGGCGKGG	GGGGCGKGG	9	13.84	LTR66	GGGGTGGGT	yes	9	9	405	2.22	0.77	1.0	no
MGA (MA0801.1)	MGA	MA0801.1	GTGTGA	RGGTGTGA	8	10.83	LTR66	WSGTGTGA	yes	9	9	405	2.22	0.31	1.0	no
OSR2 (MA1646.2)	OSR2	MA1646.2	CAGAAGC	VCAGAAGC	8	10.19	LTR66	VCAGAAGC	yes	9	9	405	2.22	0.43	1.0	no
RORC (MA1151.2)	RORC	MA1151.2	AWBTRGGKCA	AWBTRGGKCA	10	9.77	LTR66	AARKRGGTCA	yes	9	9	405	2.22	0.27	1.0	no
RXRG (MA1556.1)	RXRG	MA1556.1	GGTCAYGACC	RRGGTCAYGACCYY	14	17.92	LTR66	RRGBTCAYRAMBYS	yes	12	9	405	2.22	0.6	1.0	no
Sox1 (MA0870.1)	Sox1	MA0870.1	ACAATWVCATTGT	MACAATWVCATTGTY	15	20.93	LTR66	VNCAMWWVNAKTGNK	yes	10	9	405	2.22	0.23	1.0	no
TFAP2C (MA0814.3)	TFAP2C	MA0814.3	CCTGAGG	SCCTGAGGS	9	11.36	LTR66	GCCTGAGGY	yes	12	9	405	2.22	0.69	1.0	no
THRB (MA1574.2)	THRB	MA1574.2	GGTCARAGGT	RGGTCARAGGTYR	13	15.81	LTR66	RGKKYAAAGKTHR	yes	9	9	405	2.22	0.34	1.0	no
USF2 (MA0526.5)	USF2	MA0526.5	TCACGTGA	RTCACGTGAY	10	16.05	LTR66	VMCACGTGKB	yes	18	9	405	2.22	1.86	0.29585425156447764	no
ZBTB7A (MA0750.3)	ZBTB7A	MA0750.3	CCGGAAG	CCGGAAGYS	9	11.14	LTR66	CMGGAAGDR	yes	9	9	405	2.22	0.78	1.0	no
ZNF582 (MA1983.2)	ZNF582	MA1983.2	TTACTTGCAGCYVA	YYYBTTACTTGCAGCYVAA	19	22.5	LTR66	TRTKTTCCTTGMRSCCARW	yes	9	9	405	2.22	0.28	1.0	no
ZNF684 (MA1600.2)	ZNF684	MA1600.2	ACAGTCCACCCCWT	ACAGTCCACCCCWT	14	20.04	LTR66	WCWGTCCWTCCCWT	yes	9	9	405	2.22	0.33	1.0	no
ATOH7 (MA1468.1)	ATOH7	MA1468.1	CATMTG	RVCATMTGKY	10	10.83	LTR66	YACATATGTT	yes	8	8	405	1.98	0.26	1.0	no
BHLHA15 (MA0607.2)	BHLHA15	MA0607.2	CATATG	RMCATATGKY	10	13.73	LTR66	WACATATGTW	yes	16	8	405	1.98	0.34	1.0	no
BHLHE22 (MA1635.2)	BHLHE22	MA1635.2	CAGCTG	CAGCTG	6	11.79	LTR66	CAGCTG	yes	16	8	405	1.98	0.31	1.0	no
BHLHE23 (MA0817.2)	BHLHE23	MA0817.2	AMCATATG	AMCATATGKY	10	14.72	LTR66	WACATATGTW	yes	15	8	405	1.98	0.33	1.0	no
Bach1::Mafk (MA0591.2)	Bach1::Mafk	MA0591.2	TGACTCAGCA	SRTGACTCAGCA	12	17.83	LTR66	CMTGACTMAGCH	yes	8	8	405	1.98	0.39	1.0	no
CDX2 (MA0465.3)	CDX2	MA0465.3	CAATAAA	GCAATAAA	8	11.12	LTR66	RCAATAAA	yes	8	8	405	1.98	0.17	1.0	no
EBF1 (MA0154.5)	EBF1	MA0154.5	CCCAGGG	KCCCCAGGGRM	11	12.87	LTR66	KSCCCAGGGSM	yes	10	8	405	1.98	0.44	1.0	no
EGR1 (MA0162.5)	EGR1	MA0162.5	CRCCCMCRC	MCRCCCMCRC	10	11.51	LTR66	CCACCCACCC	yes	8	8	405	1.98	1.35	1.0	no
EGR4 (MA0733.2)	EGR4	MA0733.2	CGCCCMCGC	MCGCCCMCGCM	11	13.2	LTR66	CCACCCACCCC	yes	8	8	405	1.98	1.16	1.0	no
ESRRA (MA0592.4)	ESRRA	MA0592.4	CAAGGTCA	YCAAGGTCA	9	12.88	LTR66	TAAAGGTCA	yes	8	8	405	1.98	0.25	1.0	no
FOSB::JUNB (MA1135.2)	FOSB::JUNB	MA1135.2	TGASTCA	RTGASTCAY	9	12.55	LTR66	ATGAYTMAK	yes	9	8	405	1.98	0.34	1.0	no
FOSL1::JUND (MA1142.2)	FOSL1::JUND	MA1142.2	TGASKMA	RTGASKMA	8	7.28	LTR66	ATGACTAA	yes	8	8	405	1.98	0.29	1.0	no
HES1 (MA1099.3)	HES1	MA1099.3	CRCGTG	KKCRCGTG	8	10.5	LTR66	GACACGTG	yes	8	8	405	1.98	2.63	0.07753762205240783	no
HIF1A (MA1106.2)	HIF1A	MA1106.2	ACGTGC	ACGTGC	6	10.07	LTR66	ACGTGC	yes	8	8	405	1.98	0.71	1.0	no
HOXA10 (MA0899.2)	HOXA10	MA0899.2	ATWAA	RYMATWAAH	9	9.01	LTR66	RYMATAAAA	yes	8	8	405	1.98	0.17	1.0	no
HOXA4 (MA1496.2)	HOXA4	MA1496.2	YMATTA	RYMATTA	7	8.05	LTR66	GTCATTA	yes	8	8	405	1.98	0.47	1.0	no
HOXC10 (MA0905.2)	HOXC10	MA0905.2	TCRTWAA	RTCRTWAAW	9	10.98	LTR66	MTCRTAAAA	yes	8	8	405	1.98	0.33	1.0	no
HOXC13 (MA0907.2)	HOXC13	MA0907.2	CTCGTAAA	CTCGTAAAW	9	14.01	LTR66	MTCRTAAAA	yes	8	8	405	1.98	0.35	1.0	no
HOXD11 (MA0908.2)	HOXD11	MA0908.2	TCGTAAA	RTCGTAAAW	9	12.23	LTR66	ATCRTAAAA	yes	8	8	405	1.98	0.35	1.0	no
Hoxa13 (MA0650.4)	Hoxa13	MA0650.4	CAATAAA	SCAATAAA	8	10.98	LTR66	VCAATAAA	yes	8	8	405	1.98	0.18	1.0	no
IRF6 (MA1509.1)	IRF6	MA1509.1	CCGAAACT	RCCGAAACT	9	14.1	LTR66	WCCGAAACT	yes	8	8	405	1.98	0.9	1.0	no
JUN::JUNB (MA1133.2)	JUN::JUNB	MA1133.2	TKACGTCA	KRTKACGTCAK	11	11.0	LTR66	TATTATGTCAT	yes	8	8	405	1.98	0.53	1.0	no
KLF11 (MA1512.2)	KLF11	MA1512.2	CACRCCC	MCACRCCCMC	10	13.13	LTR66	WTACRCCCAC	yes	8	8	405	1.98	0.72	1.0	no
KLF17 (MA1514.2)	KLF17	MA1514.2	CCACRCWCCC	MCCACRCWCCCMYY	14	16.39	LTR66	GCCACCCACCCCTG	yes	8	8	405	1.98	0.43	1.0	no
MYC (MA0147.4)	MYC	MA0147.4	CACGTG	CCACGTGS	8	10.98	LTR66	CCACGTGT	yes	8	8	405	1.98	1.77	0.42864277530286815	no
NR1I3 (MA1534.2)	NR1I3	MA1534.2	TGAACT	TGAACTHW	8	10.51	LTR66	TGAACTTW	yes	8	8	405	1.98	0.26	1.0	no
Neurod2 (MA1993.2)	Neurod2	MA1993.2	CAGCTG	CAGCTG	6	11.7	LTR66	CAGCTG	yes	16	8	405	1.98	0.31	1.0	no
OLIG1 (MA0826.1)	OLIG1	MA0826.1	AMCATATG	AMCATATGKT	10	14.66	LTR66	WACATATGTW	yes	15	8	405	1.98	0.33	1.0	no
OLIG2 (MA0678.1)	OLIG2	MA0678.1	CATATG	AMCATATGKY	10	12.95	LTR66	WACATATGTW	yes	16	8	405	1.98	0.27	1.0	no
OLIG3 (MA0827.1)	OLIG3	MA0827.1	CATATG	RMCATATGBY	10	11.44	LTR66	WACATATGTW	yes	16	8	405	1.98	0.27	1.0	no
Olig2 (MA1997.2)	Olig2	MA1997.2	CAGCTG	CAGCTG	6	11.54	LTR66	CAGCTG	yes	16	8	405	1.98	0.31	1.0	no
Plagl1 (MA1615.2)	Plagl1	MA1615.2	GGGGCCA	WGGGGCCA	8	10.93	LTR66	AGGGGCCA	yes	8	8	405	1.98	0.41	1.0	no
RUNX3 (MA0684.3)	RUNX3	MA0684.3	ACCWCA	RACCWCAR	8	10.17	LTR66	AACCACAA	yes	8	8	405	1.98	0.24	1.0	no
Rarb (MA0857.1)	Rarb	MA0857.1	AGGTCAAAAGGTCA	WAAGGTCAAAAGGTCA	16	26.39	LTR66	KRASKYMARAAGGTYA	yes	9	8	405	1.98	0.23	1.0	no
SCRT1 (MA0743.3)	SCRT1	MA0743.3	CAACAGGT	KCAACAGGTK	10	13.21	LTR66	YSAACARGTB	yes	9	8	405	1.98	0.25	1.0	no
SP2 (MA0516.3)	SP2	MA0516.3	GGGCGGG	GGGGCGGGR	9	13.51	LTR66	GGGGAGGRG	yes	8	8	405	1.98	0.72	1.0	no
SREBF1 (MA0829.3)	SREBF1	MA0829.3	TCACSTGA	RTCACSTGAY	10	13.3	LTR66	ATCACCAGAT	yes	9	8	405	1.98	0.41	1.0	no
TBX21 (MA0690.3)	TBX21	MA0690.3	TCACACCT	TTCACACCTY	10	13.36	LTR66	YTCACACSTT	yes	8	8	405	1.98	0.25	1.0	no
TFAP2A (MA0003.5)	TFAP2A	MA0003.5	CCTCAGG	SCCTCAGGS	9	11.45	LTR66	RCCTSAGGS	yes	11	8	405	1.98	0.6	1.0	no
Tbx6 (MA1567.3)	Tbx6	MA1567.3	GGTGTGAA	RGGTGTGAA	9	11.51	LTR66	WGGTGWGAR	yes	8	8	405	1.98	0.23	1.0	no
Tcf12 (MA0521.3)	Tcf12	MA0521.3	CAGCTG	CAGCTG	6	10.49	LTR66	CAGCTG	yes	16	8	405	1.98	0.31	1.0	no
Twist2 (MA0633.3)	Twist2	MA0633.3	CAGCTG	CAGCTG	6	11.66	LTR66	CAGCTG	yes	16	8	405	1.98	0.31	1.0	no
ZBTB18 (MA0698.2)	ZBTB18	MA0698.2	CAGATGT	WKMCAGATGTK	11	15.33	LTR66	AWSCAGWTGTW	yes	8	8	405	1.98	0.22	1.0	no
ZNF16 (MA1654.2)	ZNF16	MA1654.2	GGGAGCCAYKGRRGG	AVKRGGGAGCCAYKGRRGGYK	21	24.56	LTR66	RSTBGKGAGCCMMKGMNGKKK	yes	8	8	405	1.98	0.3	1.0	no
ZNF331 (MA1726.2)	ZNF331	MA1726.2	GCWGAGC	WGCWGAGCMH	10	13.01	LTR66	TGAAGAGCCC	yes	8	8	405	1.98	0.5	1.0	no
ZSCAN31 (MA1722.2)	ZSCAN31	MA1722.2	CATAAYTGCCCTGC	KCATAAYTGCCCTGCKDC	18	24.71	LTR66	TTATARCTGCACTGCCAT	yes	8	8	405	1.98	0.44	1.0	no
BHLHE22 (MA0818.2)	BHLHE22	MA0818.2	AMCATATG	AMCATATGKY	10	13.4	LTR66	WACATATGTW	yes	14	7	405	1.73	0.3	1.0	no
GATA6 (MA1104.3)	GATA6	MA1104.3	TTATC	YCTTATCT	8	10.74	LTR66	NCTTATCT	yes	7	7	405	1.73	0.26	1.0	no
GMEB2 (MA0862.1)	GMEB2	MA0862.1	ACGT	KKACGTMM	8	9.89	LTR66	TKACGTMA	yes	12	7	405	1.73	2.3	0.1951917284961975	no
HES2 (MA0616.3)	HES2	MA0616.3	CACGTG	GKCACGTGY	9	12.0	LTR66	GMCACGTGK	yes	13	7	405	1.73	2.16	0.2485200273778066	no
HES6 (MA1493.1)	HES6	MA1493.1	GGCACGTGT	GGCACGTGTY	10	14.15	LTR66	GCCACGTGTC	yes	7	7	405	1.73	0.81	1.0	no
HEY1 (MA0823.1)	HEY1	MA0823.1	CACGTG	SRCACGTGYM	10	12.27	LTR66	GMCACGTGKC	yes	14	7	405	1.73	2.27	0.2050234143980856	no
HIC2 (MA0738.2)	HIC2	MA0738.2	TGCCM	RTGCCM	6	7.93	LTR66	ATGCCC	yes	8	7	405	1.73	0.13	1.0	no
INSM1 (MA0155.1)	INSM1	MA0155.1	TGYMWGGGG	TGYMWGGGGKYR	12	14.86	LTR66	KGKMWGGGGGWR	yes	7	7	405	1.73	0.31	1.0	no
KLF6 (MA1517.2)	KLF6	MA1517.2	ACRCCC	MMACRCCCH	9	11.16	LTR66	ACACACCCA	yes	7	7	405	1.73	0.58	1.0	no
MAFG::NFE2L1 (MA0089.3)	MAFG::NFE2L1	MA0089.3	ATGACTCAGCA	ATGACTCAGCA	11	17.14	LTR66	VTGACTMAGCM	yes	7	7	405	1.73	0.23	1.0	no
MSC (MA0665.1)	MSC	MA0665.1	ACAGCTGTT	RACAGCTGTT	10	14.86	LTR66	RCCASCTGTY	yes	7	7	405	1.73	0.31	1.0	no
MYCN (MA0104.5)	MYCN	MA0104.5	CACGTG	CCACGTGG	8	11.6	LTR66	MCACGTGK	yes	14	7	405	1.73	2.92	0.072323946226272	no
MZF1 (MA0056.3)	MZF1	MA0056.3	ATCCCC	MATCCCCW	8	11.14	LTR66	AATCCCCM	yes	7	7	405	1.73	0.23	1.0	no
NEUROG1 (MA0623.2)	NEUROG1	MA0623.2	CATATG	RMCATATGKY	10	13.78	LTR66	WACATATGTW	yes	14	7	405	1.73	0.27	1.0	no
NR1D1 (MA1531.2)	NR1D1	MA1531.2	GGTYASTRGGTCA	RGGTYASTRGGTCA	14	19.0	LTR66	AGGGCTCTAGGHCA	yes	7	7	405	1.73	0.33	1.0	no
NR5A1 (MA1540.3)	NR5A1	MA1540.3	TCAAGGYCA	WRYTCAAGGYCA	12	13.51	LTR66	WGTTCAAGKTYA	yes	9	7	405	1.73	0.19	1.0	no
Npas2 (MA0626.2)	Npas2	MA0626.2	CACGTG	SCACGTGK	8	11.47	LTR66	CCACGTGT	yes	7	7	405	1.73	1.61	0.7065739045884004	no
PAX3 (MA1546.2)	PAX3	MA1546.2	GTCACGSYHRTT	SGTCACGSYHRTTA	14	14.65	LTR66	CTTCATGCCAAATA	yes	7	7	405	1.73	0.53	1.0	no
PKNOX1 (MA0782.3)	PKNOX1	MA0782.3	GAKTGACA	WGAKTGACAK	10	12.21	LTR66	WGAKTGACWK	yes	7	7	405	1.73	0.2	1.0	no
SATB1 (MA1963.2)	SATB1	MA1963.2	CTAATAA	CTAATAA	7	11.91	LTR66	CTAATAA	yes	7	7	405	1.73	0.41	1.0	no
TBX1 (MA0805.1)	TBX1	MA0805.1	AGGTGTGA	AGGTGTGA	8	12.82	LTR66	ASGTGTSA	yes	7	7	405	1.73	0.26	1.0	no
TCF4 (MA0830.3)	TCF4	MA0830.3	CACCTG	SCACCTGS	8	10.6	LTR66	GCACCTGT	yes	7	7	405	1.73	0.38	1.0	no
TEAD1 (MA0090.4)	TEAD1	MA0090.4	ACATTCCA	ACATTCCAR	9	12.42	LTR66	NYATTCCAG	yes	7	7	405	1.73	0.19	1.0	no
TFE3 (MA0831.3)	TFE3	MA0831.3	TCACGTGA	RTCACGTGAY	10	15.4	LTR66	GMCACGTGKC	yes	14	7	405	1.73	1.03	1.0	no
THRB (MA1576.2)	THRB	MA1576.2	TSACCTBRSRTGACCTYA	TSACCTBRSRTGACCTYA	18	21.44	LTR66	TSWYSWGAMSKGHCCTCR	yes	7	7	405	1.73	0.29	1.0	no
TP63 (MA0525.2)	TP63	MA0525.2	ACATGTYRKRACATGT	RACATGTYRKRACATGTM	18	24.33	LTR66	AACAWBTTRYRAMMWKWD	yes	7	7	405	1.73	0.41	1.0	no
Tcf21 (MA0832.2)	Tcf21	MA0832.2	AACAGCTGTT	AACAGCTGTT	10	17.47	LTR66	RMCAGBTGKY	yes	9	7	405	1.73	0.34	1.0	no
ZKSCAN3 (MA1973.2)	ZKSCAN3	MA1973.2	AGGCTAGCCC	MYVAGGCTAGCCCW	14	17.24	LTR66	SSMAGGYTRKMCYW	yes	7	7	405	1.73	0.49	1.0	no
Zfx (MA0146.3)	Zfx	MA0146.3	CBVGGCCT	RSCBVGGCCT	10	12.4	LTR66	KSYBRGGCCT	yes	7	7	405	1.73	0.77	1.0	no
CDX1 (MA0878.3)	CDX1	MA0878.3	GYMATAAA	RGYMATAAAM	10	13.85	LTR66	DGYWATAAAV	yes	6	6	405	1.48	0.16	1.0	no
CTCF (MA1930.2)	CTCF	MA1930.2	TGCAVTDHHVVVHHHHDDCCWSYAGRKGG	BTGCAVTDHHVVVHHHHDDCCWSYAGRKGGMRS	33	20.71	LTR66	RWRHWGHKYNGNVTGDVSNMCWSWRGRGGBCWV	yes	6	6	405	1.48	0.39	1.0	no
DUX4 (MA0468.1)	DUX4	MA0468.1	AAYYYAATCA	WAAYYYAATCA	11	15.01	LTR66	TAADTSAATCT	yes	7	6	405	1.48	0.13	1.0	no
E2F6 (MA0471.3)	E2F6	MA0471.3	GGCGGGA	GGCGGGAA	8	11.28	LTR66	GGHGGGAA	yes	6	6	405	1.48	0.44	1.0	no
Ebf4 (MA2122.1)	Ebf4	MA2122.1	CCCAGGGGA	KYCCCAGGGGA	11	12.75	LTR66	KSYCMAGGGGM	yes	6	6	405	1.48	0.3	1.0	no
FOS::JUN (MA0099.4)	FOS::JUN	MA0099.4	TGASTCA	RTGASTCAY	9	11.64	LTR66	RTKARTCAT	yes	7	6	405	1.48	0.23	1.0	no
FOS::JUNB (MA1134.2)	FOS::JUNB	MA1134.2	TGASTCA	RTGASTCAY	9	12.9	LTR66	RTKARTCAT	yes	7	6	405	1.48	0.25	1.0	no
FOSL2::JUN (MA1130.2)	FOSL2::JUN	MA1130.2	TGASTCA	RTGASTCAY	9	12.03	LTR66	RTKARTCAT	yes	8	6	405	1.48	0.27	1.0	no
FOSL2::JUNB (MA1138.2)	FOSL2::JUNB	MA1138.2	TGASTCA	RTGASTCAY	9	12.82	LTR66	ATGAYTMAT	yes	8	6	405	1.48	0.26	1.0	no
FOSL2::JUND (MA1144.2)	FOSL2::JUND	MA1144.2	TGASTCA	RTGASTCAY	9	12.78	LTR66	ATGAYTMAY	yes	7	6	405	1.48	0.25	1.0	no
GATA2 (MA0036.4)	GATA2	MA0036.4	TTATC	YTTATCT	7	10.64	LTR66	CTTATCT	yes	6	6	405	1.48	0.4	1.0	no
HES7 (MA0822.1)	HES7	MA0822.1	GGCACGTGCC	YGGCACGTGCCR	12	19.78	LTR66	AGCCACGTGTCC	yes	6	6	405	1.48	1.44	1.0	no
HOXB9 (MA1503.2)	HOXB9	MA1503.2	TCRTAAA	RTCRTAAAW	9	13.32	LTR66	MTCRTAAAA	yes	6	6	405	1.48	0.31	1.0	no
HOXC12 (MA0906.2)	HOXC12	MA0906.2	TCGTAAA	RRTCGTAAAA	10	14.27	LTR66	AATHRTAAAA	yes	6	6	405	1.48	0.31	1.0	no
HOXC9 (MA0485.3)	HOXC9	MA0485.3	TCGTAAA	RTCGTAAAW	9	14.17	LTR66	MTCRTAAAA	yes	6	6	405	1.48	0.31	1.0	no
HOXD12::ELK1 (MA1958.2)	HOXD12::ELK1	MA1958.2	CGGAAGTYGTAAA	CGGAAGTYGTAAA	13	20.57	LTR66	VGGAARWNGKWAA	yes	6	6	405	1.48	0.27	1.0	no
Hoxa11 (MA0911.2)	Hoxa11	MA0911.2	TCRTWAA	RTCRTWAAW	9	11.1	LTR66	MTCRTAAAA	yes	6	6	405	1.48	0.35	1.0	no
Hoxd13 (MA0909.4)	Hoxd13	MA0909.4	CAATAA	CAATAAM	7	12.05	LTR66	CAATAAA	yes	6	6	405	1.48	0.17	1.0	no
JUN::JUNB (MA1132.2)	JUN::JUNB	MA1132.2	TGACKMA	RTGACKMA	8	9.31	LTR66	ATGACTAA	yes	6	6	405	1.48	0.28	1.0	no
MAX::MYC (MA0059.2)	MAX::MYC	MA0059.2	CACGTGG	RSCACGTGGY	10	13.95	LTR66	GACACGTGGC	yes	6	6	405	1.48	0.65	1.0	no
MEIS2 (MA1640.2)	MEIS2	MA1640.2	GATTTAT	WGATTTATK	9	11.46	LTR66	AGATTKATR	yes	7	6	405	1.48	0.12	1.0	no
MGA::EVX1 (MA1960.2)	MGA::EVX1	MA1960.2	GTGWTAAT	RRGTGWTAATK	11	13.84	LTR66	KRGTGATAAWT	yes	6	6	405	1.48	0.16	1.0	no
MYBL1 (MA0776.1)	MYBL1	MA0776.1	CGTTAAC	RCCGTTAACSKY	12	15.28	LTR66	MMCSTTAACBKB	yes	6	6	405	1.48	0.77	1.0	no
NR1D2 (MA1532.2)	NR1D2	MA1532.2	TRGGTYAGTRGGTCA	TRGGTYAGTRGGTCA	15	21.1	LTR66	TAGGGCTCTAGGCCA	yes	6	6	405	1.48	0.24	1.0	no
Nkx2-1 (MA1994.2)	Nkx2-1	MA1994.2	CACTTGA	CACTTGA	7	10.76	LTR66	CACTTGA	yes	6	6	405	1.48	0.26	1.0	no
PBX2 (MA1113.3)	PBX2	MA1113.3	ATAAATCA	MATAAATCA	9	11.71	LTR66	MATAAATMW	yes	6	6	405	1.48	0.11	1.0	no
PPARG (MA0066.2)	PPARG	MA0066.2	TRGGTCANBDTSACCYA	TRGGTCANBDTSACCYANW	19	20.07	LTR66	CAGGGATGGGTGACCTACT	yes	6	6	405	1.48	0.25	1.0	no
PROX1 (MA0794.1)	PROX1	MA0794.1	AAGACGYCTT	YAAGACGYCTTR	12	16.94	LTR66	YRAGACKYCTYV	yes	7	6	405	1.48	0.52	1.0	no
REST (MA0138.3)	REST	MA0138.3	CAGSACCWYGGACAG	YCAGSACCWYGGACAGMKSY	20	22.84	LTR66	KCAVMACMMNGGAVAGMNVY	yes	6	6	405	1.48	0.3	1.0	no
SP1 (MA0079.5)	SP1	MA0079.5	GGGGMGGRG	GGGGMGGRG	9	14.32	LTR66	GGGGAGGRR	yes	6	6	405	1.48	0.51	1.0	no
SP3 (MA0746.3)	SP3	MA0746.3	CCACGCCC	RCCACGCCCMY	11	14.67	LTR66	GMCACWCCYMY	yes	6	6	405	1.48	0.61	1.0	no
TFAP2B (MA0812.2)	TFAP2B	MA0812.2	GCCYSAGGC	GCCYSAGGC	9	12.17	LTR66	GCCTSAGGC	yes	10	6	405	1.48	0.99	1.0	no
ZBTB32 (MA1580.1)	ZBTB32	MA1580.1	GTACAGT	WGTACAGTRW	10	14.71	LTR66	KDTACAGTMW	yes	6	6	405	1.48	0.2	1.0	no
ZKSCAN1 (MA1585.2)	ZKSCAN1	MA1585.2	AGTAGG	AYAGTAGGY	9	13.27	LTR66	AGAGTAGGT	yes	6	6	405	1.48	0.37	1.0	no
ZNF135 (MA1587.1)	ZNF135	MA1587.1	CTCGACCTCC	YCTCGACCTCCYRR	14	17.94	LTR66	MSTKGACCTCCTKS	yes	6	6	405	1.48	0.38	1.0	no
ZNF263 (MA0528.3)	ZNF263	MA0528.3	GGGAGGA	GGGAGGA	7	11.04	LTR66	GGGAGGA	yes	6	6	405	1.48	0.35	1.0	no
ZNF281 (MA1630.3)	ZNF281	MA1630.3	GGGGGMGGGG	GGGGGMGGGG	10	16.56	LTR66	GGRGGARGRR	yes	6	6	405	1.48	0.3	1.0	no
ZNF324 (MA1977.2)	ZNF324	MA1977.2	GHYARGGATGGYT	RGHYARGGATGGYT	14	15.86	LTR66	RKRCAARGATRGWT	yes	6	6	405	1.48	0.21	1.0	no
ZNF682 (MA1599.2)	ZNF682	MA1599.2	GCYAAGCCCC	RGCYAAGCCCC	11	14.46	LTR66	GWSTAAGCCCC	yes	6	6	405	1.48	0.41	1.0	no
Zic2 (MA1629.2)	Zic2	MA1629.2	CWCAGCAGG	CWCAGCAGG	9	12.75	LTR66	CASAGCAGG	yes	6	6	405	1.48	0.26	1.0	no
ALX3 (MA0634.2)	ALX3	MA0634.2	ATTA	YAATTA	6	7.0	LTR66	TAATTA	yes	14	5	405	1.23	0.11	1.0	no
ASCL1 (MA1631.2)	ASCL1	MA1631.2	CACCTGC	VCACCTGCY	9	11.73	LTR66	CCACCTGTC	yes	5	5	405	1.23	0.26	1.0	no
BHLHE41 (MA0636.1)	BHLHE41	MA0636.1	KCACGTGA	RKCACGTGAY	10	15.49	LTR66	VDCACGWGAS	yes	5	5	405	1.23	1.4	1.0	no
CTCF (MA0139.2)	CTCF	MA0139.2	CCASYAGRKGGC	RCCASYAGRKGGCRS	15	16.19	LTR66	ACCWCMAGRGGRVNM	yes	5	5	405	1.23	0.29	1.0	no
Crx (MA0467.3)	Crx	MA0467.3	GGATTA	GGATTA	6	10.76	LTR66	GGATTA	yes	5	5	405	1.23	0.08	1.0	no
DRGX (MA1481.2)	DRGX	MA1481.2	AATTA	YAATTA	6	8.96	LTR66	TAATTA	yes	14	5	405	1.23	0.11	1.0	no
DUXA (MA0884.2)	DUXA	MA0884.2	TRAYTWARTYA	YTRAYTWARTYAR	13	15.36	LTR66	YTRATTNAATYAR	yes	12	5	405	1.23	0.23	1.0	no
Ddit3::Cebpa (MA0019.2)	Ddit3::Cebpa	MA0019.2	TGCAAT	RTGCAATMSY	10	11.5	LTR66	HTGCAATASC	yes	5	5	405	1.23	0.17	1.0	no
Dlx2 (MA0885.3)	Dlx2	MA0885.3	GCAATTA	GCAATTAR	8	11.02	LTR66	GCAATTAT	yes	5	5	405	1.23	0.16	1.0	no
Dlx5 (MA1476.3)	Dlx5	MA1476.3	GCAATTA	GCAATTAK	8	11.21	LTR66	GCAATTAT	yes	5	5	405	1.23	0.19	1.0	no
EMX1 (MA0612.3)	EMX1	MA0612.3	TAATTA	TAATTA	6	10.24	LTR66	TAATTA	yes	14	5	405	1.23	0.11	1.0	no
EMX2 (MA0886.2)	EMX2	MA0886.2	TAATTA	TAATTA	6	9.87	LTR66	TAATTA	yes	14	5	405	1.23	0.11	1.0	no
EN1 (MA0027.3)	EN1	MA0027.3	AATTA	YAATTA	6	9.09	LTR66	TAATTA	yes	14	5	405	1.23	0.11	1.0	no
ETV2::DRGX (MA1940.2)	ETV2::DRGX	MA1940.2	CGGAWRYRATTA	CGGAWRYRATTA	12	14.02	LTR66	MGGATDTAATAA	yes	5	5	405	1.23	0.24	1.0	no
EVX1 (MA0887.2)	EVX1	MA0887.2	ATTA	YVATTA	6	7.34	LTR66	TAATTA	yes	14	5	405	1.23	0.11	1.0	no
EVX2 (MA0888.2)	EVX2	MA0888.2	ATTA	YVATTA	6	7.48	LTR66	TAATTA	yes	14	5	405	1.23	0.11	1.0	no
FOSL1 (MA0477.3)	FOSL1	MA0477.3	TGACTCA	RTGACTCAY	9	12.5	LTR66	RTGAHTMAT	yes	6	5	405	1.23	0.19	1.0	no
FOSL2 (MA0478.2)	FOSL2	MA0478.2	TGASTCA	RRTGASTCAB	10	13.92	LTR66	RATGAYTMAT	yes	5	5	405	1.23	0.2	1.0	no
GATA5 (MA0766.3)	GATA5	MA0766.3	GATAA	WGATAASR	8	11.27	LTR66	AGATAASG	yes	5	5	405	1.23	0.23	1.0	no
GSC (MA0648.2)	GSC	MA0648.2	TAAT	TAATCY	6	9.06	LTR66	TAATCC	yes	5	5	405	1.23	0.08	1.0	no
GSC2 (MA0891.2)	GSC2	MA0891.2	TAAT	TAATCY	6	7.43	LTR66	TAATCC	yes	5	5	405	1.23	0.08	1.0	no
GSX1 (MA0892.2)	GSX1	MA0892.2	ATTA	YMATTA	6	6.04	LTR66	TAATTA	yes	14	5	405	1.23	0.11	1.0	no
HNF4A (MA0114.5)	HNF4A	MA0114.5	CAAAGTCC	CAAAGTCCA	9	12.07	LTR66	CARAGTCCA	yes	5	5	405	1.23	0.13	1.0	no
HNF4G (MA0484.3)	HNF4G	MA0484.3	CAAAGTCC	CAAAGTCCA	9	12.18	LTR66	CARAGTCCA	yes	5	5	405	1.23	0.14	1.0	no
HOXA1 (MA1495.2)	HOXA1	MA1495.2	TMATKA	TMATKA	6	8.26	LTR66	TAATTA	yes	14	5	405	1.23	0.11	1.0	no
HOXA2 (MA0900.3)	HOXA2	MA0900.3	TMATTA	TMATTA	6	10.53	LTR66	TAATTA	yes	14	5	405	1.23	0.11	1.0	no
HOXB2 (MA0902.3)	HOXB2	MA0902.3	ATTA	YMATTA	6	9.18	LTR66	TAATTA	yes	14	5	405	1.23	0.11	1.0	no
HOXB3 (MA0903.2)	HOXB3	MA0903.2	ATTA	YMATTA	6	7.43	LTR66	TAATTA	yes	14	5	405	1.23	0.11	1.0	no
HOXB5 (MA0904.3)	HOXB5	MA0904.3	TMATKA	TMATKA	6	9.07	LTR66	TAATTA	yes	14	5	405	1.23	0.11	1.0	no
HOXB6 (MA1500.2)	HOXB6	MA1500.2	TAATKR	TAATKRY	7	7.92	LTR66	TAATTGC	yes	5	5	405	1.23	0.14	1.0	no
HOXB8 (MA1502.2)	HOXB8	MA1502.2	YMATTA	KYMATTA	7	9.63	LTR66	GCAATTA	yes	5	5	405	1.23	0.25	1.0	no
HOXC8 (MA1505.2)	HOXC8	MA1505.2	YMATKR	YMATKR	6	7.74	LTR66	TAATTA	yes	14	5	405	1.23	0.11	1.0	no
HOXD10 (MA1506.2)	HOXD10	MA1506.2	TCGTAAA	RGTCGTAAAA	10	14.57	LTR66	AATCRTAAAA	yes	5	5	405	1.23	0.27	1.0	no
HOXD8 (MA0910.3)	HOXD8	MA0910.3	YMATTA	RYMATTA	7	9.68	LTR66	GCAATTA	yes	5	5	405	1.23	0.25	1.0	no
HOXD9 (MA0913.3)	HOXD9	MA0913.3	GYMATAAA	GYMATAAAM	9	12.45	LTR66	GYAATAAAV	yes	5	5	405	1.23	0.12	1.0	no
Hmx2 (MA0897.2)	Hmx2	MA0897.2	CAATTAA	VAVCAATTAAHVVDD	15	13.97	LTR66	AHTCAATTAAACATG	yes	5	5	405	1.23	0.12	1.0	no
ISX (MA0654.2)	ISX	MA0654.2	AATTA	YAATTA	6	10.34	LTR66	TAATTA	yes	14	5	405	1.23	0.11	1.0	no
JUNB (MA0490.3)	JUNB	MA0490.3	TGASTCA	RTGASTCAY	9	12.56	LTR66	RTGAHTMAT	yes	6	5	405	1.23	0.18	1.0	no
JUND (MA0491.3)	JUND	MA0491.3	TGASTCA	RTGASTCAT	9	12.73	LTR66	RTGAHTMAT	yes	6	5	405	1.23	0.18	1.0	no
Lef1 (MA0768.3)	Lef1	MA0768.3	CTTTGAT	SCTTTGAT	8	10.42	LTR66	YCTTTGAT	yes	5	5	405	1.23	0.12	1.0	no
Lhx4 (MA0704.2)	Lhx4	MA0704.2	ATTA	YMATTA	6	7.99	LTR66	TAATTA	yes	14	5	405	1.23	0.11	1.0	no
Lhx8 (MA0705.2)	Lhx8	MA0705.2	YRATYR	YRATYR	6	8.39	LTR66	TAATTA	yes	14	5	405	1.23	0.11	1.0	no
MIXL1 (MA0662.2)	MIXL1	MA0662.2	AATTA	YAATTA	6	6.97	LTR66	TAATTA	yes	14	5	405	1.23	0.11	1.0	no
MNX1 (MA0707.3)	MNX1	MA0707.3	YRATTA	YRATTA	6	9.01	LTR66	TAATTA	yes	14	5	405	1.23	0.11	1.0	no
MYF5 (MA1641.2)	MYF5	MA1641.2	CAGCTG	RCAGCTGY	8	11.69	LTR66	HCAGCTGD	yes	10	5	405	1.23	0.38	1.0	no
NFKB1 (MA0105.4)	NFKB1	MA0105.4	GGGGAWTCCCC	MGGGGAWTCCCCK	13	20.52	LTR66	WGGKGAWTCMYCH	yes	7	5	405	1.23	0.4	1.0	no
NKX6-2 (MA0675.2)	NKX6-2	MA0675.2	ATTA	YMATTA	6	6.79	LTR66	TAATTA	yes	14	5	405	1.23	0.11	1.0	no
NR2F1 (MA1537.2)	NR2F1	MA1537.2	GGTCAAAGGTCA	RGGTCAAAGGTCA	13	20.09	LTR66	RSKKTAAAGGTYR	yes	5	5	405	1.23	0.18	1.0	no
Nr1h3::Rxra (MA0494.2)	Nr1h3::Rxra	MA0494.2	TGMCCYVDRRTRRCC	TGMCCYVDRRTRRCCY	16	13.31	LTR66	TGAACTCAATTGVACT	yes	5	5	405	1.23	0.17	1.0	no
Nr2F6 (MA0728.1)	Nr2F6	MA0728.1	AGGTCAARAGGTCA	RAGGTCAARAGGTCA	15	25.04	LTR66	RASWTMAAAAGGTYA	yes	5	5	405	1.23	0.18	1.0	no
OTX1 (MA0711.2)	OTX1	MA0711.2	TAATC	TAATCS	6	9.14	LTR66	TAATCC	yes	5	5	405	1.23	0.08	1.0	no
PATZ1 (MA1961.2)	PATZ1	MA1961.2	GGMGGGG	SSRGGMGGGGS	11	14.28	LTR66	NGRGGAGGGGK	yes	5	5	405	1.23	0.49	1.0	no
PAX6 (MA0069.1)	PAX6	MA0069.1	TYACGCWTSA	TTYACGCWTSAVTK	14	13.8	LTR66	TTYAHGSWYDAGTG	yes	5	5	405	1.23	0.23	1.0	no
PBX3 (MA1114.2)	PBX3	MA1114.2	TGAKTGACAG	TGAKTGACAGS	11	12.97	LTR66	TGAGTGACHGR	yes	5	5	405	1.23	0.16	1.0	no
PDX1 (MA0132.3)	PDX1	MA0132.3	ATTA	YMATTA	6	9.69	LTR66	TAATTA	yes	14	5	405	1.23	0.11	1.0	no
PITX1 (MA0682.3)	PITX1	MA0682.3	TAATCC	TAATCC	6	10.94	LTR66	TAATCC	yes	5	5	405	1.23	0.08	1.0	no
PITX3 (MA0714.2)	PITX3	MA0714.2	TAATCC	TAATCC	6	8.6	LTR66	TAATCC	yes	5	5	405	1.23	0.08	1.0	no
PKNOX2 (MA0783.1)	PKNOX2	MA0783.1	TGACAGSTGTCA	TGACAGSTGTCA	12	21.22	LTR66	GGACAGGTSTCA	yes	5	5	405	1.23	0.17	1.0	no
POU6F1 (MA0628.2)	POU6F1	MA0628.2	TAATTA	TAATTA	6	9.33	LTR66	TAATTA	yes	14	5	405	1.23	0.11	1.0	no
PRRX1 (MA0716.2)	PRRX1	MA0716.2	AATTA	YAATTA	6	8.05	LTR66	TAATTA	yes	14	5	405	1.23	0.11	1.0	no
Ptf1A (MA1619.2)	Ptf1A	MA1619.2	CAGCTG	RCAGCTGY	8	11.3	LTR66	MCAGCTGD	yes	8	5	405	1.23	0.38	1.0	no
RARA::RXRG (MA1149.2)	RARA::RXRG	MA1149.2	GGTCAHNBDVRGG	RGGTCAHNBDVRGGKYR	17	13.12	LTR66	RGDTCAHVDHAAGGTCA	yes	5	5	405	1.23	0.23	1.0	no
RHOXF1 (MA0719.2)	RHOXF1	MA0719.2	TRAKCC	TRAKCC	6	8.11	LTR66	TAATCC	yes	5	5	405	1.23	0.08	1.0	no
Rarg (MA0859.2)	Rarg	MA0859.2	RGGTCAAAAGGTCA	RRGGTCAAAAGGTCA	15	24.53	LTR66	DDGKDBVRRAGKTBA	yes	6	5	405	1.23	0.17	1.0	no
SP4 (MA0685.2)	SP4	MA0685.2	GGGMGGRG	KGGGMGGRG	9	14.12	LTR66	GGGGAGGDG	yes	5	5	405	1.23	0.32	1.0	no
Shox2 (MA0720.2)	Shox2	MA0720.2	AATTA	YAATTA	6	8.98	LTR66	TAATTA	yes	14	5	405	1.23	0.11	1.0	no
TBX2 (MA0688.2)	TBX2	MA0688.2	GTGTBA	RRGTGTBAW	9	9.99	LTR66	AGGTGWSAW	yes	5	5	405	1.23	0.16	1.0	no
TBX3 (MA1566.3)	TBX3	MA1566.3	AGGTGTSA	AGGTGTSAA	9	12.67	LTR66	AGGTGWSAW	yes	5	5	405	1.23	0.16	1.0	no
TFEB (MA0692.2)	TFEB	MA0692.2	CACRTG	CACRTGMY	8	10.76	LTR66	CACATGAC	yes	5	5	405	1.23	0.24	1.0	no
TGIF1 (MA0796.1)	TGIF1	MA0796.1	TGACAGCTGTCA	TGACAGCTGTCA	12	22.28	LTR66	TGASAGSTCTCA	yes	6	5	405	1.23	0.21	1.0	no
TLX2 (MA1577.2)	TLX2	MA1577.2	AATTA	YAATTA	6	10.34	LTR66	TAATTA	yes	14	5	405	1.23	0.11	1.0	no
UNCX (MA0721.2)	UNCX	MA0721.2	ATTA	YAATTA	6	6.81	LTR66	TAATTA	yes	14	5	405	1.23	0.11	1.0	no
VAX2 (MA0723.3)	VAX2	MA0723.3	ATTA	YMATTA	6	6.87	LTR66	TAATTA	yes	14	5	405	1.23	0.11	1.0	no
ZBTB11 (MA2329.1)	ZBTB11	MA2329.1	ACTTCCGG	CACTTCCGG	9	12.52	LTR66	HWCTTCCBG	yes	5	5	405	1.23	0.44	1.0	no
ZNF410 (MA0752.2)	ZNF410	MA0752.2	CATCCCATAATA	MCATCCCATAATAHYM	16	24.42	LTR66	MCWTCMCATMAYAAKB	yes	5	5	405	1.23	0.11	1.0	no
ZNF680 (MA1729.2)	ZNF680	MA1729.2	CMAAGAAGAMT	CMAAGAAGAMT	11	15.37	LTR66	MCAAGAAGAWN	yes	5	5	405	1.23	0.1	1.0	no
Ar (MA0007.4)	Ar	MA0007.4	RGWACAYVRTGTWC	RRGWACAYVRTGTWCY	16	18.51	LTR66	RRGYMSADDHTSTDCC	yes	6	4	405	0.99	0.29	1.0	no
BACH1 (MA1633.2)	BACH1	MA1633.2	ATGACTCA	ATGACTCAY	9	14.11	LTR66	ATGAHTMAT	yes	5	4	405	0.99	0.14	1.0	no
ETV2 (MA0762.2)	ETV2	MA0762.2	ACCGGAAR	ACCGGAARY	9	14.15	LTR66	ACAGGAAAB	yes	4	4	405	0.99	0.25	1.0	no
ETV5::HOXA2 (MA1948.2)	ETV5::HOXA2	MA1948.2	GGAWGTMRTYA	MGGAWGTMRTYA	12	14.06	LTR66	GGGAAGCAACTA	yes	4	4	405	0.99	0.22	1.0	no
ETV6 (MA0645.2)	ETV6	MA0645.2	GGAAGT	SMGGAAGTR	9	12.18	LTR66	CMGGAAGTW	yes	4	4	405	0.99	0.32	1.0	no
FLI1 (MA0475.3)	FLI1	MA0475.3	CCGGAA	ACCGGAARY	9	13.16	LTR66	DCCGGAAAB	yes	4	4	405	0.99	0.4	1.0	no
FLI1::DRGX (MA1949.2)	FLI1::DRGX	MA1949.2	CGGAWRYMAT	RYCGGAWRYMATYR	14	14.14	LTR66	HVMGGAWRYAATAR	yes	4	4	405	0.99	0.21	1.0	no
HOXD3 (MA0912.2)	HOXD3	MA0912.2	TAATTA	YTAATTAS	8	11.74	LTR66	CTAATTAY	yes	4	4	405	0.99	0.18	1.0	no
HSF4 (MA0771.1)	HSF4	MA0771.1	TCYRGAABVTTC	WTCYRGAABVTTC	13	13.63	LTR66	BDCTGGAAGATTC	yes	4	4	405	0.99	0.21	1.0	no
JDP2 (MA0655.1)	JDP2	MA0655.1	ATGASTCAT	ATGASTCAT	9	15.1	LTR66	ATKANTMAT	yes	7	4	405	0.99	0.15	1.0	no
MLXIPL (MA0664.2)	MLXIPL	MA0664.2	CACGTG	RKCACGTG	8	12.11	LTR66	AWCACGTG	yes	4	4	405	0.99	0.69	1.0	no
NFIC (MA0161.3)	NFIC	MA0161.3	CTTGGCA	CTTGGCA	7	10.5	LTR66	CTTGGCA	yes	4	4	405	0.99	0.19	1.0	no
NHLH1 (MA0048.3)	NHLH1	MA0048.3	CAGCTG	MRCAGCTGY	9	12.91	LTR66	CVCAGCTGM	yes	5	4	405	0.99	0.34	1.0	no
NHLH2 (MA1529.2)	NHLH2	MA1529.2	CAGCTGCG	DRHMKCAGCTGCGYMM	16	17.97	LTR66	SDBCBCAGCTGBGCHB	yes	5	4	405	0.99	0.39	1.0	no
NR3C2 (MA0727.2)	NR3C2	MA0727.2	GWACAYDRTGTWC	RGWACAYDRTGTWCY	15	18.77	LTR66	RGNASAWVWTGTMCY	yes	7	4	405	0.99	0.27	1.0	no
Nr5A2 (MA0505.3)	Nr5A2	MA0505.3	GRCCTTGA	WGRCCTTGA	9	12.5	LTR66	DVACCTTGA	yes	4	4	405	0.99	0.12	1.0	no
PAX1 (MA0779.2)	PAX1	MA0779.2	GTCACGCWTSAVT	SGTCACGCWTSAVTKM	16	19.52	LTR66	GKHCACKSAYGAGTGG	yes	4	4	405	0.99	0.39	1.0	no
PAX2 (MA0067.3)	PAX2	MA0067.3	AVYSRWGCGTGAC	BYAVYSRWGCGTGACS	16	16.99	LTR66	YCACTAGACCGGGAAG	yes	4	4	405	0.99	0.58	1.0	no
RARG (MA1553.2)	RARG	MA1553.2	GKTCATGACC	RGKTCATGACCYY	13	15.67	LTR66	AAGTTGTGACCTT	yes	4	4	405	0.99	0.25	1.0	no
SIX2 (MA1119.2)	SIX2	MA1119.2	GWAACCTGA	WGWAACCTGAK	11	12.42	LTR66	TKAAACTTGAT	yes	4	4	405	0.99	0.1	1.0	no
SREBF1 (MA0595.1)	SREBF1	MA0595.1	TCACSCCA	RTCACSCCAY	10	13.52	LTR66	CTCACMCCAC	yes	4	4	405	0.99	0.19	1.0	no
Six3 (MA0631.2)	Six3	MA0631.2	GGGTATCA	WWRGGGTATCA	11	13.95	LTR66	HWADGGTATCA	yes	4	4	405	0.99	0.13	1.0	no
Spz1 (MA0111.1)	Spz1	MA0111.1	AGGGTWWCA	AGGGTWWCAGV	11	11.91	LTR66	AGGGWWDCAGM	yes	5	4	405	0.99	0.19	1.0	no
TBX5 (MA0807.1)	TBX5	MA0807.1	GTG	RGGTGTKR	8	8.48	LTR66	AGGTGTSW	yes	4	4	405	0.99	0.14	1.0	no
TCF7 (MA0769.3)	TCF7	MA0769.3	CTTTGA	CTTTGAW	7	10.62	LTR66	CTTTGAT	yes	4	4	405	0.99	0.15	1.0	no
TFAP2E (MA1569.2)	TFAP2E	MA1569.2	SCCYSRGGS	SCCYSRGGS	9	11.64	LTR66	GCCTSAGGC	yes	8	4	405	0.99	0.68	1.0	no
TFAP4::FLI1 (MA1967.2)	TFAP4::FLI1	MA1967.2	CGGAAACAGCTG	RSCGGAAACAGCTG	14	21.02	LTR66	TSCGBAVACAGCTG	yes	4	4	405	0.99	0.22	1.0	no
Tfcp2l1 (MA0145.2)	Tfcp2l1	MA0145.2	CCRGYYHVRDCCRG	CCRGYYHVRDCCRG	14	11.67	LTR66	CCAGWNKBDDCYRG	yes	5	4	405	0.99	0.24	1.0	no
VEZF1 (MA1578.2)	VEZF1	MA1578.2	CCCCCC	CCCCCC	6	10.73	LTR66	CCCCCC	yes	4	4	405	0.99	0.12	1.0	no
ZNF320 (MA1976.2)	ZNF320	MA1976.2	GKRGGRBCMRGGGG	GKRGGRBCMRGGGGMMWRKG	20	18.15	LTR66	GGNGGVCYCTKGAGMCYRGG	yes	4	4	405	0.99	0.22	1.0	no
ZNF417 (MA1727.2)	ZNF417	MA1727.2	GGCGCCA	GGCGCCA	7	13.0	LTR66	GGTGCCA	yes	4	4	405	0.99	0.24	1.0	no
Zbtb2 (MA2340.1)	Zbtb2	MA2340.1	CCGGAAG	ACCGGAAGYS	10	10.8	LTR66	MCCGGAAGAG	yes	4	4	405	0.99	0.55	1.0	no
Zic1::Zic2 (MA1628.2)	Zic1::Zic2	MA1628.2	CAGCAGG	CAGCAGG	7	11.53	LTR66	CAGCAGG	yes	4	4	405	0.99	0.26	1.0	no
Zic3 (MA0697.3)	Zic3	MA0697.3	CAGCAGG	CAGCAGG	7	10.63	LTR66	CAGCAGG	yes	4	4	405	0.99	0.26	1.0	no
Znf423 (MA0116.1)	Znf423	MA0116.1	SMMCCYWRGGKKKM	RSMMCCYWRGGKKKM	15	17.93	LTR66	ACMMCYCADGGGKGC	yes	4	4	405	0.99	0.21	1.0	no
Ascl2 (MA0816.1)	Ascl2	MA0816.1	CAGCTG	RRCAGCTGYY	10	12.85	LTR66	GVCAGCTGTC	yes	4	3	405	0.74	0.19	1.0	no
BACH2 (MA1101.3)	BACH2	MA1101.3	ATGASTCAT	MATGASTCATS	11	16.36	LTR66	HATGACTMATG	yes	4	3	405	0.74	0.19	1.0	no
BHLHE40 (MA0464.3)	BHLHE40	MA0464.3	CACGTG	KCACGTGM	8	12.37	LTR66	WCACGTGW	yes	6	3	405	0.74	0.73	1.0	no
Bhlha15 (MA1472.3)	Bhlha15	MA1472.3	CAGCTG	MCAGCTGK	8	11.75	LTR66	MCAGCTGK	yes	6	3	405	0.74	0.28	1.0	no
CEBPE (MA0837.3)	CEBPE	MA0837.3	TTGCGCAA	RTTGCGCAAY	10	15.87	LTR66	VTTRYRYAAB	yes	6	3	405	0.74	0.27	1.0	no
CREB3 (MA0638.2)	CREB3	MA0638.2	CACGTCA	YKMCACGTCAYH	12	15.31	LTR66	TKMCACGTMWKH	yes	3	3	405	0.74	0.44	1.0	no
CREB3L4 (MA1474.2)	CREB3L4	MA1474.2	CACGT	KMCACGTSRY	10	10.67	LTR66	RCCACGTMMS	yes	3	3	405	0.74	0.42	1.0	no
ELK1::HOXA1 (MA1931.1)	ELK1::HOXA1	MA1931.1	CGGAAG	WSCGGAAGTMAKTW	14	17.39	LTR66	HCYGGAAGYHRKKS	yes	3	3	405	0.74	0.25	1.0	no
ERF (MA0760.2)	ERF	MA0760.2	ACCGGAART	ACCGGAART	9	12.68	LTR66	ACVGGAARK	yes	3	3	405	0.74	0.29	1.0	no
ETS1 (MA0098.4)	ETS1	MA0098.4	CCGGAW	RCCGGAWRY	9	12.02	LTR66	DCMGGAARY	yes	3	3	405	0.74	0.24	1.0	no
ETV7 (MA1708.2)	ETV7	MA1708.2	GGAAR	SMGGAARTR	9	10.94	LTR66	SMGGAARTD	yes	3	3	405	0.74	0.2	1.0	no
Foxn1 (MA1684.1)	Foxn1	MA1684.1	GAMGC	RGAMGC	6	9.5	LTR66	GGACGC	yes	3	3	405	0.74	0.35	1.0	no
GCM2 (MA0767.2)	GCM2	MA0767.2	TGCGGG	ATGCGGGY	8	10.75	LTR66	ATGKGGGT	yes	3	3	405	0.74	0.21	1.0	no
GLIS1 (MA0735.2)	GLIS1	MA0735.2	GACCCCCCACGWWG	MGACCCCCCACGWWG	15	25.16	LTR66	RGMCCCKTCACGAMK	yes	3	3	405	0.74	0.35	1.0	no
GLIS2 (MA0736.1)	GLIS2	MA0736.1	ACCCCCCRCRDHG	KACCCCCCRCRDHG	14	16.87	LTR66	BRCCCCACRYDDVK	yes	3	3	405	0.74	0.24	1.0	no
GLIS3 (MA0737.1)	GLIS3	MA0737.1	ACCCCCCACRAMG	KACCCCCCACRAMG	14	21.03	LTR66	BRCCYCACAYMWRK	yes	3	3	405	0.74	0.19	1.0	no
HMBOX1 (MA0895.2)	HMBOX1	MA0895.2	TRGTTA	TRGTTAM	7	8.86	LTR66	TAGTTAA	yes	3	3	405	0.74	0.2	1.0	no
HOXB2::ELK1 (MA1957.1)	HOXB2::ELK1	MA1957.1	CGGAAGTMRT	RSCGGAAGTMRTYA	14	17.19	LTR66	YSMGGAAGYWRKKK	yes	3	3	405	0.74	0.23	1.0	no
HSF1 (MA0486.2)	HSF1	MA0486.2	TTCYMGAAYVTTC	TTCYMGAAYVTTC	13	18.74	LTR66	HWMYRGAASAWTC	yes	3	3	405	0.74	0.14	1.0	no
HSF2 (MA0770.1)	HSF2	MA0770.1	TTCTRGAABDTTC	TTCTRGAABDTTC	13	17.22	LTR66	BTCTSGAASMKKY	yes	3	3	405	0.74	0.13	1.0	no
Hnf1A (MA1991.2)	Hnf1A	MA1991.2	CTTTGAT	SCTTTGATSY	10	11.35	LTR66	MCTTTGAKSY	yes	3	3	405	0.74	0.07	1.0	no
KLF14 (MA0740.2)	KLF14	MA0740.2	GGGCGKG	KGGGCGKGR	9	13.41	LTR66	KGGGMGGGR	yes	3	3	405	0.74	0.23	1.0	no
LHX9 (MA0701.3)	LHX9	MA0701.3	YAATTA	YYAATTA	7	10.86	LTR66	CYAATTA	yes	3	3	405	0.74	0.08	1.0	no
MEIS2 (MA0774.1)	MEIS2	MA0774.1	TGACAG	WTGACAGS	8	10.96	LTR66	RTGACAGC	yes	3	3	405	0.74	0.1	1.0	no
MYBL2 (MA0777.1)	MYBL2	MA0777.1	CCGTTWAAC	RRCCGTTWAACBGYY	15	16.77	LTR66	MWCDGTTAAACTGYT	yes	4	3	405	0.74	0.35	1.0	no
NR3C1 (MA0113.4)	NR3C1	MA0113.4	GWACAYDRTGTWC	RGWACAYDRTGTWCY	15	18.94	LTR66	RGNASAWNWTSTNCY	yes	6	3	405	0.74	0.2	1.0	no
OVOL1 (MA1544.2)	OVOL1	MA1544.2	ACCGTTA	DWACCGTTAY	10	14.54	LTR66	WTACCGTTAM	yes	3	3	405	0.74	0.45	1.0	no
OVOL2 (MA1545.2)	OVOL2	MA1545.2	CCGTTA	WCCGTTA	7	11.92	LTR66	ACCGTTA	yes	3	3	405	0.74	0.82	1.0	no
REL (MA0101.1)	REL	MA0101.1	GGRNWTTCC	SGGRNWTTCC	10	10.51	LTR66	KGGCATTTCC	yes	3	3	405	0.74	0.14	1.0	no
RELA (MA0107.1)	RELA	MA0107.1	GGRRTTTCC	SGGRRTTTCC	10	14.76	LTR66	SKSMATTTCC	yes	3	3	405	0.74	0.13	1.0	no
RFX3 (MA0798.3)	RFX3	MA0798.3	GTTRCCATGGCAAC	SGTTRCCATGGCAACS	16	23.18	LTR66	VGTDGBYWTRGMAACT	yes	4	3	405	0.74	0.24	1.0	no
RFX7 (MA1554.2)	RFX7	MA1554.2	GTTRC	SGTTRCYR	8	9.11	LTR66	YGTTRCYA	yes	3	3	405	0.74	0.25	1.0	no
Rfx6 (MA1724.2)	Rfx6	MA1724.2	CMTAGCAA	CMTAGCAAC	9	11.62	LTR66	CCWAGCAMC	yes	3	3	405	0.74	0.15	1.0	no
SOX21 (MA0866.1)	SOX21	MA0866.1	AACAATKKYAKTGTT	AACAATKKYAKTGTT	15	23.37	LTR66	WACAATDTBMTTGTT	yes	4	3	405	0.74	0.07	1.0	no
SP8 (MA0747.2)	SP8	MA0747.2	CACKCCC	MCACKCCCMYY	11	11.85	LTR66	MCACWCCYMYW	yes	3	3	405	0.74	0.19	1.0	no
SPDEF (MA0686.2)	SPDEF	MA0686.2	AMCCGGATRT	AMCCGGATRT	10	14.33	LTR66	ACSMGGAWRY	yes	3	3	405	0.74	0.29	1.0	no
SREBF2 (MA0596.1)	SREBF2	MA0596.1	TGGSGTGA	RTGGSGTGAY	10	13.55	LTR66	VTGRKSTGAD	yes	3	3	405	0.74	0.11	1.0	no
TBX18 (MA1565.2)	TBX18	MA1565.2	GGTGKGA	RGGTGKGAR	9	10.79	LTR66	AGGTGWGWA	yes	3	3	405	0.74	0.1	1.0	no
TEAD3 (MA0808.1)	TEAD3	MA0808.1	CATTCC	RCATTCCW	8	11.51	LTR66	GCATTCCK	yes	3	3	405	0.74	0.12	1.0	no
TEAD4 (MA0809.3)	TEAD4	MA0809.3	CATTCCA	ACATTCCA	8	11.31	LTR66	TCATTCCA	yes	3	3	405	0.74	0.08	1.0	no
TGIF2 (MA0797.1)	TGIF2	MA0797.1	TGACAGSTGTCA	TGACAGSTGTCA	12	18.38	LTR66	GGACAGSTCTCA	yes	4	3	405	0.74	0.14	1.0	no
TP53 (MA0106.3)	TP53	MA0106.3	CATGYCYRGRCATGT	RACATGYCYRGRCATGTY	18	20.66	LTR66	YNCWTGYYYRNRCAWGND	yes	5	3	405	0.74	0.17	1.0	no
USF1 (MA0093.4)	USF1	MA0093.4	CAYGTGA	GYCAYGTGAY	10	12.85	LTR66	GTCATGTGRG	yes	3	3	405	0.74	0.13	1.0	no
YY2 (MA0748.3)	YY2	MA0748.3	ATGGCG	ATGGCGG	7	10.38	LTR66	ATGGCGG	yes	3	3	405	0.74	0.8	1.0	no
ZBED1 (MA0749.2)	ZBED1	MA0749.2	TRTCGCGACAT	TRTCGCGACATR	12	18.79	LTR66	TRTYGCGAYWKV	yes	4	3	405	0.74	0.47	1.0	no
ZBTB14 (MA1650.2)	ZBTB14	MA1650.2	CGCGCAC	CCGCGCAC	8	11.22	LTR66	CCGCGCAS	yes	3	3	405	0.74	1.39	1.0	no
ZNF136 (MA1588.1)	ZNF136	MA1588.1	ATTCTKGGYTG	RWATTCTKGGYTGRM	15	17.9	LTR66	ABAWTYTTGKWKBAH	yes	3	3	405	0.74	0.08	1.0	no
ZNF524 (MA2096.1)	ZNF524	MA2096.1	TCGVACCC	YTCGVACCC	9	12.14	LTR66	YTTGRACCC	yes	3	3	405	0.74	0.24	1.0	no
ZNF528 (MA1597.1)	ZNF528	MA1597.1	AGGGAAGYCATTYC	YBMAGGGAAGYCATTYC	17	21.85	LTR66	SWCHGSGMAGYMACYVC	yes	3	3	405	0.74	0.11	1.0	no
ZNF610 (MA1713.2)	ZNF610	MA1713.2	GCCGCTCC	SVGCCGCTCC	10	13.57	LTR66	MSGCCGSTCM	yes	3	3	405	0.74	1.17	1.0	no
ZNF667 (MA1984.2)	ZNF667	MA1984.2	TAMRAGCWCA	KTAMRAGCWCA	11	12.33	LTR66	KSAARGGCTCA	yes	3	3	405	0.74	0.11	1.0	no
ZNF669 (MA1985.1)	ZNF669	MA1985.1	GGSYGAYGMCC	DGGSYGAYGMCCRBB	15	15.86	LTR66	RGGCAGATGCCCAGR	yes	3	3	405	0.74	0.36	1.0	no
ZNF740 (MA0753.3)	ZNF740	MA0753.3	CCCCCCCC	CCCCCCCCMY	10	14.46	LTR66	CCCWCCCCAW	yes	3	3	405	0.74	0.19	1.0	no
ZSCAN29 (MA1602.2)	ZSCAN29	MA1602.2	GTCTACRC	YGTCTACRCVG	11	14.8	LTR66	YGTCYATGCAS	yes	3	3	405	0.74	0.29	1.0	no
mix-a (MA0621.2)	mix-a	MA0621.2	TAATTA	YTAATTA	7	12.19	LTR66	YTAATTA	yes	3	3	405	0.74	0.09	1.0	no
ASCL1 (MA1100.3)	ASCL1	MA1100.3	CASSTG	RCASSTGY	8	9.3	LTR66	RCAGCTGB	yes	3	2	405	0.49	0.25	1.0	no
Arx (MA0874.2)	Arx	MA0874.2	TAATTA	MRYTAATTAR	10	12.83	LTR66		yes	2	2	405	0.49	0.08	1.0	no
BCL11A (MA2324.1)	BCL11A	MA2324.1	TGACC	CTGACCW	7	9.32	LTR66		yes	2	2	405	0.49	0.1	1.0	no
BCL6 (MA0463.3)	BCL6	MA0463.3	CTKTCKAGGAA	GCTKTCKAGGAAH	13	16.11	LTR66		yes	2	2	405	0.49	0.09	1.0	no
CEBPD (MA0836.3)	CEBPD	MA0836.3	TTGCRCAA	TTGCRCAA	8	11.5	LTR66		yes	2	2	405	0.49	0.05	1.0	no
CEBPG (MA0838.1)	CEBPG	MA0838.1	TTRCGCAA	RTTRCGCAAY	10	14.66	LTR66		yes	2	2	405	0.49	0.14	1.0	no
CTCF (MA1929.2)	CTCF	MA1929.2	GCWVYDYYHVVDDBDDMCWSHAGRKG	VTGCWVYDYYHVVDDBDDMCWSHAGRKGGMR	31	17.8	LTR66		yes	2	2	405	0.49	0.13	1.0	no
Dmrt1 (MA1603.2)	Dmrt1	MA1603.2	ACAAWGT	WACAAWGTW	9	11.62	LTR66		yes	2	2	405	0.49	0.04	1.0	no
E2F1 (MA0024.3)	E2F1	MA0024.3	GGCGCC	WWWGGCGCCMWW	12	13.05	LTR66	KWYRGCGCYAWM	yes	3	2	405	0.49	0.76	1.0	no
E2F7 (MA0758.1)	E2F7	MA0758.1	TTTCCCGCCAAAW	WTTTCCCGCCAAAW	14	24.2	LTR66		yes	2	2	405	0.49	0.1	1.0	no
ELK1 (MA0028.3)	ELK1	MA0028.3	CCGGAAGT	RCCGGAAGT	9	14.22	LTR66		yes	2	2	405	0.49	0.27	1.0	no
ELK1::SREBF2 (MA1933.2)	ELK1::SREBF2	MA1933.2	CGGAAGTSRCGTG	SCGGAAGTSRCGTGA	15	18.3	LTR66		yes	2	2	405	0.49	0.27	1.0	no
ELK3 (MA0759.3)	ELK3	MA0759.3	CCGGAAGT	RCCGGAAGT	9	13.99	LTR66		yes	2	2	405	0.49	0.34	1.0	no
EOMES (MA0800.2)	EOMES	MA0800.2	ARGTGTGA	ARGTGTGAW	9	11.88	LTR66		yes	2	2	405	0.49	0.06	1.0	no
ESR1 (MA0112.4)	ESR1	MA0112.4	RGGTCAMVRTGACCT	RGGTCAMVRTGACCT	15	22.06	LTR66		yes	2	2	405	0.49	0.15	1.0	no
ESX1 (MA0644.3)	ESX1	MA0644.3	AATTA	YYAATTA	7	9.97	LTR66		yes	2	2	405	0.49	0.13	1.0	no
ETS2 (MA1484.2)	ETS2	MA1484.2	ACCGGAWG	ACCGGAWGY	9	13.27	LTR66		yes	2	2	405	0.49	0.18	1.0	no
ETV3 (MA0763.2)	ETV3	MA0763.2	CGGAART	RCCGGAART	9	11.46	LTR66		yes	2	2	405	0.49	0.19	1.0	no
ETV4 (MA0764.4)	ETV4	MA0764.4	CCGGA	RCCGGAAGY	9	11.51	LTR66		yes	2	2	405	0.49	0.26	1.0	no
ETV5 (MA0765.4)	ETV5	MA0765.4	CCGGAAGT	RCCGGAAGT	9	14.15	LTR66		yes	2	2	405	0.49	0.31	1.0	no
FEV (MA0156.4)	FEV	MA0156.4	ACCGGAAGT	ACCGGAAGT	9	14.41	LTR66		yes	2	2	405	0.49	0.25	1.0	no
FOS (MA0476.2)	FOS	MA0476.2	TGASTCA	TGASTCAY	8	12.99	LTR66		yes	2	2	405	0.49	0.07	1.0	no
FOS::JUN (MA1126.2)	FOS::JUN	MA1126.2	TKRCRTCA	RTKRCRTCAY	10	9.66	LTR66		yes	2	2	405	0.49	0.13	1.0	no
GBX1 (MA0889.2)	GBX1	MA0889.2	AATTA	SYAATTA	7	10.42	LTR66		yes	2	2	405	0.49	0.13	1.0	no
GCM1 (MA0646.2)	GCM1	MA0646.2	TGCGGGT	ATGCGGGTRS	10	12.91	LTR66		yes	2	2	405	0.49	0.17	1.0	no
HOXA5 (MA0158.2)	HOXA5	MA0158.2	YMATTA	SYMATTAS	8	10.17	LTR66		yes	2	2	405	0.49	0.14	1.0	no
HOXC11 (MA0651.3)	HOXC11	MA0651.3	GTCGTAAAA	WRGTCGTAAAA	11	16.27	LTR66		yes	2	2	405	0.49	0.14	1.0	no
Hic1 (MA0739.2)	Hic1	MA0739.2	TGCCA	RTGCCARS	8	9.38	LTR66		yes	2	2	405	0.49	0.1	1.0	no
IRF4 (MA1419.2)	IRF4	MA1419.2	CGAAACCGAAAC	CGAAACCGAAACYW	14	22.95	LTR66		yes	2	2	405	0.49	0.09	1.0	no
IRF8 (MA0652.2)	IRF8	MA0652.2	CGAAACCGAAACT	CGAAACCGAAACT	13	22.37	LTR66		yes	2	2	405	0.49	0.09	1.0	no
Jun (MA0489.3)	Jun	MA0489.3	TGACTCA	TGACTCAY	8	11.31	LTR66		yes	2	2	405	0.49	0.07	1.0	no
KLF12 (MA0742.2)	KLF12	MA0742.2	GGGCGKGG	KGGGCGKGG	9	14.29	LTR66		yes	2	2	405	0.49	0.24	1.0	no
KLF4 (MA0039.5)	KLF4	MA0039.5	CCCCACCC	CCCCACCC	8	10.8	LTR66		yes	2	2	405	0.49	0.11	1.0	no
LBX1 (MA0618.2)	LBX1	MA0618.2	TAAYWRG	TAAYWRG	7	9.96	LTR66		yes	2	2	405	0.49	0.13	1.0	no
Lhx1 (MA1518.3)	Lhx1	MA1518.3	TAATTA	KYTAATTARM	10	10.67	LTR66	KMTAATTAKM	yes	4	2	405	0.49	0.16	1.0	no
MAF (MA1520.2)	MAF	MA1520.2	GCTKASWMAGC	TGCTKASWMAGCR	13	12.49	LTR66	TGHTGAWTCADCA	yes	4	2	405	0.49	0.19	1.0	no
MEOX1 (MA0661.2)	MEOX1	MA0661.2	TMATTA	STMATTA	7	9.38	LTR66		yes	2	2	405	0.49	0.13	1.0	no
MITF (MA0620.4)	MITF	MA0620.4	TCACGTGA	RTCACGTGAY	10	12.72	LTR66	VTCATATGAB	yes	4	2	405	0.49	0.17	1.0	no
MYOG (MA0500.3)	MYOG	MA0500.3	CAGCTG	RCAGCTGY	8	11.6	LTR66	VCAGCTGB	yes	4	2	405	0.49	0.23	1.0	no
NEUROG2 (MA0669.1)	NEUROG2	MA0669.1	CATATGYY	RMCATATGYY	10	14.5	LTR66	RMYAKMTGKY	yes	3	2	405	0.49	0.07	1.0	no
NFE2 (MA0841.2)	NFE2	MA0841.2	ATGACTCAT	ATGACTCATS	10	16.64	LTR66	ATGAWTCAYC	yes	3	2	405	0.49	0.08	1.0	no
NFKB2 (MA0778.2)	NFKB2	MA0778.2	GGGGAWTCCCC	GGGGAWTCCCC	11	16.19	LTR66	GGKGAWTCMCC	yes	4	2	405	0.49	0.19	1.0	no
NOTO (MA0710.2)	NOTO	MA0710.2	MATTA	YWMATTA	7	9.39	LTR66		yes	2	2	405	0.49	0.13	1.0	no
OSR1 (MA1542.2)	OSR1	MA1542.2	GCTACYG	GCTACYGT	8	12.23	LTR66		yes	2	2	405	0.49	0.21	1.0	no
PITX2 (MA1547.2)	PITX2	MA1547.2	TAATCC	YTAATCCY	8	12.08	LTR66		yes	2	2	405	0.49	0.06	1.0	no
PLAG1 (MA0163.1)	PLAG1	MA0163.1	GGGGCCMWMGGGGG	GGGGCCMWMGGGGG	14	19.35	LTR66		yes	2	2	405	0.49	0.13	1.0	no
PRRX2 (MA0075.4)	PRRX2	MA0075.4	AATTA	YYAATTA	7	10.98	LTR66		yes	2	2	405	0.49	0.13	1.0	no
RFX4 (MA0799.3)	RFX4	MA0799.3	GTTGCYWRGCAAC	GTTGCYWRGCAAC	13	20.01	LTR66	GTTDCTNAGHAAC	yes	4	2	405	0.49	0.24	1.0	no
RFX5 (MA0510.3)	RFX5	MA0510.3	GTTRCYATRGYAAC	GTTRCYATRGYAAC	14	20.16	LTR66	GTWKSYATWSCWAY	yes	3	2	405	0.49	0.13	1.0	no
SRF (MA0083.3)	SRF	MA0083.3	CCATATAWGG	WKMCCATATAWGGKMW	16	20.98	LTR66		yes	2	2	405	0.49	0.07	1.0	no
TBR1 (MA0802.2)	TBR1	MA0802.2	ARGTGTGA	ARGTGTGAW	9	12.2	LTR66		yes	2	2	405	0.49	0.06	1.0	no
TBX15 (MA0803.1)	TBX15	MA0803.1	AGGTGTGA	AGGTGTGA	8	13.31	LTR66		yes	2	2	405	0.49	0.08	1.0	no
TBX4 (MA0806.1)	TBX4	MA0806.1	ARGTGTKA	ARGTGTKA	8	9.89	LTR66		yes	2	2	405	0.49	0.08	1.0	no
TFAP4 (MA0691.1)	TFAP4	MA0691.1	CAGCTG	AWCAGCTGWY	10	14.15	LTR66	CWCAGCTGWG	yes	4	2	405	0.49	0.13	1.0	no
TFCP2 (MA1968.2)	TFCP2	MA1968.2	AACCGGWT	RAACCGGWT	9	11.41	LTR66	VAACYRGTT	yes	3	2	405	0.49	0.13	1.0	no
THRB (MA1575.2)	THRB	MA1575.2	TGWCCTBRHYVAGGWCA	TGWCCTBRHYVAGGWCA	17	17.66	LTR66	TDHCCTKBNVMAGGDHA	yes	4	2	405	0.49	0.21	1.0	no
TP73 (MA0861.2)	TP73	MA0861.2	CAWGTYBDRACAYG	RCAWGTYBDRACAYGY	16	16.94	LTR66	VCWTGYYYRDRCAWGD	yes	3	2	405	0.49	0.13	1.0	no
VAX1 (MA0722.2)	VAX1	MA0722.2	AAT	YYAATKR	7	6.83	LTR66		yes	2	2	405	0.49	0.13	1.0	no
VSX1 (MA0725.2)	VSX1	MA0725.2	AATT	YYAATTR	7	8.07	LTR66		yes	2	2	405	0.49	0.13	1.0	no
VSX2 (MA0726.2)	VSX2	MA0726.2	AATTA	YTAATTA	7	9.16	LTR66		yes	2	2	405	0.49	0.13	1.0	no
XBP1 (MA0844.2)	XBP1	MA0844.2	CACGTCA	KMCACGTCAKY	11	14.75	LTR66		yes	2	2	405	0.49	0.35	1.0	no
ZBTB7B (MA0694.2)	ZBTB7B	MA0694.2	CGACCMCC	CGACCMCCRW	10	13.49	LTR66		yes	2	2	405	0.49	0.15	1.0	no
ZFP42 (MA1651.2)	ZFP42	MA1651.2	AARATGGC	MAARATGGCKSCY	13	15.28	LTR66		yes	2	2	405	0.49	0.07	1.0	no
ZIC4 (MA0751.2)	ZIC4	MA0751.2	CCMCCYGYDG	KRCCMCCYGYDGHK	14	13.49	LTR66		yes	2	2	405	0.49	0.15	1.0	no
ZIC5 (MA1584.2)	ZIC5	MA1584.2	ACCCCCCGCYGHG	KACCCCCCGCYGHGM	15	18.97	LTR66		yes	2	2	405	0.49	0.17	1.0	no
ZNF140 (MA1589.2)	ZNF140	MA1589.2	GAGYRGAATTGC	RKGAGYRGAATTGCTRRRB	19	22.45	LTR66		yes	2	2	405	0.49	0.08	1.0	no
ZNF460 (MA1596.1)	ZNF460	MA1596.1	CTCMGCCTCCC	RCCTCMGCCTCCCRRR	16	20.37	LTR66		yes	2	2	405	0.49	0.17	1.0	no
ZNF549 (MA1728.2)	ZNF549	MA1728.2	GCTGCCC	KGCTGCCC	8	10.98	LTR66		yes	2	2	405	0.49	0.12	1.0	no
ZNF770 (MA2099.1)	ZNF770	MA2099.1	CRGCCTC	CRGCCTCM	8	11.56	LTR66		yes	2	2	405	0.49	0.13	1.0	no
ZNF93 (MA1721.2)	ZNF93	MA1721.2	CRGCRGCRG	RGYRKCRGCRGCRG	14	15.52	LTR66		yes	2	2	405	0.49	0.5	1.0	no
Zfp335 (MA2002.2)	Zfp335	MA2002.2	CAGGCA	KCAGGCA	7	10.5	LTR66		yes	2	2	405	0.49	0.1	1.0	no
ARGFX (MA1463.2)	ARGFX	MA1463.2	TAATTA	YTAATTAR	8	11.8	LTR66		yes	1	1	405	0.25	0.04	1.0	no
ATF6 (MA1466.2)	ATF6	MA1466.2	TGACGTGGC	YKRTGACGTGGCR	13	19.07	LTR66		yes	1	1	405	0.25	0.11	1.0	no
Alx4 (MA0853.2)	Alx4	MA0853.2	TAATTA	VSHDYTAATTAR	12	13.12	LTR66		yes	1	1	405	0.25	0.05	1.0	no
Atf1 (MA0604.1)	Atf1	MA0604.1	TGACG	RTGACGYR	8	10.52	LTR66		yes	1	1	405	0.25	0.14	1.0	no
BACH2 (MA1470.2)	BACH2	MA1470.2	ATGACGTSAT	DWWBSATGACGTSATSVWW	19	22.37	LTR66		yes	1	1	405	0.25	0.06	1.0	no
CEBPB (MA0466.4)	CEBPB	MA0466.4	TTGCGCAA	RTTGCGCAAY	10	16.12	LTR66		yes	2	1	405	0.25	0.11	1.0	no
DPRX (MA1480.2)	DPRX	MA1480.2	TMATC	VGMTMATCY	9	10.39	LTR66		yes	1	1	405	0.25	0.05	1.0	no
E2F4 (MA0470.3)	E2F4	MA0470.3	TGGCGCS	WWKTGGCGCSMWW	13	14.55	LTR66		yes	1	1	405	0.25	0.3	1.0	no
EGR3 (MA0732.2)	EGR3	MA0732.2	CGCCCMCGCA	MCGCCCMCGCA	11	17.69	LTR66		yes	1	1	405	0.25	0.16	1.0	no
ELK1::HOXB13 (MA1932.2)	ELK1::HOXB13	MA1932.2	CCGGAAGTHRTWA	RCCGGAAGTHRTWAM	15	18.9	LTR66		yes	1	1	405	0.25	0.08	1.0	no
EN2 (MA0642.3)	EN2	MA0642.3	YMATTA	SYMATTA	7	9.06	LTR66		yes	1	1	405	0.25	0.04	1.0	no
ERF::NHLH1 (MA1938.2)	ERF::NHLH1	MA1938.2	GCAGCTGCCGGA	VGCAGCTGCCGGAWRY	16	20.57	LTR66		yes	1	1	405	0.25	0.1	1.0	no
ERF::SREBF2 (MA1939.2)	ERF::SREBF2	MA1939.2	CGGAWRTCACGTGA	SCGGAWRTCACGTGAY	16	20.8	LTR66		yes	1	1	405	0.25	0.08	1.0	no
GATA1 (MA0035.5)	GATA1	MA0035.5	CTWATCT	CTWATCT	7	9.78	LTR66		yes	1	1	405	0.25	0.07	1.0	no
HINFP (MA0131.3)	HINFP	MA0131.3	CGTCCGC	RCGTCCGC	8	12.11	LTR66		yes	1	1	405	0.25	0.36	1.0	no
Hmx1 (MA0896.2)	Hmx1	MA0896.2	CAATTAA	RRCAATTAA	9	12.47	LTR66		yes	1	1	405	0.25	0.03	1.0	no
IRF5 (MA1420.1)	IRF5	MA1420.1	GAAACCRA	YYGAAACCRAWMMY	14	15.35	LTR66		yes	1	1	405	0.25	0.05	1.0	no
KLF1 (MA0493.3)	KLF1	MA0493.3	GGGYGKGG	GGGYGKGG	8	12.93	LTR66		yes	1	1	405	0.25	0.06	1.0	no
KLF13 (MA0657.2)	KLF13	MA0657.2	RMCACGCCCCY	KRMCACGCCCCYTTDKK	17	20.27	LTR66		yes	1	1	405	0.25	0.07	1.0	no
KLF15 (MA1513.2)	KLF15	MA1513.2	CCCGCCC	SCCCGCCC	8	13.64	LTR66		yes	1	1	405	0.25	0.36	1.0	no
KLF5 (MA0599.1)	KLF5	MA0599.1	CCMCRCCC	BCCMCRCCCH	10	12.86	LTR66		yes	1	1	405	0.25	0.05	1.0	no
LMX1A (MA0702.3)	LMX1A	MA0702.3	TAATTA	YTAATTA	7	12.26	LTR66		yes	1	1	405	0.25	0.04	1.0	no
LMX1B (MA0703.3)	LMX1B	MA0703.3	TTAATTA	TTAATTAM	8	13.5	LTR66		yes	1	1	405	0.25	0.04	1.0	no
MAFA (MA1521.2)	MAFA	MA1521.2	GCTGMSKCAGC	YGCTGMSKCAGCR	13	12.21	LTR66		yes	2	1	405	0.25	0.12	1.0	no
MEIS3 (MA0775.2)	MEIS3	MA0775.2	TGACA	DTGACAB	7	8.85	LTR66		yes	1	1	405	0.25	0.04	1.0	no
NKX6-1 (MA0674.2)	NKX6-1	MA0674.2	YMATTA	YMATTAW	7	9.12	LTR66		yes	1	1	405	0.25	0.04	1.0	no
Nanog (MA2339.1)	Nanog	MA2339.1	GCAATCA	GCAATCA	7	9.51	LTR66		yes	1	1	405	0.25	0.04	1.0	no
OTX2 (MA0712.3)	OTX2	MA0712.3	GGATTA	RGGATTA	7	10.35	LTR66		yes	1	1	405	0.25	0.06	1.0	no
PAX3 (MA0780.1)	PAX3	MA0780.1	AATYRATTA	TAATYRATTA	10	15.43	LTR66		yes	2	1	405	0.25	0.04	1.0	no
PAX5 (MA0014.4)	PAX5	MA0014.4	GCGTGAC	GCGTGACC	8	10.61	LTR66		yes	1	1	405	0.25	0.18	1.0	no
PAX8 (MA2094.1)	PAX8	MA2094.1	GTCACGCWYSR	SGTCACGCWYSRVYRM	16	16.06	LTR66		yes	1	1	405	0.25	0.12	1.0	no
RELB (MA1117.2)	RELB	MA1117.2	ATTCCCC	ATTCCCC	7	9.77	LTR66		yes	1	1	405	0.25	0.05	1.0	no
RFX1 (MA0509.3)	RFX1	MA0509.3	GTTGCCATGGYAAC	SGTTGCCATGGYAACS	16	23.1	LTR66		yes	2	1	405	0.25	0.07	1.0	no
RFX2 (MA0600.3)	RFX2	MA0600.3	GTTRCCATGGYAAC	GTTRCCATGGYAAC	14	19.91	LTR66		yes	2	1	405	0.25	0.07	1.0	no
SIX1 (MA1118.2)	SIX1	MA1118.2	AACCTGA	GWAACCTGA	9	11.47	LTR66		yes	1	1	405	0.25	0.03	1.0	no
SNAI1 (MA1558.2)	SNAI1	MA1558.2	CAGGTG	RCAGGTG	7	10.72	LTR66		yes	1	1	405	0.25	0.08	1.0	no
Six4 (MA2001.2)	Six4	MA2001.2	AACCTGA	AACCTGA	7	9.37	LTR66		yes	1	1	405	0.25	0.05	1.0	no
TCF12 (MA1648.2)	TCF12	MA1648.2	CACCTGC	CACCTGC	7	9.53	LTR66		yes	1	1	405	0.25	0.08	1.0	no
TCF3 (MA0522.4)	TCF3	MA0522.4	CACCTGC	CACCTGC	7	10.11	LTR66		yes	1	1	405	0.25	0.08	1.0	no
TGIF2LX (MA1571.1)	TGIF2LX	MA1571.1	GACASSTGTC	TGACASSTGTCA	12	13.93	LTR66		yes	1	1	405	0.25	0.07	1.0	no
ZBED2 (MA1971.2)	ZBED2	MA1971.2	CGAAAC	CGAAACY	7	10.4	LTR66		yes	1	1	405	0.25	0.21	1.0	no
ZBED4 (MA2328.1)	ZBED4	MA2328.1	CGCYCCGC	SYCGCYCCGC	10	11.73	LTR66		yes	1	1	405	0.25	0.44	1.0	no
ZBTB17 (MA2102.1)	ZBTB17	MA2102.1	ATCGAT	RATCGATY	8	9.73	LTR66		yes	1	1	405	0.25	0.07	1.0	no
ZNF35 (MA2333.1)	ZNF35	MA2333.1	AATTCTA	AATTCTA	7	8.65	LTR66		yes	1	1	405	0.25	0.05	1.0	no
ZNF574 (MA1982.2)	ZNF574	MA1982.2	CYAGAGMGKC	KSCYAGAGMGKCSS	14	15.33	LTR66		yes	1	1	405	0.25	0.1	1.0	no
ZNF784 (MA1717.2)	ZNF784	MA1717.2	ACYTACC	ACYTACCK	8	11.81	LTR66		yes	1	1	405	0.25	0.08	1.0	no
Atf3 (MA1988.2)	Atf3	MA1988.2	TGACTCA	TGACTCA	7	10.41	LTR66		no	0	0		0.0			no
BATF (MA1634.2)	BATF	MA1634.2	TGACTCA	TGACTCA	7	10.48	LTR66		no	0	0		0.0			no
BATF3 (MA0835.3)	BATF3	MA0835.3	TGACTCA	TGACTCA	7	11.0	LTR66		no	0	0		0.0			no
BATF::JUN (MA0462.3)	BATF::JUN	MA0462.3	TGACTCA	TGACTCA	7	10.68	LTR66		no	0	0		0.0			no
BNC2 (MA1928.2)	BNC2	MA1928.2	TGAGTCA	TGAGTCA	7	10.41	LTR66		no	0	0		0.0			no
CREB3L4 (MA1475.2)	CREB3L4	MA1475.2	TSACGTSA	RTSACGTSA	9	10.62	LTR66		no	0	0		0.0			no
CREM (MA0609.3)	CREM	MA0609.3	TGACGTCA	RTGACGTCAY	10	11.5	LTR66		no	0	0		0.0			no
Dmbx1 (MA0883.2)	Dmbx1	MA0883.2	GGATTA	RWHMGGATTA	10	11.87	LTR66		no	0	0		0.0			no
E2F2 (MA0864.3)	E2F2	MA0864.3	GCGC	WWWWSGCGCSMWW	13	12.7	LTR66		no	0	0		0.0			no
E2F3 (MA0469.4)	E2F3	MA0469.4	WTTTGGCGCCAAAW	WTTTGGCGCCAAAW	14	20.78	LTR66		no	0	0		0.0			no
E2F8 (MA0865.3)	E2F8	MA0865.3	CCCGCSA	YWCCCGCSA	9	10.59	LTR66		no	0	0		0.0			no
EPAS1 (MA2325.1)	EPAS1	MA2325.1	GCACGT	BGCACGTMS	9	11.56	LTR66		no	0	0		0.0			no
GSX2 (MA0893.3)	GSX2	MA0893.3	ATTA	SYMATTA	7	8.49	LTR66		no	0	0		0.0			no
HOXA3 (MA2119.1)	HOXA3	MA2119.1	TMATTA	STMATTA	7	9.85	LTR66		no	0	0		0.0			no
HOXA6 (MA1497.2)	HOXA6	MA1497.2	ATWA	SYMATWA	7	6.82	LTR66		no	0	0		0.0			no
HOXA9 (MA0594.3)	HOXA9	MA0594.3	CRTWA	RYCRTWA	7	7.19	LTR66		no	0	0		0.0			no
HOXB1 (MA2093.1)	HOXB1	MA2093.1	TMATTR	STMATTR	7	9.26	LTR66		no	0	0		0.0			no
HOXB7 (MA1501.2)	HOXB7	MA1501.2	GYAATTA	GYAATTA	7	10.19	LTR66		no	0	0		0.0			no
Hmx3 (MA0898.2)	Hmx3	MA0898.2	CAATTAA	ADCAATTAA	9	12.0	LTR66		no	0	0		0.0			no
Isl1 (MA1608.2)	Isl1	MA1608.2	CCATTA	CCATTAR	7	9.98	LTR66		no	0	0		0.0			no
JUNB (MA1140.3)	JUNB	MA1140.3	ATGACGTCA	ATGACGTCAYS	11	17.54	LTR66		no	0	0		0.0			no
KLF2 (MA1515.2)	KLF2	MA1515.2	CMCRCCC	MCMCRCCC	8	9.7	LTR66		no	0	0		0.0			no
KLF3 (MA1516.2)	KLF3	MA1516.2	CCRCGCCC	RRCCRCGCCC	10	14.09	LTR66		no	0	0		0.0			no
KLF7 (MA1959.2)	KLF7	MA1959.2	GGGCGKKG	GGGCGKKG	8	12.48	LTR66		no	0	0		0.0			no
LHX5 (MA1519.2)	LHX5	MA1519.2	YAATTA	SYAATTA	7	10.98	LTR66		no	0	0		0.0			no
LHX6 (MA0658.2)	LHX6	MA0658.2	TAATTA	YTAATTAR	8	10.56	LTR66		no	0	0		0.0			no
MEOX2 (MA0706.2)	MEOX2	MA0706.2	ATYA	STMATYA	7	7.16	LTR66		no	0	0		0.0			no
MLX (MA0663.1)	MLX	MA0663.1	TCACGTGA	RTCACGTGAY	10	14.72	LTR66		no	0	0		0.0			no
Nrf1 (MA0506.3)	Nrf1	MA0506.3	GCGCMTGCG	SYGCGCMTGCGY	12	14.5	LTR66		no	0	0		0.0			no
PAX4 (MA0068.2)	PAX4	MA0068.2	AATT	YKAATTMR	8	9.47	LTR66		no	0	0		0.0			no
RARB (MA1552.2)	RARB	MA1552.2	GGTCRTGACC	RRGGTCRTGACCY	13	15.86	LTR66		no	0	0		0.0			no
SMAD3 (MA0795.1)	SMAD3	MA0795.1	GTCTAGAC	YGTCTAGACW	10	15.61	LTR66		no	0	0		0.0			no
SMAD5 (MA1557.1)	SMAD5	MA1557.1	GTCTAGAC	YGTCTAGACW	10	13.54	LTR66		no	0	0		0.0			no
SOHLH2 (MA1560.2)	SOHLH2	MA1560.2	CACGTG	KCACGTGM	8	11.16	LTR66		no	0	0		0.0			no
SP9 (MA1564.2)	SP9	MA1564.2	CGCCC	MCMCGCCCMY	10	11.27	LTR66		no	0	0		0.0			no
SREBF2 (MA0828.3)	SREBF2	MA0828.3	RTCACGTGAY	RTCACGTGAY	10	17.11	LTR66		no	0	0		0.0			no
TCF21 (MA1568.2)	TCF21	MA1568.2	CATATG	RSCATATGKY	10	11.6	LTR66		no	0	0		0.0			no
TCFL5 (MA0632.3)	TCFL5	MA0632.3	CRCGCGC	KCRCGCGC	8	11.12	LTR66		no	0	0		0.0			no
TEAD2 (MA1121.2)	TEAD2	MA1121.2	ACATTCC	ACATTCC	7	10.52	LTR66		no	0	0		0.0			no
TGIF2LY (MA1572.1)	TGIF2LY	MA1572.1	GACASSTGTC	YGACASSTGTCR	12	12.6	LTR66		no	0	0		0.0			no
VENTX (MA0724.1)	VENTX	MA0724.1	CRATTA	WVCRATTAR	9	11.05	LTR66		no	0	0		0.0			no
ZFP57 (MA1583.2)	ZFP57	MA1583.2	TGCCGCA	TGCCGCA	7	11.28	LTR66		no	0	0		0.0			no
ZSCAN21 (MA2336.1)	ZSCAN21	MA2336.1	AGCACT	MAGCACT	7	9.51	LTR66		no	0	0		0.0			no
Zfp961 (MA2126.1)	Zfp961	MA2126.1	GGGCGCCA	GGGCGCCA	8	12.38	LTR66		no	0	0		0.0			no
MEIS1 (MA0498.3)	MEIS1	MA0498.3	TGACA	TGACA	5	7.79	MER21C	TGACA	yes	7304	3670	5590	65.65	1.05	2.663241236993733e-07	yes
HAND2 (MA1638.2)	HAND2	MA1638.2	CAGATG	CAGATG	6	11.06	MER21C	CAGATG	yes	3362	2327	5590	41.63	1.6	1.0360030741552613e-134	yes
RBPJ (MA1116.2)	RBPJ	MA1116.2	TGGGAA	TGGGAA	6	11.01	MER21C	TGGGAA	yes	3191	2314	5590	41.4	1.18	4.869137369061353e-21	yes
HOXB4 (MA1499.2)	HOXB4	MA1499.2	TMATTA	TMATTA	6	9.9	MER21C	TCATTA	yes	2908	2156	5590	38.57	1.7	4.499780548531233e-147	yes
HOXC4 (MA1504.2)	HOXC4	MA1504.2	YMATTA	YMATTA	6	9.33	MER21C	TCATTA	yes	2908	2156	5590	38.57	1.7	4.499780548531233e-147	yes
HOXD4 (MA1507.2)	HOXD4	MA1507.2	YMATTA	YMATTA	6	9.6	MER21C	TCATTA	yes	2908	2156	5590	38.57	1.7	4.499780548531233e-147	yes
SP5 (MA1965.2)	SP5	MA1965.2	CCTCCC	CCTCCC	6	11.6	MER21C	CCTCCC	yes	3059	2148	5590	38.43	1.3	3.0706299929580927e-43	yes
SOX10 (MA0442.3)	SOX10	MA0442.3	ACAAAG	ACAAAG	6	10.69	MER21C	ACAAAG	yes	2638	2051	5590	36.69	1.3	1.7459762006090883e-39	yes
Arid3a (MA0151.1)	Arid3a	MA0151.1	ATYAAW	ATYAAW	6	9.9	MER21C	ATTAAA	yes	2550	1890	5590	33.81	1.39	1.6783644395787997e-53	yes
ZNF354A (MA1978.2)	ZNF354A	MA1978.2	AAADG	WWHDHRHAAADGRVYNMWHT	20	11.71	MER21C	WWAWWRTAAAKGRWHHAWHT	yes	2374	1809	5590	32.36	2.02	9.391944319874223e-188	yes
ZNF707 (MA1715.1)	ZNF707	MA1715.1	CCCCACTYCTGGT	CCCCACTYCTGGTMM	15	20.54	MER21C	CCCCACTYCWGRYRM	yes	2320	1765	5590	31.57	2.22	5.1409442583871783e-225	yes
DUX4 (MA0468.1)	DUX4	MA0468.1	AAYYYAATCA	WAAYYYAATCA	11	15.01	MER21C	KRAYTYAATCW	yes	2453	1762	5590	31.52	2.26	4.777069278175436e-233	yes
MYB (MA0100.4)	MYB	MA0100.4	CAACTG	CAACTG	6	11.06	MER21C	CAACTG	yes	2212	1761	5590	31.5	1.17	5.86307548500428e-14	yes
MXI1 (MA1108.3)	MXI1	MA1108.3	CACATG	CACATG	6	10.74	MER21C	CACATG	yes	2278	1747	5590	31.25	1.36	4.831758790794111e-44	yes
RELA (MA0107.1)	RELA	MA0107.1	GGRRTTTCC	SGGRRTTTCC	10	14.76	MER21C	KGGRRTTTCC	yes	2287	1704	5590	30.48	2.59	2.833600835563095e-287	yes
Dux (MA0611.3)	Dux	MA0611.3	GATTBAATCA	WGATTBAATCA	11	16.28	MER21C	TGATTHAATCA	yes	3864	1698	5590	30.38	2.97	0.0	yes
PRDM9 (MA1723.2)	PRDM9	MA1723.2	GGBVAVGGRGGVVRHA	RRDGGBVAVGGRGGVVRHAR	20	15.6	MER21C	RRRGGRRRRRGRGGVDRVRR	yes	2453	1682	5590	30.09	1.92	2.080630442748372e-151	yes
ZBTB24 (MA2330.1)	ZBTB24	MA2330.1	CAGGAC	SCCAGGACCY	10	9.69	MER21C	YCCAGGAMCY	yes	2024	1678	5590	30.02	2.19	7.677664630341951e-206	yes
ZNF281 (MA1630.3)	ZNF281	MA1630.3	GGGGGMGGGG	GGGGGMGGGG	10	16.56	MER21C	GGGGGWKGGG	yes	2293	1669	5590	29.86	2.06	4.159128082492518e-179	yes
OSR2 (MA1646.2)	OSR2	MA1646.2	CAGAAGC	VCAGAAGC	8	10.19	MER21C	HCAGAAGC	yes	2082	1646	5590	29.45	3.2	0.0	yes
STAT1 (MA0137.4)	STAT1	MA0137.4	TTCYRGGAA	TTCYRGGAA	9	14.09	MER21C	TKCYRGGAA	yes	2090	1630	5590	29.16	2.25	1.5779531525643343e-209	yes
ETV1 (MA0761.3)	ETV1	MA0761.3	CAGGAAG	RCAGGAAGY	9	11.61	MER21C	YCAGGAARY	yes	1949	1590	5590	28.44	1.94	5.362601786514604e-146	yes
Pparg::Rxra (MA0065.3)	Pparg::Rxra	MA0065.3	GDSARAGG	RGGDSARAGGKSA	13	11.19	MER21C	RGGRSARAGRBCA	yes	1911	1582	5590	28.3	1.56	3.2822820760062004e-73	yes
REL (MA0101.1)	REL	MA0101.1	GGRNWTTCC	SGGRNWTTCC	10	10.51	MER21C	KGGRRTTTCC	yes	2003	1582	5590	28.3	2.63	8.10181683790328e-270	yes
ZNF148 (MA1653.2)	ZNF148	MA1653.2	CCCCTCCC	CCCCTCCCSS	10	13.31	MER21C	CCCCTCCYYV	yes	2064	1558	5590	27.87	2.37	7.213084202954318e-220	yes
KLF5 (MA0599.1)	KLF5	MA0599.1	CCMCRCCC	BCCMCRCCCH	10	12.86	MER21C	BCCMCWCCCY	yes	2034	1546	5590	27.66	2.11	4.1895166038059253e-172	yes
POU4F2 (MA0683.2)	POU4F2	MA0683.2	TGMATAATTAAT	TGMATAATTAATKAR	15	20.77	MER21C	KKMATRWWWRATKAD	yes	2002	1536	5590	27.48	2.55	2.779293111040846e-246	yes
STAT3 (MA0144.3)	STAT3	MA0144.3	TKCYKGGAA	TKCYKGGAA	9	12.59	MER21C	TKCYRGGAA	yes	1887	1532	5590	27.41	1.71	2.735579843240139e-96	yes
MEIS1 (MA1639.2)	MEIS1	MA1639.2	ATMAATCA	YATMAATCA	9	11.7	MER21C	MATMAATCA	yes	1901	1530	5590	27.37	2.16	3.326131890500336e-179	yes
TCF7L1 (MA1421.1)	TCF7L1	MA1421.1	AGATCAAAG	WAAGATCAAAGR	12	16.79	MER21C	AAAGWYCAAAKR	yes	1826	1510	5590	27.01	1.68	1.0058335380950768e-89	yes
Sox6 (MA0515.1)	Sox6	MA0515.1	CWTTGT	YCWTTGTYYY	10	13.2	MER21C	YYTTTGTYYY	yes	1790	1505	5590	26.92	1.89	7.742935014540188e-127	yes
PHOX2B (MA0681.3)	PHOX2B	MA0681.3	AATYAAATTA	WAATYAAATTAW	12	14.4	MER21C	KRATYWAATYWW	yes	2346	1501	5590	26.85	2.07	1.3667267103782052e-158	yes
ZNF530 (MA1981.2)	ZNF530	MA1981.2	GMARGGMVAGGG	GMARGGMVAGGGSC	14	16.61	MER21C	GVRRGGRRWGGGGV	yes	1829	1498	5590	26.8	2.07	9.282566043937484e-159	yes
POU1F1 (MA0784.3)	POU1F1	MA0784.3	TMATTWGCATA	CTMATTWGCATAWW	14	19.82	MER21C	YTHATTARCATAMW	yes	1671	1493	5590	26.71	2.67	2.1199168089316582e-257	yes
KLF4 (MA0039.5)	KLF4	MA0039.5	CCCCACCC	CCCCACCC	8	10.8	MER21C	CCCCWCCC	yes	1917	1489	5590	26.64	2.03	4.5125628629472894e-150	yes
ZNF667 (MA1984.2)	ZNF667	MA1984.2	TAMRAGCWCA	KTAMRAGCWCA	11	12.33	MER21C	TTARGRGCTCA	yes	1640	1473	5590	26.35	2.45	3.140681562734973e-219	yes
POU3F2 (MA0787.1)	POU3F2	MA0787.1	TATGYWAAT	WTATGYWAATKW	12	13.77	MER21C	WTATGYTAATKA	yes	1646	1462	5590	26.15	2.47	1.3483029725518846e-220	yes
ZFP14 (MA1972.1)	ZFP14	MA1972.1	GGAGSMHMHGGA	GGAGSMHMHGGARBG	15	15.0	MER21C	RGAGGVBMKGGARDB	yes	1878	1458	5590	26.08	1.92	1.0307111711695551e-127	yes
POU3F3 (MA0788.1)	POU3F3	MA0788.1	TATGYWAAT	WWTATGYWAATWW	13	13.5	MER21C	WWTATGYTAATKW	yes	1676	1448	5590	25.9	2.33	6.886787776358639e-195	yes
PBX2 (MA1113.3)	PBX2	MA1113.3	ATAAATCA	MATAAATCA	9	11.71	MER21C	MATMAATCA	yes	1759	1428	5590	25.55	2.24	4.701254834646825e-177	yes
MEIS2 (MA1640.2)	MEIS2	MA1640.2	GATTTAT	WGATTTATK	9	11.46	MER21C	TGATTKATK	yes	1716	1421	5590	25.42	2.14	7.707606132847172e-160	yes
PHOX2A (MA0713.1)	PHOX2A	MA0713.1	AAYYYAATTA	WAAYYYAATTA	11	12.07	MER21C	TRATTYAATYM	yes	2111	1407	5590	25.17	2.43	5.722546439197297e-204	yes
HOXB13 (MA0901.3)	HOXB13	MA0901.3	CAATAAAA	MCAATAAAA	9	12.51	MER21C	MYAATAAAA	yes	1676	1386	5590	24.79	1.94	2.847515232470583e-123	yes
KLF1 (MA0493.3)	KLF1	MA0493.3	GGGYGKGG	GGGYGKGG	8	12.93	MER21C	GGGWGKGG	yes	1782	1386	5590	24.79	2.24	4.829811023557902e-172	yes
Stat4 (MA0518.2)	Stat4	MA0518.2	TTCYRRGAA	TTCYRRGAAR	10	13.03	MER21C	TKCYRGGAAV	yes	1674	1385	5590	24.78	1.75	9.191088334972681e-92	yes
HOXA10 (MA0899.2)	HOXA10	MA0899.2	ATWAA	RYMATWAAH	9	9.01	MER21C	RTAATAAAA	yes	1665	1384	5590	24.76	2.42	1.765018249352354e-198	yes
TEAD1 (MA0090.4)	TEAD1	MA0090.4	ACATTCCA	ACATTCCAR	9	12.42	MER21C	AMATTCCAR	yes	1552	1366	5590	24.44	1.76	2.3229936291257748e-92	yes
POU2F1::SOX2 (MA1962.1)	POU2F1::SOX2	MA1962.1	ATTWRCATMACAA	MATTWRCATMACAAWRS	17	19.97	MER21C	VWTWWRMATMAHAAWRR	yes	1541	1365	5590	24.42	1.89	3.040454118744425e-113	yes
ZNF558 (MA2335.1)	ZNF558	MA2335.1	AWYTGATGAAAGACATRAAYMYACAVAT	AWYTGATGAAAGACATRAAYMYACAVATY	29	32.26	MER21C	WWHWRRKRWMARAHAYRWAYHBMHADWYH	yes	1750	1360	5590	24.33	1.52	4.0521296257223234e-54	yes
Ikzf3 (MA1992.2)	Ikzf3	MA1992.2	CAGGAAG	CAGGAAGYS	9	11.58	MER21C	CAGGAASHK	yes	1601	1353	5590	24.2	1.58	4.009929630923844e-63	yes
Pax7 (MA0680.3)	Pax7	MA0680.3	AATCAATT	WAATCAATTA	10	12.91	MER21C	WAATYAATYA	yes	1798	1350	5590	24.15	2.17	2.064452496272897e-155	yes
ZNF282 (MA1154.2)	ZNF282	MA1154.2	TTTCCCMYWACAC	STTTCCCMYWACACK	15	20.62	MER21C	SWKTCCCAYRASMCT	yes	1571	1343	5590	24.03	2.06	2.059591502802972e-138	yes
NR2C2 (MA0504.2)	NR2C2	MA0504.2	GGTCARAGGKCR	RRGGTCARAGGKCR	14	16.16	MER21C	RRGGKSARRGRBSR	yes	1622	1342	5590	24.01	1.76	4.931476348241943e-91	yes
POU2F2 (MA0507.3)	POU2F2	MA0507.3	TATGCAAAT	WTATGCAAATKWR	13	17.96	MER21C	KTATGYTAATRAR	yes	1467	1337	5590	23.92	2.55	2.1270277872032995e-210	yes
PATZ1 (MA1961.2)	PATZ1	MA1961.2	GGMGGGG	SSRGGMGGGGS	11	14.28	MER21C	BRRGGWGGGGS	yes	1661	1326	5590	23.72	3.07	2.8381015171280434e-277	yes
TEAD4 (MA0809.3)	TEAD4	MA0809.3	CATTCCA	ACATTCCA	8	11.31	MER21C	AMATTCCA	yes	1491	1322	5590	23.65	1.62	6.1294192597957704e-68	yes
CDX4 (MA1473.2)	CDX4	MA1473.2	GYMATAAA	GYMATAAAM	9	13.82	MER21C	RYAATAAAW	yes	1546	1316	5590	23.54	2.39	1.839499810934017e-183	yes
CDX2 (MA0465.3)	CDX2	MA0465.3	CAATAAA	GCAATAAA	8	11.12	MER21C	SCWATAAA	yes	1497	1289	5590	23.06	2.23	5.836260884258484e-157	yes
KLF17 (MA1514.2)	KLF17	MA1514.2	CCACRCWCCC	MCCACRCWCCCMYY	14	16.39	MER21C	VCCACMMHCCCMBY	yes	1587	1286	5590	23.01	2.16	8.544504565345595e-146	yes
DUXA (MA0884.2)	DUXA	MA0884.2	TRAYTWARTYA	YTRAYTWARTYAR	13	15.36	MER21C	DTGATTWAATCAH	yes	2777	1284	5590	22.97	3.27	3.907548469897945e-291	yes
PBX1 (MA0070.2)	PBX1	MA0070.2	ATCAATCA	ATCAATCAW	9	14.09	MER21C	ATCAATCAW	yes	1503	1281	5590	22.92	1.61	1.8725409962755404e-63	yes
ZNF341 (MA1655.2)	ZNF341	MA1655.2	AACAGC	SAACAGCH	8	10.54	MER21C	GAACAGCC	yes	1365	1275	5590	22.81	2.85	3.0411411092016918e-238	yes
POU3F1 (MA0786.2)	POU3F1	MA0786.2	ATGYWAAT	WTATGYWAAT	10	11.58	MER21C	WTATGYTAAT	yes	1438	1273	5590	22.77	2.37	3.0015346208075487e-173	yes
Lhx3 (MA0135.2)	Lhx3	MA0135.2	AATTAATTA	WAATTAATTAWY	12	16.14	MER21C	DRWTTAAWYWWW	yes	2139	1270	5590	22.72	2.33	3.4025028025248214e-168	yes
ZNF682 (MA1599.2)	ZNF682	MA1599.2	GCYAAGCCCC	RGCYAAGCCCC	11	14.46	MER21C	KRMYMAGYCCC	yes	1471	1266	5590	22.65	2.34	7.379921403635825e-169	yes
SOX4 (MA0867.3)	SOX4	MA0867.3	ACAAWG	RACAAWGR	8	10.91	MER21C	RACAAAGR	yes	1445	1249	5590	22.34	1.45	1.1264543105251011e-39	yes
POU3F4 (MA0789.1)	POU3F4	MA0789.1	TATGCWAAT	TATGCWAAT	9	13.38	MER21C	TATGCTAAT	yes	1362	1248	5590	22.33	2.6	3.908825519496865e-201	yes
POU6F2 (MA0793.2)	POU6F2	MA0793.2	CTMATTA	DSCTMATTA	9	11.43	MER21C	RYCTCATTA	yes	1368	1246	5590	22.29	2.33	4.3682539583649425e-164	yes
RREB1 (MA0073.2)	RREB1	MA0073.2	MCMCMAMMCAMCMMC	MCMCMAMMCAMCMMCMMMS	19	22.1	MER21C	MCMCMMMMCMMCMMMMMMM	yes	2243	1237	5590	22.13	1.35	8.84555560540377e-27	yes
POU4F1 (MA0790.2)	POU4F1	MA0790.2	TRMATWATTDA	TRMATWATTDAT	12	12.73	MER21C	TDMATWATWDAW	yes	1892	1225	5590	21.91	2.1	6.257205315024345e-129	yes
POU4F3 (MA0791.2)	POU4F3	MA0791.2	TDMATWATTDAT	TDMATWATTDAT	12	13.12	MER21C	TDMATWATWRAY	yes	1795	1215	5590	21.74	2.05	2.556401927559128e-121	yes
POU6F1 (MA1549.2)	POU6F1	MA1549.2	TAATGA	TAATGAK	7	10.45	MER21C	TAATGAG	yes	1311	1211	5590	21.66	3.04	5.97828030626501e-247	yes
HNF4A (MA0114.5)	HNF4A	MA0114.5	CAAAGTCC	CAAAGTCCA	9	12.07	MER21C	CAAAGWCCA	yes	1406	1208	5590	21.61	1.36	6.363709579702172e-28	yes
HOXD9 (MA0913.3)	HOXD9	MA0913.3	GYMATAAA	GYMATAAAM	9	12.45	MER21C	RYAATAAAW	yes	1394	1207	5590	21.59	2.52	1.0295218599564677e-182	yes
HNF4G (MA0484.3)	HNF4G	MA0484.3	CAAAGTCC	CAAAGTCCA	9	12.18	MER21C	CAAAGWCCA	yes	1388	1196	5590	21.4	1.41	6.663587950219673e-33	yes
KLF10 (MA1511.2)	KLF10	MA1511.2	GGGGCGKGG	GGGGCGKGG	9	13.84	MER21C	RGGGWGGGG	yes	1449	1187	5590	21.23	2.61	1.71334707625809e-190	yes
ZBTB26 (MA1579.2)	ZBTB26	MA1579.2	TCCAGA	YTCCAGAR	8	11.4	MER21C	STCCAGAV	yes	1464	1187	5590	21.23	1.21	9.497782838549225e-12	yes
POU5F1B (MA0792.1)	POU5F1B	MA0792.1	ATGYWAA	YATGYWAAT	9	10.56	MER21C	TATGCTAAT	yes	1295	1182	5590	21.14	2.31	7.372164011088776e-152	yes
FOSL2 (MA0478.2)	FOSL2	MA0478.2	TGASTCA	RRTGASTCAB	10	13.92	MER21C	DRTGRSTCAY	yes	1771	1181	5590	21.13	2.06	3.1563091736413923e-118	yes
HNF1B (MA0153.2)	HNF1B	MA0153.2	GTTAATVATTAA	GTTAATVATTAAY	13	16.24	MER21C	KYWAATHATTRAH	yes	1942	1168	5590	20.89	2.75	3.5378536214746075e-204	yes
Rarg (MA0859.2)	Rarg	MA0859.2	RGGTCAAAAGGTCA	RRGGTCAAAAGGTCA	15	24.53	MER21C	VRGKTYARRRGKTSA	yes	1358	1168	5590	20.89	1.55	4.797791981551605e-49	yes
ZNF140 (MA1589.2)	ZNF140	MA1589.2	GAGYRGAATTGC	RKGAGYRGAATTGCTRRRB	19	22.45	MER21C	HDGARYWGAATTGYWKRRY	yes	1319	1166	5590	20.86	1.8	1.3786808483429437e-81	yes
TWIST1 (MA1123.3)	TWIST1	MA1123.3	CAGATG	MCAGATGK	8	11.09	MER21C	CCAGATGD	yes	1315	1163	5590	20.81	1.78	7.832907051641115e-80	yes
NFYB (MA0502.3)	NFYB	MA0502.3	ATTGGCC	YSATTGGCC	9	11.93	MER21C	TCATTGGCC	yes	1296	1150	5590	20.57	1.86	3.144737459269654e-88	yes
MAZ (MA1522.2)	MAZ	MA1522.2	CCCCTCC	CCCCTCCY	8	13.64	MER21C	CCCCTCCY	yes	1318	1148	5590	20.54	1.87	1.4884611124339005e-90	yes
Stat5b (MA1625.2)	Stat5b	MA1625.2	TTCCMAGAA	TTCCMAGAA	9	12.99	MER21C	TTCCMAGAA	yes	1457	1146	5590	20.5	1.34	1.175550671238476e-23	yes
PBX3 (MA1114.2)	PBX3	MA1114.2	TGAKTGACAG	TGAKTGACAGS	11	12.97	MER21C	TGASTGAYAGR	yes	1314	1141	5590	20.41	1.56	1.982773067085489e-49	yes
POU2F1 (MA0785.2)	POU2F1	MA0785.2	TATGYWAA	TATGYWAAT	9	11.53	MER21C	TATGCTAAT	yes	1224	1138	5590	20.36	2.33	1.8771714553224484e-148	yes
ELF1 (MA0473.4)	ELF1	MA0473.4	AGGAAGT	CAGGAAGTR	9	12.35	MER21C	CAGGAASTG	yes	1306	1135	5590	20.3	1.49	4.709236760020749e-40	yes
Stat5a (MA1624.2)	Stat5a	MA1624.2	TCCWRGAA	TTCCWRGAA	9	12.49	MER21C	YTCCWRGAA	yes	1467	1130	5590	20.21	1.31	1.280230035897655e-20	yes
DMRT3 (MA0610.2)	DMRT3	MA0610.2	TGTAWC	TGTAWCM	7	10.51	MER21C	TGTATCC	yes	1230	1126	5590	20.14	1.98	1.0109864054837334e-101	yes
ELF3 (MA0640.3)	ELF3	MA0640.3	ACTTCCT	YACTTCCTS	9	11.3	MER21C	YASTTCCTG	yes	1295	1126	5590	20.14	1.29	1.6562564329156082e-18	yes
ZNF384 (MA1125.2)	ZNF384	MA1125.2	AAAAAA	AAAAAAWW	8	12.68	MER21C	AAAAAAMM	yes	2686	1124	5590	20.11	1.58	2.0570722677028014e-50	yes
ZNF766 (MA2098.1)	ZNF766	MA2098.1	AAKAAACC	AAKAAACCY	9	12.94	MER21C	RWKAAACCW	yes	1267	1119	5590	20.02	1.4	5.0132571696878684e-30	yes
Pou5f1::Sox2 (MA0142.1)	Pou5f1::Sox2	MA0142.1	TTSWHATGCARA	YWTTSWHATGCARAK	15	14.81	MER21C	YWTTBWKATKCWWAH	yes	1266	1114	5590	19.93	1.31	1.238879052901823e-19	yes
ZNF320 (MA1976.2)	ZNF320	MA1976.2	GKRGGRBCMRGGGG	GKRGGRBCMRGGGGMMWRKG	20	18.15	MER21C	RKRGGKVHHRKGGGMHDSDK	yes	1344	1114	5590	19.93	1.52	3.0178948359329958e-43	yes
KLF14 (MA0740.2)	KLF14	MA0740.2	GGGCGKG	KGGGCGKGR	9	13.41	MER21C	GGGGWGGGG	yes	1347	1113	5590	19.91	2.31	8.526377649175756e-142	yes
Rarb (MA0857.1)	Rarb	MA0857.1	AGGTCAAAAGGTCA	WAAGGTCAAAAGGTCA	16	26.39	MER21C	DVRGGTYAARRGBTCA	yes	1281	1111	5590	19.87	1.31	1.7620200871408418e-20	yes
SP4 (MA0685.2)	SP4	MA0685.2	GGGMGGRG	KGGGMGGRG	9	14.12	MER21C	RGGGAGGRG	yes	1320	1101	5590	19.7	1.81	1.2343818856040209e-77	yes
ONECUT1 (MA0679.3)	ONECUT1	MA0679.3	AATCAAT	WAATCAATA	9	13.26	MER21C	WAATCAATH	yes	1222	1100	5590	19.68	1.64	5.111063620751168e-57	yes
Hand1 (MA2123.1)	Hand1	MA2123.1	CAGACC	DCCAGACCY	9	10.93	MER21C	YCCAGMCCY	yes	1254	1092	5590	19.53	1.36	9.089031746064414e-25	yes
RFX3 (MA0798.3)	RFX3	MA0798.3	GTTRCCATGGCAAC	SGTTRCCATGGCAACS	16	23.18	MER21C	GGTYDCCMKRRVAACC	yes	1785	1086	5590	19.43	4.98	0.0	yes
ZKSCAN5 (MA1652.2)	ZKSCAN5	MA1652.2	GGARGTGA	GGARGTGAK	9	13.03	MER21C	GGARGKGAG	yes	1250	1086	5590	19.43	1.35	2.1583607517093186e-23	yes
ZNF257 (MA1710.2)	ZNF257	MA1710.2	GAGGMRAG	GAGGMRAGRK	10	13.37	MER21C	GAGGWRRGRG	yes	1235	1072	5590	19.18	1.64	1.4403362849998769e-55	yes
ZNF768 (MA1731.2)	ZNF768	MA1731.2	TCTCTG	VCSTCTCTG	9	12.16	MER21C	MSCTCTCTG	yes	1237	1066	5590	19.07	1.41	2.062424323669595e-29	yes
Nr2F6 (MA0728.1)	Nr2F6	MA0728.1	AGGTCAARAGGTCA	RAGGTCAARAGGTCA	15	25.04	MER21C	VRGGTYMRRRGBWCA	yes	1212	1061	5590	18.98	1.43	2.5557094388243547e-31	yes
Stat5a::Stat5b (MA0519.2)	Stat5a::Stat5b	MA0519.2	TTCCMRGAA	TTCCMRGAA	9	13.05	MER21C	TTCCMRGAR	yes	1456	1059	5590	18.94	1.23	3.579412577926175e-12	yes
PROP1 (MA0715.1)	PROP1	MA0715.1	TAATYWAATTA	TAATYWAATTA	11	15.12	MER21C	KAATTDAATTA	yes	1597	1034	5590	18.5	1.95	8.888817843753335e-89	yes
HNF1A (MA0046.3)	HNF1A	MA0046.3	TWAATVATTAAC	RTWAATVATTAAC	13	15.78	MER21C	RTWAATDATTWAM	yes	1750	1024	5590	18.32	2.32	1.1446717335409706e-130	yes
PKNOX1 (MA0782.3)	PKNOX1	MA0782.3	GAKTGACA	WGAKTGACAK	10	12.21	MER21C	TGAKTGAYAG	yes	1133	1017	5590	18.19	1.43	1.0440948501142122e-29	yes
FOXD3 (MA0041.3)	FOXD3	MA0041.3	AAAYAA	WRNRHAAAYAAWCW	14	11.78	MER21C	WRWRHAAAYAAAYW	yes	1234	1012	5590	18.1	1.45	8.909189858791612e-32	yes
PPARD (MA1550.2)	PPARD	MA1550.2	GGTCAAAGGTCA	RRGGTCAAAGGTCA	14	20.05	MER21C	RRGKTYARRGKKYR	yes	1167	1007	5590	18.01	1.25	6.773857815529243e-13	yes
Sox11 (MA0869.3)	Sox11	MA0869.3	ACAAAG	GAACAAAG	8	11.47	MER21C	GRACAAAG	yes	1101	1007	5590	18.01	1.4	3.189139602976506e-26	yes
CDX1 (MA0878.3)	CDX1	MA0878.3	GYMATAAA	RGYMATAAAM	10	13.85	MER21C	KGYWATAAAH	yes	1124	1004	5590	17.96	2.11	1.3533654122991864e-104	yes
Msgn1 (MA1524.3)	Msgn1	MA1524.3	CAAATGG	RMCAAATGGY	10	14.08	MER21C	RMCARATGGW	yes	1100	998	5590	17.85	1.41	3.285824864340727e-27	yes
PAX3 (MA0780.1)	PAX3	MA0780.1	AATYRATTA	TAATYRATTA	10	15.43	MER21C	TRATYRATYA	yes	2000	993	5590	17.76	3.1	2.861408651337299e-204	yes
KLF9 (MA1107.3)	KLF9	MA1107.3	CACACCCMC	SMCACACCCMC	11	13.41	MER21C	SCCMCACCCMY	yes	1253	982	5590	17.57	1.67	8.328521258634824e-54	yes
KLF16 (MA0741.1)	KLF16	MA0741.1	CMCRCCCMC	VMCMCRCCCMC	11	13.16	MER21C	SMCMCDCCCMY	yes	1261	981	5590	17.55	1.7	2.823142483443431e-56	yes
REST (MA0138.3)	REST	MA0138.3	CAGSACCWYGGACAG	YCAGSACCWYGGACAGMKSY	20	22.84	MER21C	HMRGVACYMRGGAMARMRMY	yes	1116	979	5590	17.51	1.83	7.349669526839029e-71	yes
EWSR1-FLI1 (MA0149.1)	EWSR1-FLI1	MA0149.1	GGAAGGAAGGAAGGAAGG	GGAAGGAAGGAAGGAAGG	18	32.87	MER21C	GRRRGRRRKRRRGGMDRR	yes	1424	977	5590	17.48	1.23	6.171883279612227e-11	yes
RXRB (MA0855.1)	RXRB	MA0855.1	RGGTCAAAGGTCA	RRGGTCAAAGGTCA	14	23.11	MER21C	RRGKTBARAGKYYR	yes	1130	970	5590	17.35	1.22	2.686955590170241e-10	yes
ZNF136 (MA1588.1)	ZNF136	MA1588.1	ATTCTKGGYTG	RWATTCTKGGYTGRM	15	17.9	MER21C	RRMTTCTKGGYTGRY	yes	1083	960	5590	17.17	1.21	8.714268952786554e-10	yes
SCRT1 (MA0743.3)	SCRT1	MA0743.3	CAACAGGT	KCAACAGGTK	10	13.21	MER21C	YCMACAGGTK	yes	1007	953	5590	17.05	1.37	2.0306668935158227e-22	yes
ZNF460 (MA1596.1)	ZNF460	MA1596.1	CTCMGCCTCCC	RCCTCMGCCTCCCRRR	16	20.37	MER21C	VSMYCMVCCTCCMRRS	yes	1055	948	5590	16.96	2.26	1.7981858988990398e-113	yes
ZNF135 (MA1587.1)	ZNF135	MA1587.1	CTCGACCTCC	YCTCGACCTCCYRR	14	17.94	MER21C	YCYYRACCTCYHRR	yes	1081	944	5590	16.89	1.74	1.1565824528689338e-58	yes
RXRG (MA0856.1)	RXRG	MA0856.1	RGGTCAAAGGTCA	RRGGTCAAAGGTCA	14	22.33	MER21C	RRGKTYARRGKYYR	yes	1097	940	5590	16.82	1.18	2.7938775748129384e-07	yes
SP2 (MA0516.3)	SP2	MA0516.3	GGGCGGG	GGGGCGGGR	9	13.51	MER21C	GGGGAGGGG	yes	1109	937	5590	16.76	2.66	7.654713424769395e-152	yes
NR2F1 (MA1537.2)	NR2F1	MA1537.2	GGTCAAAGGTCA	RGGTCAAAGGTCA	13	20.09	MER21C	RGGKYARAGRYYR	yes	1059	933	5590	16.69	1.28	2.38907875466729e-14	yes
Six4 (MA2001.2)	Six4	MA2001.2	AACCTGA	AACCTGA	7	9.37	MER21C	AACCTGA	yes	1003	932	5590	16.67	1.72	1.1672012895866816e-55	yes
Rxra (MA0512.2)	Rxra	MA0512.2	GGTCAAAGGTCA	RRGGTCAAAGGTCA	14	22.65	MER21C	RRGKTYARAGDYCA	yes	1076	931	5590	16.65	1.24	2.32778589364815e-11	yes
POU2F3 (MA0627.3)	POU2F3	MA0627.3	ATGCAAA	WATGCAAAT	9	13.07	MER21C	TATGCWAAT	yes	995	913	5590	16.33	1.5	1.4355099423301504e-32	yes
BHLHE22 (MA1635.2)	BHLHE22	MA1635.2	CAGCTG	CAGCTG	6	11.79	MER21C	CAGCTG	yes	2000	909	5590	16.26	1.34	6.57085913528824e-19	yes
Hmga1 (MA2124.1)	Hmga1	MA2124.1	ATTTTTA	ATTTTTAW	8	11.85	MER21C	ATWTTTAW	yes	1023	909	5590	16.26	1.5	9.161742471506817e-33	yes
Neurod2 (MA1993.2)	Neurod2	MA1993.2	CAGCTG	CAGCTG	6	11.7	MER21C	CAGCTG	yes	2000	909	5590	16.26	1.34	6.57085913528824e-19	yes
Olig2 (MA1997.2)	Olig2	MA1997.2	CAGCTG	CAGCTG	6	11.54	MER21C	CAGCTG	yes	2000	909	5590	16.26	1.34	6.57085913528824e-19	yes
Tcf12 (MA0521.3)	Tcf12	MA0521.3	CAGCTG	CAGCTG	6	10.49	MER21C	CAGCTG	yes	2000	909	5590	16.26	1.34	6.57085913528824e-19	yes
Twist2 (MA0633.3)	Twist2	MA0633.3	CAGCTG	CAGCTG	6	11.66	MER21C	CAGCTG	yes	2000	909	5590	16.26	1.34	6.57085913528824e-19	yes
ZNF214 (MA1975.2)	ZNF214	MA1975.2	ATYAABRKCCT	WMATYAABRKCCT	13	13.43	MER21C	WCAKBAADRKSCT	yes	1009	905	5590	16.19	1.17	2.111949441949803e-06	yes
CUX2 (MA0755.2)	CUX2	MA0755.2	ATCRAT	WRATCRATH	9	11.54	MER21C	TAATCAATY	yes	965	899	5590	16.08	2.87	3.210932325828432e-163	yes
ZNF740 (MA0753.3)	ZNF740	MA0753.3	CCCCCCCC	CCCCCCCCMY	10	14.46	MER21C	CCCCCCCCMM	yes	1419	898	5590	16.06	1.17	1.3941284668945789e-06	yes
NR2F1 (MA0017.3)	NR2F1	MA0017.3	RGGTCA	WRRGGTCAHVVG	12	13.15	MER21C	RRRGGTCADRRR	yes	989	895	5590	16.01	1.15	1.5737306776930216e-05	yes
RARA (MA0729.1)	RARA	MA0729.1	RAGGTCAWAAGGTCA	RAGGTCAWAAGGTCAWKK	18	28.14	MER21C	RRGKTSMRWAGKWCARKB	yes	1004	895	5590	16.01	1.24	1.5691885758187257e-10	yes
HNF4A (MA1494.2)	HNF4A	MA1494.2	GTYCAAAGGTC	RRGTYCAAAGGTCR	14	20.91	MER21C	RRKKHCAAAGKKYW	yes	1024	889	5590	15.9	1.26	1.983484039439815e-12	yes
SREBF2 (MA0596.1)	SREBF2	MA0596.1	TGGSGTGA	RTGGSGTGAY	10	13.55	MER21C	MTGRGGTGAY	yes	968	887	5590	15.87	1.37	2.0222329304903727e-20	yes
Sox7 (MA2095.1)	Sox7	MA2095.1	AACAATG	RRAACAATGG	10	13.54	MER21C	WGAACAAWRG	yes	1050	885	5590	15.83	1.16	4.318049990279928e-06	yes
ZNF76 (MA1716.2)	ZNF76	MA1716.2	CCCAYMATGCMHYRC	WCCCAYMATGCMHYRCR	17	18.79	MER21C	WCCCAYMAKBCHVYBSH	yes	959	858	5590	15.35	1.5	2.1330882243296956e-30	yes
Nr2f6 (MA0677.2)	Nr2f6	MA0677.2	GGTCAAAGGTCA	RGGTCAAAGGTCA	13	18.03	MER21C	RGGWCARAGRYCA	yes	999	856	5590	15.31	1.13	0.00016206661106651395	yes
Nr2e3 (MA0164.2)	Nr2e3	MA0164.2	AAGCTT	AAGCTT	6	11.74	MER21C	AAGCTT	yes	1938	852	5590	15.24	1.13	0.0002291138012871457	yes
NKX2-8 (MA0673.2)	NKX2-8	MA0673.2	CACTY	VCACTYSW	8	8.9	MER21C	CCACTTCA	yes	901	848	5590	15.17	1.2	1.4347162404739998e-07	yes
FOXJ2::ELF1 (MA1952.2)	FOXJ2::ELF1	MA1952.2	ACMGGAA	MWACMGGAARW	11	11.94	MER21C	AMMCAGGAARY	yes	934	846	5590	15.13	1.29	2.2413772355648006e-13	yes
SREBF1 (MA0595.1)	SREBF1	MA0595.1	TCACSCCA	RTCACSCCAY	10	13.52	MER21C	STCACCYCAY	yes	900	845	5590	15.12	1.51	6.0570253554079635e-31	yes
Jun (MA0489.3)	Jun	MA0489.3	TGACTCA	TGACTCAY	8	11.31	MER21C	TGASTCAB	yes	1396	835	5590	14.94	1.36	3.5160455972034605e-18	yes
SP8 (MA0747.2)	SP8	MA0747.2	CACKCCC	MCACKCCCMYY	11	11.85	MER21C	CCMCHCCCMYY	yes	1101	832	5590	14.88	1.39	1.559446386269309e-20	yes
Gli1 (MA1990.2)	Gli1	MA1990.2	GACCACCCA	RGACCACCCA	10	12.41	MER21C	RGACCACCCA	yes	947	829	5590	14.83	1.11	0.0014271803297580276	yes
BCL11A (MA2324.1)	BCL11A	MA2324.1	TGACC	CTGACCW	7	9.32	MER21C	CTGACCA	yes	868	825	5590	14.76	1.67	7.94637241165612e-44	yes
KLF2 (MA1515.2)	KLF2	MA1515.2	CMCRCCC	MCMCRCCC	8	9.7	MER21C	CCMCACCC	yes	951	822	5590	14.7	2.53	3.1243146413584564e-120	yes
FOSL1::JUND (MA1142.2)	FOSL1::JUND	MA1142.2	TGASKMA	RTGASKMA	8	7.28	MER21C	ATGAYTCA	yes	1115	820	5590	14.67	1.61	6.463620664988417e-39	yes
NFYA (MA0060.4)	NFYA	MA0060.4	CCAATCA	CCAATCAS	8	11.55	MER21C	CCAATCAB	yes	905	820	5590	14.67	1.16	1.3087501194234754e-05	yes
THRB (MA1574.2)	THRB	MA1574.2	GGTCARAGGT	RGGTCARAGGTYR	13	15.81	MER21C	RGGTYARRGKKYR	yes	923	819	5590	14.65	1.15	6.24885717505012e-05	yes
FOXO6 (MA0849.1)	FOXO6	MA0849.1	GTAAACA	GTAAACA	7	11.99	MER21C	RTAAACA	yes	890	817	5590	14.62	1.33	1.5244775342075089e-15	yes
FOS (MA0476.2)	FOS	MA0476.2	TGASTCA	TGASTCAY	8	12.99	MER21C	TGASTCAY	yes	1354	813	5590	14.54	1.45	3.560236607023584e-25	yes
NKX2-3 (MA0672.2)	NKX2-3	MA0672.2	CACTT	SCACTTRW	8	10.64	MER21C	CCACTTSA	yes	870	812	5590	14.53	1.19	6.727944546484929e-07	yes
DMRTC2 (MA1479.2)	DMRTC2	MA1479.2	GMTACA	WWWTGMTACAW	11	12.05	MER21C	AWWKGMTACAW	yes	866	806	5590	14.42	1.47	2.124350694830289e-26	yes
Wt1 (MA1627.2)	Wt1	MA1627.2	CTCCCCC	MCTCCCCCRC	10	13.02	MER21C	MCTCCCMCAY	yes	911	806	5590	14.42	1.11	0.002472009931707884	yes
FOS::JUND (MA1141.2)	FOS::JUND	MA1141.2	TGAGTCA	RTGAGTCAY	9	13.11	MER21C	RTGASTCAY	yes	1267	805	5590	14.4	1.47	8.482645697152525e-26	yes
Foxj3 (MA0851.2)	Foxj3	MA0851.2	RTAAACA	RTAAACAAW	9	12.58	MER21C	RTAAAYAWW	yes	869	802	5590	14.35	1.45	1.4348610606093604e-24	yes
BCL6 (MA0463.3)	BCL6	MA0463.3	CTKTCKAGGAA	GCTKTCKAGGAAH	13	16.11	MER21C	RCTHTCYAGGRRY	yes	860	799	5590	14.29	1.51	2.9963855008594845e-29	yes
FOSL1::JUN (MA1128.2)	FOSL1::JUN	MA1128.2	TGACTCA	RTGACTCAY	9	12.09	MER21C	RTGACTCAY	yes	987	796	5590	14.24	1.48	2.041958944699916e-26	yes
NKX2-4 (MA2003.2)	NKX2-4	MA2003.2	CACTYSA	SCACTYSA	8	8.99	MER21C	CCACTTCA	yes	840	793	5590	14.19	1.3	2.8434485090526855e-13	yes
ZNF189 (MA1725.2)	ZNF189	MA1725.2	CTGTTCC	YKCTGTTCC	9	12.04	MER21C	KKCTGTTCC	yes	859	788	5590	14.1	1.31	3.8585942034408984e-14	yes
ARNT::HIF1A (MA0259.2)	ARNT::HIF1A	MA0259.2	ACGTG	ACGTG	5	8.96	MER21C	ACGTG	yes	1115	787	5590	14.08	1.78	1.5061804494050285e-51	yes
SP1 (MA0079.5)	SP1	MA0079.5	GGGGMGGRG	GGGGMGGRG	9	14.32	MER21C	GGGGAGGRG	yes	898	787	5590	14.08	1.81	1.175897140182692e-53	yes
ZNF418 (MA1980.1)	ZNF418	MA1980.1	GWRGCYAMAAGCA	MRGWRGCYAMAAGCA	15	17.63	MER21C	VDGWRGCYRMAARYW	yes	872	787	5590	14.08	1.11	0.0022897311042165192	yes
HSF2 (MA0770.1)	HSF2	MA0770.1	TTCTRGAABDTTC	TTCTRGAABDTTC	13	17.22	MER21C	KTCTRGAABDKTY	yes	981	781	5590	13.97	1.51	1.0186730337007953e-28	yes
JUNB (MA0490.3)	JUNB	MA0490.3	TGASTCA	RTGASTCAY	9	12.56	MER21C	RTGASTCAY	yes	1442	780	5590	13.95	1.52	6.584597747018276e-29	yes
RFX5 (MA0510.3)	RFX5	MA0510.3	GTTRCYATRGYAAC	GTTRCYATRGYAAC	14	20.16	MER21C	GTTBCYMKRGVAAC	yes	1464	779	5590	13.94	2.66	5.459637702194343e-124	yes
Hic1 (MA0739.2)	Hic1	MA0739.2	TGCCA	RTGCCARS	8	9.38	MER21C	RTGCCAVC	yes	841	778	5590	13.92	1.92	1.84671784294769e-62	yes
FOSL1 (MA0477.3)	FOSL1	MA0477.3	TGACTCA	RTGACTCAY	9	12.5	MER21C	RTGASTCAY	yes	1475	777	5590	13.9	1.49	7.562473112969394e-27	yes
JUND (MA0491.3)	JUND	MA0491.3	TGASTCA	RTGASTCAT	9	12.73	MER21C	RTGASTCAY	yes	1457	773	5590	13.83	1.52	1.2741047374783743e-28	yes
FOS::JUNB (MA1134.2)	FOS::JUNB	MA1134.2	TGASTCA	RTGASTCAY	9	12.9	MER21C	RTGASTCAY	yes	1480	770	5590	13.77	1.71	2.6844995372751125e-44	yes
FOSL2::JUND (MA1144.2)	FOSL2::JUND	MA1144.2	TGASTCA	RTGASTCAY	9	12.78	MER21C	RTGASTCAY	yes	1480	770	5590	13.77	1.71	2.6844995372751125e-44	yes
ZNF574 (MA1982.2)	ZNF574	MA1982.2	CYAGAGMGKC	KSCYAGAGMGKCSS	14	15.33	MER21C	KSCYAGARDGGSYM	yes	838	770	5590	13.77	2.0	7.561306240918332e-69	yes
FOSL2::JUNB (MA1138.2)	FOSL2::JUNB	MA1138.2	TGASTCA	RTGASTCAY	9	12.82	MER21C	RTGASTCAY	yes	1501	769	5590	13.76	1.71	1.3605129134589298e-44	yes
NFIX (MA1528.2)	NFIX	MA1528.2	TGGCDBBDTGCCA	HTGGCDBBDTGCCA	14	15.65	MER21C	BKGGCWVVBWGCCM	yes	1332	769	5590	13.76	2.09	6.696103779905566e-76	yes
KLF12 (MA0742.2)	KLF12	MA0742.2	GGGCGKGG	KGGGCGKGG	9	14.29	MER21C	RGGGAGGGG	yes	896	765	5590	13.69	2.72	3.504916350479963e-126	yes
RFX1 (MA0509.3)	RFX1	MA0509.3	GTTGCCATGGYAAC	SGTTGCCATGGYAACS	16	23.1	MER21C	GGTTBYYMKRRVRACC	yes	1464	765	5590	13.69	3.46	1.9592493364450568e-178	yes
ZNF449 (MA1656.2)	ZNF449	MA1656.2	AGCCCAAC	MAGCCCAACM	10	13.13	MER21C	MAGCCCMACC	yes	819	765	5590	13.69	1.23	8.697044665280016e-09	yes
ALX3 (MA0634.2)	ALX3	MA0634.2	ATTA	YAATTA	6	7.0	MER21C	TAATTA	yes	1728	762	5590	13.63	1.4	2.026750340855496e-19	yes
DRGX (MA1481.2)	DRGX	MA1481.2	AATTA	YAATTA	6	8.96	MER21C	TAATTA	yes	1728	762	5590	13.63	1.4	2.026750340855496e-19	yes
EMX1 (MA0612.3)	EMX1	MA0612.3	TAATTA	TAATTA	6	10.24	MER21C	TAATTA	yes	1728	762	5590	13.63	1.4	2.026750340855496e-19	yes
EMX2 (MA0886.2)	EMX2	MA0886.2	TAATTA	TAATTA	6	9.87	MER21C	TAATTA	yes	1728	762	5590	13.63	1.4	2.026750340855496e-19	yes
EN1 (MA0027.3)	EN1	MA0027.3	AATTA	YAATTA	6	9.09	MER21C	TAATTA	yes	1728	762	5590	13.63	1.4	2.026750340855496e-19	yes
EVX1 (MA0887.2)	EVX1	MA0887.2	ATTA	YVATTA	6	7.34	MER21C	TAATTA	yes	1728	762	5590	13.63	1.4	2.026750340855496e-19	yes
EVX2 (MA0888.2)	EVX2	MA0888.2	ATTA	YVATTA	6	7.48	MER21C	TAATTA	yes	1728	762	5590	13.63	1.4	2.026750340855496e-19	yes
GSX1 (MA0892.2)	GSX1	MA0892.2	ATTA	YMATTA	6	6.04	MER21C	TAATTA	yes	1728	762	5590	13.63	1.4	2.026750340855496e-19	yes
HOXA1 (MA1495.2)	HOXA1	MA1495.2	TMATKA	TMATKA	6	8.26	MER21C	TAATTA	yes	1728	762	5590	13.63	1.4	2.026750340855496e-19	yes
HOXA2 (MA0900.3)	HOXA2	MA0900.3	TMATTA	TMATTA	6	10.53	MER21C	TAATTA	yes	1728	762	5590	13.63	1.4	2.026750340855496e-19	yes
HOXB2 (MA0902.3)	HOXB2	MA0902.3	ATTA	YMATTA	6	9.18	MER21C	TAATTA	yes	1728	762	5590	13.63	1.4	2.026750340855496e-19	yes
HOXB3 (MA0903.2)	HOXB3	MA0903.2	ATTA	YMATTA	6	7.43	MER21C	TAATTA	yes	1728	762	5590	13.63	1.4	2.026750340855496e-19	yes
HOXB5 (MA0904.3)	HOXB5	MA0904.3	TMATKA	TMATKA	6	9.07	MER21C	TAATTA	yes	1728	762	5590	13.63	1.4	2.026750340855496e-19	yes
HOXC8 (MA1505.2)	HOXC8	MA1505.2	YMATKR	YMATKR	6	7.74	MER21C	TAATTA	yes	1728	762	5590	13.63	1.4	2.026750340855496e-19	yes
ISX (MA0654.2)	ISX	MA0654.2	AATTA	YAATTA	6	10.34	MER21C	TAATTA	yes	1728	762	5590	13.63	1.4	2.026750340855496e-19	yes
Lhx4 (MA0704.2)	Lhx4	MA0704.2	ATTA	YMATTA	6	7.99	MER21C	TAATTA	yes	1728	762	5590	13.63	1.4	2.026750340855496e-19	yes
Lhx8 (MA0705.2)	Lhx8	MA0705.2	YRATYR	YRATYR	6	8.39	MER21C	TAATTA	yes	1728	762	5590	13.63	1.4	2.026750340855496e-19	yes
MIXL1 (MA0662.2)	MIXL1	MA0662.2	AATTA	YAATTA	6	6.97	MER21C	TAATTA	yes	1728	762	5590	13.63	1.4	2.026750340855496e-19	yes
MNX1 (MA0707.3)	MNX1	MA0707.3	YRATTA	YRATTA	6	9.01	MER21C	TAATTA	yes	1728	762	5590	13.63	1.4	2.026750340855496e-19	yes
NKX6-2 (MA0675.2)	NKX6-2	MA0675.2	ATTA	YMATTA	6	6.79	MER21C	TAATTA	yes	1728	762	5590	13.63	1.4	2.026750340855496e-19	yes
PDX1 (MA0132.3)	PDX1	MA0132.3	ATTA	YMATTA	6	9.69	MER21C	TAATTA	yes	1728	762	5590	13.63	1.4	2.026750340855496e-19	yes
POU6F1 (MA0628.2)	POU6F1	MA0628.2	TAATTA	TAATTA	6	9.33	MER21C	TAATTA	yes	1728	762	5590	13.63	1.4	2.026750340855496e-19	yes
PRRX1 (MA0716.2)	PRRX1	MA0716.2	AATTA	YAATTA	6	8.05	MER21C	TAATTA	yes	1728	762	5590	13.63	1.4	2.026750340855496e-19	yes
Shox2 (MA0720.2)	Shox2	MA0720.2	AATTA	YAATTA	6	8.98	MER21C	TAATTA	yes	1728	762	5590	13.63	1.4	2.026750340855496e-19	yes
TLX2 (MA1577.2)	TLX2	MA1577.2	AATTA	YAATTA	6	10.34	MER21C	TAATTA	yes	1728	762	5590	13.63	1.4	2.026750340855496e-19	yes
UNCX (MA0721.2)	UNCX	MA0721.2	ATTA	YAATTA	6	6.81	MER21C	TAATTA	yes	1728	762	5590	13.63	1.4	2.026750340855496e-19	yes
VAX2 (MA0723.3)	VAX2	MA0723.3	ATTA	YMATTA	6	6.87	MER21C	TAATTA	yes	1728	762	5590	13.63	1.4	2.026750340855496e-19	yes
FOSL1::JUNB (MA1137.2)	FOSL1::JUNB	MA1137.2	TGASTMA	RTGASTMAY	9	9.03	MER21C	RTGASTCAY	yes	1292	761	5590	13.61	1.57	1.7309310838322409e-32	yes
CUX1 (MA0754.3)	CUX1	MA0754.3	AATCRAT	YAATCRATA	9	12.28	MER21C	TAATCAATY	yes	787	757	5590	13.54	2.62	1.864682860801762e-117	yes
FOSB::JUNB (MA1135.2)	FOSB::JUNB	MA1135.2	TGASTCA	RTGASTCAY	9	12.55	MER21C	RTGASTCAY	yes	1437	755	5590	13.51	1.64	1.5642128418818823e-37	yes
SREBF1 (MA0829.3)	SREBF1	MA0829.3	TCACSTGA	RTCACSTGAY	10	13.3	MER21C	RTCACSTSAT	yes	978	755	5590	13.51	1.68	1.3971115778769728e-40	yes
THAP1 (MA0597.3)	THAP1	MA0597.3	AGGGCA	SSAGGGCA	8	10.66	MER21C	VSAGGGCA	yes	845	755	5590	13.51	1.1	0.009659381323044999	yes
FEZF2 (MA2341.1)	FEZF2	MA2341.1	CCAGCCT	CCCAGCCT	8	10.62	MER21C	MCCAGCCT	yes	841	752	5590	13.45	1.21	1.9632763307698622e-07	yes
BACH1 (MA1633.2)	BACH1	MA1633.2	ATGACTCA	ATGACTCAY	9	14.11	MER21C	RTGACTCAB	yes	894	751	5590	13.43	1.45	9.705247271471158e-23	yes
FOSL2::JUN (MA1130.2)	FOSL2::JUN	MA1130.2	TGASTCA	RTGASTCAY	9	12.03	MER21C	RTGASTCAY	yes	1359	749	5590	13.4	1.72	1.3113172938824551e-43	yes
NFE2 (MA0841.2)	NFE2	MA0841.2	ATGACTCAT	ATGACTCATS	10	16.64	MER21C	RTGASTCAYD	yes	1335	749	5590	13.4	1.53	1.9268646539907922e-28	yes
Atf3 (MA1988.2)	Atf3	MA1988.2	TGACTCA	TGACTCA	7	10.41	MER21C	TGACTCA	yes	849	747	5590	13.36	1.49	5.906849632079056e-26	yes
BATF (MA1634.2)	BATF	MA1634.2	TGACTCA	TGACTCA	7	10.48	MER21C	TGACTCA	yes	849	747	5590	13.36	1.49	5.906849632079056e-26	yes
BATF3 (MA0835.3)	BATF3	MA0835.3	TGACTCA	TGACTCA	7	11.0	MER21C	TGACTCA	yes	849	747	5590	13.36	1.49	5.906849632079056e-26	yes
BATF::JUN (MA0462.3)	BATF::JUN	MA0462.3	TGACTCA	TGACTCA	7	10.68	MER21C	TGASTCA	yes	1698	747	5590	13.36	1.49	5.906849632079056e-26	yes
BNC2 (MA1928.2)	BNC2	MA1928.2	TGAGTCA	TGAGTCA	7	10.41	MER21C	TGAGTCA	yes	849	747	5590	13.36	1.49	5.906849632079056e-26	yes
FOXP2 (MA0593.2)	FOXP2	MA0593.2	GTAAACA	WGTAAACAR	9	13.54	MER21C	RRWAAACAV	yes	813	745	5590	13.33	1.13	0.00047870197687601085	yes
Thap11 (MA1573.2)	Thap11	MA1573.2	ACTACAWBTCCC	ACTACAWBTCCCRK	14	17.72	MER21C	RYYMCARVTCCCAB	yes	815	744	5590	13.31	1.19	2.1236686579016787e-06	yes
FOS::JUN (MA0099.4)	FOS::JUN	MA0099.4	TGASTCA	RTGASTCAY	9	11.64	MER21C	RTGASTCAY	yes	1319	739	5590	13.22	1.67	7.333203648753421e-39	yes
Pgr (MA2323.1)	Pgr	MA2323.1	GRACADWDTGTYC	VRGRACADWDTGTYCTB	17	14.83	MER21C	WARAAMARWHKRTWYTY	yes	1138	735	5590	13.15	1.16	6.513685128150302e-05	yes
SIX1 (MA1118.2)	SIX1	MA1118.2	AACCTGA	GWAACCTGA	9	11.47	MER21C	SWAACCTGA	yes	795	732	5590	13.09	1.1	0.008641474593834372	yes
FOXG1 (MA0613.1)	FOXG1	MA0613.1	RTAAACA	RTAAACAW	8	13.34	MER21C	RTAAACAY	yes	766	727	5590	13.01	1.38	1.64561167980488e-17	yes
Foxq1 (MA0040.2)	Foxq1	MA0040.2	TGTTTA	RWTGTTTAKW	10	14.0	MER21C	VYWGTTTAKK	yes	808	725	5590	12.97	1.15	0.00015319395066877922	yes
Gli2 (MA0734.4)	Gli2	MA0734.4	GACCACCCA	GACCACCCA	9	13.13	MER21C	GRCCACCCA	yes	803	725	5590	12.97	1.1	0.008104970855422507	yes
Rfx6 (MA1724.2)	Rfx6	MA1724.2	CMTAGCAA	CMTAGCAAC	9	11.62	MER21C	CCTRGCAMC	yes	800	725	5590	12.97	1.55	1.5955967258464642e-29	yes
FOXF2 (MA0030.2)	FOXF2	MA0030.2	RTAAACA	SRTAAACAW	9	13.79	MER21C	RRTAAACAH	yes	781	723	5590	12.93	1.6	9.604984430892773e-33	yes
JUN::JUNB (MA1132.2)	JUN::JUNB	MA1132.2	TGACKMA	RTGACKMA	8	9.31	MER21C	RTGACTCA	yes	819	723	5590	12.93	1.56	3.641486970952459e-30	yes
ZNF582 (MA1983.2)	ZNF582	MA1983.2	TTACTTGCAGCYVA	YYYBTTACTTGCAGCYVAA	19	22.5	MER21C	BYTSKDAYTTKCAKCYVMR	yes	782	723	5590	12.93	1.17	1.9661558595287227e-05	yes
RFX2 (MA0600.3)	RFX2	MA0600.3	GTTRCCATGGYAAC	GTTRCCATGGYAAC	14	19.91	MER21C	GTTBCYMKRRVAAC	yes	1465	721	5590	12.9	2.81	1.2085010239414016e-124	yes
ONECUT3 (MA0757.2)	ONECUT3	MA0757.2	AAATCRATA	RAAAATCRATAW	12	16.73	MER21C	WWWAATCAATHW	yes	799	719	5590	12.86	1.34	1.040871884577156e-14	yes
ZNF454 (MA1712.2)	ZNF454	MA1712.2	GGCTCBVGG	GGCTCBVGGNYCYKVBS	17	14.94	MER21C	GGCTCMBRGMMCYBRKS	yes	799	718	5590	12.84	2.39	4.3180910378742667e-94	yes
USF1 (MA0093.4)	USF1	MA0093.4	CAYGTGA	GYCAYGTGAY	10	12.85	MER21C	RYCATGTGAY	yes	843	713	5590	12.75	1.64	1.2011884603250235e-35	yes
SP3 (MA0746.3)	SP3	MA0746.3	CCACGCCC	RCCACGCCCMY	11	14.67	MER21C	VCCMCWCCCMY	yes	798	712	5590	12.74	2.08	1.026185479257112e-69	yes
ZNF416 (MA1979.2)	ZNF416	MA1979.2	CTGGGC	WRWCTGGGCW	10	12.82	MER21C	WHWCTGGGCW	yes	769	712	5590	12.74	1.08	0.03798787860907698	yes
CEBPG (MA1636.2)	CEBPG	MA1636.2	TGATGCAA	RTGATGCAAT	10	13.3	MER21C	ATGATGYAAY	yes	772	711	5590	12.72	1.21	3.241851460878878e-07	yes
GLI3 (MA1491.3)	GLI3	MA1491.3	GACCACCCACGWHG	RGACCACCCACGWHG	15	22.26	MER21C	RGMCCMCMCAVVWWD	yes	773	711	5590	12.72	1.29	4.0601011596101436e-11	yes
NFYC (MA1644.2)	NFYC	MA1644.2	CCAATCA	CCAATCA	7	10.05	MER21C	CCAATCA	yes	781	711	5590	12.72	1.25	2.2836219913792914e-09	yes
ZNF331 (MA1726.2)	ZNF331	MA1726.2	GCWGAGC	WGCWGAGCMH	10	13.01	MER21C	TGCAGASCYY	yes	786	708	5590	12.67	1.57	1.1573952415363684e-29	yes
Hoxa13 (MA0650.4)	Hoxa13	MA0650.4	CAATAAA	SCAATAAA	8	10.98	MER21C	MCAATAAA	yes	759	701	5590	12.54	1.16	5.728639775277328e-05	yes
JDP2 (MA0655.1)	JDP2	MA0655.1	ATGASTCAT	ATGASTCAT	9	15.1	MER21C	RTGASTCAY	yes	1304	701	5590	12.54	1.6	6.817716795873267e-32	yes
ATF4 (MA0833.3)	ATF4	MA0833.3	TGATGYAA	RTGATGYAAY	10	14.64	MER21C	RTGATGHAAY	yes	761	699	5590	12.5	1.24	1.0924164639647902e-08	yes
FOXA2 (MA0047.4)	FOXA2	MA0047.4	GTAAACA	WGTAAACA	8	10.52	MER21C	RGTAAAYA	yes	740	699	5590	12.5	1.66	1.922638284696858e-36	yes
TBP (MA0108.3)	TBP	MA0108.3	ATAWA	TATAWAW	7	8.98	MER21C	TATAAAA	yes	776	697	5590	12.47	2.1	4.631162844240293e-69	yes
KLF7 (MA1959.2)	KLF7	MA1959.2	GGGCGKKG	GGGCGKKG	8	12.48	MER21C	GGGTGGGG	yes	779	693	5590	12.4	3.1	1.9954658029384057e-138	yes
TAL1::TCF3 (MA0091.2)	TAL1::TCF3	MA0091.2	AMCAKMTG	AMCAKMTGKT	10	13.86	MER21C	AMCAKCTGKD	yes	1035	687	5590	12.29	1.32	8.43781002918356e-13	yes
Vdr (MA0693.4)	Vdr	MA0693.4	AGTTCA	RAGTTCA	7	9.62	MER21C	GAGTTCA	yes	730	687	5590	12.29	1.63	5.272468880178447e-33	yes
FOXA1 (MA0148.5)	FOXA1	MA0148.5	GTAAACA	GTAAACAW	8	10.97	MER21C	GTAAACAY	yes	712	673	5590	12.04	1.62	5.221301028370813e-32	yes
JUND (MA0492.2)	JUND	MA0492.2	ATGAYGTMA	RATGAYGTMAT	11	14.69	MER21C	RRTGAKRTMAY	yes	812	673	5590	12.04	1.37	2.340583081895974e-15	yes
mix-a (MA0621.2)	mix-a	MA0621.2	TAATTA	YTAATTA	7	12.19	MER21C	YTAATTA	yes	947	672	5590	12.02	1.52	8.953213656913342e-25	yes
CREB1 (MA0018.5)	CREB1	MA0018.5	TGAYGTCA	TGAYGTCA	8	11.22	MER21C	TGATGTCA	yes	754	670	5590	11.99	1.16	0.00015319395066877922	yes
TFAP4 (MA1570.1)	TFAP4	MA1570.1	CAYRTG	RHCAYRTGKY	10	10.48	MER21C	AYCAYRTGRT	yes	1381	670	5590	11.99	1.85	3.589601065580566e-48	yes
ZNF770 (MA2099.1)	ZNF770	MA2099.1	CRGCCTC	CRGCCTCM	8	11.56	MER21C	CAGCCTCM	yes	717	670	5590	11.99	1.57	1.696441838819392e-28	yes
Foxl2 (MA1607.2)	Foxl2	MA1607.2	GTAAACA	WWWGTAAACA	10	11.46	MER21C	WWWGTAAACA	yes	720	668	5590	11.95	1.15	0.00041195440238790015	yes
MEF2B (MA0660.1)	MEF2B	MA0660.1	CTAWAAATAG	RCTAWAAATAGM	12	18.37	MER21C	RCTAWWAATWRV	yes	806	662	5590	11.84	1.64	1.5581751847081893e-32	yes
ERF::HOXB13 (MA1937.2)	ERF::HOXB13	MA1937.2	GGAWRYHRTWA	MGGAWRYHRTWAM	13	11.86	MER21C	AGGAWATWRYAAA	yes	712	657	5590	11.75	1.92	4.6016014208926875e-52	yes
CTCF (MA1929.2)	CTCF	MA1929.2	GCWVYDYYHVVDDBDDMCWSHAGRKG	VTGCWVYDYYHVVDDBDDMCWSHAGRKGGMR	31	17.8	MER21C	BTKYWRBBHYHVHDVHDVMCWSHRGRKGKHR	yes	746	655	5590	11.72	1.24	7.543017187730767e-08	yes
FOXB1 (MA0845.1)	FOXB1	MA0845.1	GTMAAYA	WRWGTMAAYAW	11	12.24	MER21C	WRWRTAWATAW	yes	849	652	5590	11.66	1.13	0.0016304279828376355	yes
CTCF (MA1930.2)	CTCF	MA1930.2	TGCAVTDHHVVVHHHHDDCCWSYAGRKGG	BTGCAVTDHHVVVHHHHDDCCWSYAGRKGGMRS	33	20.71	MER21C	BTKYWSBBMBVBYBVHBBVMCWSBAGRKRGVRB	yes	718	647	5590	11.57	1.29	2.315752083654771e-10	yes
ETV5::FIGLA (MA1945.2)	ETV5::FIGLA	MA1945.2	GGAWRCAGGTG	RSMGGAWRCAGGTG	14	17.38	MER21C	DVAGGAWRCAGVTG	yes	693	640	5590	11.45	1.5	2.2701269450429407e-22	yes
TFAP2A (MA0003.5)	TFAP2A	MA0003.5	CCTCAGG	SCCTCAGGS	9	11.45	MER21C	SCCTCAGGH	yes	736	634	5590	11.34	1.09	0.02812675760575536	yes
BACH2 (MA1101.3)	BACH2	MA1101.3	ATGASTCAT	MATGASTCATS	11	16.36	MER21C	HRTGASTCAYD	yes	1253	632	5590	11.31	1.94	2.039397865576687e-51	yes
NFIL3 (MA0025.3)	NFIL3	MA0025.3	TTATGYAA	TTATGYAAY	9	11.32	MER21C	TTATGYAAY	yes	698	626	5590	11.2	1.23	2.986378374089107e-07	yes
FOXS1 (MA2118.1)	FOXS1	MA2118.1	GTAAACA	WGTAAACA	8	10.77	MER21C	DGTAAACA	yes	646	620	5590	11.09	1.45	4.51129516157833e-19	yes
ZNF708 (MA1730.2)	ZNF708	MA1730.2	GCTGTRCCT	GCTGTRCCT	9	14.0	MER21C	KCTGTKCCT	yes	646	610	5590	10.91	1.46	7.782903388173284e-19	yes
ATF2 (MA1632.2)	ATF2	MA1632.2	ATGABGTCA	ATGABGTCAY	10	13.71	MER21C	ATGAKGTMAY	yes	691	608	5590	10.88	1.22	8.694869589774355e-07	yes
JUN (MA0488.2)	JUN	MA0488.2	ATGAKGTMA	ATGAKGTMAT	10	14.71	MER21C	RTGAKGYMAY	yes	672	606	5590	10.84	1.14	0.00090359073459498	yes
NFIB (MA1643.2)	NFIB	MA1643.2	TGGCWYDRWGCCA	YYTGGCWYDRWGCCARR	17	18.75	MER21C	YSTGGCWVBBWGCCMVV	yes	871	604	5590	10.81	1.29	1.0221032126229267e-09	yes
SP9 (MA1564.2)	SP9	MA1564.2	CGCCC	MCMCGCCCMY	10	11.27	MER21C	CCMCVCCCMC	yes	733	598	5590	10.7	2.22	1.279114354118816e-66	yes
HSF4 (MA0771.1)	HSF4	MA0771.1	TCYRGAABVTTC	WTCYRGAABVTTC	13	13.63	MER21C	KKCTRGAAVBWTC	yes	690	597	5590	10.68	1.35	8.759654234979492e-13	yes
ERF::FIGLA (MA1934.2)	ERF::FIGLA	MA1934.2	MGGAWRCASSTG	SMGGAWRCASSTG	13	17.99	MER21C	MAGGAWMCASVTG	yes	633	592	5590	10.59	1.68	1.4251397007702236e-31	yes
HSF1 (MA0486.2)	HSF1	MA0486.2	TTCYMGAAYVTTC	TTCYMGAAYVTTC	13	18.74	MER21C	KTCYRGAABHTTC	yes	683	591	5590	10.57	1.25	6.429503696057854e-08	yes
TFAP4::FLI1 (MA1967.2)	TFAP4::FLI1	MA1967.2	CGGAAACAGCTG	RSCGGAAACAGCTG	14	21.02	MER21C	DMRGRMWMCAGMTG	yes	648	579	5590	10.36	1.38	7.906721352102567e-14	yes
Ahr::Arnt (MA0006.2)	Ahr::Arnt	MA0006.2	GCGTG	GCGTG	5	9.25	MER21C	GCGTG	yes	615	561	5590	10.04	1.45	4.7606800505314315e-17	yes
Arid5a (MA0602.2)	Arid5a	MA0602.2	AATATT	YAATATTR	8	9.62	MER21C	YAATATTK	yes	733	560	5590	10.02	1.64	1.8633206001548325e-27	yes
KLF11 (MA1512.2)	KLF11	MA1512.2	CACRCCC	MCACRCCCMC	10	13.13	MER21C	CCMCRCCCMC	yes	648	550	5590	9.84	1.49	1.127865076411639e-18	yes
MEF2D (MA0773.1)	MEF2D	MA0773.1	CTAWAAATAG	DCTAWAAATAGM	12	18.5	MER21C	DYTAWWAATARM	yes	702	545	5590	9.75	1.23	3.170273640070984e-06	yes
ETV2::FIGLA (MA1941.2)	ETV2::FIGLA	MA1941.2	GGAARCAGSTG	SCGGAARCAGSTG	13	15.34	MER21C	MAGGAWMCAGRTG	yes	556	532	5590	9.52	1.61	1.4856655881269975e-24	yes
LMX1B (MA0703.3)	LMX1B	MA0703.3	TTAATTA	TTAATTAM	8	13.5	MER21C	YTAATTAH	yes	838	531	5590	9.5	1.59	1.1224155879444055e-23	yes
NFIC (MA1527.2)	NFIC	MA1527.2	TGGCDBVVTGCCA	YTGGCDBVVTGCCAR	15	18.24	MER21C	VKGGCWRBBWGCCAR	yes	657	526	5590	9.41	1.31	2.82101830828515e-09	yes
TFAP4 (MA0691.1)	TFAP4	MA0691.1	CAGCTG	AWCAGCTGWY	10	14.15	MER21C	MMCAGCTGDD	yes	848	518	5590	9.27	1.38	3.845553478665872e-12	yes
HOXD3 (MA0912.2)	HOXD3	MA0912.2	TAATTA	YTAATTAS	8	11.74	MER21C	CTAATTAY	yes	573	508	5590	9.09	1.38	2.486553921302175e-12	yes
TFAP4::ETV1 (MA1966.2)	TFAP4::ETV1	MA1966.2	GGAWRCASSTG	SCGGAWRCASSTG	13	14.49	MER21C	MAGGAWRCAGRKG	yes	514	492	5590	8.8	1.74	2.940995667133623e-29	yes
Hoxd13 (MA0909.4)	Hoxd13	MA0909.4	CAATAA	CAATAAM	7	12.05	MER21C	CAATAAA	yes	502	481	5590	8.6	1.17	0.0006400507478659464	yes
ELF2 (MA1483.3)	ELF2	MA1483.3	CCGGAA	WMCCGGAART	10	12.94	MER21C	WYCMGGAARY	yes	494	477	5590	8.53	1.73	5.8420304711757885e-28	yes
FOXA3 (MA1683.2)	FOXA3	MA1683.2	GTAAACA	GTAAACA	7	9.77	MER21C	GTAAACA	yes	480	470	5590	8.41	1.68	4.077945233721132e-25	yes
FOXD1 (MA0031.2)	FOXD1	MA0031.2	GTAAACA	GTAAACA	7	11.73	MER21C	GTAAACA	yes	480	470	5590	8.41	1.68	4.077945233721132e-25	yes
FOXI1 (MA0042.2)	FOXI1	MA0042.2	GTAAACA	GTAAACA	7	11.62	MER21C	GTAAACA	yes	480	470	5590	8.41	1.68	4.077945233721132e-25	yes
FOXK1 (MA0852.3)	FOXK1	MA0852.3	GTAAACA	GTAAACA	7	10.73	MER21C	GTAAACA	yes	480	470	5590	8.41	1.68	4.077945233721132e-25	yes
FOXK2 (MA1103.3)	FOXK2	MA1103.3	TAAACA	GTAAACA	7	9.79	MER21C	GTAAACA	yes	480	470	5590	8.41	1.68	4.077945233721132e-25	yes
FOXL1 (MA0033.2)	FOXL1	MA0033.2	TAAACA	RTAAACA	7	10.63	MER21C	GTAAACA	yes	480	470	5590	8.41	1.68	4.077945233721132e-25	yes
FOXO4 (MA0848.1)	FOXO4	MA0848.1	GTAAACA	GTAAACA	7	10.66	MER21C	GTAAACA	yes	480	470	5590	8.41	1.68	4.077945233721132e-25	yes
FOXP1 (MA0481.4)	FOXP1	MA0481.4	GTAAACA	GTAAACA	7	9.72	MER21C	GTAAACA	yes	480	470	5590	8.41	1.68	4.077945233721132e-25	yes
FOXP3 (MA0850.1)	FOXP3	MA0850.1	RYAAAYA	RYAAAYA	7	8.59	MER21C	GTAAACA	yes	480	470	5590	8.41	1.68	4.077945233721132e-25	yes
FOXP4 (MA2117.1)	FOXP4	MA2117.1	TAAACA	GTAAACA	7	9.49	MER21C	GTAAACA	yes	480	470	5590	8.41	1.68	4.077945233721132e-25	yes
Foxf1 (MA1606.2)	Foxf1	MA1606.2	TAAACA	RTAAACA	7	10.19	MER21C	GTAAACA	yes	480	470	5590	8.41	1.68	4.077945233721132e-25	yes
Foxo1 (MA0480.3)	Foxo1	MA0480.3	GTAAACA	GTAAACA	7	9.28	MER21C	GTAAACA	yes	480	470	5590	8.41	1.68	4.077945233721132e-25	yes
Foxo3 (MA0157.4)	Foxo3	MA0157.4	GTAAACA	GTAAACA	7	9.86	MER21C	GTAAACA	yes	480	470	5590	8.41	1.68	4.077945233721132e-25	yes
TFEB (MA0692.2)	TFEB	MA0692.2	CACRTG	CACRTGMY	8	10.76	MER21C	CACRTGAY	yes	544	470	5590	8.41	1.59	1.2461255239129234e-20	yes
ZNF35 (MA2333.1)	ZNF35	MA2333.1	AATTCTA	AATTCTA	7	8.65	MER21C	AATTCTA	yes	496	470	5590	8.41	1.14	0.006479283289685882	yes
Alx1 (MA0854.2)	Alx1	MA0854.2	TAATTA	YTAATTAR	8	11.94	MER21C	WTAATTAW	yes	1024	466	5590	8.34	1.24	5.51209150750106e-06	yes
ZBTB7A (MA0750.3)	ZBTB7A	MA0750.3	CCGGAAG	CCGGAAGYS	9	11.14	MER21C	CMGGAAGKK	yes	479	456	5590	8.16	1.64	2.2701269450429407e-22	yes
Bhlha15 (MA1472.3)	Bhlha15	MA1472.3	CAGCTG	MCAGCTGK	8	11.75	MER21C	CCAGCTGG	yes	942	451	5590	8.07	1.65	1.3345296472318745e-22	yes
ATF3 (MA0605.3)	ATF3	MA0605.3	TGACGTCA	RTGACGTCAY	10	17.06	MER21C	RTKAYRTMAY	yes	878	450	5590	8.05	2.25	4.115683444021692e-51	yes
ELF4 (MA0641.1)	ELF4	MA0641.1	CCGGAAGT	DWMCCGGAAGTR	12	16.25	MER21C	WWCCMGGAAGYK	yes	483	449	5590	8.03	1.92	1.9817680265937722e-35	yes
HOXD12::ELK1 (MA1958.2)	HOXD12::ELK1	MA1958.2	CGGAAGTYGTAAA	CGGAAGTYGTAAA	13	20.57	MER21C	MGGAWRTYRTWAA	yes	457	445	5590	7.96	1.15	0.0033162457652820597	yes
KLF6 (MA1517.2)	KLF6	MA1517.2	ACRCCC	MMACRCCCH	9	11.16	MER21C	SCACRCCCM	yes	476	443	5590	7.92	1.36	9.295415269596764e-10	yes
ARGFX (MA1463.2)	ARGFX	MA1463.2	TAATTA	YTAATTAR	8	11.8	MER21C	HTAATTAA	yes	671	433	5590	7.75	1.37	3.3181483497422556e-10	yes
ETV2::DRGX (MA1940.2)	ETV2::DRGX	MA1940.2	CGGAWRYRATTA	CGGAWRYRATTA	12	14.02	MER21C	RGGAARYWMTWA	yes	451	432	5590	7.73	1.3	1.471755486879426e-07	yes
ZSCAN21 (MA2336.1)	ZSCAN21	MA2336.1	AGCACT	MAGCACT	7	9.51	MER21C	AAGCACT	yes	433	424	5590	7.58	1.14	0.0066003915433683145	yes
ERF::NHLH1 (MA1938.2)	ERF::NHLH1	MA1938.2	GCAGCTGCCGGA	VGCAGCTGCCGGAWRY	16	20.57	MER21C	RKYAGMTBCMRSAWRY	yes	440	417	5590	7.46	1.63	4.3716845071780633e-20	yes
Lhx1 (MA1518.3)	Lhx1	MA1518.3	TAATTA	KYTAATTARM	10	10.67	MER21C	KYTMATTARM	yes	641	409	5590	7.32	1.83	3.5338706498943406e-28	yes
GCM2 (MA0767.2)	GCM2	MA0767.2	TGCGGG	ATGCGGGY	8	10.75	MER21C	ATGKGGGT	yes	424	408	5590	7.3	1.29	7.736594955629873e-07	yes
LMX1A (MA0702.3)	LMX1A	MA0702.3	TAATTA	YTAATTA	7	12.26	MER21C	TTAATTA	yes	538	405	5590	7.25	1.45	1.9826894273718325e-12	yes
NKX6-1 (MA0674.2)	NKX6-1	MA0674.2	YMATTA	YMATTAW	7	9.12	MER21C	TAATTAA	yes	538	405	5590	7.25	1.45	1.9826894273718325e-12	yes
FOSL2::JUN (MA1131.2)	FOSL2::JUN	MA1131.2	TGACGTMA	RTGACGTMAY	10	12.96	MER21C	RTGAYRTMAT	yes	490	404	5590	7.23	1.73	9.780315836844428e-24	yes
DBP (MA0639.2)	DBP	MA0639.2	TTAYRTAA	RTTAYRTAAY	10	13.67	MER21C	RTKAYRTMAY	yes	764	396	5590	7.08	2.3	6.90123549423922e-47	yes
SATB1 (MA1963.2)	SATB1	MA1963.2	CTAATAA	CTAATAA	7	11.91	MER21C	CTAATAA	yes	412	388	5590	6.94	1.32	2.2879952904311368e-07	yes
FOS::JUN (MA1126.2)	FOS::JUN	MA1126.2	TKRCRTCA	RTKRCRTCAY	10	9.66	MER21C	RTKACVTCAT	yes	451	380	5590	6.8	1.93	2.1330882243296956e-30	yes
MAX::MYC (MA0059.2)	MAX::MYC	MA0059.2	CACGTGG	RSCACGTGGY	10	13.95	MER21C	ASCAYRTGGW	yes	514	380	5590	6.8	2.71	1.450887878475505e-60	yes
TEF (MA0843.2)	TEF	MA0843.2	TTACRTAA	RTTACRTAAY	10	14.4	MER21C	RTTAYATMAY	yes	526	371	5590	6.64	1.96	1.2926545598868654e-30	yes
ESX1 (MA0644.3)	ESX1	MA0644.3	AATTA	YYAATTA	7	9.97	MER21C	CTAATTA	yes	409	362	5590	6.48	1.39	2.6119358726023722e-09	yes
GBX1 (MA0889.2)	GBX1	MA0889.2	AATTA	SYAATTA	7	10.42	MER21C	CTAATTA	yes	409	362	5590	6.48	1.39	2.6119358726023722e-09	yes
LBX1 (MA0618.2)	LBX1	MA0618.2	TAAYWRG	TAAYWRG	7	9.96	MER21C	TAATTAG	yes	409	362	5590	6.48	1.39	2.6119358726023722e-09	yes
MEOX1 (MA0661.2)	MEOX1	MA0661.2	TMATTA	STMATTA	7	9.38	MER21C	CTAATTA	yes	409	362	5590	6.48	1.39	2.6119358726023722e-09	yes
NOTO (MA0710.2)	NOTO	MA0710.2	MATTA	YWMATTA	7	9.39	MER21C	CTAATTA	yes	409	362	5590	6.48	1.39	2.6119358726023722e-09	yes
PRRX2 (MA0075.4)	PRRX2	MA0075.4	AATTA	YYAATTA	7	10.98	MER21C	CTAATTA	yes	409	362	5590	6.48	1.39	2.6119358726023722e-09	yes
VAX1 (MA0722.2)	VAX1	MA0722.2	AAT	YYAATKR	7	6.83	MER21C	CTAATTA	yes	409	362	5590	6.48	1.39	2.6119358726023722e-09	yes
VSX1 (MA0725.2)	VSX1	MA0725.2	AATT	YYAATTR	7	8.07	MER21C	CTAATTA	yes	409	362	5590	6.48	1.39	2.6119358726023722e-09	yes
VSX2 (MA0726.2)	VSX2	MA0726.2	AATTA	YTAATTA	7	9.16	MER21C	CTAATTA	yes	409	362	5590	6.48	1.39	2.6119358726023722e-09	yes
JDP2 (MA0656.2)	JDP2	MA0656.2	ATGACGTCA	ATGACGTCAY	10	17.16	MER21C	ATKAYRTMAY	yes	542	359	5590	6.42	1.91	7.0921835851696745e-28	yes
MITF (MA0620.4)	MITF	MA0620.4	TCACGTGA	RTCACGTGAY	10	12.72	MER21C	RYCAYRTGRY	yes	770	358	5590	6.4	1.78	5.90290535666284e-23	yes
FOSB::JUN (MA1127.1)	FOSB::JUN	MA1127.1	TGACGTMA	RRTGACGTMAY	11	12.84	MER21C	RATKAHRTMAT	yes	515	355	5590	6.35	1.82	2.872205551144031e-24	yes
FOSL2::JUND (MA1145.2)	FOSL2::JUND	MA1145.2	TKACGTCA	RTKACGTCAY	10	12.85	MER21C	ATKAYRTCAY	yes	438	349	5590	6.24	1.62	9.686566154850126e-17	yes
FOS (MA1951.2)	FOS	MA1951.2	TGACGTCAT	BRTGACGTCATMR	13	17.34	MER21C	RATGAYRTMATYR	yes	516	347	5590	6.21	2.14	1.8736839998398154e-35	yes
ELK4 (MA0076.3)	ELK4	MA0076.3	CTTCCGG	BRCTTCCGG	9	12.73	MER21C	MRYTTCCKG	yes	354	334	5590	5.97	1.52	1.9165335519267837e-12	yes
LHX6 (MA0658.2)	LHX6	MA0658.2	TAATTA	YTAATTAR	8	10.56	MER21C	YTAATTAR	yes	680	328	5590	5.87	1.42	2.4710116848298387e-09	yes
ERF::SREBF2 (MA1939.2)	ERF::SREBF2	MA1939.2	CGGAWRTCACGTGA	SCGGAWRTCACGTGAY	16	20.8	MER21C	SMGGWWRKCAYSTKWY	yes	342	327	5590	5.85	1.33	1.1920060142863829e-06	yes
TFE3 (MA0831.3)	TFE3	MA0831.3	TCACGTGA	RTCACGTGAY	10	15.4	MER21C	RYCAYRTGRY	yes	676	316	5590	5.65	3.06	1.9703425227944585e-60	yes
Creb5 (MA0840.2)	Creb5	MA0840.2	ATGACGTCA	ATGACGTCAY	10	16.13	MER21C	RTKAYRTMAY	yes	537	308	5590	5.51	2.31	9.604646935046595e-37	yes
GSX2 (MA0893.3)	GSX2	MA0893.3	ATTA	SYMATTA	7	8.49	MER21C	GTAATTA	yes	326	301	5590	5.38	1.51	4.530208230182721e-11	yes
HOXA3 (MA2119.1)	HOXA3	MA2119.1	TMATTA	STMATTA	7	9.85	MER21C	GTAATTA	yes	326	301	5590	5.38	1.51	4.530208230182721e-11	yes
HOXA6 (MA1497.2)	HOXA6	MA1497.2	ATWA	SYMATWA	7	6.82	MER21C	GTAATTA	yes	326	301	5590	5.38	1.51	4.530208230182721e-11	yes
HOXB1 (MA2093.1)	HOXB1	MA2093.1	TMATTR	STMATTR	7	9.26	MER21C	GTAATTA	yes	326	301	5590	5.38	1.51	4.530208230182721e-11	yes
HOXB7 (MA1501.2)	HOXB7	MA1501.2	GYAATTA	GYAATTA	7	10.19	MER21C	GTAATTA	yes	326	301	5590	5.38	1.51	4.530208230182721e-11	yes
LHX5 (MA1519.2)	LHX5	MA1519.2	YAATTA	SYAATTA	7	10.98	MER21C	GTAATTA	yes	326	301	5590	5.38	1.51	4.530208230182721e-11	yes
MEOX2 (MA0706.2)	MEOX2	MA0706.2	ATYA	STMATYA	7	7.16	MER21C	GTAATTA	yes	326	301	5590	5.38	1.51	4.530208230182721e-11	yes
ZBTB17 (MA2102.1)	ZBTB17	MA2102.1	ATCGAT	RATCGATY	8	9.73	MER21C	AATCAATT	yes	350	300	5590	5.37	1.68	2.974502255185718e-16	yes
FOSL2::JUNB (MA1139.2)	FOSL2::JUNB	MA1139.2	TGACGTCA	RTGACGTCAY	10	13.38	MER21C	RTKAYRTMAY	yes	602	293	5590	5.24	2.28	3.895941670629524e-34	yes
ASCL1 (MA1100.3)	ASCL1	MA1100.3	CASSTG	RCASSTGY	8	9.3	MER21C	GCAGCTGS	yes	409	288	5590	5.15	1.4	8.994675311271913e-08	yes
KLF3 (MA1516.2)	KLF3	MA1516.2	CCRCGCCC	RRCCRCGCCC	10	14.09	MER21C	DRCCRMRCCC	yes	294	287	5590	5.13	1.32	8.244878346744283e-06	yes
TBXT (MA0009.2)	TBXT	MA0009.2	TMRCACVTABGTGYKA	TMRCACVTABGTGYKA	16	18.96	MER21C	WVRCAYVYRKRTGYBW	yes	510	285	5590	5.1	1.2	0.0037414638450822503	yes
FOSB::JUNB (MA1136.1)	FOSB::JUNB	MA1136.1	TKACGTCA	RTKACGTCAY	10	11.16	MER21C	ATKAYRTMAT	yes	433	282	5590	5.04	2.26	2.345983819714059e-32	yes
JUN::JUNB (MA1133.2)	JUN::JUNB	MA1133.2	TKACGTCA	KRTKACGTCAK	11	11.0	MER21C	KRTKAYRTCAT	yes	322	275	5590	4.92	1.43	4.057496912582417e-08	yes
BACH2 (MA1470.2)	BACH2	MA1470.2	ATGACGTSAT	DWWBSATGACGTSATSVWW	19	22.37	MER21C	DDHYMATGASKTSAYYHWW	yes	303	273	5590	4.88	1.13	0.04579542464010448	yes
FOSL1::JUN (MA1129.1)	FOSL1::JUN	MA1129.1	TKACGTMA	RTKACGTMAY	10	10.26	MER21C	ATKAYRTMAT	yes	452	271	5590	4.85	2.55	7.199288313482515e-39	yes
FOSL1::JUND (MA1143.2)	FOSL1::JUND	MA1143.2	TGAC	RTGACKYMW	9	7.13	MER21C	ATGACKTMA	yes	267	261	5590	4.67	1.19	0.008463334814382882	yes
MYOG (MA0500.3)	MYOG	MA0500.3	CAGCTG	RCAGCTGY	8	11.6	MER21C	SCAGCTGS	yes	518	253	5590	4.53	1.3	8.14371491388182e-05	yes
ELK1::SREBF2 (MA1933.2)	ELK1::SREBF2	MA1933.2	CGGAAGTSRCGTG	SCGGAAGTSRCGTGA	15	18.3	MER21C	MYGGAAGTSRBSKGR	yes	252	247	5590	4.42	1.52	1.3025005956447487e-09	yes
PAX4 (MA0068.2)	PAX4	MA0068.2	AATT	YKAATTMR	8	9.47	MER21C	CTAATTAS	yes	350	243	5590	4.35	1.26	0.000685683214618633	yes
RFX4 (MA0799.3)	RFX4	MA0799.3	GTTGCYWRGCAAC	GTTGCYWRGCAAC	13	20.01	MER21C	GTWBCYWRGSRAC	yes	418	241	5590	4.31	1.29	0.0002406905181884569	yes
EGR3 (MA0732.2)	EGR3	MA0732.2	CGCCCMCGCA	MCGCCCMCGCA	11	17.69	MER21C	MCVCCCMCVCA	yes	251	240	5590	4.29	1.4	1.4966084199320574e-06	yes
SREBF2 (MA0828.3)	SREBF2	MA0828.3	RTCACGTGAY	RTCACGTGAY	10	17.11	MER21C	ATCAYRTGAT	yes	477	237	5590	4.24	1.32	5.989360747933683e-05	yes
Arnt (MA0004.1)	Arnt	MA0004.1	CACGTG	CACGTG	6	10.99	MER21C	CACGTG	yes	478	234	5590	4.19	3.07	6.059668106285537e-45	yes
MAX (MA0058.4)	MAX	MA0058.4	CACGTG	CACGTG	6	10.9	MER21C	CACGTG	yes	478	234	5590	4.19	3.07	6.059668106285537e-45	yes
MNT (MA0825.2)	MNT	MA0825.2	CACGTG	CACGTG	6	10.76	MER21C	CACGTG	yes	478	234	5590	4.19	3.07	6.059668106285537e-45	yes
Mlxip (MA0622.2)	Mlxip	MA0622.2	CACGTG	CACGTG	6	12.0	MER21C	CACGTG	yes	478	234	5590	4.19	3.07	6.059668106285537e-45	yes
EGR4 (MA0733.2)	EGR4	MA0733.2	CGCCCMCGC	MCGCCCMCGCM	11	13.2	MER21C	MCVCCCMCSCM	yes	241	230	5590	4.11	1.18	0.019104141780224248	yes
EGR1 (MA0162.5)	EGR1	MA0162.5	CRCCCMCRC	MCRCCCMCRC	10	11.51	MER21C	MCWCCCACMC	yes	237	226	5590	4.04	1.59	2.1336261149330254e-10	yes
ATF7 (MA0834.2)	ATF7	MA0834.2	ATGACGTCAY	ATGACGTCAY	10	16.97	MER21C	ATKAYRTMAT	yes	367	204	5590	3.65	1.73	2.6781896312105852e-12	yes
TFEC (MA0871.3)	TFEC	MA0871.3	CACGTGAC	CACGTGAC	8	14.27	MER21C	CAYGTGAC	yes	206	193	5590	3.45	1.56	1.7589066691683218e-08	yes
MYC (MA0147.4)	MYC	MA0147.4	CACGTG	CCACGTGS	8	10.98	MER21C	CCACGTGB	yes	219	190	5590	3.4	3.86	4.057896989032735e-49	yes
USF2 (MA0526.5)	USF2	MA0526.5	TCACGTGA	RTCACGTGAY	10	16.05	MER21C	RYCAYRTGRY	yes	376	188	5590	3.36	3.04	7.406746171093959e-36	yes
ARNT2 (MA1464.2)	ARNT2	MA1464.2	CACGTG	RWCACGTG	8	12.19	MER21C	RWCACGTG	yes	216	185	5590	3.31	3.53	5.001702899833503e-43	yes
MLXIPL (MA0664.2)	MLXIPL	MA0664.2	CACGTG	RKCACGTG	8	12.11	MER21C	RDCACGTG	yes	212	183	5590	3.27	3.86	3.1728173112883036e-47	yes
JUNB (MA1140.3)	JUNB	MA1140.3	ATGACGTCA	ATGACGTCAYS	11	17.54	MER21C	ATGAYGTMAYY	yes	233	177	5590	3.17	1.7	2.5940531634112964e-10	yes
Zbtb2 (MA2340.1)	Zbtb2	MA2340.1	CCGGAAG	ACCGGAAGYS	10	10.8	MER21C	ACCDGAAGTG	yes	175	173	5590	3.09	1.32	0.0006561009133122233	yes
HIF1A (MA1106.2)	HIF1A	MA1106.2	ACGTGC	ACGTGC	6	10.07	MER21C	ACGTGC	yes	177	172	5590	3.08	1.94	2.3165492909219892e-14	yes
HES6 (MA1493.1)	HES6	MA1493.1	GGCACGTGT	GGCACGTGTY	10	14.15	MER21C	KSCACGTGTY	yes	169	165	5590	2.95	1.29	0.002059876160643535	yes
BARHL1 (MA0877.4)	BARHL1	MA0877.4	CGTTTA	CGTTTA	6	9.71	MER21C	CGTTTA	yes	171	164	5590	2.93	1.33	0.000685683214618633	yes
BARHL2 (MA0635.2)	BARHL2	MA0635.2	TAAWYG	TAAWYG	6	8.03	MER21C	TAAACG	yes	171	164	5590	2.93	1.33	0.000685683214618633	yes
Npas2 (MA0626.2)	Npas2	MA0626.2	CACGTG	SCACGTGK	8	11.47	MER21C	SCACGTGK	yes	240	162	5590	2.9	3.99	1.435516114734417e-43	yes
ELK1 (MA0028.3)	ELK1	MA0028.3	CCGGAAGT	RCCGGAAGT	9	14.22	MER21C	VCCGGAAGY	yes	160	159	5590	2.84	1.34	0.0006152557476487674	yes
ZBED1 (MA0749.2)	ZBED1	MA0749.2	TRTCGCGACAT	TRTCGCGACATR	12	18.79	MER21C	TATYGTGATATA	yes	172	159	5590	2.84	3.77	4.018687511736256e-40	yes
ETV4 (MA0764.4)	ETV4	MA0764.4	CCGGA	RCCGGAAGY	9	11.51	MER21C	VCCGGAAGY	yes	155	154	5590	2.75	1.27	0.005218456962128106	yes
MYCN (MA0104.5)	MYCN	MA0104.5	CACGTG	CCACGTGG	8	11.6	MER21C	MCACGTGK	yes	294	146	5590	2.61	5.26	1.2953593229257748e-51	yes
ELK3 (MA0759.3)	ELK3	MA0759.3	CCGGAAGT	RCCGGAAGT	9	13.99	MER21C	VCCGGAAGY	yes	143	143	5590	2.56	1.72	6.47799328228751e-09	yes
Creb3l2 (MA0608.1)	Creb3l2	MA0608.1	KMCACGTG	KMCACGTGD	9	13.0	MER21C	KMCACGTGK	yes	165	142	5590	2.54	2.84	9.717029346738583e-25	yes
CREB3L4 (MA1474.2)	CREB3L4	MA1474.2	CACGT	KMCACGTSRY	10	10.67	MER21C	KMCACRTSAY	yes	143	141	5590	2.52	1.57	1.0871818162281255e-06	yes
Arntl (MA0603.2)	Arntl	MA0603.2	CACGTG	RTCACGTG	8	10.97	MER21C	RKCACGTG	yes	162	139	5590	2.49	2.63	1.725149301338357e-21	yes
ETV5 (MA0765.4)	ETV5	MA0765.4	CCGGAAGT	RCCGGAAGT	9	14.15	MER21C	MCCGGAAGY	yes	139	138	5590	2.47	1.67	6.584262059024273e-08	yes
Foxn1 (MA1684.1)	Foxn1	MA1684.1	GAMGC	RGAMGC	6	9.5	MER21C	GGACGC	yes	144	138	5590	2.47	1.38	0.0005318930111384725	yes
Gmeb1 (MA0615.2)	Gmeb1	MA0615.2	RCGY	KRCGYM	6	7.22	MER21C	TACGTA	yes	262	130	5590	2.33	3.58	5.1748905461934e-31	yes
CLOCK (MA0819.3)	CLOCK	MA0819.3	CACGTG	MCACGTG	7	10.46	MER21C	ACACGTG	yes	120	112	5590	2.0	3.39	4.105011615972396e-25	yes
MLX (MA0663.1)	MLX	MA0663.1	TCACGTGA	RTCACGTGAY	10	14.72	MER21C	RYCACGTGRY	yes	149	103	5590	1.84	2.41	5.0255144653836004e-14	yes
KLF15 (MA1513.2)	KLF15	MA1513.2	CCCGCCC	SCCCGCCC	8	13.64	MER21C	MCCCGCCC	yes	103	94	5590	1.68	1.89	6.49948794513058e-08	yes
XBP1 (MA0844.2)	XBP1	MA0844.2	CACGTCA	KMCACGTCAKY	11	14.75	MER21C	BMCACGTCABH	yes	85	84	5590	1.5	1.41	0.003996896064258086	yes
ZBED4 (MA2328.1)	ZBED4	MA2328.1	CGCYCCGC	SYCGCYCCGC	10	11.73	MER21C	CYCKCYCCKC	yes	81	79	5590	1.41	2.12	1.001513037836461e-08	yes
Atf1 (MA0604.1)	Atf1	MA0604.1	TGACG	RTGACGYR	8	10.52	MER21C	RTGACGTR	yes	79	78	5590	1.4	1.36	0.013560691114853267	yes
GMEB2 (MA0862.1)	GMEB2	MA0862.1	ACGT	KKACGTMM	8	9.89	MER21C	YTACGTAA	yes	103	76	5590	1.36	2.6	4.56864727433838e-12	yes
HES2 (MA0616.3)	HES2	MA0616.3	CACGTG	GKCACGTGY	9	12.0	MER21C	GRCACGTGK	yes	74	69	5590	1.23	2.29	5.427643097351194e-09	yes
HEY2 (MA0649.2)	HEY2	MA0649.2	GVCACGTG	GVCACGTGY	9	11.78	MER21C	GVCACGTGS	yes	75	69	5590	1.23	2.29	5.427643097351194e-09	yes
SOHLH2 (MA1560.2)	SOHLH2	MA1560.2	CACGTG	KCACGTGM	8	11.16	MER21C	SCACGTGS	yes	126	66	5590	1.18	2.61	9.713918692068678e-11	yes
HEY1 (MA0823.1)	HEY1	MA0823.1	CACGTG	SRCACGTGYM	10	12.27	MER21C	BMCACGTGBV	yes	110	65	5590	1.16	2.23	4.1456346048171096e-08	yes
HES1 (MA1099.3)	HES1	MA1099.3	CRCGTG	KKCRCGTG	8	10.5	MER21C	GRCACGTG	yes	66	62	5590	1.11	2.26	5.83243469441172e-08	yes
ZNF610 (MA1713.2)	ZNF610	MA1713.2	GCCGCTCC	SVGCCGCTCC	10	13.57	MER21C	SHSCCGCTCY	yes	63	62	5590	1.11	1.37	0.025934427145147442	yes
HES5 (MA0821.2)	HES5	MA0821.2	CACGTG	VRCACGTGYB	10	10.39	MER21C	VSCACGTGSB	yes	110	55	5590	0.98	2.39	5.99772532011317e-08	yes
Npas4 (MA1995.2)	Npas4	MA1995.2	CGTGAC	TCGTGAC	7	8.96	MER21C	TCGTGAC	yes	55	55	5590	0.98	1.53	0.0045860838406459915	yes
BHLHE41 (MA0636.1)	BHLHE41	MA0636.1	KCACGTGA	RKCACGTGAY	10	15.49	MER21C	RKCACGTGMY	yes	85	53	5590	0.95	1.55	0.004411723780401044	yes
BHLHE40 (MA0464.3)	BHLHE40	MA0464.3	CACGTG	KCACGTGM	8	12.37	MER21C	WCACGTGM	yes	88	46	5590	0.82	1.45	0.024119682033397333	yes
EPAS1 (MA2325.1)	EPAS1	MA2325.1	GCACGT	BGCACGTMS	9	11.56	MER21C	BGCACGTAS	yes	38	38	5590	0.68	1.48	0.030587589821754666	yes
ZBTB33 (MA0527.2)	ZBTB33	MA0527.2	TCTCGCG	TCTCGCGRKR	10	13.12	MER21C	TCYCRYGRGA	yes	50	27	5590	0.48	2.0	0.0022201929299241092	yes
NFATC3 (MA0625.3)	NFATC3	MA0625.3	GGAA	YGGAAM	6	8.13	MER21C	TGGAAA	yes	2359	1783	5590	31.9	0.91	1.0	no
Nfatc1 (MA0624.3)	Nfatc1	MA0624.3	TGGAAA	TGGAAA	6	10.67	MER21C	TGGAAA	yes	2359	1783	5590	31.9	0.91	1.0	no
IKZF2 (MA2326.1)	IKZF2	MA2326.1	AGGAAG	AGGAAG	6	11.23	MER21C	AGGAAG	yes	2068	1614	5590	28.87	0.91	1.0	no
FIGLA (MA0820.2)	FIGLA	MA0820.2	CACCTG	CACCTG	6	9.49	MER21C	CACCTG	yes	1847	1505	5590	26.92	0.99	1.0	no
ZEB1 (MA0103.4)	ZEB1	MA0103.4	CACCTG	CACCTG	6	10.59	MER21C	CACCTG	yes	1847	1505	5590	26.92	0.99	1.0	no
NFIA (MA0670.2)	NFIA	MA0670.2	TGCCAA	TGCCAA	6	12.0	MER21C	TGCCAA	yes	1550	1315	5590	23.52	0.92	1.0	no
NFIX (MA0671.2)	NFIX	MA0671.2	GCCA	HGCCAR	6	7.75	MER21C	TGCCAA	yes	1550	1315	5590	23.52	0.92	1.0	no
SMAD2 (MA1964.2)	SMAD2	MA1964.2	CCAGAC	CCAGAC	6	10.58	MER21C	CCAGAC	yes	1422	1217	5590	21.77	0.89	1.0	no
NR2C1 (MA1535.2)	NR2C1	MA1535.2	GGTCA	RGGTCA	6	9.63	MER21C	AGGTCA	yes	1375	1159	5590	20.73	0.74	1.0	no
NR2C2 (MA1536.2)	NR2C2	MA1536.2	GGTCR	RGGTCR	6	7.4	MER21C	AGGTCA	yes	1375	1159	5590	20.73	0.74	1.0	no
Nr1H2 (MA1996.2)	Nr1H2	MA1996.2	AGGTCA	AGGTCA	6	10.29	MER21C	AGGTCA	yes	1375	1159	5590	20.73	0.74	1.0	no
Nr1H4 (MA1110.3)	Nr1H4	MA1110.3	AGGTCA	AGGTCA	6	10.64	MER21C	AGGTCA	yes	1375	1159	5590	20.73	0.74	1.0	no
Nr1h3 (MA2337.1)	Nr1h3	MA2337.1	AGGKCA	AGGKCA	6	10.62	MER21C	AGGTCA	yes	1375	1159	5590	20.73	0.74	1.0	no
HIC2 (MA0738.2)	HIC2	MA0738.2	TGCCM	RTGCCM	6	7.93	MER21C	ATGCCC	yes	1304	1118	5590	20.0	1.02	0.46336489197599745	no
BARX1 (MA0875.2)	BARX1	MA0875.2	ATTA	YMATTA	6	8.76	MER21C	CAATTA	yes	1260	1064	5590	19.03	0.83	1.0	no
BSX (MA0876.2)	BSX	MA0876.2	ATTA	YVATTA	6	8.3	MER21C	CAATTA	yes	1260	1064	5590	19.03	0.83	1.0	no
DLX1 (MA0879.3)	DLX1	MA0879.3	ATTA	YMATTA	6	8.12	MER21C	CAATTA	yes	1260	1064	5590	19.03	0.83	1.0	no
DLX6 (MA0882.2)	DLX6	MA0882.2	AATTA	YAATTA	6	8.24	MER21C	CAATTA	yes	1260	1064	5590	19.03	0.83	1.0	no
Dlx3 (MA0880.2)	Dlx3	MA0880.2	ATTA	YAATTA	6	6.97	MER21C	CAATTA	yes	1260	1064	5590	19.03	0.83	1.0	no
Dlx4 (MA0881.2)	Dlx4	MA0881.2	ATTA	YAATTA	6	7.49	MER21C	CAATTA	yes	1260	1064	5590	19.03	0.83	1.0	no
GBX2 (MA0890.2)	GBX2	MA0890.2	AATTA	YAATTA	6	9.65	MER21C	CAATTA	yes	1260	1064	5590	19.03	0.83	1.0	no
HESX1 (MA0894.2)	HESX1	MA0894.2	TAATT	TAATTR	6	10.21	MER21C	TAATTG	yes	1260	1064	5590	19.03	0.83	1.0	no
HOXA7 (MA1498.3)	HOXA7	MA1498.3	ATTA	YMATTA	6	6.56	MER21C	CAATTA	yes	1260	1064	5590	19.03	0.83	1.0	no
LBX2 (MA0699.2)	LBX2	MA0699.2	AATTA	YAATTA	6	6.99	MER21C	CAATTA	yes	1260	1064	5590	19.03	0.83	1.0	no
LHX2 (MA0700.3)	LHX2	MA0700.3	CAATTA	CAATTA	6	10.06	MER21C	CAATTA	yes	1260	1064	5590	19.03	0.83	1.0	no
MSX1 (MA0666.3)	MSX1	MA0666.3	AATTA	YAATTA	6	10.03	MER21C	CAATTA	yes	1260	1064	5590	19.03	0.83	1.0	no
MSX2 (MA0708.3)	MSX2	MA0708.3	AATTA	YAATTA	6	9.72	MER21C	CAATTA	yes	1260	1064	5590	19.03	0.83	1.0	no
Msx3 (MA0709.2)	Msx3	MA0709.2	AATTA	YAATTA	6	9.7	MER21C	CAATTA	yes	1260	1064	5590	19.03	0.83	1.0	no
Nobox (MA0125.2)	Nobox	MA0125.2	TAATT	TAATTR	6	8.99	MER21C	TAATTG	yes	1260	1064	5590	19.03	0.83	1.0	no
RAX (MA0718.2)	RAX	MA0718.2	AATTA	YAATTA	6	9.06	MER21C	CAATTA	yes	1260	1064	5590	19.03	0.83	1.0	no
RAX2 (MA0717.2)	RAX2	MA0717.2	ATTA	YAATTA	6	6.91	MER21C	CAATTA	yes	1260	1064	5590	19.03	0.83	1.0	no
SHOX (MA0630.2)	SHOX	MA0630.2	TAAT	TAATTR	6	7.28	MER21C	TAATTG	yes	1260	1064	5590	19.03	0.83	1.0	no
ISL2 (MA0914.2)	ISL2	MA0914.2	CAMTTA	CAMTTA	6	7.04	MER21C	CACTTA	yes	1050	931	5590	16.65	0.77	1.0	no
ZNF75A (MA2097.1)	ZNF75A	MA2097.1	TTTTCCCAC	KMTTTTCCCACM	12	16.55	MER21C	KBKTYTCMCACM	yes	952	852	5590	15.24	1.06	0.05834718947646336	no
Spi1 (MA0080.7)	Spi1	MA0080.7	AGGAAG	RAAGAGGAAGTGR	13	14.5	MER21C	RRRSAGGAASWGR	yes	957	846	5590	15.13	0.81	1.0	no
Ebf4 (MA2122.1)	Ebf4	MA2122.1	CCCAGGGGA	KYCCCAGGGGA	11	12.75	MER21C	TYCCCAGRGRW	yes	1119	844	5590	15.1	0.89	1.0	no
SIX2 (MA1119.2)	SIX2	MA1119.2	GWAACCTGA	WGWAACCTGAK	11	12.42	MER21C	TSAAACCTGAK	yes	932	838	5590	14.99	1.06	0.07938915832668433	no
NR1H2::RXRA (MA0115.1)	NR1H2::RXRA	MA0115.1	AGGTCAAAGGTCA	MRAGGTCAAAGGTCAAS	17	27.88	MER21C	HRRGKWCAWAGRYCARV	yes	927	830	5590	14.85	1.06	0.06940694959179086	no
ZNF684 (MA1600.2)	ZNF684	MA1600.2	ACAGTCCACCCCWT	ACAGTCCACCCCWT	14	20.04	MER21C	MCWBTCCWSCCCWY	yes	911	818	5590	14.63	0.98	1.0	no
ZNF75D (MA1601.2)	ZNF75D	MA1601.2	GTGGGAAABCCT	GTGGGAAABCCT	12	16.0	MER21C	GTGGRAARVSYY	yes	877	795	5590	14.22	1.01	0.6965606309942649	no
EBF1 (MA0154.5)	EBF1	MA0154.5	CCCAGGG	KCCCCAGGGRM	11	12.87	MER21C	TYCCCAGRGRD	yes	1069	786	5590	14.06	0.89	1.0	no
SPIB (MA0081.3)	SPIB	MA0081.3	CACTTCC	YCACTTCCYYWYY	13	14.28	MER21C	YCWSTTCCYYWYH	yes	848	784	5590	14.03	0.8	1.0	no
Prdm5 (MA1999.2)	Prdm5	MA1999.2	TCTCC	GYTCTCCAKYY	11	11.37	MER21C	SYTCTCCAKCY	yes	845	774	5590	13.85	1.03	0.45246177335772547	no
Nfat5 (MA0606.3)	Nfat5	MA0606.3	TGGAAAA	ATGGAAAA	8	11.16	MER21C	RTGGAAAA	yes	851	772	5590	13.81	0.8	1.0	no
Gfi1B (MA0483.2)	Gfi1B	MA0483.2	AATCWSWG	MAATCWSWGC	10	13.32	MER21C	AAATCWSWGV	yes	856	769	5590	13.76	0.99	1.0	no
ZBTB18 (MA0698.2)	ZBTB18	MA0698.2	CAGATGT	WKMCAGATGTK	11	15.33	MER21C	HHCCAGATGTK	yes	858	764	5590	13.67	1.06	0.09596157894844212	no
INSM1 (MA0155.1)	INSM1	MA0155.1	TGYMWGGGG	TGYMWGGGGKYR	12	14.86	MER21C	KGBMWGGGGKYD	yes	870	762	5590	13.63	0.95	1.0	no
GABPA (MA0062.4)	GABPA	MA0062.4	CTTCCT	YACTTCCTGY	10	11.67	MER21C	MMYTTCCTGD	yes	848	760	5590	13.6	0.94	1.0	no
MZF1 (MA0056.3)	MZF1	MA0056.3	ATCCCC	MATCCCCW	8	11.14	MER21C	MATCCCCA	yes	833	758	5590	13.56	0.84	1.0	no
Stat2 (MA1623.2)	Stat2	MA1623.2	AAASAGAAA	RAAASAGAAA	10	12.87	MER21C	VAAACAGAAA	yes	861	757	5590	13.54	0.82	1.0	no
Prdm4 (MA1647.3)	Prdm4	MA1647.3	CTKGAAAC	MCTKGAAACYS	11	13.83	MER21C	HCTKGAAACWV	yes	814	752	5590	13.45	1.03	0.36711717764369384	no
Bcl11B (MA1989.2)	Bcl11B	MA1989.2	ACCACA	WAACCACAR	9	10.59	MER21C	MAACCACAW	yes	842	749	5590	13.4	0.88	1.0	no
NFATC4 (MA1525.3)	NFATC4	MA1525.3	GGAAA	RYGGAAAMW	9	11.76	MER21C	RTGGAAAMW	yes	806	737	5590	13.18	1.04	0.22853188826866935	no
EHF (MA0598.4)	EHF	MA0598.4	ACTTCCT	YACTTCCTS	9	11.36	MER21C	MMCTTCCTG	yes	793	725	5590	12.97	0.96	1.0	no
Irf1 (MA0050.4)	Irf1	MA0050.4	GAAASTGAAA	WGAAASTGAAA	11	13.2	MER21C	WRAAAMTGAAA	yes	817	723	5590	12.93	0.75	1.0	no
Erg (MA0474.4)	Erg	MA0474.4	CAGGAAG	RCAGGAAGYR	10	12.09	MER21C	HCAGGAARKK	yes	799	722	5590	12.92	0.91	1.0	no
Prdm15 (MA1616.2)	Prdm15	MA1616.2	AAAACCYGG	BAAAACCYGGM	11	13.03	MER21C	RAAMMCMTGGA	yes	786	720	5590	12.88	0.91	1.0	no
STAT1::STAT2 (MA0517.2)	STAT1::STAT2	MA0517.2	GTTTCDBTTYC	RGTTTCDBTTYCY	13	15.76	MER21C	RSTTTYWKTTYYY	yes	806	714	5590	12.77	0.91	1.0	no
ZNF184 (MA2120.1)	ZNF184	MA2120.1	GAAAG	KRGAAAGDBGMRK	13	12.69	MER21C	KRGAARGRDKMWK	yes	793	704	5590	12.59	0.96	1.0	no
Tbx6 (MA1567.3)	Tbx6	MA1567.3	GGTGTGAA	RGGTGTGAA	9	11.51	MER21C	WGGTGTGAR	yes	784	698	5590	12.49	0.83	1.0	no
Rarg (MA0860.1)	Rarg	MA0860.1	AAGGTCAMSRRAGGTCA	AAGGTCAMSRRAGGTCA	17	25.52	MER21C	RAGGKCWDSRRRGSTCM	yes	747	697	5590	12.47	1.03	0.3779238855301034	no
ZNF175 (MA2332.1)	ZNF175	MA2332.1	AGGAAG	RCAGGAAGY	9	11.05	MER21C	HCAGGAAGY	yes	764	697	5590	12.47	0.96	1.0	no
ZNF143 (MA0088.2)	ZNF143	MA0088.2	CCCAYRATGCA	YWCCCAYRATGCAYYR	16	22.06	MER21C	BWCCCAYMATBCMHYB	yes	743	696	5590	12.45	1.07	0.08327048950955893	no
Foxj2 (MA0614.1)	Foxj2	MA0614.1	RTAAACA	RTAAACAN	8	11.78	MER21C	RTAAACAW	yes	743	694	5590	12.42	1.01	0.732184105687234	no
ZNF354C (MA0130.1)	ZNF354C	MA0130.1	CCAC	MWCCAC	6	8.96	MER21C	ATCCAC	yes	759	693	5590	12.4	0.54	1.0	no
DMRTA2 (MA1478.2)	DMRTA2	MA1478.2	GWWACA	GWWACA	6	7.99	MER21C	GTTACA	yes	758	692	5590	12.38	0.77	1.0	no
Stat6 (MA0520.2)	Stat6	MA0520.2	TTCYWSRGAA	TTCYWSRGAA	10	13.58	MER21C	TTCYWVWGAA	yes	870	685	5590	12.25	0.85	1.0	no
VEZF1 (MA1578.2)	VEZF1	MA1578.2	CCCCCC	CCCCCC	6	10.73	MER21C	CCCCCC	yes	930	684	5590	12.24	0.5	1.0	no
ZNF701 (MA1987.2)	ZNF701	MA1987.2	GAGMASYDDRGGGGG	GAGMASYDDRGGGGGRR	17	16.33	MER21C	GAGMRVBDDRGGGRGRR	yes	744	666	5590	11.91	0.81	1.0	no
FOXC1 (MA0032.2)	FOXC1	MA0032.2	RTMAAYA	WRWRTMAAYAW	11	11.88	MER21C	WRWRWAAAYAW	yes	759	665	5590	11.9	1.05	0.22853188826866935	no
PPARA::RXRA (MA1148.2)	PPARA::RXRA	MA1148.2	GGKBARAGGT	WWVKRGGKBARAGGTYR	17	12.41	MER21C	MWDKRGGKBARRGKKYR	yes	743	665	5590	11.9	0.79	1.0	no
NEUROD1 (MA1109.2)	NEUROD1	MA1109.2	CAGATGG	RCAGATGG	8	11.78	MER21C	MCAGATGG	yes	726	664	5590	11.88	1.06	0.10415011557765987	no
Neurod2 (MA0668.3)	Neurod2	MA0668.3	CAGATGG	MCAGATGG	8	11.82	MER21C	MCAGATGG	yes	726	664	5590	11.88	1.06	0.10415011557765987	no
TBX5 (MA0807.1)	TBX5	MA0807.1	GTG	RGGTGTKR	8	8.48	MER21C	AGGTGTGR	yes	712	658	5590	11.77	0.91	1.0	no
Elf5 (MA0136.4)	Elf5	MA0136.4	AGGAAG	MAGGAAGW	8	11.15	MER21C	MAGGAAGD	yes	719	651	5590	11.65	0.65	1.0	no
LHX9 (MA0701.3)	LHX9	MA0701.3	YAATTA	YYAATTA	7	10.86	MER21C	CYAATTA	yes	741	650	5590	11.63	0.99	1.0	no
Nfatc2 (MA0152.3)	Nfatc2	MA0152.3	TGGAAA	MATGGAAA	8	11.13	MER21C	HMTGGAAA	yes	697	645	5590	11.54	0.75	1.0	no
FOXC2 (MA0846.2)	FOXC2	MA0846.2	MAAYA	WRWRTMAAYAW	11	11.36	MER21C	WRWRWAAAYAW	yes	739	644	5590	11.52	0.95	1.0	no
Hand1::Tcf3 (MA0092.2)	Hand1::Tcf3	MA0092.2	TCTGG	RTCTGGMWN	9	10.07	MER21C	RTCTGGMAK	yes	689	638	5590	11.41	0.95	1.0	no
Zfp809 (MA2125.1)	Zfp809	MA2125.1	TCCCAG	WTCCCAGMY	9	11.89	MER21C	WTCCCAGMM	yes	692	637	5590	11.4	0.84	1.0	no
FOXD2 (MA0847.4)	FOXD2	MA0847.4	TARRYAAACA	YTARRYAAACA	11	14.05	MER21C	HWARRYAAAYW	yes	710	634	5590	11.34	0.92	1.0	no
ZNF677 (MA2101.1)	ZNF677	MA2101.1	AAGAACAG	RRYAAGAACAGY	12	13.77	MER21C	VRHAAGAACAGH	yes	689	633	5590	11.32	0.87	1.0	no
Smad4 (MA1153.2)	Smad4	MA1153.2	GTCTRG	YGTCTRG	7	11.47	MER21C	TGTCTRG	yes	689	629	5590	11.25	0.75	1.0	no
Ptf1A (MA1618.2)	Ptf1A	MA1618.2	CAGATG	MCAGATGKB	9	10.82	MER21C	MCAGATGKD	yes	672	626	5590	11.2	0.99	1.0	no
FOXH1 (MA0479.2)	FOXH1	MA0479.2	AATMCACA	AATMCACA	8	13.37	MER21C	AWTMMACA	yes	680	625	5590	11.18	0.78	1.0	no
FOXO1::FLI1 (MA1956.2)	FOXO1::FLI1	MA1956.2	AACAGGAAG	GWMAACAGGAAGT	13	18.2	MER21C	RHMAWCAGGAARY	yes	669	623	5590	11.14	0.9	1.0	no
ZIM3 (MA1709.2)	ZIM3	MA1709.2	AACAGAAABC	MAACAGAAABC	11	15.05	MER21C	HAACAGAAAHM	yes	696	623	5590	11.14	0.75	1.0	no
GFI1 (MA0038.3)	GFI1	MA0038.3	AATCACDGC	MAATCACDGCH	11	15.33	MER21C	MAATCASDRYH	yes	665	615	5590	11.0	0.94	1.0	no
NR4A1 (MA1112.3)	NR4A1	MA1112.3	AAAGGTCA	AAAGGTCA	8	11.99	MER21C	AAAGGYCA	yes	675	615	5590	11.0	0.8	1.0	no
CTCF (MA0139.2)	CTCF	MA0139.2	CCASYAGRKGGC	RCCASYAGRKGGCRS	15	16.19	MER21C	DMCWSVAGRKGGMRB	yes	689	609	5590	10.89	1.07	0.10778524844015794	no
BCL6B (MA0731.1)	BCL6B	MA0731.1	TGCTTTCTAGGAATT	TGCTTTCTAGGAATTMM	17	29.81	MER21C	DKYTWKCYAGGAAYYMM	yes	654	607	5590	10.86	0.99	1.0	no
ZNF382 (MA1594.1)	ZNF382	MA1594.1	AKGRGAYATYACYACMGAYMCYAC	AKGRGAYATYACYACMGAYMCYAC	24	26.22	MER21C	RVVDGRHRYYASMAMRRAYMCYWM	yes	656	607	5590	10.86	0.93	1.0	no
Crx (MA0467.3)	Crx	MA0467.3	GGATTA	GGATTA	6	10.76	MER21C	GGATTA	yes	653	605	5590	10.82	0.55	1.0	no
GSC (MA0648.2)	GSC	MA0648.2	TAAT	TAATCY	6	9.06	MER21C	TAATCC	yes	653	605	5590	10.82	0.55	1.0	no
GSC2 (MA0891.2)	GSC2	MA0891.2	TAAT	TAATCY	6	7.43	MER21C	TAATCC	yes	653	605	5590	10.82	0.55	1.0	no
OTX1 (MA0711.2)	OTX1	MA0711.2	TAATC	TAATCS	6	9.14	MER21C	TAATCC	yes	653	605	5590	10.82	0.55	1.0	no
PITX1 (MA0682.3)	PITX1	MA0682.3	TAATCC	TAATCC	6	10.94	MER21C	TAATCC	yes	653	605	5590	10.82	0.55	1.0	no
PITX3 (MA0714.2)	PITX3	MA0714.2	TAATCC	TAATCC	6	8.6	MER21C	TAATCC	yes	653	605	5590	10.82	0.55	1.0	no
RHOXF1 (MA0719.2)	RHOXF1	MA0719.2	TRAKCC	TRAKCC	6	8.11	MER21C	TAATCC	yes	653	605	5590	10.82	0.55	1.0	no
FOXE1 (MA1487.3)	FOXE1	MA1487.3	TAARYAAACA	YTAARYAAACAW	12	14.76	MER21C	YWAWRWAAACAH	yes	691	603	5590	10.79	0.76	1.0	no
ZNF16 (MA1654.2)	ZNF16	MA1654.2	GGGAGCCAYKGRRGG	AVKRGGGAGCCAYKGRRGGYK	21	24.56	MER21C	VVKDGRGAGYYMYDGRRRRBB	yes	653	601	5590	10.75	0.75	1.0	no
Nr2e1 (MA0676.1)	Nr2e1	MA0676.1	AAGTCA	WRAAGTCAW	9	11.37	MER21C	WWAAGTCAW	yes	633	592	5590	10.59	0.73	1.0	no
MGA (MA0801.1)	MGA	MA0801.1	GTGTGA	RGGTGTGA	8	10.83	MER21C	WGGTGTGA	yes	635	588	5590	10.52	0.89	1.0	no
TCF7L2 (MA0523.2)	TCF7L2	MA0523.2	WTCAAAG	RSWTCAAAG	9	12.78	MER21C	RSWTSAAAG	yes	633	587	5590	10.5	0.63	1.0	no
MEF2C (MA0497.2)	MEF2C	MA0497.2	YWAAAATA	MYWAAAATAGM	11	13.36	MER21C	HYWWAAATARM	yes	643	586	5590	10.48	0.86	1.0	no
ZNF317 (MA1593.2)	ZNF317	MA1593.2	ACAGCAGA	ACAGCAGA	8	11.28	MER21C	MCWGCAGA	yes	628	577	5590	10.32	0.8	1.0	no
Ebf2 (MA1604.2)	Ebf2	MA1604.2	CCCMRGGGA	CCCMRGGGA	9	12.25	MER21C	CCCMAGGGA	yes	669	575	5590	10.29	0.59	1.0	no
ZNF85 (MA1720.2)	ZNF85	MA1720.2	AGATTMCWKC	RAGATTMCWKCA	12	15.12	MER21C	DWGATTMCWKCA	yes	626	575	5590	10.29	0.89	1.0	no
NKX2-2 (MA1645.2)	NKX2-2	MA1645.2	CACTCA	CCACTCAA	8	10.65	MER21C	MCACTCAR	yes	616	574	5590	10.27	0.72	1.0	no
Runx1 (MA0002.3)	Runx1	MA0002.3	TGTGG	YTGTGGYYW	9	10.21	MER21C	YTGTGGKTW	yes	613	572	5590	10.23	0.74	1.0	no
SCRT2 (MA0744.3)	SCRT2	MA0744.3	CAACAGGT	KCAACAGGTK	10	12.64	MER21C	KCMACAGGTK	yes	602	571	5590	10.21	0.89	1.0	no
ZNF816 (MA1719.2)	ZNF816	MA1719.2	GGGGACMTG	KGGGGACMTGYHDRV	15	16.05	MER21C	KGGGGACMKKVDDRK	yes	610	570	5590	10.2	0.84	1.0	no
RUNX3 (MA0684.3)	RUNX3	MA0684.3	ACCWCA	RACCWCAR	8	10.17	MER21C	AACCTCAD	yes	614	569	5590	10.18	0.71	1.0	no
TBX18 (MA1565.2)	TBX18	MA1565.2	GGTGKGA	RGGTGKGAR	9	10.79	MER21C	AGGTGTGAR	yes	609	566	5590	10.13	0.78	1.0	no
Spz1 (MA0111.1)	Spz1	MA0111.1	AGGGTWWCA	AGGGTWWCAGV	11	11.91	MER21C	AGGGTWWSAGS	yes	614	565	5590	10.11	1.05	0.2710398768121563	no
NR4A2 (MA0160.3)	NR4A2	MA0160.3	AAAGGTCA	AAAGGTCA	8	11.51	MER21C	AAAGGBCA	yes	615	561	5590	10.04	0.73	1.0	no
TFAP2C (MA0814.3)	TFAP2C	MA0814.3	CCTGAGG	SCCTGAGGS	9	11.36	MER21C	BCCTGAGGM	yes	603	559	5590	10.0	1.04	0.32390044455230044	no
ZNF324 (MA1977.2)	ZNF324	MA1977.2	GHYARGGATGGYT	RGHYARGGATGGYT	14	15.86	MER21C	WBDYARGGWWGGYK	yes	592	558	5590	9.98	0.71	1.0	no
NKX2-5 (MA0063.3)	NKX2-5	MA0063.3	CACTCAA	CACTCAA	7	10.21	MER21C	CACTYAA	yes	599	557	5590	9.96	0.63	1.0	no
ZNF263 (MA0528.3)	ZNF263	MA0528.3	GGGAGGA	GGGAGGA	7	11.04	MER21C	GGGAGGA	yes	585	555	5590	9.93	0.97	1.0	no
Hnf1A (MA1991.2)	Hnf1A	MA1991.2	CTTTGAT	SCTTTGATSY	10	11.35	MER21C	YCTTTSATSY	yes	607	554	5590	9.91	0.62	1.0	no
ETV2::FOXI1 (MA1942.2)	ETV2::FOXI1	MA1942.2	ACAGGAWR	MRACAGGAWRY	11	12.31	MER21C	AMMCAGGAARY	yes	586	550	5590	9.84	0.87	1.0	no
Hmx2 (MA0897.2)	Hmx2	MA0897.2	CAATTAA	VAVCAATTAAHVVDD	15	13.97	MER21C	VABCAATTAWHDVDT	yes	592	544	5590	9.73	0.95	1.0	no
ZFP42 (MA1651.2)	ZFP42	MA1651.2	AARATGGC	MAARATGGCKSCY	13	15.28	MER21C	YARRATGGCTSMY	yes	570	542	5590	9.7	1.04	0.3305764004341013	no
ZNF157 (MA2331.1)	ZNF157	MA2331.1	AGCARTAYACYT	RGGMCAGCARTAYACYTKYAC	21	23.77	MER21C	RRRHMARCAVTWYACYTDYHH	yes	566	542	5590	9.7	1.06	0.1741800275414907	no
SOX18 (MA1563.2)	SOX18	MA1563.2	ACAAT	RACAATDV	8	10.04	MER21C	AACAATKS	yes	575	540	5590	9.66	0.88	1.0	no
TBX20 (MA0689.1)	TBX20	MA0689.1	AGGTGTGA	WAGGTGTGAWR	11	13.85	MER21C	DWRGTGTGAWR	yes	582	535	5590	9.57	0.66	1.0	no
ZNF24 (MA1124.1)	ZNF24	MA1124.1	TTCATTCATT	YATTCATTCATTC	13	17.4	MER21C	YWWTCATTCAWTY	yes	657	534	5590	9.55	0.74	1.0	no
ESR2 (MA0258.2)	ESR2	MA0258.2	GGTCASVVWG	RGGTCASVVWGHCYY	15	13.12	MER21C	RGGKCASVVWRVCYY	yes	633	532	5590	9.52	0.77	1.0	no
SOX21 (MA0866.1)	SOX21	MA0866.1	AACAATKKYAKTGTT	AACAATKKYAKTGTT	15	23.37	MER21C	WRSAATKDYAKTGTK	yes	616	531	5590	9.5	0.8	1.0	no
ZNF680 (MA1729.2)	ZNF680	MA1729.2	CMAAGAAGAMT	CMAAGAAGAMT	11	15.37	MER21C	MMARGAARAMW	yes	563	531	5590	9.5	0.53	1.0	no
ZSCAN16 (MA2100.1)	ZSCAN16	MA2100.1	AKTGTTAACAGAGCCTC	VAKTGTTAACAGAGCCTC	18	31.01	MER21C	VRDDGTTDWSWGAGMMYC	yes	560	529	5590	9.46	0.97	1.0	no
Atoh1 (MA1467.3)	Atoh1	MA1467.3	CAGATG	CAGATGK	7	10.96	MER21C	CAGATGG	yes	554	522	5590	9.34	1.04	0.3111384647921448	no
NEUROG2 (MA1642.2)	NEUROG2	MA1642.2	CAGATG	CAGATGK	7	10.78	MER21C	CAGATGG	yes	554	522	5590	9.34	1.04	0.3111384647921448	no
ZNF274 (MA1592.2)	ZNF274	MA1592.2	TGAGTYCTC	YRTGAGTYCTCR	12	16.54	MER21C	YRKGWRTYCTYD	yes	560	520	5590	9.3	0.72	1.0	no
ZNF652 (MA1657.2)	ZNF652	MA1657.2	AAGRGTTA	AAGRGTTAM	9	12.42	MER21C	AAGAGTTAM	yes	566	518	5590	9.27	0.68	1.0	no
RARA::RXRA (MA0159.1)	RARA::RXRA	MA0159.1	RGKTCABVVRSVGKKSA	RGKTCABVVRSVGKKSA	17	16.0	MER21C	RGKTSABVVRRMKKBCA	yes	560	517	5590	9.25	0.77	1.0	no
ZBTB6 (MA1581.2)	ZBTB6	MA1581.2	CTKGAGCC	SCTKGAGCC	9	11.91	MER21C	CCTKSAGCC	yes	544	516	5590	9.23	0.86	1.0	no
NR6A1 (MA1541.2)	NR6A1	MA1541.2	AAGKTCAAG	SAAGKTCAAGKKYR	14	15.4	MER21C	SAAGKTCAAGKKYW	yes	557	515	5590	9.21	0.74	1.0	no
NR1D2 (MA1532.2)	NR1D2	MA1532.2	TRGGTYAGTRGGTCA	TRGGTYAGTRGGTCA	15	21.1	MER21C	KRGGTYARKRKGKBR	yes	550	513	5590	9.18	0.86	1.0	no
PPARG (MA0066.2)	PPARG	MA0066.2	TRGGTCANBDTSACCYA	TRGGTCANBDTSACCYANW	19	20.07	MER21C	WRGGKSAHVRKSMCCYMHW	yes	621	510	5590	9.12	0.71	1.0	no
Sox5 (MA0087.3)	Sox5	MA0087.3	AACAATG	AACAATGS	8	11.45	MER21C	AACAAWGR	yes	544	509	5590	9.11	0.66	1.0	no
MEF2A (MA0052.5)	MEF2A	MA0052.5	AAAATA	YTAAAAATAR	10	11.85	MER21C	MTAAAAATAD	yes	557	508	5590	9.09	0.8	1.0	no
TBX1 (MA0805.1)	TBX1	MA0805.1	AGGTGTGA	AGGTGTGA	8	12.82	MER21C	ARGTGTGA	yes	526	500	5590	8.94	0.8	1.0	no
SNAI2 (MA0745.3)	SNAI2	MA0745.3	CACCTGT	RCACCTGT	8	12.6	MER21C	BCACCTGT	yes	529	498	5590	8.91	0.89	1.0	no
SNAI3 (MA1559.2)	SNAI3	MA1559.2	CAGGTG	RCAGGTGYR	9	13.21	MER21C	RCAGGTGVH	yes	535	498	5590	8.91	0.85	1.0	no
FOXO1::ELF1 (MA1953.2)	FOXO1::ELF1	MA1953.2	AACAGGAA	RWMAACAGGAARY	13	13.43	MER21C	RDMAACAGGAARH	yes	535	496	5590	8.87	0.68	1.0	no
TBX21 (MA0690.3)	TBX21	MA0690.3	TCACACCT	TTCACACCTY	10	13.36	MER21C	WTCACACCTD	yes	522	495	5590	8.86	0.72	1.0	no
MAFG::NFE2L1 (MA0089.3)	MAFG::NFE2L1	MA0089.3	ATGACTCAGCA	ATGACTCAGCA	11	17.14	MER21C	RTGASTCAKSW	yes	546	493	5590	8.82	0.84	1.0	no
NFKB1 (MA0105.4)	NFKB1	MA0105.4	GGGGAWTCCCC	MGGGGAWTCCCCK	13	20.52	MER21C	DGGGGRWYCCCMH	yes	967	491	5590	8.78	0.95	1.0	no
NKX6-3 (MA1530.2)	NKX6-3	MA1530.2	YCATTA	SYCATTAW	8	10.4	MER21C	STCATTAW	yes	517	488	5590	8.73	0.9	1.0	no
TBX2 (MA0688.2)	TBX2	MA0688.2	GTGTBA	RRGTGTBAW	9	9.99	MER21C	AGGTGTSAW	yes	515	488	5590	8.73	0.7	1.0	no
TBX15 (MA0803.1)	TBX15	MA0803.1	AGGTGTGA	AGGTGTGA	8	13.31	MER21C	AGGTGTGA	yes	514	487	5590	8.71	0.78	1.0	no
TBX4 (MA0806.1)	TBX4	MA0806.1	ARGTGTKA	ARGTGTKA	8	9.89	MER21C	AGGTGTGA	yes	514	487	5590	8.71	0.78	1.0	no
CTCFL (MA1102.3)	CTCFL	MA1102.3	AGGGGGC	SAGGGGGC	8	11.68	MER21C	VAGGKGGC	yes	507	486	5590	8.69	0.91	1.0	no
TBX3 (MA1566.3)	TBX3	MA1566.3	AGGTGTSA	AGGTGTSAA	9	12.67	MER21C	AGGTGTSAW	yes	510	486	5590	8.69	0.71	1.0	no
RXRA::VDR (MA0074.1)	RXRA::VDR	MA0074.1	RGGTCAWNGRGTTC	RGGTCAWNGRGTTCR	15	20.45	MER21C	RGKTYAHDGRRTTYM	yes	501	480	5590	8.59	0.86	1.0	no
NR1I3 (MA1534.2)	NR1I3	MA1534.2	TGAACT	TGAACTHW	8	10.51	MER21C	TGAACTYY	yes	511	477	5590	8.53	0.77	1.0	no
Sox17 (MA0078.3)	Sox17	MA0078.3	ACAATG	RRRACAATGR	10	11.36	MER21C	WRRACAATGR	yes	504	477	5590	8.53	0.65	1.0	no
TBR1 (MA0802.2)	TBR1	MA0802.2	ARGTGTGA	ARGTGTGAW	9	12.2	MER21C	ARGTGTGAW	yes	500	477	5590	8.53	0.69	1.0	no
Esrrg (MA0643.2)	Esrrg	MA0643.2	AAGGTCA	YSAAGGTCA	9	12.95	MER21C	YSRAGGTCA	yes	513	476	5590	8.52	0.65	1.0	no
GATA1::TAL1 (MA0140.3)	GATA1::TAL1	MA0140.3	TATCWBBVHVVHVCA	TTATCWBBVHVVHVCAS	17	14.2	MER21C	YTATCWVDVVDBHVCAS	yes	503	471	5590	8.43	0.79	1.0	no
Gata3 (MA0037.5)	Gata3	MA0037.5	TTATCT	YCTTATCT	8	10.28	MER21C	TYTTATCW	yes	491	470	5590	8.41	0.71	1.0	no
Tfcp2l1 (MA0145.2)	Tfcp2l1	MA0145.2	CCRGYYHVRDCCRG	CCRGYYHVRDCCRG	14	11.67	MER21C	CCAGYYVHWWCCWG	yes	509	469	5590	8.39	0.92	1.0	no
GRHL2 (MA1105.3)	GRHL2	MA1105.3	AACAGGTT	AACAGGTT	8	10.98	MER21C	AACWGGTT	yes	499	465	5590	8.32	0.66	1.0	no
IKZF1 (MA1508.2)	IKZF1	MA1508.2	ACAGGAA	MACAGGAA	8	10.93	MER21C	VACAGGAA	yes	495	465	5590	8.32	0.57	1.0	no
Nkx3-2 (MA0122.4)	Nkx3-2	MA0122.4	CACTTA	WWMCACTTAW	10	11.89	MER21C	WWMCACTTAH	yes	500	465	5590	8.32	0.75	1.0	no
EOMES (MA0800.2)	EOMES	MA0800.2	ARGTGTGA	ARGTGTGAW	9	11.88	MER21C	AKGTGTGAW	yes	481	460	5590	8.23	0.72	1.0	no
ZNF8 (MA1718.1)	ZNF8	MA1718.1	TRKATRTACCACAKTTT	GTRTRKATRTACCACAKTTT	20	25.16	MER21C	RWVTRKRYRTVCCAYWDTWY	yes	488	460	5590	8.23	0.93	1.0	no
ZNF410 (MA0752.2)	ZNF410	MA0752.2	CATCCCATAATA	MCATCCCATAATAHYM	16	24.42	MER21C	VYAWCCCAYAATWHHH	yes	477	455	5590	8.14	0.72	1.0	no
BARX2 (MA1471.2)	BARX2	MA1471.2	WAAYMRTTA	WAAYMRTTA	9	10.02	MER21C	AAAYMATTA	yes	480	453	5590	8.1	0.85	1.0	no
RORC (MA1151.2)	RORC	MA1151.2	AWBTRGGKCA	AWBTRGGKCA	10	9.77	MER21C	AWDKRGGKCA	yes	480	453	5590	8.1	0.66	1.0	no
MAFK (MA0496.4)	MAFK	MA0496.4	TGACTCAGC	MTGACTCAGC	10	12.21	MER21C	MTGASTCAGS	yes	595	451	5590	8.07	0.87	1.0	no
PLAG1 (MA0163.1)	PLAG1	MA0163.1	GGGGCCMWMGGGGG	GGGGCCMWMGGGGG	14	19.35	MER21C	GRGGSYHWRRGGKR	yes	513	450	5590	8.05	0.67	1.0	no
FOXO1::ELK1 (MA1954.2)	FOXO1::ELK1	MA1954.2	AACAGGAAG	RWMAACAGGAAGY	13	15.03	MER21C	RDMAMCAGGAARH	yes	477	449	5590	8.03	0.65	1.0	no
LIN54 (MA0619.2)	LIN54	MA0619.2	TTTRAA	TTTRAAY	7	11.08	MER21C	TTTRAAT	yes	502	449	5590	8.03	0.48	1.0	no
EBF3 (MA1637.2)	EBF3	MA1637.2	CCCMRGGG	CCCMRGGGA	9	11.93	MER21C	CCCMRGGGW	yes	574	446	5590	7.98	0.5	1.0	no
TCF4 (MA0830.3)	TCF4	MA0830.3	CACCTG	SCACCTGS	8	10.6	MER21C	SCACCTGS	yes	466	446	5590	7.98	0.95	1.0	no
NR5A1 (MA1540.3)	NR5A1	MA1540.3	TCAAGGYCA	WRYTCAAGGYCA	12	13.51	MER21C	RRBYCAAGGHCA	yes	470	444	5590	7.94	0.51	1.0	no
Nfe2l2 (MA0150.3)	Nfe2l2	MA0150.3	TGASTCAGCA	RTGASTCAGCA	11	15.19	MER21C	RTGASTSAGSW	yes	466	443	5590	7.92	0.8	1.0	no
HOXB6 (MA1500.2)	HOXB6	MA1500.2	TAATKR	TAATKRY	7	7.92	MER21C	TAATTRC	yes	484	442	5590	7.91	1.03	0.5606536319753291	no
ZBTB12 (MA1649.2)	ZBTB12	MA1649.2	CTRGAAC	CTRGAAC	7	10.02	MER21C	CTGGAAC	yes	458	442	5590	7.91	1.01	0.7549245431007884	no
ZNF692 (MA1986.2)	ZNF692	MA1986.2	GGCCCA	RGGCCCAS	8	12.11	MER21C	RGGCCCAS	yes	500	442	5590	7.91	0.89	1.0	no
ZNF528 (MA1597.1)	ZNF528	MA1597.1	AGGGAAGYCATTYC	YBMAGGGAAGYCATTYC	17	21.85	MER21C	VYMAGGGAAGBMAYYYH	yes	480	440	5590	7.87	0.58	1.0	no
Mafg (MA0659.4)	Mafg	MA0659.4	TGASTCAGC	GMTGASTCAGCW	12	14.56	MER21C	SMTGASTCAGSW	yes	517	439	5590	7.85	0.91	1.0	no
POU5F1 (MA1115.2)	POU5F1	MA1115.2	ATGCAAA	ATGCAAA	7	9.81	MER21C	ATGYAAA	yes	466	439	5590	7.85	0.61	1.0	no
Yy1 (MA0095.4)	Yy1	MA0095.4	AARATGG	CAARATGG	8	11.39	MER21C	BAARATGG	yes	454	431	5590	7.71	0.52	1.0	no
MAFF (MA0495.4)	MAFF	MA0495.4	TCAGCA	STCAGCAWWWW	11	12.77	MER21C	STCAGCAHWWW	yes	450	430	5590	7.69	0.7	1.0	no
ASCL1 (MA1631.2)	ASCL1	MA1631.2	CACCTGC	VCACCTGCY	9	11.73	MER21C	BCACCTGCH	yes	452	429	5590	7.67	0.84	1.0	no
MAF::NFE2 (MA0501.2)	MAF::NFE2	MA0501.2	TGACTCAGCA	RTGACTCAGCA	11	16.71	MER21C	RTGASTSAKSW	yes	454	421	5590	7.53	0.77	1.0	no
PITX2 (MA1547.2)	PITX2	MA1547.2	TAATCC	YTAATCCY	8	12.08	MER21C	YTAATCCY	yes	438	421	5590	7.53	0.68	1.0	no
PLAGL2 (MA1548.2)	PLAGL2	MA1548.2	GGGCCCC	GGGCCCCY	8	12.05	MER21C	GGGCCCCY	yes	701	421	5590	7.53	0.83	1.0	no
MGA::EVX1 (MA1960.2)	MGA::EVX1	MA1960.2	GTGWTAAT	RRGTGWTAATK	11	13.84	MER21C	RRGTGWTAATK	yes	435	417	5590	7.46	0.62	1.0	no
Bach1::Mafk (MA0591.2)	Bach1::Mafk	MA0591.2	TGACTCAGCA	SRTGACTCAGCA	12	17.83	MER21C	VMTGASTCAGSW	yes	449	415	5590	7.42	0.92	1.0	no
ERF::FOXO1 (MA1936.2)	ERF::FOXO1	MA1936.2	ACMGGAA	RWMWACMGGAAR	12	12.94	MER21C	RWMWACAGGMAR	yes	440	414	5590	7.41	0.72	1.0	no
GLIS3 (MA0737.1)	GLIS3	MA0737.1	ACCCCCCACRAMG	KACCCCCCACRAMG	14	21.03	MER21C	SACCYCMYASDWWS	yes	435	411	5590	7.35	0.72	1.0	no
RORA (MA0071.1)	RORA	MA0071.1	AGGTCA	WWVDAGGTCA	10	13.19	MER21C	WWVDRGGTCA	yes	424	408	5590	7.3	0.51	1.0	no
HLF (MA0043.4)	HLF	MA0043.4	TTATGYAA	TTATGYAAY	9	13.1	MER21C	TTATRYAAB	yes	458	407	5590	7.28	0.94	1.0	no
GATA6 (MA1104.3)	GATA6	MA1104.3	TTATC	YCTTATCT	8	10.74	MER21C	TCTTATCW	yes	422	406	5590	7.26	0.72	1.0	no
TRPS1 (MA1970.2)	TRPS1	MA1970.2	TTATC	YCTTATCT	8	10.21	MER21C	TCTTATCW	yes	423	406	5590	7.26	0.7	1.0	no
NR4A2::RXRA (MA1147.2)	NR4A2::RXRA	MA1147.2	GGYCRWTGACC	RGGYCRWTGACCY	13	14.02	MER21C	DGGTCWWTGAMCY	yes	488	405	5590	7.25	0.86	1.0	no
Nr1h3::Rxra (MA0494.2)	Nr1h3::Rxra	MA0494.2	TGMCCYVDRRTRRCC	TGMCCYVDRRTRRCCY	16	13.31	MER21C	TGWCYYDHRRTDMMMY	yes	431	405	5590	7.25	0.55	1.0	no
SRY (MA0084.2)	SRY	MA0084.2	ACAA	WWACAAW	7	8.9	MER21C	AAACAAT	yes	429	405	5590	7.25	0.82	1.0	no
NR1D1 (MA1531.2)	NR1D1	MA1531.2	GGTYASTRGGTCA	RGGTYASTRGGTCA	14	19.0	MER21C	RGGKYASKRGGKSR	yes	428	403	5590	7.21	0.74	1.0	no
IRF3 (MA1418.2)	IRF3	MA1418.2	AHSGAAACSGAAAC	RRAAHSGAAACSGAAAC	17	23.19	MER21C	RRRADKRAAAHHRAAAV	yes	442	399	5590	7.14	0.81	1.0	no
DMRTA1 (MA1707.2)	DMRTA1	MA1707.2	GWTACA	WYGWTACAWH	10	10.5	MER21C	WTGWTACAWW	yes	417	393	5590	7.03	0.79	1.0	no
Sox1 (MA0870.1)	Sox1	MA0870.1	ACAATWVCATTGT	MACAATWVCATTGTY	15	20.93	MER21C	HWCAATWHSAKTGWD	yes	475	392	5590	7.01	0.69	1.0	no
ERF::FOXI1 (MA1935.2)	ERF::FOXI1	MA1935.2	GGA	MWASMGGAWR	10	9.46	MER21C	AWMCAGGAAR	yes	410	390	5590	6.98	0.68	1.0	no
ZNF213 (MA2121.1)	ZNF213	MA2121.1	CCCAGGC	RCCCAGGCDGSR	12	11.8	MER21C	VCCCAGGCWRSV	yes	423	390	5590	6.98	0.9	1.0	no
Six3 (MA0631.2)	Six3	MA0631.2	GGGTATCA	WWRGGGTATCA	11	13.95	MER21C	AWDKGRTATCA	yes	408	389	5590	6.96	0.73	1.0	no
SPIC (MA0687.2)	SPIC	MA0687.2	AWSMGGAAG	RAAWSMGGAAGWM	13	13.16	MER21C	RHAWSRGKAAGWM	yes	402	386	5590	6.91	0.63	1.0	no
Znf423 (MA0116.1)	Znf423	MA0116.1	SMMCCYWRGGKKKM	RSMMCCYWRGGKKKM	15	17.93	MER21C	RSMMCCYWRGGKKBM	yes	469	386	5590	6.91	0.54	1.0	no
THRB (MA1576.2)	THRB	MA1576.2	TSACCTBRSRTGACCTYA	TSACCTBRSRTGACCTYA	18	21.44	MER21C	TBWYCYBVHVTGWCCTBR	yes	413	384	5590	6.87	0.68	1.0	no
NFKB2 (MA0778.2)	NFKB2	MA0778.2	GGGGAWTCCCC	GGGGAWTCCCC	11	16.19	MER21C	GGGRDWHYCCC	yes	768	382	5590	6.83	0.81	1.0	no
PKNOX2 (MA0783.1)	PKNOX2	MA0783.1	TGACAGSTGTCA	TGACAGSTGTCA	12	21.22	MER21C	TGACWKSTGYSW	yes	453	381	5590	6.82	0.7	1.0	no
Mafb (MA0117.3)	Mafb	MA0117.3	GCTGA	WWWDYGCTGAS	11	11.15	MER21C	WWWDTGCTGAS	yes	394	380	5590	6.8	0.76	1.0	no
ESRRA (MA0592.4)	ESRRA	MA0592.4	CAAGGTCA	YCAAGGTCA	9	12.88	MER21C	YMAAGGWCA	yes	398	379	5590	6.78	0.47	1.0	no
ZNF675 (MA1714.2)	ZNF675	MA1714.2	GRGGMYARAAYG	KGVHYVRGRGGMYARAAYG	19	16.87	MER21C	RRDDHDRGRGGMMWRAAWG	yes	392	378	5590	6.76	0.51	1.0	no
THRA (MA1969.2)	THRA	MA1969.2	TGWCCTCABDTGACCT	STGWCCTCABDTGACCTY	18	19.89	MER21C	SWSWCCYYMBDTSRCCYB	yes	398	376	5590	6.73	0.53	1.0	no
Lef1 (MA0768.3)	Lef1	MA0768.3	CTTTGAT	SCTTTGAT	8	10.42	MER21C	HCTTTGAT	yes	392	374	5590	6.69	0.45	1.0	no
Dlx2 (MA0885.3)	Dlx2	MA0885.3	GCAATTA	GCAATTAR	8	11.02	MER21C	GYAATTAG	yes	394	373	5590	6.67	0.75	1.0	no
ZBTB7B (MA0694.2)	ZBTB7B	MA0694.2	CGACCMCC	CGACCMCCRW	10	13.49	MER21C	SRACCMCCVA	yes	381	371	5590	6.64	1.03	0.5953751573891397	no
NRL (MA0842.3)	NRL	MA0842.3	TGCTGAC	WWWDTGCTGACR	12	14.84	MER21C	WWWDTGCTGAYD	yes	384	370	5590	6.62	0.82	1.0	no
ETV5::FOXO1 (MA1947.2)	ETV5::FOXO1	MA1947.2	AACAGGA	RWMAACAGGA	10	11.57	MER21C	RDAMACAGGW	yes	387	369	5590	6.6	0.51	1.0	no
NFIC (MA0161.3)	NFIC	MA0161.3	CTTGGCA	CTTGGCA	7	10.5	MER21C	CTTGGCA	yes	386	369	5590	6.6	0.83	1.0	no
ZNF547 (MA2334.1)	ZNF547	MA2334.1	GCTAATGCWRC	TGCTAATGCWRCM	13	16.8	MER21C	TKCTAAWGCWRCW	yes	382	369	5590	6.6	0.81	1.0	no
E2F6 (MA0471.3)	E2F6	MA0471.3	GGCGGGA	GGCGGGAA	8	11.28	MER21C	GGWGGGAA	yes	388	368	5590	6.58	1.0	0.950142607639419	no
Ptf1A (MA1620.2)	Ptf1A	MA1620.2	CACCTG	RCACCTGY	8	10.84	MER21C	MCACCTGK	yes	406	368	5590	6.58	0.67	1.0	no
ZNF549 (MA1728.2)	ZNF549	MA1728.2	GCTGCCC	KGCTGCCC	8	10.98	MER21C	KGCTGCCC	yes	386	368	5590	6.58	0.91	1.0	no
Mecom (MA0029.2)	Mecom	MA0029.2	GAYAAGATAA	WGAYAAGATAA	11	17.27	MER21C	WGAYAAGAYAA	yes	401	367	5590	6.57	0.55	1.0	no
RORB (MA1150.2)	RORB	MA1150.2	AWDKRGGTCA	AWDKRGGTCA	10	9.32	MER21C	AWDKRGGTCA	yes	384	367	5590	6.57	0.5	1.0	no
FLI1::FOXI1 (MA1950.2)	FLI1::FOXI1	MA1950.2	ACAGGA	HMAACAGGAWR	11	12.96	MER21C	HAMACAGGAAR	yes	389	365	5590	6.53	0.5	1.0	no
Dmrt1 (MA1603.2)	Dmrt1	MA1603.2	ACAAWGT	WACAAWGTW	9	11.62	MER21C	WACAAWGTD	yes	402	364	5590	6.51	0.63	1.0	no
RARA::RXRG (MA1149.2)	RARA::RXRG	MA1149.2	GGTCAHNBDVRGG	RGGTCAHNBDVRGGKYR	17	13.12	MER21C	RGGTSADBDDRRGKBSR	yes	380	363	5590	6.49	0.58	1.0	no
Arx (MA0874.2)	Arx	MA0874.2	TAATTA	MRYTAATTAR	10	12.83	MER21C	VWYTAATTAR	yes	577	362	5590	6.48	0.86	1.0	no
ESR1 (MA0112.4)	ESR1	MA0112.4	RGGTCAMVRTGACCT	RGGTCAMVRTGACCT	15	22.06	MER21C	RGGTYMBSRKRACCY	yes	609	360	5590	6.44	1.05	0.35463196500302213	no
Rarb (MA0858.1)	Rarb	MA0858.1	AGGTCAHVYWRAGGTCA	AGGTCAHVYWRAGGTCA	17	24.8	MER21C	AGKTSAHVBDRRSKTCA	yes	371	357	5590	6.39	0.52	1.0	no
ZKSCAN1 (MA1585.2)	ZKSCAN1	MA1585.2	AGTAGG	AYAGTAGGY	9	13.27	MER21C	RYAGTAGGW	yes	373	357	5590	6.39	0.79	1.0	no
CEBPA (MA0102.5)	CEBPA	MA0102.5	TTKCACAA	RTTKCACAAY	10	12.15	MER21C	MTTKCAYAAK	yes	370	356	5590	6.37	0.56	1.0	no
TGIF1 (MA0796.1)	TGIF1	MA0796.1	TGACAGCTGTCA	TGACAGCTGTCA	12	22.28	MER21C	TGACWKSTGTMA	yes	440	353	5590	6.31	0.77	1.0	no
ESRRB (MA0141.4)	ESRRB	MA0141.4	CAAGGTCA	TCAAGGTCAW	10	16.19	MER21C	YSAAGGTCAW	yes	365	349	5590	6.24	0.46	1.0	no
RARA (MA0730.1)	RARA	MA0730.1	AGGTCAHBYWRAGGTCA	AGGTCAHBYWRAGGTCA	17	22.77	MER21C	RGGKSAHBBDRRGKYCA	yes	367	349	5590	6.24	0.5	1.0	no
RXRG (MA1556.1)	RXRG	MA1556.1	GGTCAYGACC	RRGGTCAYGACCYY	14	17.92	MER21C	VRGGTCAYRWMMYB	yes	397	348	5590	6.23	0.82	1.0	no
GATA4 (MA0482.3)	GATA4	MA0482.3	CTTATCT	YCTTATCT	8	10.87	MER21C	CYTTATCT	yes	369	347	5590	6.21	0.52	1.0	no
NR1H4::RXRA (MA1146.2)	NR1H4::RXRA	MA1146.2	GKTCRWT	RGKTCRWTGACCY	13	12.55	MER21C	RGKTCANTSAMMY	yes	454	347	5590	6.21	0.71	1.0	no
NFIC::TLX1 (MA0119.1)	NFIC::TLX1	MA0119.1	TGGCASSRHGCCAA	TGGCASSRHGCCAA	14	19.66	MER21C	TGGCWSBNWGCCAD	yes	429	344	5590	6.15	0.8	1.0	no
Tcf21 (MA0832.2)	Tcf21	MA0832.2	AACAGCTGTT	AACAGCTGTT	10	17.47	MER21C	RMCAGCTGKW	yes	533	343	5590	6.14	0.86	1.0	no
Plagl1 (MA1615.2)	Plagl1	MA1615.2	GGGGCCA	WGGGGCCA	8	10.93	MER21C	WGGGGCCA	yes	359	342	5590	6.12	0.58	1.0	no
NR2F6 (MA1539.1)	NR2F6	MA1539.1	AGGTCABTGACCT	RAGGTCABTGACCTY	15	20.55	MER21C	DRGGTYRBTGACCYH	yes	576	341	5590	6.1	0.78	1.0	no
ZBTB32 (MA1580.1)	ZBTB32	MA1580.1	GTACAGT	WGTACAGTRW	10	14.71	MER21C	WKTACAGTWW	yes	354	339	5590	6.06	0.81	1.0	no
ZSCAN4 (MA1155.1)	ZSCAN4	MA1155.1	GCACACMCTGWAA	YGCACACMCTGWAAR	15	21.14	MER21C	BRCACAYMCWSHMAD	yes	367	339	5590	6.06	0.67	1.0	no
IRF9 (MA0653.1)	IRF9	MA0653.1	AWCGAAACCGAAAC	AWCGAAACCGAAACY	15	24.83	MER21C	WWHRAAAMYGAAASW	yes	356	337	5590	6.03	0.78	1.0	no
RORA (MA0072.2)	RORA	MA0072.2	AWBTAGGTCA	WAWBTAGGTCA	11	16.99	MER21C	WAWKTAGGTCA	yes	346	336	5590	6.01	0.49	1.0	no
Ascl2 (MA0816.1)	Ascl2	MA0816.1	CAGCTG	RRCAGCTGYY	10	12.85	MER21C	RSCAGCTGYH	yes	451	333	5590	5.96	0.88	1.0	no
HOXC10 (MA0905.2)	HOXC10	MA0905.2	TCRTWAA	RTCRTWAAW	9	10.98	MER21C	VTCATWAAW	yes	342	331	5590	5.92	0.95	1.0	no
SOX9 (MA0077.2)	SOX9	MA0077.2	ATTGT	BYATTGTW	8	8.9	MER21C	CYATTGWT	yes	348	331	5590	5.92	0.59	1.0	no
Dlx5 (MA1476.3)	Dlx5	MA1476.3	GCAATTA	GCAATTAK	8	11.21	MER21C	GYAATTAK	yes	341	330	5590	5.9	0.85	1.0	no
Hmx1 (MA0896.2)	Hmx1	MA0896.2	CAATTAA	RRCAATTAA	9	12.47	MER21C	WRCAATTAA	yes	341	326	5590	5.83	0.68	1.0	no
ETV5::DRGX (MA1944.2)	ETV5::DRGX	MA1944.2	GGAWGYRRT	MGGAWGYRRTYA	12	13.17	MER21C	AGGAWRYRMTYR	yes	338	325	5590	5.81	0.79	1.0	no
ATOH7 (MA1468.1)	ATOH7	MA1468.1	CATMTG	RVCATMTGKY	10	10.83	MER21C	AVCAYMTGKY	yes	392	322	5590	5.76	0.83	1.0	no
IRF2 (MA0051.2)	IRF2	MA0051.2	GAAAGYGAAAS	SGAAAGYGAAASYNWW	16	20.65	MER21C	KRAAARYSAAASBRWW	yes	336	322	5590	5.76	0.65	1.0	no
MSANTD3 (MA1523.2)	MSANTD3	MA1523.2	ACTC	YACTCAM	7	8.36	MER21C	CACTCAC	yes	330	317	5590	5.67	0.76	1.0	no
EN2 (MA0642.3)	EN2	MA0642.3	YMATTA	SYMATTA	7	9.06	MER21C	CCAATTA	yes	332	315	5590	5.64	0.74	1.0	no
ETV5::FOXI1 (MA1946.2)	ETV5::FOXI1	MA1946.2	GKMAACMGGAWG	GKMAACMGGAWG	12	14.01	MER21C	RBMAACAGGAWR	yes	343	315	5590	5.64	0.65	1.0	no
KLF13 (MA0657.2)	KLF13	MA0657.2	RMCACGCCCCY	KRMCACGCCCCYTTDKK	17	20.27	MER21C	DRMCAMDCCCMYYYHHD	yes	328	314	5590	5.62	0.78	1.0	no
IRF7 (MA0772.2)	IRF7	MA0772.2	CGAAARYGAAA	CGAAARYGAAAVW	13	17.43	MER21C	HDAAAVYRAAAVW	yes	325	312	5590	5.58	0.6	1.0	no
MSC (MA0665.1)	MSC	MA0665.1	ACAGCTGTT	RACAGCTGTT	10	14.86	MER21C	WMCAGCTGKT	yes	435	309	5590	5.53	0.66	1.0	no
Prdm14 (MA1998.2)	Prdm14	MA1998.2	GTCTCTA	GGTCTCTA	8	10.54	MER21C	GGTCYCTA	yes	316	307	5590	5.49	0.7	1.0	no
RXRB (MA1555.1)	RXRB	MA1555.1	GGTCRTGACC	RRGGTCRTGACCYY	14	16.32	MER21C	VRGKTYRTGAMCYB	yes	429	307	5590	5.49	0.78	1.0	no
TFCP2 (MA1968.2)	TFCP2	MA1968.2	AACCGGWT	RAACCGGWT	9	11.41	MER21C	MAACYRGTT	yes	425	307	5590	5.49	1.06	0.3221649219705513	no
FOXO1::ELK3 (MA1955.2)	FOXO1::ELK3	MA1955.2	MAACAGGAA	RWMAACAGGAAGY	13	15.33	MER21C	RHMAACAGKAARY	yes	324	306	5590	5.47	0.55	1.0	no
TEAD3 (MA0808.1)	TEAD3	MA0808.1	CATTCC	RCATTCCW	8	11.51	MER21C	RCATTCCW	yes	320	306	5590	5.47	0.62	1.0	no
MYOD1 (MA0499.3)	MYOD1	MA0499.3	CASCTGT	SCASCTGTY	9	11.64	MER21C	VCASCTGTB	yes	324	305	5590	5.46	0.56	1.0	no
Nr5A2 (MA0505.3)	Nr5A2	MA0505.3	GRCCTTGA	WGRCCTTGA	9	12.5	MER21C	WGWCCTTGR	yes	314	304	5590	5.44	0.36	1.0	no
CEBPD (MA0836.3)	CEBPD	MA0836.3	TTGCRCAA	TTGCRCAA	8	11.5	MER21C	TTKCACAA	yes	315	301	5590	5.38	0.51	1.0	no
ZNF417 (MA1727.2)	ZNF417	MA1727.2	GGCGCCA	GGCGCCA	7	13.0	MER21C	GGTGCCA	yes	308	297	5590	5.31	0.82	1.0	no
HOXC13 (MA0907.2)	HOXC13	MA0907.2	CTCGTAAA	CTCGTAAAW	9	14.01	MER21C	CTYRTAAAW	yes	304	295	5590	5.28	0.74	1.0	no
SNAI1 (MA1558.2)	SNAI1	MA1558.2	CAGGTG	RCAGGTG	7	10.72	MER21C	GCAGGTG	yes	301	295	5590	5.28	0.94	1.0	no
SOX8 (MA0868.3)	SOX8	MA0868.3	ACAAT	RACAATR	7	9.58	MER21C	AACAATG	yes	307	295	5590	5.28	0.65	1.0	no
TCF12 (MA1648.2)	TCF12	MA1648.2	CACCTGC	CACCTGC	7	9.53	MER21C	CACCTGC	yes	301	295	5590	5.28	0.94	1.0	no
TCF3 (MA0522.4)	TCF3	MA0522.4	CACCTGC	CACCTGC	7	10.11	MER21C	CACCTGC	yes	301	295	5590	5.28	0.94	1.0	no
TCF21 (MA1568.2)	TCF21	MA1568.2	CATATG	RSCATATGKY	10	11.6	MER21C	RCCATATGKY	yes	452	292	5590	5.22	1.09	0.14616821806066418	no
Zic2 (MA1629.2)	Zic2	MA1629.2	CWCAGCAGG	CWCAGCAGG	9	12.75	MER21C	MWCAGCAGG	yes	304	289	5590	5.17	0.47	1.0	no
Atoh1 (MA0461.3)	Atoh1	MA0461.3	CATATG	RMCATATG	8	10.81	MER21C	RMCATATG	yes	357	288	5590	5.15	0.89	1.0	no
ZBTB11 (MA2329.1)	ZBTB11	MA2329.1	ACTTCCGG	CACTTCCGG	9	12.52	MER21C	CACTTCCKR	yes	302	286	5590	5.12	1.07	0.26857038208385764	no
Alx4 (MA0853.2)	Alx4	MA0853.2	TAATTA	VSHDYTAATTAR	12	13.12	MER21C	HVVDYTAATTAR	yes	477	284	5590	5.08	0.84	1.0	no
TBX19 (MA0804.2)	TBX19	MA0804.2	TMRCACVTRBGTGYKA	TMRCACVTRBGTGYKAH	17	16.98	MER21C	TVRCAYMWRBRTGYKWD	yes	411	282	5590	5.04	1.05	0.44615490679659725	no
PRDM1 (MA0508.4)	PRDM1	MA0508.4	CTTTCTC	CTTTCTC	7	11.16	MER21C	CTTTCTC	yes	288	281	5590	5.03	0.56	1.0	no
HOXD11 (MA0908.2)	HOXD11	MA0908.2	TCGTAAA	RTCGTAAAW	9	12.23	MER21C	RTCATAAAW	yes	286	280	5590	5.01	0.95	1.0	no
Hmx3 (MA0898.2)	Hmx3	MA0898.2	CAATTAA	ADCAATTAA	9	12.0	MER21C	ADCAMTTAA	yes	290	279	5590	4.99	0.62	1.0	no
IRF5 (MA1420.1)	IRF5	MA1420.1	GAAACCRA	YYGAAACCRAWMMY	14	15.35	MER21C	YHGAWACCRAAHVY	yes	283	278	5590	4.97	0.88	1.0	no
GLIS2 (MA0736.1)	GLIS2	MA0736.1	ACCCCCCRCRDHG	KACCCCCCRCRDHG	14	16.87	MER21C	BRCCCCCYRSVWHS	yes	285	276	5590	4.94	0.56	1.0	no
ZKSCAN3 (MA1973.2)	ZKSCAN3	MA1973.2	AGGCTAGCCC	MYVAGGCTAGCCCW	14	17.24	MER21C	SYVAGGYTASCCCM	yes	290	276	5590	4.94	0.52	1.0	no
MEIS2 (MA0774.1)	MEIS2	MA0774.1	TGACAG	WTGACAGS	8	10.96	MER21C	WTGACAGS	yes	283	275	5590	4.92	0.44	1.0	no
Rhox11 (MA0629.2)	Rhox11	MA0629.2	GCTGTW	YGCTGTWAW	9	10.89	MER21C	DGCTGTWAW	yes	279	272	5590	4.87	1.11	0.10351065707728486	no
ZBTB7C (MA0695.2)	ZBTB7C	MA0695.2	ACCACC	SRACCACC	8	9.72	MER21C	MRACCACC	yes	280	272	5590	4.87	0.72	1.0	no
HOXA5 (MA0158.2)	HOXA5	MA0158.2	YMATTA	SYMATTAS	8	10.17	MER21C	STAATTAS	yes	439	271	5590	4.85	1.07	0.2753788768428502	no
TEAD2 (MA1121.2)	TEAD2	MA1121.2	ACATTCC	ACATTCC	7	10.52	MER21C	ACATTCC	yes	281	271	5590	4.85	0.64	1.0	no
ETV7 (MA1708.2)	ETV7	MA1708.2	GGAAR	SMGGAARTR	9	10.94	MER21C	BMGGAAGTG	yes	281	269	5590	4.81	0.76	1.0	no
Arid3b (MA0601.2)	Arid3b	MA0601.2	TTAAT	WWTTAAT	7	9.63	MER21C	TATTAAT	yes	366	266	5590	4.76	1.04	0.5202372093762179	no
ZNF211 (MA1974.2)	ZNF211	MA1974.2	ATATACCA	YATATACCAY	10	14.46	MER21C	YATATACCAH	yes	280	266	5590	4.76	0.74	1.0	no
Zfx (MA0146.3)	Zfx	MA0146.3	CBVGGCCT	RSCBVGGCCT	10	12.4	MER21C	DSYBRGGCCT	yes	295	266	5590	4.76	0.76	1.0	no
NHLH1 (MA0048.3)	NHLH1	MA0048.3	CAGCTG	MRCAGCTGY	9	12.91	MER21C	MVCAGCTGC	yes	339	265	5590	4.74	0.96	1.0	no
RARG (MA1553.2)	RARG	MA1553.2	GKTCATGACC	RGKTCATGACCYY	13	15.67	MER21C	RGKTYRTGAMCYB	yes	365	263	5590	4.7	0.68	1.0	no
TGIF2 (MA0797.1)	TGIF2	MA0797.1	TGACAGSTGTCA	TGACAGSTGTCA	12	18.38	MER21C	TGACAKSTGWCW	yes	357	263	5590	4.7	0.61	1.0	no
RARB (MA1552.2)	RARB	MA1552.2	GGTCRTGACC	RRGGTCRTGACCY	13	15.86	MER21C	VRGKYYRTGAMCY	yes	346	262	5590	4.69	0.72	1.0	no
HOXB9 (MA1503.2)	HOXB9	MA1503.2	TCRTAAA	RTCRTAAAW	9	13.32	MER21C	RTCATAAAW	yes	269	261	5590	4.67	1.0	0.926624385951354	no
HOXC9 (MA0485.3)	HOXC9	MA0485.3	TCGTAAA	RTCGTAAAW	9	14.17	MER21C	RTCATAAAW	yes	269	261	5590	4.67	1.0	0.926624385951354	no
SOX12 (MA1561.2)	SOX12	MA1561.2	CGAACAA	MMCGAACAAY	10	13.27	MER21C	ACMRAACAMT	yes	268	261	5590	4.67	0.69	1.0	no
NR2F1 (MA1538.1)	NR2F1	MA1538.1	GGTCRBTGACC	RRGGTCRBTGACCYY	15	18.39	MER21C	RRKGTCRNTGACCYH	yes	357	256	5590	4.58	0.58	1.0	no
GLIS1 (MA0735.2)	GLIS1	MA0735.2	GACCCCCCACGWWG	MGACCCCCCACGWWG	15	25.16	MER21C	MKACCCCCCACKWYR	yes	267	255	5590	4.56	0.99	1.0	no
HOXD10 (MA1506.2)	HOXD10	MA1506.2	TCGTAAA	RGTCGTAAAA	10	14.57	MER21C	DVTCATAAAW	yes	264	252	5590	4.51	0.92	1.0	no
SOX14 (MA1562.2)	SOX14	MA1562.2	GAACAAT	YGAACAATK	9	12.5	MER21C	YKAACAATK	yes	266	252	5590	4.51	0.52	1.0	no
SRF (MA0083.3)	SRF	MA0083.3	CCATATAWGG	WKMCCATATAWGGKMW	16	20.98	MER21C	WBHCCAWATWWGKDVW	yes	323	250	5590	4.47	0.63	1.0	no
ZNF784 (MA1717.2)	ZNF784	MA1717.2	ACYTACC	ACYTACCK	8	11.81	MER21C	ACYTACCW	yes	257	250	5590	4.47	0.67	1.0	no
IRF8 (MA0652.2)	IRF8	MA0652.2	CGAAACCGAAACT	CGAAACCGAAACT	13	22.37	MER21C	HGAAASYGAAASY	yes	254	249	5590	4.45	0.69	1.0	no
NEUROG2 (MA0669.1)	NEUROG2	MA0669.1	CATATGYY	RMCATATGYY	10	14.5	MER21C	AMCAKATGKY	yes	318	248	5590	4.44	0.69	1.0	no
TCF7 (MA0769.3)	TCF7	MA0769.3	CTTTGA	CTTTGAW	7	10.62	MER21C	CTTTGAT	yes	258	248	5590	4.44	0.48	1.0	no
ETV6 (MA0645.2)	ETV6	MA0645.2	GGAAGT	SMGGAAGTR	9	12.18	MER21C	BMGGAAGTR	yes	258	247	5590	4.42	0.8	1.0	no
FLI1::DRGX (MA1949.2)	FLI1::DRGX	MA1949.2	CGGAWRYMAT	RYCGGAWRYMATYR	14	14.14	MER21C	WVAGGAWRYWAYYR	yes	251	245	5590	4.38	0.79	1.0	no
NR2F2 (MA1111.2)	NR2F2	MA1111.2	AAGGTCA	AAGGTCA	7	10.95	MER21C	AAGGTCA	yes	249	242	5590	4.33	0.45	1.0	no
Ppara (MA2338.1)	Ppara	MA2338.1	AAGGTC	AAGGTCM	7	10.23	MER21C	AAGGTCA	yes	249	242	5590	4.33	0.45	1.0	no
TFAP2A (MA0810.2)	TFAP2A	MA0810.2	CCYBVRGGC	YSCCYBVRGGC	11	10.54	MER21C	WSCCYBSAGSC	yes	275	242	5590	4.33	0.65	1.0	no
MYF5 (MA1641.2)	MYF5	MA1641.2	CAGCTG	RCAGCTGY	8	11.69	MER21C	MCAGCTGK	yes	490	241	5590	4.31	0.79	1.0	no
OLIG2 (MA0678.1)	OLIG2	MA0678.1	CATATG	AMCATATGKY	10	12.95	MER21C	WMCATATGKY	yes	360	241	5590	4.31	0.88	1.0	no
Ptf1A (MA1619.2)	Ptf1A	MA1619.2	CAGCTG	RCAGCTGY	8	11.3	MER21C	MCAGCTGK	yes	422	241	5590	4.31	0.79	1.0	no
ZNF343 (MA1711.2)	ZNF343	MA1711.2	GCTTCMCSDCGG	VYGCTTCMCSDCGGYM	16	19.26	MER21C	VHRCTTCMSBDHGKYM	yes	246	240	5590	4.29	0.84	1.0	no
NHLH2 (MA1529.2)	NHLH2	MA1529.2	CAGCTGCG	DRHMKCAGCTGCGYMM	16	17.97	MER21C	RRHMVCASCTGHGYBY	yes	305	239	5590	4.28	1.0	0.983907392109339	no
PGR (MA2327.1)	PGR	MA2327.1	ACABDVTGT	ACABDVTGT	9	10.2	MER21C	ACABWMTGT	yes	434	239	5590	4.28	0.67	1.0	no
Zfp335 (MA2002.2)	Zfp335	MA2002.2	CAGGCA	KCAGGCA	7	10.5	MER21C	TCAGGCA	yes	243	237	5590	4.24	0.5	1.0	no
Ddit3::Cebpa (MA0019.2)	Ddit3::Cebpa	MA0019.2	TGCAAT	RTGCAATMSY	10	11.5	MER21C	RTGCAATHCY	yes	241	236	5590	4.22	0.57	1.0	no
Nkx2-1 (MA1994.2)	Nkx2-1	MA1994.2	CACTTGA	CACTTGA	7	10.76	MER21C	CACTTGA	yes	244	236	5590	4.22	0.47	1.0	no
ETV2::HOXB13 (MA1943.2)	ETV2::HOXB13	MA1943.2	CGGAWMYATWA	SCGGAWMYATWAA	13	15.7	MER21C	MAGGAAMHRTHWA	yes	236	233	5590	4.17	0.93	1.0	no
TFAP2B (MA0811.2)	TFAP2B	MA0811.2	CCYBVRGGC	SCCYBVRGGCR	11	10.59	MER21C	SCCYYMRGGCA	yes	268	232	5590	4.15	0.61	1.0	no
Hoxa11 (MA0911.2)	Hoxa11	MA0911.2	TCRTWAA	RTCRTWAAW	9	11.1	MER21C	RTCATAAAW	yes	235	230	5590	4.11	0.96	1.0	no
RELB (MA1117.2)	RELB	MA1117.2	ATTCCCC	ATTCCCC	7	9.77	MER21C	ATTCCCC	yes	234	227	5590	4.06	0.43	1.0	no
IRF4 (MA1419.2)	IRF4	MA1419.2	CGAAACCGAAAC	CGAAACCGAAACYW	14	22.95	MER21C	YRAAACYGAAASYD	yes	229	225	5590	4.03	0.72	1.0	no
TFAP2C (MA0524.3)	TFAP2C	MA0524.3	CCYBVRGG	SCCYBVRGGSR	11	10.17	MER21C	SCCYYMRGGCA	yes	267	225	5590	4.03	0.6	1.0	no
SOX13 (MA1120.2)	SOX13	MA1120.2	ACAATG	ACAATGR	7	9.99	MER21C	ACAATGG	yes	229	223	5590	3.99	0.49	1.0	no
SOX2 (MA0143.5)	SOX2	MA0143.5	ACAATG	ACAATGR	7	9.81	MER21C	ACAATGG	yes	229	223	5590	3.99	0.49	1.0	no
Sox3 (MA0514.3)	Sox3	MA0514.3	ACAATG	ACAATGR	7	10.02	MER21C	ACAATGG	yes	229	223	5590	3.99	0.49	1.0	no
OLIG3 (MA0827.1)	OLIG3	MA0827.1	CATATG	RMCATATGBY	10	11.44	MER21C	MMCATATGKY	yes	341	222	5590	3.97	0.7	1.0	no
OTX2 (MA0712.3)	OTX2	MA0712.3	GGATTA	RGGATTA	7	10.35	MER21C	GGGATTA	yes	227	222	5590	3.97	0.61	1.0	no
ZIC1 (MA0696.1)	ZIC1	MA0696.1	CCCCCYGCTGYG	KRCCCCCYGCTGYG	14	18.77	MER21C	SMMMMCCYRYTGDK	yes	227	222	5590	3.97	0.56	1.0	no
BHLHA15 (MA0607.2)	BHLHA15	MA0607.2	CATATG	RMCATATGKY	10	13.73	MER21C	DMCATATGKH	yes	454	218	5590	3.9	0.88	1.0	no
GATA5 (MA0766.3)	GATA5	MA0766.3	GATAA	WGATAASR	8	11.27	MER21C	WGATAASR	yes	221	216	5590	3.86	0.5	1.0	no
VENTX (MA0724.1)	VENTX	MA0724.1	CRATTA	WVCRATTAR	9	11.05	MER21C	AVCMATTAR	yes	217	216	5590	3.86	0.53	1.0	no
ZNF524 (MA2096.1)	ZNF524	MA2096.1	TCGVACCC	YTCGVACCC	9	12.14	MER21C	CTCSAACCC	yes	232	215	5590	3.85	0.76	1.0	no
ETV3 (MA0763.2)	ETV3	MA0763.2	CGGAART	RCCGGAART	9	11.46	MER21C	ACCKGAAGT	yes	218	214	5590	3.83	1.12	0.11608069235282044	no
THRB (MA1575.2)	THRB	MA1575.2	TGWCCTBRHYVAGGWCA	TGWCCTBRHYVAGGWCA	17	17.66	MER21C	TSWCCYYVBBRRGGWSA	yes	379	214	5590	3.83	0.57	1.0	no
MYF6 (MA0667.1)	MYF6	MA0667.1	AACARCTGTY	AACARCTGTY	10	14.58	MER21C	RACARBTGTY	yes	311	213	5590	3.81	0.46	1.0	no
NR1I2 (MA1533.2)	NR1I2	MA1533.2	GMMCYSVDYGMAC	YGMMCYSVDYGMACY	15	14.35	MER21C	KGMACTSHVTRMMCY	yes	213	208	5590	3.72	0.49	1.0	no
MTF1 (MA0863.1)	MTF1	MA0863.1	TKTGCACACGKCMC	TKTGCACACGKCMC	14	20.41	MER21C	TBTGCACACRDCMC	yes	218	207	5590	3.7	1.14	0.06778473294990252	no
GCM1 (MA0646.2)	GCM1	MA0646.2	TGCGGGT	ATGCGGGTRS	10	12.91	MER21C	ATGVKGGTRS	yes	206	205	5590	3.67	0.9	1.0	no
HOXC12 (MA0906.2)	HOXC12	MA0906.2	TCGTAAA	RRTCGTAAAA	10	14.27	MER21C	RVTYRTAAAA	yes	206	204	5590	3.65	0.77	1.0	no
Isl1 (MA1608.2)	Isl1	MA1608.2	CCATTA	CCATTAR	7	9.98	MER21C	CCATTAG	yes	203	200	5590	3.58	0.52	1.0	no
RUNX2 (MA0511.2)	RUNX2	MA0511.2	ACCRCA	WRACCRCAR	9	11.55	MER21C	MAACCACAR	yes	206	200	5590	3.58	0.67	1.0	no
ZIC5 (MA1584.2)	ZIC5	MA1584.2	ACCCCCCGCYGHG	KACCCCCCGCYGHGM	15	18.97	MER21C	SMCCMCCYRYWGHBH	yes	202	200	5590	3.58	0.53	1.0	no
Ar (MA0007.4)	Ar	MA0007.4	RGWACAYVRTGTWC	RRGWACAYVRTGTWCY	16	18.51	MER21C	RRGHAMRBDVTGTWCY	yes	296	198	5590	3.54	0.69	1.0	no
Dmbx1 (MA0883.2)	Dmbx1	MA0883.2	GGATTA	RWHMGGATTA	10	11.87	MER21C	DWVRGGATTA	yes	200	198	5590	3.54	0.51	1.0	no
HOXD12 (MA0873.2)	HOXD12	MA0873.2	TCGTAAA	RRTCGTAAAW	10	13.94	MER21C	RVTCATAAAW	yes	201	197	5590	3.52	0.95	1.0	no
NR3C2 (MA0727.2)	NR3C2	MA0727.2	GWACAYDRTGTWC	RGWACAYDRTGTWCY	15	18.77	MER21C	RGRACWBWDWGTYCY	yes	304	197	5590	3.52	0.71	1.0	no
PAX6 (MA0069.1)	PAX6	MA0069.1	TYACGCWTSA	TTYACGCWTSAVTK	14	13.8	MER21C	YTYAVGCWTSABTK	yes	200	196	5590	3.51	0.57	1.0	no
ELK1::HOXB13 (MA1932.2)	ELK1::HOXB13	MA1932.2	CCGGAAGTHRTWA	RCCGGAAGTHRTWAM	15	18.9	MER21C	WCMGGAARTYRYAAR	yes	198	195	5590	3.49	0.98	1.0	no
TP63 (MA0525.2)	TP63	MA0525.2	ACATGTYRKRACATGT	RACATGTYRKRACATGTM	18	24.33	MER21C	RRCAWSYYRKRACWTGYV	yes	258	193	5590	3.45	0.78	1.0	no
Nanog (MA2339.1)	Nanog	MA2339.1	GCAATCA	GCAATCA	7	9.51	MER21C	GCAATCA	yes	199	192	5590	3.43	0.59	1.0	no
TP73 (MA0861.2)	TP73	MA0861.2	CAWGTYBDRACAYG	RCAWGTYBDRACAYGY	16	16.94	MER21C	RCADGTYHDRRCWTGY	yes	242	192	5590	3.43	0.85	1.0	no
BHLHE22 (MA0818.2)	BHLHE22	MA0818.2	AMCATATG	AMCATATGKY	10	13.4	MER21C	WMCATATGKY	yes	297	191	5590	3.42	0.97	1.0	no
OLIG1 (MA0826.1)	OLIG1	MA0826.1	AMCATATG	AMCATATGKT	10	14.66	MER21C	WMCATATGKW	yes	364	190	5590	3.4	0.75	1.0	no
GRHL1 (MA0647.2)	GRHL1	MA0647.2	AACCGGTT	WAACCGGTTW	10	13.9	MER21C	WAACMRGTTW	yes	331	187	5590	3.35	0.57	1.0	no
NEUROG1 (MA0623.2)	NEUROG1	MA0623.2	CATATG	RMCATATGKY	10	13.78	MER21C	RMCATATGKB	yes	294	187	5590	3.35	0.76	1.0	no
Nkx3-1 (MA0124.3)	Nkx3-1	MA0124.3	CACTTA	SCACTTA	7	10.83	MER21C	CCACTTA	yes	192	183	5590	3.27	0.46	1.0	no
BHLHE23 (MA0817.2)	BHLHE23	MA0817.2	AMCATATG	AMCATATGKY	10	14.72	MER21C	RMCATATGKW	yes	285	178	5590	3.18	0.79	1.0	no
FERD3L (MA1485.1)	FERD3L	MA1485.1	GYRMCAGCTGYYRC	GYRMCAGCTGYYRC	14	18.06	MER21C	RYRHCAKMTGHYVC	yes	257	177	5590	3.17	0.67	1.0	no
HOXA4 (MA1496.2)	HOXA4	MA1496.2	YMATTA	RYMATTA	7	8.05	MER21C	GTCATTA	yes	179	175	5590	3.13	0.64	1.0	no
DPRX (MA1480.2)	DPRX	MA1480.2	TMATC	VGMTMATCY	9	10.39	MER21C	WGMTMATCY	yes	186	174	5590	3.11	0.35	1.0	no
ZIC4 (MA0751.2)	ZIC4	MA0751.2	CCMCCYGYDG	KRCCMCCYGYDGHK	14	13.49	MER21C	KMCCMCCYRYWGDK	yes	176	174	5590	3.11	0.44	1.0	no
Zic1::Zic2 (MA1628.2)	Zic1::Zic2	MA1628.2	CAGCAGG	CAGCAGG	7	11.53	MER21C	CAGCAGG	yes	198	174	5590	3.11	0.4	1.0	no
Zic3 (MA0697.3)	Zic3	MA0697.3	CAGCAGG	CAGCAGG	7	10.63	MER21C	CAGCAGG	yes	198	174	5590	3.11	0.4	1.0	no
E2F7 (MA0758.1)	E2F7	MA0758.1	TTTCCCGCCAAAW	WTTTCCCGCCAAAW	14	24.2	MER21C	WWTTCCCVCCAAWW	yes	185	172	5590	3.08	0.47	1.0	no
HMBOX1 (MA0895.2)	HMBOX1	MA0895.2	TRGTTA	TRGTTAM	7	8.86	MER21C	TAGTTAA	yes	178	172	5590	3.08	0.58	1.0	no
ERF (MA0760.2)	ERF	MA0760.2	ACCGGAART	ACCGGAART	9	12.68	MER21C	RYMGGAART	yes	172	169	5590	3.02	0.96	1.0	no
GATA1 (MA0035.5)	GATA1	MA0035.5	CTWATCT	CTWATCT	7	9.78	MER21C	CTAATCT	yes	175	169	5590	3.02	0.45	1.0	no
ZSCAN31 (MA1722.2)	ZSCAN31	MA1722.2	CATAAYTGCCCTGC	KCATAAYTGCCCTGCKDC	18	24.71	MER21C	DYMTWAYWKCYCTGMDBY	yes	168	165	5590	2.95	0.5	1.0	no
SPDEF (MA0686.2)	SPDEF	MA0686.2	AMCCGGATRT	AMCCGGATRT	10	14.33	MER21C	AMCMGGAWGY	yes	166	163	5590	2.92	0.93	1.0	no
ETV5::HOXA2 (MA1948.2)	ETV5::HOXA2	MA1948.2	GGAWGTMRTYA	MGGAWGTMRTYA	12	14.06	MER21C	VGGAWGTVMTYA	yes	163	160	5590	2.86	0.47	1.0	no
HOXB8 (MA1502.2)	HOXB8	MA1502.2	YMATTA	KYMATTA	7	9.63	MER21C	GCAATTA	yes	158	155	5590	2.77	0.64	1.0	no
HOXD8 (MA0910.3)	HOXD8	MA0910.3	YMATTA	RYMATTA	7	9.68	MER21C	GCAATTA	yes	158	155	5590	2.77	0.64	1.0	no
TGIF2LY (MA1572.1)	TGIF2LY	MA1572.1	GACASSTGTC	YGACASSTGTCR	12	12.6	MER21C	WGWCASMTGWCA	yes	280	155	5590	2.77	0.59	1.0	no
HOXC11 (MA0651.3)	HOXC11	MA0651.3	GTCGTAAAA	WRGTCGTAAAA	11	16.27	MER21C	WRSTCRTAAAA	yes	156	154	5590	2.75	0.76	1.0	no
ETV2 (MA0762.2)	ETV2	MA0762.2	ACCGGAAR	ACCGGAARY	9	14.15	MER21C	ACMGGAARY	yes	157	152	5590	2.72	0.57	1.0	no
PROX1 (MA0794.1)	PROX1	MA0794.1	AAGACGYCTT	YAAGACGYCTTR	12	16.94	MER21C	BAWGACKYCTYM	yes	163	152	5590	2.72	0.59	1.0	no
OSR1 (MA1542.2)	OSR1	MA1542.2	GCTACYG	GCTACYGT	8	12.23	MER21C	GCTACTGK	yes	152	150	5590	2.68	0.67	1.0	no
MAFA (MA1521.2)	MAFA	MA1521.2	GCTGMSKCAGC	YGCTGMSKCAGCR	13	12.21	MER21C	YGCWGASTCWGCR	yes	284	146	5590	2.61	0.74	1.0	no
PAX9 (MA0781.2)	PAX9	MA0781.2	GTCACGCWTSAVTG	SGTCACGCWTSAVTGM	16	22.11	MER21C	RGKCAYGSWTGAYTRM	yes	148	145	5590	2.59	0.81	1.0	no
TFAP2B (MA0812.2)	TFAP2B	MA0812.2	GCCYSAGGC	GCCYSAGGC	9	12.17	MER21C	GCCYSAGGC	yes	256	145	5590	2.59	0.63	1.0	no
HOXB2::ELK1 (MA1957.1)	HOXB2::ELK1	MA1957.1	CGGAAGTMRT	RSCGGAAGTMRTYA	14	17.19	MER21C	DSMGGAAGTHRTYW	yes	147	144	5590	2.58	0.56	1.0	no
ONECUT2 (MA0756.3)	ONECUT2	MA0756.3	GATCRATA	GATCRATA	8	12.47	MER21C	RRTCAATA	yes	143	143	5590	2.56	0.48	1.0	no
SOX15 (MA1152.2)	SOX15	MA1152.2	TTGT	YYWTTGT	7	9.03	MER21C	CTATTGT	yes	144	142	5590	2.54	0.45	1.0	no
TFAP2E (MA1569.2)	TFAP2E	MA1569.2	SCCYSRGGS	SCCYSRGGS	9	11.64	MER21C	SCCYSRGGS	yes	290	142	5590	2.54	0.53	1.0	no
MAF (MA1520.2)	MAF	MA1520.2	GCTKASWMAGC	TGCTKASWMAGCR	13	12.49	MER21C	TGCWKWSWMAGCA	yes	238	141	5590	2.52	0.6	1.0	no
NR3C1 (MA0113.4)	NR3C1	MA0113.4	GWACAYDRTGTWC	RGWACAYDRTGTWCY	15	18.94	MER21C	RGDACAHDDTGTHCY	yes	228	141	5590	2.52	0.51	1.0	no
TFAP2A (MA0872.1)	TFAP2A	MA0872.1	GCCCYBRGGGC	WGCCCYBRGGGCW	13	14.1	MER21C	WSCCYBBVRGGSW	yes	244	141	5590	2.52	0.48	1.0	no
Zfp961 (MA2126.1)	Zfp961	MA2126.1	GGGCGCCA	GGGCGCCA	8	12.38	MER21C	GGGYGCCA	yes	153	141	5590	2.52	1.04	0.6477223920244098	no
FLI1 (MA0475.3)	FLI1	MA0475.3	CCGGAA	ACCGGAARY	9	13.16	MER21C	WCMGGAARY	yes	139	137	5590	2.45	0.86	1.0	no
TFAP2B (MA0813.1)	TFAP2B	MA0813.1	GCCCYBRRGGC	WGCCCYBRRGGCW	13	14.36	MER21C	WSCCYYBVRGGSW	yes	235	136	5590	2.43	0.41	1.0	no
CREB3L1 (MA0839.2)	CREB3L1	MA0839.2	GCCACGTCA	YGCCACGTCABCR	13	17.19	MER21C	HKCCACRTVMBYW	yes	137	135	5590	2.42	0.94	1.0	no
ELK1::HOXA1 (MA1931.1)	ELK1::HOXA1	MA1931.1	CGGAAG	WSCGGAAGTMAKTW	14	17.39	MER21C	WYMGGAAGYHWKKW	yes	134	134	5590	2.4	0.57	1.0	no
ETS1 (MA0098.4)	ETS1	MA0098.4	CCGGAW	RCCGGAWRY	9	12.02	MER21C	RCMGGAARY	yes	137	134	5590	2.4	0.65	1.0	no
RFX7 (MA1554.2)	RFX7	MA1554.2	GTTRC	SGTTRCYR	8	9.11	MER21C	KGTTGCTA	yes	137	133	5590	2.38	0.74	1.0	no
ZSCAN29 (MA1602.2)	ZSCAN29	MA1602.2	GTCTACRC	YGTCTACRCVG	11	14.8	MER21C	KGTCTAYRCWR	yes	133	133	5590	2.38	0.67	1.0	no
TGIF2LX (MA1571.1)	TGIF2LX	MA1571.1	GACASSTGTC	TGACASSTGTCA	12	13.93	MER21C	TGWCASMTGWCA	yes	251	131	5590	2.34	0.49	1.0	no
PAX3 (MA1546.2)	PAX3	MA1546.2	GTCACGSYHRTT	SGTCACGSYHRTTA	14	14.65	MER21C	DKTYAYGSYWATBA	yes	133	129	5590	2.31	0.74	1.0	no
ZNF669 (MA1985.1)	ZNF669	MA1985.1	GGSYGAYGMCC	DGGSYGAYGMCCRBB	15	15.86	MER21C	RGGBYGATGMCCRSD	yes	130	128	5590	2.29	0.6	1.0	no
MEIS3 (MA0775.2)	MEIS3	MA0775.2	TGACA	DTGACAB	7	8.85	MER21C	TTGACAG	yes	131	127	5590	2.27	0.25	1.0	no
SMAD3 (MA0795.1)	SMAD3	MA0795.1	GTCTAGAC	YGTCTAGACW	10	15.61	MER21C	WGTCTAGACA	yes	209	126	5590	2.25	0.49	1.0	no
ETS2 (MA1484.2)	ETS2	MA1484.2	ACCGGAWG	ACCGGAWGY	9	13.27	MER21C	RCMGGAWGY	yes	128	123	5590	2.2	0.67	1.0	no
PAX1 (MA0779.2)	PAX1	MA0779.2	GTCACGCWTSAVT	SGTCACGCWTSAVTKM	16	19.52	MER21C	DGWCMYGSWTGAHTRM	yes	128	122	5590	2.18	0.65	1.0	no
TFAP2C (MA0815.1)	TFAP2C	MA0815.1	GCCCYBRGGGC	WGCCCYBRGGGCW	13	14.48	MER21C	WSCCYYBVRGGSW	yes	223	118	5590	2.11	0.44	1.0	no
CREM (MA0609.3)	CREM	MA0609.3	TGACGTCA	RTGACGTCAY	10	11.5	MER21C	RTGAYRTCAY	yes	227	115	5590	2.06	0.83	1.0	no
FEV (MA0156.4)	FEV	MA0156.4	ACCGGAAGT	ACCGGAAGT	9	14.41	MER21C	DCCGGAARY	yes	104	103	5590	1.84	0.84	1.0	no
GATA2 (MA0036.4)	GATA2	MA0036.4	TTATC	YTTATCT	7	10.64	MER21C	CTTATCT	yes	104	102	5590	1.82	0.28	1.0	no
ATF6 (MA1466.2)	ATF6	MA1466.2	TGACGTGGC	YKRTGACGTGGCR	13	19.07	MER21C	DDVTGACGTGKCH	yes	98	96	5590	1.72	0.8	1.0	no
CREB3 (MA0638.2)	CREB3	MA0638.2	CACGTCA	YKMCACGTCAYH	12	15.31	MER21C	DKMCACGTCAYY	yes	95	94	5590	1.68	1.11	0.33223134821206357	no
PAX2 (MA0067.3)	PAX2	MA0067.3	AVYSRWGCGTGAC	BYAVYSRWGCGTGACS	16	16.99	MER21C	KYARTCAWSCRTGWCY	yes	95	94	5590	1.68	0.86	1.0	no
EGR2 (MA0472.2)	EGR2	MA0472.2	CGCCCACGC	MCGCCCACGCR	11	15.29	MER21C	MCDCCCACRCR	yes	95	93	5590	1.66	1.1	0.3673530341123551	no
ZNF93 (MA1721.2)	ZNF93	MA1721.2	CRGCRGCRG	RGYRKCRGCRGCRG	14	15.52	MER21C	GGNRKCRGSAGYRG	yes	105	93	5590	1.66	1.08	0.4536308573444497	no
CEBPG (MA0838.1)	CEBPG	MA0838.1	TTRCGCAA	RTTRCGCAAY	10	14.66	MER21C	MTTRCDCAAY	yes	104	91	5590	1.63	0.49	1.0	no
CREB3L4 (MA1475.2)	CREB3L4	MA1475.2	TSACGTSA	RTSACGTSA	9	10.62	MER21C	RTSACRTCA	yes	118	87	5590	1.56	0.98	1.0	no
E2F3 (MA0469.4)	E2F3	MA0469.4	WTTTGGCGCCAAAW	WTTTGGCGCCAAAW	14	20.78	MER21C	WTYTGGYRCCARAW	yes	158	83	5590	1.48	0.97	1.0	no
TP53 (MA0106.3)	TP53	MA0106.3	CATGYCYRGRCATGT	RACATGYCYRGRCATGTY	18	20.66	MER21C	DRCWWGYYHDRRCWWGYH	yes	123	83	5590	1.48	0.32	1.0	no
CEBPE (MA0837.3)	CEBPE	MA0837.3	TTGCGCAA	RTTGCGCAAY	10	15.87	MER21C	RTTRYRYAAY	yes	164	81	5590	1.45	0.67	1.0	no
PAX5 (MA0014.4)	PAX5	MA0014.4	GCGTGAC	GCGTGACC	8	10.61	MER21C	GCRTGACC	yes	80	79	5590	1.41	0.8	1.0	no
PAX8 (MA2094.1)	PAX8	MA2094.1	GTCACGCWYSR	SGTCACGCWYSRVYRM	16	16.06	MER21C	VGYCAYGSHTSAHYRV	yes	79	77	5590	1.38	0.66	1.0	no
IRF6 (MA1509.1)	IRF6	MA1509.1	CCGAAACT	RCCGAAACT	9	14.1	MER21C	MCCRAAACT	yes	77	76	5590	1.36	0.68	1.0	no
SMAD5 (MA1557.1)	SMAD5	MA1557.1	GTCTAGAC	YGTCTAGACW	10	13.54	MER21C	WGKCTAGMCW	yes	121	68	5590	1.22	0.41	1.0	no
TFDP1 (MA1122.2)	TFDP1	MA1122.2	GCGGGAA	SGCGGGAA	8	10.94	MER21C	KGCGGGAA	yes	69	68	5590	1.22	1.08	0.5341501838588918	no
E2F8 (MA0865.3)	E2F8	MA0865.3	CCCGCSA	YWCCCGCSA	9	10.59	MER21C	YWCCCGCCA	yes	62	61	5590	1.09	1.06	0.6663839191394626	no
HES7 (MA0822.1)	HES7	MA0822.1	GGCACGTGCC	YGGCACGTGCCR	12	19.78	MER21C	HBSCACRTGYCW	yes	70	54	5590	0.97	0.88	1.0	no
FOXN3 (MA1489.1)	FOXN3	MA1489.1	GTAAACAA	GTAAACAA	8	14.22	MER21C	GTAAACAA	yes	53	53	5590	0.95	0.65	1.0	no
CEBPB (MA0466.4)	CEBPB	MA0466.4	TTGCGCAA	RTTGCGCAAY	10	16.12	MER21C	RTTRYRYAAY	yes	94	50	5590	0.89	0.53	1.0	no
MYBL2 (MA0777.1)	MYBL2	MA0777.1	CCGTTWAAC	RRCCGTTWAACBGYY	15	16.77	MER21C	RDMMGTTWAWCYKYH	yes	65	50	5590	0.89	0.44	1.0	no
YY2 (MA0748.3)	YY2	MA0748.3	ATGGCG	ATGGCGG	7	10.38	MER21C	ATGGCGG	yes	49	48	5590	0.86	1.21	0.22853188826866935	no
OVOL1 (MA1544.2)	OVOL1	MA1544.2	ACCGTTA	DWACCGTTAY	10	14.54	MER21C	DDWCCGTTAH	yes	46	45	5590	0.81	0.81	1.0	no
MYBL1 (MA0776.1)	MYBL1	MA0776.1	CGTTAAC	RCCGTTAACSKY	12	15.28	MER21C	RMMGTTAACBBY	yes	53	43	5590	0.77	0.38	1.0	no
ZBED2 (MA1971.2)	ZBED2	MA1971.2	CGAAAC	CGAAACY	7	10.4	MER21C	CGAAACC	yes	39	38	5590	0.68	0.9	1.0	no
ZBTB14 (MA1650.2)	ZBTB14	MA1650.2	CGCGCAC	CCGCGCAC	8	11.22	MER21C	CCGSGCAC	yes	34	33	5590	0.59	1.26	0.2335165236949234	no
Nrf1 (MA0506.3)	Nrf1	MA0506.3	GCGCMTGCG	SYGCGCMTGCGY	12	14.5	MER21C	STGCBCMTGCSC	yes	33	31	5590	0.55	0.94	1.0	no
HINFP (MA0131.3)	HINFP	MA0131.3	CGTCCGC	RCGTCCGC	8	12.11	MER21C	RSGTCCSC	yes	27	27	5590	0.48	0.81	1.0	no
E2F4 (MA0470.3)	E2F4	MA0470.3	TGGCGCS	WWKTGGCGCSMWW	13	14.55	MER21C	WKYKGGCGCCMHW	yes	29	24	5590	0.43	0.8	1.0	no
ZFP57 (MA1583.2)	ZFP57	MA1583.2	TGCCGCA	TGCCGCA	7	11.28	MER21C	TGCCGCA	yes	22	22	5590	0.39	0.64	1.0	no
E2F1 (MA0024.3)	E2F1	MA0024.3	GGCGCC	WWWGGCGCCMWW	12	13.05	MER21C	WYKGGCGCCMRW	yes	32	21	5590	0.38	0.69	1.0	no
E2F2 (MA0864.3)	E2F2	MA0864.3	GCGC	WWWWSGCGCSMWW	13	12.7	MER21C	WKYKGGCGCCMHW	yes	24	21	5590	0.38	0.68	1.0	no
OVOL2 (MA1545.2)	OVOL2	MA1545.2	CCGTTA	WCCGTTA	7	11.92	MER21C	ACCGTTA	yes	16	16	5590	0.29	0.49	1.0	no
TCFL5 (MA0632.3)	TCFL5	MA0632.3	CRCGCGC	KCRCGCGC	8	11.12	MER21C	TCACGTGC	yes	16	16	5590	0.29	1.63	0.09783969241380298	no
HOXA9 (MA0594.3)	HOXA9	MA0594.3	CRTWA	RYCRTWA	7	7.19	MER21C	GTCGTAA	yes	12	12	5590	0.21	0.45	1.0	no
