motif	consensus	observed_consensus	consensus_full	motif_width	copies_with_hit	n_copies	pct_copies	pct_copies_bg	fold_prevalence	hits	hits_per_kb	hits_per_kb_bg	best_score	fisher_p	fdr_q
MTF1 (MA0863.1)	TKTGCACACGKCMC	TKWGCACAYVKCAS	TKTGCACACGKCMC	14	212	523	40.54	11.403	3.55	270	0.32	0.081	13.597	2.0848714961109133e-61	1.832602045081493e-58
Tfcp2l1 (MA0145.2)	CCRGYYHVRDCCRG	CCAGYVHMADCCWG	CCRGYYHVRDCCRG	14	275	523	52.58	21.3	2.47	494	0.59	0.19	12.466	6.908026551928354e-53	3.0360776695725113e-50
ZNF460 (MA1596.1)	CTCMGCCTCCC	RYYWSMRYCTCCMRWS	RCCTCMGCCTCCCRRR	16	204	523	39.01	15.166	2.57	374	0.45	0.112	11.435	4.2380617775232896e-38	1.2417521008143238e-35
TFAP2C (MA0815.1)	GCCCYBRGGGC	KSCCYYSRRGGSM	WGCCCYBRGGGCW	13	169	523	32.31	11.044	2.93	533	0.64	0.154	10.939	8.035922963807605e-37	1.7658940712967212e-34
TFAP2A (MA0872.1)	GCCCYBRGGGC	KSCCCYSRGGGSM	WGCCCYBRGGGCW	13	168	523	32.12	11.839	2.71	348	0.42	0.151	10.891	8.14707819798873e-33	1.4322563472064187e-30
Atoh1 (MA1467.3)	CAGATG	CAGATGG	CAGATGK	7	197	523	37.67	15.901	2.37	251	0.3	0.123	9.118	7.575274904162013e-32	9.512380915369156e-30
NEUROG2 (MA1642.2)	CAGATG	CAGATGG	CAGATGK	7	197	523	37.67	15.901	2.37	251	0.3	0.123	9.083	7.575274904162013e-32	9.512380915369156e-30
TFAP2B (MA0813.1)	GCCCYBRRGGC	RSCCCYBRRGGSM	WGCCCYBRRGGCW	13	174	523	33.27	13.598	2.45	448	0.54	0.169	10.775	5.176685941200587e-29	5.687883677894145e-27
PAX8 (MA2094.1)	GTCACGCWYSR	STMCAYGCWYGGCYRA	SGTCACGCWYSRVYRM	16	97	523	18.55	5.499	3.37	116	0.14	0.037	10.226	2.9542080602589896e-24	2.8852765388529467e-22
KLF9 (MA1107.3)	CACACCCMC	SVCACACMCAC	SMCACACCCMC	11	201	523	38.43	19.663	1.95	464	0.56	0.158	11.443	2.8801033949896143e-22	2.5316108841958707e-20
ZNF93 (MA1721.2)	CRGCRGCRG	RRCATMAGCAGYKG	RGYRKCRGCRGCRG	14	90	523	17.21	5.216	3.3	103	0.12	0.037	12.074	6.922942310366927e-22	5.532060264375026e-20
ZNF530 (MA1981.2)	GMARGGMVAGGG	GRMRGGMMAGRGGM	GMARGGMVAGGGSC	14	242	523	46.27	26.432	1.75	494	0.59	0.236	13.156	1.473270119484906e-21	1.0791703625226936e-19
ZIC1 (MA0696.1)	CCCCCYGCTGYG	BMCMCCMYRCKGTG	KRCCCCCYGCTGYG	14	171	523	32.7	15.564	2.1	212	0.25	0.115	12.394	1.978761521482746e-21	1.3379472133717952e-19
SATB1 (MA1963.2)	CTAATAA	CTAATAA	CTAATAA	7	237	523	45.32	25.782	1.76	370	0.44	0.228	9.395	3.4951457388655064e-21	2.194452217473414e-19
TP63 (MA0525.2)	ACATGTYRKRACATGT	ARMAWGTTDWRACWTGTY	RACATGTYRKRACATGTM	18	168	523	32.12	15.258	2.11	281	0.34	0.158	11.091	4.356479125400606e-21	2.552896767484755e-19
NFE2 (MA0841.2)	ATGACTCAT	ATGAVYCAYY	ATGACTCATS	10	178	523	34.03	16.711	2.04	282	0.34	0.168	12.736	4.7405183691051255e-21	2.604322279027128e-19
NEUROD1 (MA1109.2)	CAGATGG	RCAGMTGG	RCAGATGG	8	213	523	40.73	22.203	1.83	286	0.34	0.183	10.077	1.403882981691564e-20	6.855628560593804e-19
Neurod2 (MA0668.3)	CAGATGG	RCAGMTGG	MCAGATGG	8	213	523	40.73	22.203	1.83	286	0.34	0.183	10.151	1.403882981691564e-20	6.855628560593804e-19
KLF17 (MA1514.2)	CCACRCWCCC	ACCACRCWYCCMYY	MCCACRCWCCCMYY	14	199	523	38.05	20.076	1.9	295	0.35	0.161	11.865	1.8021401470256266e-20	7.920405946177629e-19
ZNF768 (MA1731.2)	TCTCTG	SYCTCTCTG	VCSTCTCTG	9	234	523	44.74	25.614	1.75	567	0.68	0.221	10.797	1.790023109880952e-20	7.920405946177629e-19
ELK4 (MA0076.3)	CTTCCGG	MRYTTCCKG	BRCTTCCGG	9	141	523	26.96	11.763	2.29	208	0.25	0.084	9.566	2.144141372264266e-20	8.974763172477572e-19
TP53 (MA0106.3)	CATGYCYRGRCATGT	RRMRWGYYBVRRCWWKYY	RACATGYCYRGRCATGTY	18	160	523	30.59	14.455	2.12	309	0.37	0.171	10.555	3.7217288571898144e-20	1.4869998479408396e-18
SMAD5 (MA1557.1)	GTCTAGAC	WGTSYRGACW	YGTCTAGACW	10	114	523	21.8	8.543	2.55	197	0.24	0.107	8.398	1.6604100300433782e-19	6.345653984383171e-18
PBX3 (MA1114.2)	TGAKTGACAG	TGAGWGACWSK	TGAKTGACAGS	11	230	523	43.98	25.751	1.71	399	0.48	0.222	13.227	8.803842346730176e-19	3.224407259489927e-17
GRHL1 (MA0647.2)	AACCGGTT	MAACMRGTTK	WAACCGGTTW	10	221	523	42.26	24.344	1.74	559	0.67	0.335	10.478	1.1794390706056303e-18	4.1469077722493964e-17
Zfx (MA0146.3)	CBVGGCCT	RSTKRGGCCT	RSCBVGGCCT	10	168	523	32.12	16.337	1.97	202	0.24	0.133	9.993	3.216483883000385e-18	1.087418974291284e-16
SREBF1 (MA0595.1)	TCACSCCA	MTCASRCCAY	RTCACSCCAY	10	178	523	34.03	17.836	1.91	293	0.35	0.138	10.475	3.4487778468371702e-18	1.1227687879147677e-16
NR1D2 (MA1532.2)	TRGGTYAGTRGGTCA	YRKRTTASTGKGTYA	TRGGTYAGTRGGTCA	15	228	523	43.59	25.744	1.69	302	0.36	0.23	13.486	4.038013578934663e-18	1.2676478342441318e-16
MGA (MA0801.1)	GTGTGA	KGGTGTGA	RGGTGTGA	8	231	523	44.17	26.294	1.68	304	0.36	0.228	9.855	5.2366560208797676e-18	1.5872484973632123e-16
IRF2 (MA0051.2)	GAAAGYGAAAS	BRAAAVYRAAASMHAA	SGAAAGYGAAASYNWW	16	287	523	54.88	36.214	1.52	616	0.74	0.383	11.91	1.4153589849204203e-17	4.1470018258168313e-16
Ahr::Arnt (MA0006.2)	GCGTG	GCGTG	GCGTG	5	240	523	45.89	28.031	1.64	408	0.49	0.245	6.682	1.5155975787039327e-17	4.2974524892927643e-16
REL (MA0101.1)	GGRNWTTCC	KGGKMTTTYC	SGGRNWTTCC	10	215	523	41.11	24.115	1.7	384	0.46	0.226	9.82	4.1159862196476744e-17	1.1306099647094705e-15
CTCF (MA0139.2)	CCASYAGRKGGC	DCCASMAGADGGMDS	RCCASYAGRKGGCRS	15	196	523	37.48	21.155	1.77	307	0.37	0.172	11.203	6.009544226233863e-17	1.5536439337822252e-15
IRF4 (MA1419.2)	CGAAACCGAAAC	CAAAACCAAAAYYM	CGAAACCGAAACYW	14	231	523	44.17	26.83	1.65	454	0.54	0.242	10.761	5.963930311503381e-17	1.5536439337822252e-15
ZBTB33 (MA0527.2)	TCTCGCG	TCCCGCGATG	TCTCGCGRKR	10	37	523	7.07	1.163	6.09	38	0.05	0.01	9.016	1.5810999904574718e-16	3.970819690320336e-15
TFCP2 (MA1968.2)	AACCGGWT	MAACYRGWT	RAACCGGWT	9	183	523	34.99	19.434	1.8	401	0.48	0.204	10.694	2.7786366323264547e-16	6.7845044439304266e-15
SREBF2 (MA0596.1)	TGGSGTGA	RTGGSSTGAY	RTGGSGTGAY	10	185	523	35.37	19.786	1.79	238	0.29	0.16	10.103	3.4112710450537387e-16	8.104073644870909e-15
SPDEF (MA0686.2)	AMCCGGATRT	WMCCGGAWRY	AMCCGGATRT	10	107	523	20.46	8.642	2.37	136	0.16	0.061	11.739	3.881674908572212e-16	8.978926959565722e-15
IRF7 (MA0772.2)	CGAAARYGAAA	VDAAARYVAAARW	CGAAARYGAAAVW	13	333	523	63.67	45.736	1.39	1078	1.29	0.574	11.662	4.755508537734892e-16	1.0718184627356334e-14
ZIC4 (MA0751.2)	CCMCCYGYDG	SMCYCCMYRCKGTG	KRCCMCCYGYDGHK	14	153	523	29.25	15.082	1.94	192	0.23	0.113	12.289	6.832638923960661e-16	1.5014724035403552e-14
TFAP2E (MA1569.2)	SCCYSRGGS	SCCTSAGGS	SCCYSRGGS	9	123	523	23.52	10.937	2.15	272	0.33	0.134	9.545	1.2752628184930004e-15	2.7340390669642615e-14
ZBTB7A (MA0750.3)	CCGGAAG	CMGGAAGSK	CCGGAAGYS	9	139	523	26.58	13.369	1.99	203	0.24	0.1	9.438	4.053149540521846e-15	8.482662966949292e-14
IRF9 (MA0653.1)	AWCGAAACCGAAAC	RWMAAAAMYVAAASY	AWCGAAACCGAAACY	15	275	523	52.58	35.511	1.48	634	0.76	0.373	8.126	4.3473461451595864e-15	8.88678432929134e-14
Arid3b (MA0601.2)	TTAAT	TATTAAT	WWTTAAT	7	201	523	38.43	22.883	1.68	466	0.56	0.219	8.34	4.640140736175762e-15	9.269735697951124e-14
ZNF816 (MA1719.2)	GGGGACMTG	WGGRGACMWKMHRRG	KGGGGACMTGYHDRV	15	196	523	37.48	22.164	1.69	436	0.52	0.183	13.086	6.839529389115095e-15	1.3359880740071483e-13
ETS2 (MA1484.2)	ACCGGAWG	ASMGGAWGY	ACCGGAWGY	9	119	523	22.75	10.685	2.13	164	0.2	0.076	10.769	8.316692187661727e-15	1.5892113984684039e-13
POU2F1 (MA0785.2)	TATGYWAA	KATGYWAAW	TATGYWAAT	9	254	523	48.57	32.138	1.51	522	0.63	0.323	10.812	1.67656422940342e-14	3.135531824777886e-13
ELK1::SREBF2 (MA1933.2)	CGGAAGTSRCGTG	SVGGAWGYGWGGTGR	SCGGAAGTSRCGTGA	15	95	523	18.16	7.648	2.38	104	0.12	0.053	12.174	2.1311215488197516e-14	3.9026163362761705e-13
Nr1h3::Rxra (MA0494.2)	TGMCCYVDRRTRRCC	TGDCMYRWRRTAAMYT	TGMCCYVDRRTRRCCY	16	246	523	47.04	30.86	1.52	406	0.49	0.299	13.106	2.6458806498002524e-14	4.746385900355963e-13
ETV5 (MA0765.4)	CCGGAAGT	MCCGGAARY	RCCGGAAGT	9	86	523	16.44	6.631	2.48	102	0.12	0.046	9.878	5.0426876387439107e-14	8.865044868911795e-13
MEIS1 (MA1639.2)	ATMAATCA	YATMAATCA	YATMAATCA	9	218	523	41.68	26.287	1.59	315	0.38	0.242	10.851	5.919238839442192e-14	1.0201982235038601e-12
ELF4 (MA0641.1)	CCGGAAGT	VACCMGGAAGYD	DWMCCGGAAGTR	12	134	523	25.62	13.285	1.93	160	0.19	0.098	11.531	1.3822191937831255e-13	2.3364820602603218e-12
ZNF213 (MA2121.1)	CCCAGGC	KCCCWGGCWGSM	RCCCAGGCDGSR	12	157	523	30.02	16.757	1.79	184	0.22	0.131	12.087	1.74747701226222e-13	2.898174139204701e-12
ZNF136 (MA1588.1)	ATTCTKGGYTG	MWATKCYWRGTTRRH	RWATTCTKGGYTGRM	15	275	523	52.58	36.857	1.43	538	0.64	0.401	15.164	5.542950719312899e-13	9.022692004214886e-12
ZBTB7C (MA0695.2)	ACCACC	RGACCACC	SRACCACC	8	145	523	27.72	15.289	1.81	182	0.22	0.113	9.432	9.4106678840282e-13	1.5039958309201433e-11
PLAG1 (MA0163.1)	GGGGCCMWMGGGGG	RWGKSYMWMRGGGR	GGGGCCMWMGGGGG	14	190	523	36.33	22.394	1.62	307	0.37	0.201	12.917	1.1376859468782239e-12	1.7857606201892122e-11
TFAP2C (MA0814.3)	CCTGAGG	SCCWGAGGC	SCCTGAGGS	9	168	523	32.12	18.929	1.7	303	0.36	0.154	10.946	1.4620362617550624e-12	2.2546138141801752e-11
ZNF257 (MA1710.2)	GAGGMRAG	GWGGMAAGRR	GAGGMRAGRK	10	202	523	38.62	24.459	1.58	345	0.41	0.208	11.326	1.635931798640786e-12	2.4792828465607776e-11
Ikzf3 (MA1992.2)	CAGGAAG	CAGGAASBR	CAGGAAGYS	9	238	523	45.51	30.616	1.49	474	0.57	0.294	11.062	1.8366379813771257e-12	2.7362792976788026e-11
Hand1 (MA2123.1)	CAGACC	YMCAGACCH	DCCAGACCY	9	215	523	41.11	26.707	1.54	339	0.41	0.233	10.669	2.1323407564871573e-12	3.123879208253686e-11
GABPA (MA0062.4)	CTTCCT	CHCTTCCTST	YACTTCCTGY	10	246	523	47.04	32.176	1.46	579	0.69	0.313	11.913	3.200769785604233e-12	4.61225678941987e-11
ELK3 (MA0759.3)	CCGGAAGT	MCCGGAARY	RCCGGAAGT	9	84	523	16.06	7.021	2.29	99	0.12	0.048	9.872	5.739765183414943e-12	8.137505800357637e-11
HAND2 (MA1638.2)	CAGATG	CAGATG	CAGATG	6	286	523	54.68	39.595	1.38	534	0.64	0.445	8.173	6.056076583523917e-12	8.449668757011941e-11
ERF::NHLH1 (MA1938.2)	GCAGCTGCCGGA	RKCAGCTKSCRGRKGY	VGCAGCTGCCGGAWRY	16	131	523	25.05	13.644	1.84	155	0.19	0.102	11.07	8.294289232261022e-12	1.1380142861553908e-10
SMAD3 (MA0795.1)	GTCTAGAC	WGTSTAGACA	YGTCTAGACW	10	130	523	24.86	13.499	1.84	234	0.28	0.147	8.421	8.415350238919272e-12	1.1380142861553908e-10
PBX1 (MA0070.2)	ATCAATCA	ATCAAKCAR	ATCAATCAW	9	224	523	42.83	28.696	1.49	288	0.34	0.279	11.266	1.0935080550276474e-11	1.4563539096504576e-10
FOXA3 (MA1683.2)	GTAAACA	GTAAACA	GTAAACA	7	197	523	37.67	24.199	1.56	244	0.29	0.202	8.909	1.4342188753088674e-11	1.5563930757981412e-10
FOXD1 (MA0031.2)	GTAAACA	GTAAACA	GTAAACA	7	197	523	37.67	24.199	1.56	244	0.29	0.202	9.079	1.4342188753088674e-11	1.5563930757981412e-10
FOXI1 (MA0042.2)	GTAAACA	GTAAACA	GTAAACA	7	197	523	37.67	24.199	1.56	244	0.29	0.202	9.233	1.4342188753088674e-11	1.5563930757981412e-10
FOXK1 (MA0852.3)	GTAAACA	GTAAACA	GTAAACA	7	197	523	37.67	24.199	1.56	244	0.29	0.202	9.118	1.4342188753088674e-11	1.5563930757981412e-10
FOXK2 (MA1103.3)	TAAACA	GTAAACA	GTAAACA	7	197	523	37.67	24.199	1.56	244	0.29	0.202	8.902	1.4342188753088674e-11	1.5563930757981412e-10
FOXL1 (MA0033.2)	TAAACA	GTAAACA	RTAAACA	7	197	523	37.67	24.199	1.56	244	0.29	0.202	8.57	1.4342188753088674e-11	1.5563930757981412e-10
FOXO4 (MA0848.1)	GTAAACA	GTAAACA	GTAAACA	7	197	523	37.67	24.199	1.56	244	0.29	0.202	8.876	1.4342188753088674e-11	1.5563930757981412e-10
FOXP1 (MA0481.4)	GTAAACA	GTAAACA	GTAAACA	7	197	523	37.67	24.199	1.56	244	0.29	0.202	8.878	1.4342188753088674e-11	1.5563930757981412e-10
FOXP3 (MA0850.1)	RYAAAYA	GTAAACA	RYAAAYA	7	197	523	37.67	24.199	1.56	244	0.29	0.202	8.112	1.4342188753088674e-11	1.5563930757981412e-10
FOXP4 (MA2117.1)	TAAACA	GTAAACA	GTAAACA	7	197	523	37.67	24.199	1.56	244	0.29	0.202	8.864	1.4342188753088674e-11	1.5563930757981412e-10
Foxf1 (MA1606.2)	TAAACA	GTAAACA	RTAAACA	7	197	523	37.67	24.199	1.56	244	0.29	0.202	8.773	1.4342188753088674e-11	1.5563930757981412e-10
Foxo1 (MA0480.3)	GTAAACA	GTAAACA	GTAAACA	7	197	523	37.67	24.199	1.56	244	0.29	0.202	8.832	1.4342188753088674e-11	1.5563930757981412e-10
Foxo3 (MA0157.4)	GTAAACA	GTAAACA	GTAAACA	7	197	523	37.67	24.199	1.56	244	0.29	0.202	8.945	1.4342188753088674e-11	1.5563930757981412e-10
IRF5 (MA1420.1)	GAAACCRA	YCAAAACCAAAAYY	YYGAAACCRAWMMY	14	196	523	37.48	24.031	1.56	386	0.46	0.209	12.614	1.4238113637211574e-11	1.5563930757981412e-10
NR4A1 (MA1112.3)	AAAGGTCA	AAAGGTYA	AAAGGTCA	8	289	523	55.26	40.39	1.37	574	0.69	0.442	10.326	1.2938809870291473e-11	1.5563930757981412e-10
IRF3 (MA1418.2)	AHSGAAACSGAAAC	VRAAHVRAAAVHRAAAB	RRAAHSGAAACSGAAAC	17	268	523	51.24	36.673	1.4	702	0.84	0.407	12.513	2.0435685658846824e-11	2.1906058163568728e-10
ZNF701 (MA1987.2)	GAGMASYDDRGGGGG	GAGVRDBRRRRRGRRVR	GAGMASYDDRGGGGGRR	17	216	523	41.3	27.717	1.49	414	0.5	0.255	12.067	4.3238207091861195e-11	4.5790824137043364e-10
BHLHE22 (MA1635.2)	CAGCTG	CAGCTG	CAGCTG	6	224	523	42.83	29.124	1.47	662	0.79	0.522	8.297	4.775873132439739e-11	4.770446003880149e-10
Neurod2 (MA1993.2)	CAGCTG	CAGCTG	CAGCTG	6	224	523	42.83	29.124	1.47	662	0.79	0.522	8.284	4.775873132439739e-11	4.770446003880149e-10
Olig2 (MA1997.2)	CAGCTG	CAGCTG	CAGCTG	6	224	523	42.83	29.124	1.47	662	0.79	0.522	8.263	4.775873132439739e-11	4.770446003880149e-10
Tcf12 (MA0521.3)	CAGCTG	CAGCTG	CAGCTG	6	224	523	42.83	29.124	1.47	662	0.79	0.522	8.117	4.775873132439739e-11	4.770446003880149e-10
Twist2 (MA0633.3)	CAGCTG	CAGCTG	CAGCTG	6	224	523	42.83	29.124	1.47	662	0.79	0.522	8.281	4.775873132439739e-11	4.770446003880149e-10
ZNF263 (MA0528.3)	GGGAGGA	GGGAGGA	GGGAGGA	7	153	523	29.25	17.507	1.67	224	0.27	0.136	9.258	7.680501368602458e-11	7.58557382359726e-10
ZFP14 (MA1972.1)	GGAGSMHMHGGA	RGAGRSWHARGARDG	GGAGSMHMHGGARBG	15	206	523	39.39	26.21	1.5	400	0.48	0.233	11.876	8.593786799065953e-11	8.393265107087747e-10
CTCF (MA1930.2)	TGCAVTDHHVVVHHHHDDCCWSYAGRKGG	YKRYAGWSSYRHBDMWWRRSCASMAGRKRGMDV	BTGCAVTDHHVVVHHHHDDCCWSYAGRKGGMRS	33	162	523	30.98	18.967	1.63	199	0.24	0.152	10.752	8.859985214724972e-11	8.46513804754701e-10
RREB1 (MA0073.2)	MCMCMAMMCAMCMMC	MMMCMMMMCAMMMMMMMMM	MCMCMAMMCAMCMMCMMMS	19	253	523	48.37	34.424	1.41	878	1.05	0.411	11.98	8.793948570243777e-11	8.46513804754701e-10
HIF1A (MA1106.2)	ACGTGC	ACGTGC	ACGTGC	6	95	523	18.16	8.941	2.03	122	0.15	0.062	7.953	9.439443026193596e-11	8.864301591159188e-10
GLI3 (MA1491.3)	GACCACCCACGWHG	DGMYCMCCCABRVYK	RGACCACCCACGWHG	15	166	523	31.74	19.625	1.62	198	0.24	0.155	14.765	9.47945790180846e-11	8.864301591159188e-10
Plagl1 (MA1615.2)	GGGGCCA	KGGGGCCA	WGGGGCCA	8	185	523	35.37	22.73	1.56	369	0.44	0.187	10.068	9.80673445604276e-11	9.073810091433249e-10
TFDP1 (MA1122.2)	GCGGGAA	YGCGGGAM	SGCGGGAA	8	63	523	12.05	4.803	2.51	71	0.09	0.032	9.441	1.217333829909758e-10	1.1146212880111222e-09
POU5F1B (MA0792.1)	ATGYWAA	KATGYWAAW	YATGYWAAT	9	245	523	46.85	33.239	1.41	553	0.66	0.34	10.467	1.8969078748751124e-10	1.7189505381600247e-09
ETV4 (MA0764.4)	CCGGA	MCCGGAARY	RCCGGAAGY	9	91	523	17.4	8.528	2.04	115	0.14	0.059	9.629	2.081180869887126e-10	1.86669182105182e-09
TFAP2A (MA0003.5)	CCTCAGG	SCCTCWGGS	SCCTCAGGS	9	167	523	31.93	20.107	1.59	370	0.44	0.19	10.853	3.2194477442164167e-10	2.838541480536532e-09
Sox6 (MA0515.1)	CWTTGT	YYTTTGTYTT	YCWTTGTYYY	10	289	523	55.26	41.453	1.33	498	0.6	0.469	10.754	3.2292849607924137e-10	2.838541480536532e-09
FOXA1 (MA0148.5)	GTAAACA	GTAAACAW	GTAAACAW	8	234	523	44.74	31.503	1.42	348	0.42	0.295	10.1	3.7081827157937153e-10	3.227220403151164e-09
ELF2 (MA1483.3)	CCGGAA	WMCMGGAARY	WMCCGGAART	10	139	523	26.58	15.709	1.69	170	0.2	0.12	11.659	3.818409137078886e-10	3.2905702269532756e-09
ERF::FOXO1 (MA1936.2)	ACMGGAA	RWMAMCAGGAAR	RWMWACMGGAAR	12	243	523	46.46	33.178	1.4	398	0.48	0.319	11.364	4.728285316318515e-10	4.035109507809685e-09
HOXB8 (MA1502.2)	YMATTA	GCAATTA	KYMATTA	7	158	523	30.21	18.792	1.61	271	0.32	0.151	7.926	5.358636918590831e-10	4.485944620420324e-09
HOXD8 (MA0910.3)	YMATTA	GCAATTA	RYMATTA	7	158	523	30.21	18.792	1.61	271	0.32	0.151	7.934	5.358636918590831e-10	4.485944620420324e-09
TP73 (MA0861.2)	CAWGTYBDRACAYG	ACATGYCWYRACWTKY	RCAWGTYBDRACAYGY	16	118	523	22.56	12.612	1.79	144	0.17	0.128	10.121	5.854678993035336e-10	4.854964938564208e-09
ELK1 (MA0028.3)	CCGGAAGT	MCCGGAARY	RCCGGAAGT	9	89	523	17.02	8.497	2.0	112	0.13	0.059	9.676	8.269481690448016e-10	6.769920675023439e-09
EWSR1-FLI1 (MA0149.1)	GGAAGGAAGGAAGGAAGG	RRRAGRRARSMARRARRR	GGAAGGAAGGAAGGAAGG	18	242	523	46.27	33.185	1.39	660	0.79	0.411	5.53	8.317991273066343e-10	6.769920675023439e-09
JUND (MA0491.3)	TGASTCA	RTGAYTYAT	RTGASTCAT	9	157	523	30.02	18.799	1.6	208	0.25	0.203	11.262	1.0097678592421401e-09	8.142990351136157e-09
Erg (MA0474.4)	CAGGAAG	MSAGGAAGHR	RCAGGAAGYR	10	233	523	44.55	31.771	1.4	508	0.61	0.31	11.896	1.451478381598619e-09	1.159863179477442e-08
FOXB1 (MA0845.1)	GTMAAYA	WRWGTMAAYAW	WRWGTMAAYAW	11	279	523	53.35	40.145	1.33	721	0.86	0.47	11.515	1.58449973048912e-09	1.2547524892792221e-08
ETV2::HOXB13 (MA1943.2)	CGGAWMYATWA	SAGGAAMWRTWAD	SCGGAWMYATWAA	13	149	523	28.49	17.698	1.61	213	0.26	0.141	10.378	1.9785875057674282e-09	1.5494847025894934e-08
NKX2-2 (MA1645.2)	CACTCA	CCACTCMA	CCACTCAA	8	214	523	40.92	28.543	1.43	359	0.43	0.251	10.038	1.9919427917248323e-09	1.5494847025894934e-08
IKZF2 (MA2326.1)	AGGAAG	AGGAAG	AGGAAG	6	350	523	66.92	53.927	1.24	1087	1.3	0.861	8.224	2.090255139445792e-09	1.6116967259410974e-08
ZNF341 (MA1655.2)	AACAGC	GAACAGCM	SAACAGCH	8	188	523	35.95	24.199	1.49	258	0.31	0.202	9.845	2.7839477936384577e-09	2.127904444007134e-08
THRB (MA1576.2)	TSACCTBRSRTGACCTYA	KGRSKYYAMMTGACCTKM	TSACCTBRSRTGACCTYA	18	166	523	31.74	20.642	1.54	292	0.35	0.172	12.47	3.96341229984081e-09	3.003309837551786e-08
Prdm15 (MA1616.2)	AAAACCYGG	SAAARMCTGGA	BAAAACCYGGM	11	253	523	48.37	35.862	1.35	379	0.45	0.383	11.722	6.264626235153619e-09	4.706501248461564e-08
POU3F1 (MA0786.2)	ATGYWAAT	WWATGYWAAW	WTATGYWAAT	10	251	523	47.99	35.748	1.34	676	0.81	0.387	11.194	1.2438923035353387e-08	9.265943515318329e-08
GATA2 (MA0036.4)	TTATC	CTTATCT	YTTATCT	7	165	523	31.55	20.902	1.51	195	0.23	0.171	9.0	1.659855777864966e-08	1.22606153675908e-07
NFKB2 (MA0778.2)	GGGGAWTCCCC	GGGKHWDMCCC	GGGGAWTCCCC	11	129	523	24.67	15.197	1.62	350	0.42	0.215	11.149	2.4040790475756558e-08	1.760987902349168e-07
ZNF416 (MA1979.2)	CTGGGC	WWWCTGGGCW	WRWCTGGGCW	10	204	523	39.01	27.641	1.41	490	0.59	0.248	11.926	2.4363646190020468e-08	1.7698880166138836e-07
TFAP2A (MA0810.2)	CCYBVRGGC	MSCCCBRGGGC	YSCCYBVRGGC	11	133	523	25.43	15.87	1.6	285	0.34	0.139	10.402	2.805982440562591e-08	2.0216873485692767e-07
NR4A2 (MA0160.3)	AAAGGTCA	RAAGGKCA	AAAGGTCA	8	257	523	49.14	37.262	1.32	399	0.48	0.397	9.993	3.822784964432887e-08	2.731892669704478e-07
Hand1::Tcf3 (MA0092.2)	TCTGG	ATCTGGTAT	RTCTGGMWN	9	193	523	36.9	25.935	1.42	302	0.36	0.234	9.371	4.300662101986334e-08	3.0486145061661183e-07
Stat5b (MA1625.2)	TTCCMAGAA	TTCMHRGAA	TTCCMAGAA	9	227	523	43.4	31.931	1.36	494	0.59	0.379	11.389	4.850076685940964e-08	3.4105739255536856e-07
BCL11A (MA2324.1)	TGACC	CTGACCA	CTGACCW	7	151	523	28.87	18.967	1.52	233	0.28	0.15	8.78	5.5761565750546965e-08	3.8900330392643474e-07
ERF (MA0760.2)	ACCGGAART	ACMGGAARY	ACCGGAART	9	98	523	18.74	10.669	1.76	124	0.15	0.076	10.197	5.882672344770591e-08	4.071550386656181e-07
RELA (MA0107.1)	GGRRTTTCC	SGGRRTTTYC	SGGRRTTTCC	10	183	523	34.99	24.344	1.44	280	0.34	0.24	11.699	6.136348380605148e-08	4.2139454894936916e-07
HOXA10 (MA0899.2)	ATWAA	HTAATAAAA	RYMATWAAH	9	297	523	56.79	44.933	1.26	839	1.0	0.585	9.493	6.402033725227224e-08	4.3623160034687827e-07
ZNF677 (MA2101.1)	AAGAACAG	DRWAAGAMCAGY	RRYAAGAACAGY	12	266	523	50.86	39.273	1.3	486	0.58	0.428	11.594	9.452483135028051e-08	6.391332827453583e-07
LIN54 (MA0619.2)	TTTRAA	TTTAAAT	TTTRAAY	7	325	523	62.14	50.516	1.23	672	0.8	0.81	8.507	1.0111291767645016e-07	6.784599590656465e-07
ETV1 (MA0761.3)	CAGGAAG	MCAGGAARB	RCAGGAAGY	9	226	523	43.21	32.069	1.35	433	0.52	0.313	11.014	1.1284965087477278e-07	7.514760842342824e-07
MYBL1 (MA0776.1)	CGTTAAC	AMAGTTAACRKT	RCCGTTAACSKY	12	103	523	19.69	11.618	1.7	125	0.15	0.115	11.874	1.3268647214551538e-07	8.769278873376543e-07
NHLH1 (MA0048.3)	CAGCTG	MKCAGCTGM	MRCAGCTGY	9	125	523	23.9	15.036	1.59	180	0.22	0.137	10.172	1.337165908593172e-07	8.771409206368643e-07
ZNF24 (MA1124.1)	TTCATTCATT	MATWCATTCAWTY	YATTCATTCATTC	13	211	523	40.34	29.484	1.37	441	0.53	0.315	12.354	1.378130002827098e-07	8.973157573963106e-07
PLAGL2 (MA1548.2)	GGGCCCC	KGGCCCCC	GGGCCCCY	8	145	523	27.72	18.294	1.52	314	0.38	0.199	10.04	1.5247046994992974e-07	9.8545252269109e-07
NHLH2 (MA1529.2)	CAGCTGCG	HRRCBCAKMTGVGYCD	DRHMKCAGCTGCGYMM	16	99	523	18.93	11.12	1.7	231	0.28	0.103	10.753	2.0626009272548958e-07	1.3137871123601837e-06
MEF2B (MA0660.1)	CTAWAAATAG	DMTAWWAATARV	RCTAWAAATAGM	12	248	523	47.42	36.275	1.31	613	0.73	0.437	12.617	2.0516636844016267e-07	1.3137871123601837e-06
EPAS1 (MA2325.1)	GCACGT	VGCACGTMS	BGCACGTMS	9	33	523	6.31	2.21	2.85	35	0.04	0.014	9.152	2.869000465257051e-07	1.8013224349721053e-06
DMRTA2 (MA1478.2)	GWWACA	GTTACA	GWWACA	6	293	523	56.02	44.795	1.25	592	0.71	0.541	6.873	2.8661460563593473e-07	1.8013224349721053e-06
ESR1 (MA0112.4)	RGGTCAMVRTGACCT	GKGKYWMHSTGACMY	RGGTCAMVRTGACCT	15	117	523	22.37	14.103	1.59	184	0.22	0.139	9.294	4.3115164104878234e-07	2.6878176771764518e-06
Bhlha15 (MA1472.3)	CAGCTG	MCAGCTGK	MCAGCTGK	8	116	523	22.18	13.973	1.59	242	0.29	0.205	10.131	4.753039719414319e-07	2.9421985305388637e-06
FOXJ2::ELF1 (MA1952.2)	ACMGGAA	AWAMARGAARY	MWACMGGAARW	11	244	523	46.65	35.985	1.3	449	0.54	0.378	11.139	5.997594593430108e-07	3.6866333200175282e-06
ZNF449 (MA1656.2)	AGCCCAAC	ARGCCCAMCC	MAGCCCAACM	10	209	523	39.96	29.751	1.34	258	0.31	0.277	12.15	6.948873369465979e-07	4.241708119278192e-06
FOXN3 (MA1489.1)	GTAAACAA	GTAAACAA	GTAAACAA	8	95	523	18.16	10.837	1.68	96	0.11	0.076	10.866	7.446001903571044e-07	4.513817705682033e-06
GATA1 (MA0035.5)	CTWATCT	CTAATCT	CTWATCT	7	152	523	29.06	19.969	1.46	177	0.21	0.164	8.784	7.534217961878722e-07	4.536012046911915e-06
Thap11 (MA1573.2)	ACTACAWBTCCC	MSTMCARBTSCCAK	ACTACAWBTCCCRK	14	180	523	34.42	24.727	1.39	278	0.33	0.216	12.499	7.719265061794411e-07	4.615805434909719e-06
CDX4 (MA1473.2)	GYMATAAA	MYMATAAAA	GYMATAAAM	9	267	523	51.05	40.344	1.27	549	0.66	0.473	10.771	7.928471808013927e-07	4.708869404894758e-06
HMBOX1 (MA0895.2)	TRGTTA	TAGTTAA	TRGTTAM	7	201	523	38.43	28.398	1.35	242	0.29	0.267	8.217	8.048787151221961e-07	4.748244232163829e-06
PATZ1 (MA1961.2)	GGMGGGG	RSRGGWGGGGS	SSRGGMGGGGS	11	118	523	22.56	14.447	1.56	143	0.17	0.107	12.416	8.158240786785058e-07	4.780729101056044e-06
Ddit3::Cebpa (MA0019.2)	TGCAAT	ATGMAATRSY	RTGCAATMSY	10	154	523	29.45	20.344	1.45	242	0.29	0.168	10.511	8.477993929777488e-07	4.935203088923452e-06
ZNF175 (MA2332.1)	AGGAAG	ACAGGAAGB	RCAGGAAGY	9	217	523	41.49	31.273	1.33	384	0.46	0.299	10.956	8.9051819216803e-07	5.149772966550647e-06
ZBTB32 (MA1580.1)	GTACAGT	WDTACAGTWW	WGTACAGTRW	10	198	523	37.86	27.946	1.35	365	0.44	0.25	11.823	9.763688179757169e-07	5.609334581703628e-06
FOXA2 (MA0047.4)	GTAAACA	WGTAAAYA	WGTAAACA	8	234	523	44.74	34.409	1.3	348	0.42	0.335	9.518	1.071764811998623e-06	6.117410842511622e-06
SMAD2 (MA1964.2)	CCAGAC	CCAGAC	CCAGAC	6	265	523	50.67	40.122	1.26	471	0.56	0.442	8.097	1.1189529500335052e-06	6.345546084383556e-06
Tbx6 (MA1567.3)	GGTGTGAA	KGGTGTGAS	RGGTGTGAA	9	222	523	42.45	32.291	1.31	254	0.3	0.301	10.25	1.1980707686090953e-06	6.7506679846627875e-06
GRHL2 (MA1105.3)	AACAGGTT	ARCWGGTT	AACAGGTT	8	252	523	48.18	37.828	1.27	607	0.73	0.394	10.162	1.4454160704594821e-06	8.092488700215827e-06
FOSL2 (MA0478.2)	TGASTCA	RRTGRBTCAT	RRTGASTCAB	10	151	523	28.87	20.069	1.44	225	0.27	0.19	11.014	1.6250028465678967e-06	8.98350630272441e-06
ZNF281 (MA1630.3)	GGGGGMGGGG	GGRGGHKGGG	GGGGGMGGGG	10	175	523	33.46	24.145	1.39	278	0.33	0.213	13.071	1.6227082133329671e-06	8.98350630272441e-06
ZSCAN29 (MA1602.2)	GTCTACRC	KGTCYACACRK	YGTCTACRCVG	11	93	523	17.78	10.761	1.65	114	0.14	0.075	12.38	1.785014841069719e-06	9.80642528312677e-06
KLF13 (MA0657.2)	RMCACGCCCCY	KGMCASGYCCCTKKTTW	KRMCACGCCCCYTTDKK	17	147	523	28.11	19.465	1.44	178	0.21	0.152	7.192	1.9545116204227316e-06	1.0670905058084354e-05
ZNF189 (MA1725.2)	CTGTTCC	KRCTGTTCY	YKCTGTTCC	9	185	523	35.37	25.973	1.36	221	0.26	0.224	11.037	2.085116337946507e-06	1.1313686796635676e-05
ETV5::FIGLA (MA1945.2)	GGAWRCAGGTG	RSMGKAAGCAGSTK	RSMGGAWRCAGGTG	14	136	523	26.0	17.698	1.47	156	0.19	0.138	10.006	2.319378025286265e-06	1.2507566160899552e-05
ZNF558 (MA2335.1)	AWYTGATGAAAGACATRAAYMYACAVAT	ADDWRRWDMAAGAHADRWWDWBAMADRKD	AWYTGATGAAAGACATRAAYMYACAVATY	29	316	523	60.42	50.264	1.2	1005	1.2	0.769	10.306	2.981123056757522e-06	1.5978092481035744e-05
EGR1 (MA0162.5)	CRCCCMCRC	CMRCCCMCSC	MCRCCCMCRC	10	58	523	11.09	5.774	1.92	63	0.08	0.039	9.754	3.5597451235438094e-06	1.8963733112697022e-05
Zfp809 (MA2125.1)	TCCCAG	TTCCCAGBM	WTCCCAGMY	9	179	523	34.23	25.163	1.36	267	0.32	0.222	10.748	3.7397392690296364e-06	1.9802595286006328e-05
HOXB13 (MA0901.3)	CAATAAAA	HYWATAAAA	MCAATAAAA	9	316	523	60.42	50.424	1.2	1054	1.26	0.781	11.274	4.176388821954364e-06	2.198231002693345e-05
ESR2 (MA0258.2)	GGTCASVVWG	RGGTCASDYWGMCYY	RGGTCASVVWGHCYY	15	171	523	32.7	23.969	1.36	320	0.38	0.216	11.519	6.044181339477802e-06	3.1624020222624926e-05
ETS1 (MA0098.4)	CCGGAW	ACMGGAARY	RCCGGAWRY	9	99	523	18.93	12.038	1.57	124	0.15	0.088	10.212	6.08971552255942e-06	3.167372748124101e-05
CTCF (MA1929.2)	GCWVYDYYHVVDDBDDMCWSHAGRKG	CWGMWSWYYHHDYDBYBRBCARHRSRDGGHR	VTGCWVYDYYHVVDDBDDMCWSHAGRKGGMR	31	148	523	28.3	20.138	1.41	225	0.27	0.163	11.643	7.801911839842345e-06	4.034047357189071e-05
MYF5 (MA1641.2)	CAGCTG	MCAGCTGK	RCAGCTGY	8	124	523	23.71	16.145	1.47	266	0.32	0.242	10.084	7.947956703359516e-06	4.06177554782152e-05
Ptf1A (MA1619.2)	CAGCTG	MCAGCTGK	RCAGCTGY	8	124	523	23.71	16.145	1.47	249	0.3	0.204	9.838	7.947956703359516e-06	4.06177554782152e-05
FOXC1 (MA0032.2)	RTMAAYA	WRWRTAAAYAW	WRWRTMAAYAW	11	287	523	54.88	45.231	1.21	651	0.78	0.583	11.332	9.033830977574558e-06	4.590021635426611e-05
NFIL3 (MA0025.3)	TTATGYAA	TTATRYAAH	TTATGYAAY	9	210	523	40.15	31.067	1.29	504	0.6	0.308	10.649	1.0254368081627778e-05	5.18022387571886e-05
POU3F4 (MA0789.1)	TATGCWAAT	TATGYWAAW	TATGCWAAT	9	205	523	39.2	30.195	1.3	332	0.4	0.294	11.231	1.0800347185917988e-05	5.4248601008125205e-05
Dlx5 (MA1476.3)	GCAATTA	GCAATTAR	GCAATTAK	8	185	523	35.37	26.73	1.32	353	0.42	0.243	10.078	1.2988669234164916e-05	6.486954691381227e-05
TFAP2B (MA0812.2)	GCCYSAGGC	SCCTVAGGS	GCCYSAGGC	9	92	523	17.59	11.197	1.57	164	0.2	0.121	10.6	1.446239480406259e-05	7.18217233489888e-05
Nr2e1 (MA0676.1)	AAGTCA	WWAAGTCAW	WRAAGTCAW	9	291	523	55.64	46.325	1.2	678	0.81	0.556	10.577	1.7541660301023003e-05	8.662426631797314e-05
PAX1 (MA0779.2)	GTCACGCWTSAVT	STYCAYGCWTGRCYRA	SGTCACGCWTSAVTKM	16	74	523	14.15	8.512	1.66	79	0.09	0.059	8.562	2.0092067799436035e-05	9.866439997600153e-05
ZNF282 (MA1154.2)	TTTCCCMYWACAC	MYKTCYCYYAACACW	STTTCCCMYWACACK	15	193	523	36.9	28.352	1.3	309	0.37	0.266	11.941	2.072459916829933e-05	0.0001012051259385284
PROX1 (MA0794.1)	AAGACGYCTT	YAWGAYKYCTKR	YAAGACGYCTTR	12	119	523	22.75	15.679	1.45	189	0.23	0.138	11.808	2.1817903424740194e-05	0.00010595545364832393
GLIS1 (MA0735.2)	GACCCCCCACGWWG	WGRCCCCCCAYDHWG	MGACCCCCCACGWWG	15	93	523	17.78	11.533	1.54	104	0.12	0.082	13.591	2.5894366919486835e-05	0.00012506125561664248
ZFP42 (MA1651.2)	AARATGGC	MAARATGGCWSHH	MAARATGGCKSCY	13	169	523	32.31	24.306	1.33	350	0.42	0.213	11.819	3.081937692093518e-05	0.00014803405635793455
ZNF680 (MA1729.2)	CMAAGAAGAMT	CYARGAARAMY	CMAAGAAGAMT	11	279	523	53.35	44.359	1.2	522	0.63	0.571	11.303	3.22872558824876e-05	0.00015424183652557936
POU3F2 (MA0787.1)	TATGYWAAT	WKATGBWAATKH	WTATGYWAATKW	12	246	523	47.04	38.203	1.23	691	0.83	0.442	11.713	3.3690186314797985e-05	0.0001600739122740942
ATF4 (MA0833.3)	TGATGYAA	WTGATGAAAT	RTGATGYAAY	10	170	523	32.5	24.528	1.33	202	0.24	0.22	11.228	3.430953049913045e-05	0.00016214020058460035
HLF (MA0043.4)	TTATGYAA	TTATRYAAH	TTATGYAAY	9	193	523	36.9	28.604	1.29	411	0.49	0.271	11.136	3.5804074094954684e-05	0.00016829829480997414
HOXC11 (MA0651.3)	GTCGTAAAA	WRGTMRTWAAA	WRGTCGTAAAA	11	155	523	29.64	21.996	1.35	205	0.25	0.178	13.672	4.044109707866632e-05	0.0001890836400646154
NFIC (MA0161.3)	CTTGGCA	CTTGGCA	CTTGGCA	7	157	523	30.02	22.363	1.34	261	0.31	0.184	9.142	4.254508451352051e-05	0.00019786840892796047
BHLHE23 (MA0817.2)	AMCATATG	ACCATAAGGT	AMCATATGKY	10	105	523	20.08	13.637	1.47	122	0.15	0.157	11.688	4.4032219648116896e-05	0.00020370695300365657
FOXS1 (MA2118.1)	GTAAACA	TGTAAACA	WGTAAACA	8	219	523	41.87	33.591	1.25	310	0.37	0.324	9.975	6.635164835794948e-05	0.0003053565387782073
Zic2 (MA1629.2)	CWCAGCAGG	CMCAGCAKG	CWCAGCAGG	9	160	523	30.59	23.113	1.32	218	0.26	0.189	11.324	7.146315364402749e-05	0.00032716725027656337
ZNF8 (MA1718.1)	TRKATRTACCACAKTTT	RWWTRKMTRWACYASAWYTW	GTRTRKATRTACCACAKTTT	20	188	523	35.95	28.069	1.28	279	0.33	0.261	7.93	7.531478099786259e-05	0.0003430139507622861
Ascl2 (MA0816.1)	CAGCTG	ASCAGCTGYW	RRCAGCTGYY	10	144	523	27.53	20.398	1.35	250	0.3	0.224	11.468	7.993027707543986e-05	0.00036215831726449295
SPIB (MA0081.3)	CACTTCC	YCWCTTCCTSTYW	YCACTTCCYYWYY	13	246	523	47.04	38.662	1.22	592	0.71	0.419	12.119	8.110433696564564e-05	0.0003655933958605257
TFAP2B (MA0811.2)	CCYBVRGGC	GCCCYRGGGCT	SCCYBVRGGCR	11	120	523	22.94	16.359	1.4	247	0.3	0.156	10.819	8.560539284196301e-05	0.0003839139811637015
ZNF382 (MA1594.1)	AKGRGAYATYACYACMGAYMCYAC	AKRDKMMADYMYYASMRAHYYMAV	AKGRGAYATYACYACMGAYMCYAC	24	179	523	34.23	26.57	1.29	305	0.37	0.236	15.673	9.251208579693581e-05	0.00041278235236297755
TFAP2C (MA0524.3)	CCYBVRGG	GCCCYRGGGCT	SCCYBVRGGSR	11	119	523	22.75	16.252	1.4	248	0.3	0.159	10.771	9.961811796219483e-05	0.0004422440691351982
OLIG1 (MA0826.1)	AMCATATG	ACCWTAWGGT	AMCATATGKT	10	110	523	21.03	14.792	1.42	246	0.29	0.203	11.781	0.00010952772136868523	0.00048379330192499655
ZNF454 (MA1712.2)	GGCTCBVGG	GGCCCYYRGMCMTGGGG	GGCTCBVGGNYCYKVBS	17	94	523	17.97	12.184	1.48	116	0.14	0.089	9.964	0.00011309861912445402	0.0004970684310519755
EGR4 (MA0733.2)	CGCCCMCGC	MMVCCCMCSCM	MCGCCCMCGCM	11	67	523	12.81	7.962	1.61	77	0.09	0.055	9.831	0.0001294252552332486	0.0005659940266170423
SOHLH2 (MA1560.2)	CACGTG	VCACGTGS	KCACGTGM	8	27	523	5.16	2.264	2.28	42	0.05	0.024	8.442	0.00013131794100868188	0.0005714280700328286
Hoxa13 (MA0650.4)	CAATAAA	CYAATAAA	SCAATAAA	8	251	523	47.99	39.893	1.2	476	0.57	0.469	10.069	0.000140522348813749	0.000608468692646726
Six3 (MA0631.2)	GGGTATCA	AWRRGRKATCA	WWRGGGTATCA	11	145	523	27.72	20.887	1.33	179	0.21	0.176	11.976	0.0001631617544142201	0.0007030352065200954
ZNF211 (MA1974.2)	ATATACCA	WMTATACCWW	YATATACCAY	10	136	523	26.0	19.549	1.33	192	0.23	0.159	11.794	0.00025992800885577905	0.001114520584313316
ARNT::HIF1A (MA0259.2)	ACGTG	ACGTG	ACGTG	5	201	523	38.43	31.12	1.23	415	0.5	0.325	6.606	0.000299998984309024	0.001280092753435107
ELF1 (MA0473.4)	AGGAAGT	CAGGAASKG	CAGGAAGTR	9	187	523	35.76	28.62	1.25	363	0.43	0.265	11.353	0.00031407184793260593	0.0013336674122355586
Arid5a (MA0602.2)	AATATT	HAATATTR	YAATATTR	8	180	523	34.42	27.388	1.26	405	0.48	0.344	9.094	0.0003277639839321869	0.0013851179897903475
POU2F2 (MA0507.3)	TATGCAAAT	KYATGYWAATDRB	WTATGCAAATKWR	13	218	523	41.68	34.394	1.21	381	0.46	0.36	11.437	0.00040730058880151816	0.0017130010409403564
MAZ (MA1522.2)	CCCCTCC	CCCCTCCW	CCCCTCCY	8	134	523	25.62	19.564	1.31	167	0.2	0.158	10.506	0.0005574611514474998	0.002333373105344535
POU1F1 (MA0784.3)	TMATTWGCATA	VKHATTWVCATMWW	CTMATTWGCATAWW	14	232	523	44.36	37.201	1.19	634	0.76	0.42	10.089	0.0005948096597816081	0.0024779037485688792
Pax7 (MA0680.3)	AATCAATT	WAATMAAWTA	WAATCAATTA	10	238	523	45.51	38.501	1.18	382	0.46	0.535	12.269	0.0008033040052843898	0.00333068028606122
Yy1 (MA0095.4)	AARATGG	HAAAATGG	CAARATGG	8	237	523	45.32	38.371	1.18	468	0.56	0.425	10.149	0.0008782229802596816	0.0036242159607899537
STAT3 (MA0144.3)	TKCYKGGAA	TTCYKGRAA	TKCYKGGAA	9	229	523	43.79	36.925	1.19	421	0.5	0.427	10.625	0.000936451906864036	0.003846454327726578
Dmrt1 (MA1603.2)	ACAAWGT	HACAAAGTD	WACAAWGTW	9	234	523	44.74	37.912	1.18	399	0.48	0.402	10.734	0.001026796358357435	0.004197925576726443
TFAP4 (MA0691.1)	CAGCTG	WMCAGCTGKW	AWCAGCTGWY	10	121	523	23.14	17.652	1.31	248	0.3	0.245	11.693	0.0010993785308754068	0.004473859854812419
STAT1 (MA0137.4)	TTCYRGGAA	TTCYDGGAA	TTCYRGGAA	9	200	523	38.24	31.732	1.21	472	0.57	0.379	10.887	0.0011752113177753217	0.004738581414332604
MXI1 (MA1108.3)	CACATG	CACATG	CACATG	6	234	523	44.74	37.996	1.18	495	0.59	0.423	8.123	0.0011706347214961055	0.004738581414332604
BARX1 (MA0875.2)	ATTA	CAATTA	YMATTA	6	306	523	58.51	51.748	1.13	829	0.99	0.815	7.152	0.0013583693274420742	0.005059350164498234
BSX (MA0876.2)	ATTA	CAATTA	YVATTA	6	306	523	58.51	51.748	1.13	829	0.99	0.815	6.838	0.0013583693274420742	0.005059350164498234
DLX1 (MA0879.3)	ATTA	CAATTA	YMATTA	6	306	523	58.51	51.748	1.13	829	0.99	0.815	7.213	0.0013583693274420742	0.005059350164498234
DLX6 (MA0882.2)	AATTA	CAATTA	YAATTA	6	306	523	58.51	51.748	1.13	829	0.99	0.815	7.181	0.0013583693274420742	0.005059350164498234
Dlx3 (MA0880.2)	ATTA	CAATTA	YAATTA	6	306	523	58.51	51.748	1.13	829	0.99	0.815	6.928	0.0013583693274420742	0.005059350164498234
Dlx4 (MA0881.2)	ATTA	CAATTA	YAATTA	6	306	523	58.51	51.748	1.13	829	0.99	0.815	7.066	0.0013583693274420742	0.005059350164498234
GBX2 (MA0890.2)	AATTA	CAATTA	YAATTA	6	306	523	58.51	51.748	1.13	829	0.99	0.815	7.552	0.0013583693274420742	0.005059350164498234
HESX1 (MA0894.2)	TAATT	TAATTG	TAATTR	6	306	523	58.51	51.748	1.13	829	0.99	0.815	7.575	0.0013583693274420742	0.005059350164498234
HOXA7 (MA1498.3)	ATTA	CAATTA	YMATTA	6	306	523	58.51	51.748	1.13	829	0.99	0.815	6.459	0.0013583693274420742	0.005059350164498234
LBX2 (MA0699.2)	AATTA	CAATTA	YAATTA	6	306	523	58.51	51.748	1.13	829	0.99	0.815	6.903	0.0013583693274420742	0.005059350164498234
LHX2 (MA0700.3)	CAATTA	CAATTA	CAATTA	6	306	523	58.51	51.748	1.13	829	0.99	0.815	7.995	0.0013583693274420742	0.005059350164498234
MSX1 (MA0666.3)	AATTA	CAATTA	YAATTA	6	306	523	58.51	51.748	1.13	829	0.99	0.815	7.752	0.0013583693274420742	0.005059350164498234
MSX2 (MA0708.3)	AATTA	CAATTA	YAATTA	6	306	523	58.51	51.748	1.13	829	0.99	0.815	7.715	0.0013583693274420742	0.005059350164498234
Msx3 (MA0709.2)	AATTA	CAATTA	YAATTA	6	306	523	58.51	51.748	1.13	829	0.99	0.815	7.743	0.0013583693274420742	0.005059350164498234
Nobox (MA0125.2)	TAATT	TAATTG	TAATTR	6	306	523	58.51	51.748	1.13	829	0.99	0.815	7.32	0.0013583693274420742	0.005059350164498234
RAX (MA0718.2)	AATTA	CAATTA	YAATTA	6	306	523	58.51	51.748	1.13	829	0.99	0.815	7.35	0.0013583693274420742	0.005059350164498234
RAX2 (MA0717.2)	ATTA	CAATTA	YAATTA	6	306	523	58.51	51.748	1.13	829	0.99	0.815	6.792	0.0013583693274420742	0.005059350164498234
SHOX (MA0630.2)	TAAT	TAATTG	TAATTR	6	306	523	58.51	51.748	1.13	829	0.99	0.815	6.846	0.0013583693274420742	0.005059350164498234
STAT1::STAT2 (MA0517.2)	GTTTCDBTTYC	RSTTTYYBTTYYY	RGTTTCDBTTYCY	13	302	523	57.74	51.006	1.13	935	1.12	0.715	13.204	0.0014196223061585106	0.005265181464613211
HOXD3 (MA0912.2)	TAATTA	YTAATTRC	YTAATTAS	8	171	523	32.7	26.616	1.23	288	0.34	0.27	9.845	0.0014678392367160006	0.00542113734904775
ZNF35 (MA2333.1)	AATTCTA	AATTCTA	AATTCTA	7	168	523	32.12	26.08	1.23	220	0.26	0.237	8.7	0.0014749346651629967	0.005424550504930017
Lef1 (MA0768.3)	CTTTGAT	MCTTTGAW	SCTTTGAT	8	220	523	42.07	35.625	1.18	311	0.37	0.38	9.979	0.0016562247538750065	0.006065923161067212
GLIS2 (MA0736.1)	ACCCCCCRCRDHG	SRCCCCCYMYRSWG	KACCCCCCRCRDHG	14	124	523	23.71	18.44	1.29	172	0.21	0.144	13.349	0.0018642659100217606	0.006799542468502604
ZKSCAN3 (MA1973.2)	AGGCTAGCCC	CMMAGGCTRGCYCV	MYVAGGCTAGCCCW	14	149	523	28.49	22.837	1.25	221	0.26	0.2	12.425	0.001890614569191051	0.006867149612888156
ZNF682 (MA1599.2)	GCYAAGCCCC	RGRBMAGCCCC	RGCYAAGCCCC	11	162	523	30.98	25.17	1.23	268	0.32	0.214	10.9	0.0019465225513838277	0.007041124784635327
HEY1 (MA0823.1)	CACGTG	VVCACGTGSM	SRCACGTGYM	10	25	523	4.78	2.478	1.93	39	0.05	0.024	10.207	0.002143383986484262	0.00772145296770355
ETV2 (MA0762.2)	ACCGGAAR	ACMGGAARY	ACCGGAARY	9	105	523	20.08	15.258	1.32	138	0.17	0.117	11.396	0.002247617841617641	0.008063902378701658
Bcl11B (MA1989.2)	ACCACA	AAACCAMAA	WAACCACAR	9	250	523	47.8	41.484	1.15	699	0.84	0.461	10.732	0.0024408297791982695	0.00872150152811089
Mecom (MA0029.2)	GAYAAGATAA	AGATAAGMTAA	WGAYAAGATAA	11	217	523	41.49	35.335	1.17	415	0.5	0.372	13.687	0.0024620071565321553	0.008761555832355323
NR1D1 (MA1531.2)	GGTYASTRGGTCA	RKGTTASKRKGWYA	RGGTYASTRGGTCA	14	149	523	28.49	22.998	1.24	187	0.22	0.195	14.273	0.0024915665971844193	0.008830996124698003
FOXC2 (MA0846.2)	MAAYA	WRWRYAAAYAW	WRWRTMAAYAW	11	285	523	54.49	48.184	1.13	630	0.75	0.647	10.898	0.0026633905415503305	0.009402089502099361
Zfp335 (MA2002.2)	CAGGCA	TCAGGCA	KCAGGCA	7	130	523	24.86	19.702	1.26	134	0.16	0.153	8.828	0.0027643274527016353	0.00971937532369895
ZBED4 (MA2328.1)	CGCYCCGC	CCCSCCCCVC	SYCGCYCCGC	10	24	523	4.59	2.417	1.9	26	0.03	0.016	9.481	0.003148407328646281	0.01102569737800829
IRF8 (MA0652.2)	CGAAACCGAAACT	YRAAASYRAAASY	CGAAACCGAAACT	13	172	523	32.89	27.273	1.21	245	0.29	0.246	7.261	0.0031820989595253138	0.011099464227868058
Jun (MA0489.3)	TGACTCA	TGAYTCAW	TGACTCAY	8	141	523	26.96	21.751	1.24	202	0.24	0.21	10.077	0.0033391630595416004	0.011601281934138603
POU2F1::SOX2 (MA1962.1)	ATTWRCATMACAA	HAYWWRMATMWYMAWDB	MATTWRCATMACAAWRS	17	252	523	48.18	42.119	1.14	639	0.77	0.522	13.297	0.0035020490347413167	0.01211929567534495
ZNF354A (MA1978.2)	AAADG	WWAWWRWAAAWGDDHWAWWT	WWHDHRHAAADGRVYNMWHT	20	321	523	61.38	55.335	1.11	1465	1.75	1.171	14.214	0.003528702316676168	0.01216364445630726
POU5F1 (MA1115.2)	ATGCAAA	ATGYAAA	ATGCAAA	7	252	523	48.18	42.134	1.14	576	0.69	0.499	8.892	0.0035761667647815965	0.01227910385251181
GATA6 (MA1104.3)	TTATC	KCTTATCT	YCTTATCT	8	173	523	33.08	27.686	1.19	224	0.27	0.257	9.954	0.004528769698667254	0.015489449669760763
Sox17 (MA0078.3)	ACAATG	ADAACAATKG	RRRACAATGR	10	206	523	39.39	33.744	1.17	358	0.43	0.344	10.758	0.004643332560634031	0.015819726049601992
TBX5 (MA0807.1)	GTG	RGGTGTGR	RGGTGTKR	8	173	523	33.08	27.709	1.19	283	0.34	0.244	9.023	0.004685927218279101	0.01590320472921749
CDX1 (MA0878.3)	GYMATAAA	KKYHATAAAA	RGYMATAAAM	10	226	523	43.21	37.468	1.15	423	0.51	0.403	11.766	0.004739865036300303	0.016024389872722946
ZNF384 (MA1125.2)	AAAAAA	AAAAAAAR	AAAAAAWW	8	359	523	68.64	63.12	1.09	4770	5.71	2.566	10.174	0.005440386746013496	0.018322222029677634
HOXB6 (MA1500.2)	TAATKR	TAATTRC	TAATKRY	7	194	523	37.09	31.702	1.17	432	0.52	0.328	7.447	0.005867583802391594	0.019685519703443555
Dlx2 (MA0885.3)	GCAATTA	GCAATTAR	GCAATTAR	8	185	523	35.37	30.08	1.18	355	0.43	0.292	10.089	0.006110246672838952	0.02042169895599026
ERF::FOXI1 (MA1935.2)	GGA	RWAMAGGAAR	MWASMGGAWR	10	189	523	36.14	30.853	1.17	342	0.41	0.296	9.892	0.0064565106895361265	0.021497245818569148
HES2 (MA0616.3)	CACGTG	KSCACGTGY	GKCACGTGY	9	24	523	4.59	2.585	1.78	24	0.03	0.02	10.36	0.006832160699010564	0.022662148129925605
POU2F3 (MA0627.3)	ATGCAAA	BATGYAAAT	WATGCAAAT	9	221	523	42.26	36.864	1.15	371	0.44	0.397	11.442	0.007323902329536387	0.024201917848355202
PAX9 (MA0781.2)	GTCACGCWTSAVTG	SKYCAYGCWTGRSYRM	SGTCACGCWTSAVTGM	16	58	523	11.09	7.954	1.39	60	0.07	0.055	6.83	0.008101842713546664	0.02667235859628284
Npas2 (MA0626.2)	CACGTG	SCACGTGB	SCACGTGK	8	27	523	5.16	3.105	1.66	41	0.05	0.031	9.397	0.009415619731209983	0.03088182740199095
HEY2 (MA0649.2)	GVCACGTG	SMCACGTGC	GVCACGTGY	9	24	523	4.59	2.669	1.72	26	0.03	0.021	9.923	0.009712904801324557	0.031738451005071694
PRDM9 (MA1723.2)	GGBVAVGGRGGVVRHA	RRRRGRRARRGRGGVVRRRR	RRDGGBVAVGGRGGVVRHAR	20	176	523	33.65	28.78	1.17	415	0.5	0.287	15.295	0.009824902925797744	0.031985517302874876
Spi1 (MA0080.7)	AGGAAG	ARAGAGGAAGWKR	RAAGAGGAAGTGR	13	252	523	48.18	43.036	1.12	720	0.86	0.509	12.719	0.011347302414998638	0.03680545691064133
ZNF317 (MA1593.2)	ACAGCAGA	HCAGCAGA	ACAGCAGA	8	181	523	34.61	29.828	1.16	235	0.28	0.271	10.222	0.011690166533620396	0.03777814846710415
FOXG1 (MA0613.1)	RTAAACA	GTAAACAW	RTAAACAW	8	224	523	42.83	37.82	1.13	310	0.37	0.398	9.899	0.012037091291023976	0.038756788442527744
HES5 (MA0821.2)	CACGTG	RSCACGTGSY	VRCACGTGYB	10	18	523	3.44	1.866	1.84	36	0.04	0.024	8.928	0.012700649938162233	0.04074405582352045
BACH2 (MA1470.2)	ATGACGTSAT	WDAWSAKRAMGTSMYHYYH	DWWBSATGACGTSATSVWW	19	85	523	16.25	12.742	1.28	102	0.12	0.101	6.806	0.01298175131492257	0.04119479929897812
MEIS2 (MA0774.1)	TGACAG	WTGACAGS	WTGACAGS	8	154	523	29.45	24.979	1.18	186	0.22	0.215	9.412	0.01294719037798463	0.04119479929897812
TRPS1 (MA1970.2)	TTATC	KYTTATCT	YCTTATCT	8	191	523	36.52	31.748	1.15	296	0.35	0.317	9.86	0.012933434342240556	0.04119479929897812
PKNOX1 (MA0782.3)	GAKTGACA	TGAGTGACAK	WGAKTGACAK	10	159	523	30.4	25.935	1.17	227	0.27	0.224	12.135	0.013809868976355126	0.04366501737487826
POU3F3 (MA0788.1)	TATGYWAAT	WWWATGBWAATWW	WWTATGYWAATWW	13	248	523	47.42	42.509	1.12	813	0.97	0.547	11.365	0.01482773292797281	0.04671533062253799
Spz1 (MA0111.1)	AGGGTWWCA	AGGGTWWCAKM	AGGGTWWCAGV	11	152	523	29.06	24.75	1.17	190	0.23	0.216	10.829	0.015484914775314614	0.04861157174107695
MYC (MA0147.4)	CACGTG	MCACGTGC	CCACGTGS	8	29	523	5.54	3.587	1.55	29	0.03	0.028	9.902	0.017392494347240432	0.054212774933419645
MEF2D (MA0773.1)	CTAWAAATAG	VHTAWWAATARV	DCTAWAAATAGM	12	229	523	43.79	39.067	1.12	536	0.64	0.497	13.761	0.017336395363202445	0.054212774933419645
Gli1 (MA1990.2)	GACCACCCA	RGMCCACCCW	RGACCACCCA	10	155	523	29.64	25.43	1.17	190	0.23	0.218	12.082	0.018475985891308576	0.05738654275074289
ZNF549 (MA1728.2)	GCTGCCC	TGCWGCCY	KGCTGCCC	8	129	523	24.67	20.757	1.19	151	0.18	0.165	10.138	0.01923469151409248	0.059532724791856645
TEAD3 (MA0808.1)	CATTCC	GCATTCCW	RCATTCCW	8	129	523	24.67	20.772	1.19	148	0.18	0.169	9.332	0.019642292704602337	0.06058096592051036
PBX2 (MA1113.3)	ATAAATCA	MATAAATYA	MATAAATCA	9	201	523	38.43	33.95	1.13	295	0.35	0.357	11.165	0.019745667285432277	0.060686858545087305
CEBPD (MA0836.3)	TTGCRCAA	TTRCAYAA	TTGCRCAA	8	203	523	38.81	34.356	1.13	280	0.34	0.346	10.185	0.020523154597548006	0.06285663028308257
EOMES (MA0800.2)	ARGTGTGA	RGGTGTGAY	ARGTGTGAW	9	161	523	30.78	26.623	1.16	217	0.26	0.231	9.901	0.020912047215287093	0.06382531077165748
ZNF148 (MA1653.2)	CCCCTCCC	CCCCTCCYYC	CCCCTCCCSS	10	124	523	23.71	20.038	1.18	168	0.2	0.162	12.326	0.024540950784314335	0.07464185376959273
POU4F3 (MA0791.2)	TDMATWATTDAT	KKMATWWTTRAT	TDMATWATTDAT	12	228	523	43.59	39.212	1.11	472	0.57	0.535	11.19	0.025104258533733558	0.07609187327983379
SOX9 (MA0077.2)	ATTGT	CMATTGWT	BYATTGTW	8	164	523	31.36	27.465	1.14	252	0.3	0.256	9.076	0.02963827533359191	0.08952592446126216
ELF3 (MA0640.3)	ACTTCCT	CMSTTCCTG	YACTTCCTS	9	200	523	38.24	34.141	1.12	402	0.48	0.348	10.787	0.030128409782476336	0.09069476780409828
TBP (MA0108.3)	ATAWA	TATAAAA	TATAWAW	7	206	523	39.39	35.289	1.12	742	0.89	0.388	8.219	0.03104765187465042	0.09314295562395127
GFI1 (MA0038.3)	AATCACDGC	AAATCASWGYM	MAATCACDGCH	11	169	523	32.31	28.489	1.13	200	0.24	0.259	10.473	0.033386070006589524	0.09981753583602786
Elf5 (MA0136.4)	AGGAAG	AAGGAARY	MAGGAAGW	8	239	523	45.7	41.621	1.1	401	0.48	0.492	10.021	0.035631529483294136	0.10616987937564591
NR2F2 (MA1111.2)	AAGGTCA	AAGGTCA	AAGGTCA	7	152	523	29.06	25.545	1.14	232	0.28	0.217	9.176	0.04091432185954887	0.12068351984746128
Ppara (MA2338.1)	AAGGTC	AAGGTCA	AAGGTCM	7	152	523	29.06	25.545	1.14	232	0.28	0.217	8.989	0.04091432185954887	0.12068351984746128
Stat2 (MA1623.2)	AAASAGAAA	RAAASARAAA	RAAASAGAAA	10	317	523	60.61	56.673	1.07	920	1.1	0.909	12.243	0.040698728380069445	0.12068351984746128
JDP2 (MA0655.1)	ATGASTCAT	ATGASTYAT	ATGASTCAT	9	106	523	20.27	17.285	1.17	141	0.17	0.198	11.745	0.04600106834648241	0.1352339099550436
ZNF157 (MA2331.1)	AGCARTAYACYT	ARRRYWSMARTAYACYWWYAV	RGGMCAGCARTAYACYTKYAC	21	160	523	30.59	27.182	1.13	222	0.27	0.243	8.981	0.048941330778618924	0.14339809918135343
HNF4A (MA1494.2)	GTYCAAAGGTC	RRGTMMAAAKKKYA	RRGTYCAAAGGTCR	14	203	523	38.81	35.182	1.1	258	0.31	0.356	12.486	0.049366475993006295	0.14416323055764962
SP9 (MA1564.2)	CGCCC	CCMCVCCCCC	MCMCGCCCMY	10	70	523	13.38	10.967	1.22	96	0.11	0.08	11.073	0.051527457148555944	0.1499756120317241
Stat5a::Stat5b (MA0519.2)	TTCCMRGAA	TTCYWRGAA	TTCCMRGAA	9	186	523	35.56	32.107	1.11	376	0.45	0.407	10.694	0.05444532360400589	0.15794534471261115
MYCN (MA0104.5)	CACGTG	SCACGTGS	CCACGTGG	8	15	523	2.87	1.79	1.6	30	0.04	0.023	8.242	0.05780419332147953	0.1655781011262928
GCM2 (MA0767.2)	TGCGGG	ATGGGGGT	ATGCGGGY	8	87	523	16.63	14.057	1.18	96	0.11	0.103	9.78	0.05771167075162362	0.1655781011262928
ZNF692 (MA1986.2)	GGCCCA	KGGCCCAC	RGGCCCAS	8	115	523	21.99	19.098	1.15	155	0.19	0.16	9.785	0.05774079837623074	0.1655781011262928
MGA::EVX1 (MA1960.2)	GTGWTAAT	ARKTGMTAAWK	RRGTGWTAATK	11	183	523	34.99	31.61	1.11	235	0.28	0.312	10.783	0.0578298942500249	0.1655781011262928
Tcf21 (MA0832.2)	AACAGCTGTT	WMCAGCTGKW	AACAGCTGTT	10	131	523	25.05	22.08	1.13	266	0.32	0.254	13.315	0.06228679491939237	0.1777600413446295
EHF (MA0598.4)	ACTTCCT	CMYTTCCTG	YACTTCCTS	9	180	523	34.42	31.159	1.1	297	0.36	0.303	10.78	0.06414575587288873	0.18247287835685824
FOXO6 (MA0849.1)	GTAAACA	RTAAACA	GTAAACA	7	231	523	44.17	40.78	1.08	326	0.39	0.454	9.248	0.06717912429436286	0.19048532340240307
Sox7 (MA2095.1)	AACAATG	ARAWCAATRR	RRAACAATGG	10	208	523	39.77	36.459	1.09	278	0.33	0.389	11.147	0.06796039649890251	0.19208099203387557
PAX3 (MA1546.2)	GTCACGSYHRTT	TTTTATGGTTATTA	SGTCACGSYHRTTA	14	74	523	14.15	11.893	1.19	79	0.09	0.087	8.663	0.07053886029457401	0.19872967371452102
VEZF1 (MA1578.2)	CCCCCC	CCCCCC	CCCCCC	6	221	523	42.26	39.067	1.08	469	0.56	0.617	8.042	0.07830583298826263	0.21990679615553627
ZBTB26 (MA1579.2)	TCCAGA	MTCCAGAR	YTCCAGAR	8	181	523	34.61	31.564	1.1	210	0.25	0.312	9.875	0.07864915581052598	0.22016754126577176
TBX1 (MA0805.1)	AGGTGTGA	RGGTGTGA	AGGTGTGA	8	154	523	29.45	26.646	1.11	215	0.26	0.23	10.484	0.08662680770537348	0.2417300443588041
FOXE1 (MA1487.3)	TAARYAAACA	YWRWAHAAACWW	YTAARYAAACAW	12	302	523	57.74	54.677	1.06	768	0.92	0.83	13.004	0.09040007580674522	0.2514609703611679
ETV5::HOXA2 (MA1948.2)	GGAWGTMRTYA	WGGAMRTSATKA	MGGAWGTMRTYA	12	105	523	20.08	17.69	1.13	134	0.16	0.139	9.955	0.09131286375669455	0.2527468035384173
ETV2::FOXI1 (MA1942.2)	ACAGGAWR	ADACAGGAWRY	MRACAGGAWRY	11	176	523	33.65	30.799	1.09	308	0.37	0.295	11.397	0.09143741015383014	0.2527468035384173
Gata3 (MA0037.5)	TTATCT	KYTTATCT	YCTTATCT	8	194	523	37.09	34.18	1.09	302	0.36	0.359	9.877	0.09235417729507628	0.2544806327347086
TBX15 (MA0803.1)	AGGTGTGA	RGGTGTGA	AGGTGTGA	8	153	523	29.25	26.623	1.1	212	0.25	0.23	10.649	0.10052885833357665	0.2752799578667099
TBX4 (MA0806.1)	ARGTGTKA	RGGTGTGA	ARGTGTKA	8	153	523	29.25	26.623	1.1	212	0.25	0.23	9.501	0.10052885833357665	0.2752799578667099
ZBTB24 (MA2330.1)	CAGGAC	KCCAGGRCCC	SCCAGGACCY	10	140	523	26.77	24.252	1.1	207	0.25	0.204	10.039	0.10414711163759674	0.28430220847654514
Znf423 (MA0116.1)	SMMCCYWRGGKKKM	RSMMCCYWDGGKKBM	RSMMCCYWRGGKKKM	15	150	523	28.68	26.18	1.1	264	0.32	0.271	11.81	0.11119657172930972	0.3026061503097933
FOS (MA0476.2)	TGASTCA	TKAYTCAT	TGASTCAY	8	123	523	23.52	21.193	1.11	157	0.19	0.199	9.973	0.11216817712760269	0.30430811017025544
EBF1 (MA0154.5)	CCCAGGG	KYCCCWKGGGM	KCCCCAGGGRM	11	148	523	28.3	25.828	1.1	386	0.46	0.307	11.355	0.1131371453915744	0.3059924639975197
MYF6 (MA0667.1)	AACARCTGTY	ARCARYTGYT	AACARCTGTY	10	153	523	29.25	26.776	1.09	363	0.43	0.339	12.319	0.1150110864174974	0.3091582414708875
ZNF354C (MA0130.1)	CCAC	ATCCAC	MWCCAC	6	200	523	38.24	35.572	1.08	311	0.37	0.382	6.856	0.11482037392596468	0.3091582414708875
Hmx1 (MA0896.2)	CAATTAA	DRCAATTAA	RRCAATTAA	9	199	523	38.05	35.396	1.07	310	0.37	0.37	11.166	0.11594913227706095	0.3107295343644408
Rhox11 (MA0629.2)	GCTGTW	TGSTGTWAA	YGCTGTWAW	9	120	523	22.94	20.704	1.11	134	0.16	0.17	9.697	0.11903860190115735	0.3180393041675298
EGR2 (MA0472.2)	CGCCCACGC	MCKYCCACGYA	MCGCCCACGCR	11	28	523	5.35	4.214	1.27	29	0.03	0.027	8.146	0.12561693639209368	0.3345978396625768
E2F8 (MA0865.3)	CCCGCSA	YTCCCGCVA	YWCCCGCSA	9	33	523	6.31	5.094	1.24	37	0.04	0.033	9.456	0.12967982333266034	0.3443763284272158
GATA4 (MA0482.3)	CTTATCT	SCTTATCT	YCTTATCT	8	176	523	33.65	31.266	1.08	227	0.27	0.31	8.811	0.13474813986106296	0.3547420046259495
NR2C1 (MA1535.2)	GGTCA	AGGTCA	RGGTCA	6	264	523	50.48	47.931	1.05	557	0.67	0.63	7.352	0.13600461383270193	0.3547420046259495
NR2C2 (MA1536.2)	GGTCR	AGGTCA	RGGTCR	6	264	523	50.48	47.931	1.05	557	0.67	0.63	6.703	0.13600461383270193	0.3547420046259495
Nr1H2 (MA1996.2)	AGGTCA	AGGTCA	AGGTCA	6	264	523	50.48	47.931	1.05	557	0.67	0.63	8.083	0.13600461383270193	0.3547420046259495
Nr1H4 (MA1110.3)	AGGTCA	AGGTCA	AGGTCA	6	264	523	50.48	47.931	1.05	557	0.67	0.63	8.115	0.13600461383270193	0.3547420046259495
Nr1h3 (MA2337.1)	AGGKCA	AGGTCA	AGGKCA	6	264	523	50.48	47.931	1.05	557	0.67	0.63	7.735	0.13600461383270193	0.3547420046259495
NFYB (MA0502.3)	ATTGGCC	YCAYTGGCC	YSATTGGCC	9	143	523	27.34	25.17	1.09	196	0.23	0.228	10.531	0.14257536701711612	0.37078031836699726
EGR3 (MA0732.2)	CGCCCMCGCA	MCNCCCMCVCW	MCGCCCMCGCA	11	45	523	8.6	7.281	1.18	53	0.06	0.049	8.448	0.14656485003162464	0.38003098282536296
FEV (MA0156.4)	ACCGGAAGT	ACCGGAART	ACCGGAAGT	9	54	523	10.33	8.895	1.16	62	0.07	0.062	10.462	0.1481731882005027	0.38307127184777023
Hoxa11 (MA0911.2)	TCRTWAA	RTCRTAAAR	RTCRTWAAW	9	110	523	21.03	19.174	1.1	163	0.2	0.156	10.359	0.15846442199852184	0.4084757388173041
FOS::JUN (MA0099.4)	TGASTCA	ATGARTCAY	RTGASTCAY	9	97	523	18.55	16.803	1.1	126	0.15	0.17	10.551	0.1622507464168683	0.41701288333458253
FOSL2::JUN (MA1130.2)	TGASTCA	RTGAWTCAY	RTGASTCAY	9	96	523	18.36	16.635	1.1	195	0.23	0.175	10.6	0.16461783831665502	0.42147931188806775
Foxj2 (MA0614.1)	RTAAACA	GTAAACAW	RTAAACAN	8	229	523	43.79	41.545	1.05	314	0.38	0.462	9.569	0.16494753502786724	0.42147931188806775
FOSL2::JUNB (MA1138.2)	TGASTCA	RTGAKTCAT	RTGASTCAY	9	100	523	19.12	17.4	1.1	130	0.16	0.19	10.697	0.16882722726008786	0.4301424138017891
NR2F6 (MA1539.1)	AGGTCABTGACCT	WAGGCCASTGGCCTW	RAGGTCABTGACCTY	15	103	523	19.69	17.989	1.09	219	0.26	0.23	10.472	0.17413948141500868	0.442394809721944
ZIC5 (MA1584.2)	ACCCCCCGCYGHG	KMCYCCCYRYNGDGR	KACCCCCCGCYGHGM	15	86	523	16.44	14.891	1.1	96	0.11	0.109	12.807	0.17976850608948347	0.45537901110275497
Hmga1 (MA2124.1)	ATTTTTA	ATTTTTAW	ATTTTTAW	8	260	523	49.71	47.595	1.04	1206	1.44	0.7	9.912	0.18229617622408834	0.4604549968418783
MSC (MA0665.1)	ACAGCTGTT	WACAGCTGKT	RACAGCTGTT	10	148	523	28.3	26.424	1.07	201	0.24	0.308	12.575	0.18325426454032614	0.4615487063923973
FOS::JUNB (MA1134.2)	TGASTCA	ATGAVTCAY	RTGASTCAY	9	100	523	19.12	17.507	1.09	131	0.16	0.191	10.83	0.1854352799936436	0.46438065844562026
FOSL2::JUND (MA1144.2)	TGASTCA	RTGABTCAT	RTGASTCAY	9	100	523	19.12	17.507	1.09	131	0.16	0.191	10.743	0.1854352799936436	0.46438065844562026
KLF15 (MA1513.2)	CCCGCCC	YCCCGCCC	SCCCGCCC	8	23	523	4.4	3.625	1.21	25	0.03	0.023	10.432	0.2070021122756501	0.5169172065065241
Irf1 (MA0050.4)	GAAASTGAAA	WRAAARWRAAA	WGAAASTGAAA	11	296	523	56.6	54.738	1.03	900	1.08	0.844	12.044	0.21415412720441282	0.5332619768064557
HOXB9 (MA1503.2)	TCRTAAA	RTCRTAAAR	RTCRTAAAW	9	113	523	21.61	20.184	1.07	167	0.2	0.165	11.06	0.2287066085922322	0.5662904477537243
HOXC9 (MA0485.3)	TCGTAAA	RTCRTAAAR	RTCGTAAAW	9	113	523	21.61	20.184	1.07	167	0.2	0.165	11.396	0.2287066085922322	0.5662904477537243
FEZF2 (MA2341.1)	CCAGCCT	MCCAGSCT	CCCAGCCT	8	141	523	26.96	25.43	1.06	246	0.29	0.221	9.964	0.22981488618701176	0.567436193703324
NR1I3 (MA1534.2)	TGAACT	TGAACTTW	TGAACTHW	8	180	523	34.42	32.818	1.05	231	0.28	0.319	9.416	0.23638627133240508	0.582026701683989
RBPJ (MA1116.2)	TGGGAA	TGGGAA	TGGGAA	6	286	523	54.68	53.017	1.03	705	0.84	0.848	8.184	0.24069922819166864	0.5909905630739574
ERF::HOXB13 (MA1937.2)	GGAWRYHRTWA	AGGAAATWRYAAA	MGGAWRYHRTWAM	13	128	523	24.47	23.09	1.06	165	0.2	0.197	11.256	0.2457820794064458	0.6017895481845846
USF2 (MA0526.5)	TCACGTGA	RYCACGKGRY	RTCACGTGAY	10	19	523	3.63	3.029	1.2	30	0.04	0.036	5.531	0.2484136274881815	0.6065432737836431
ZNF740 (MA0753.3)	CCCCCCCC	CCCMCCCCMY	CCCCCCCCMY	10	130	523	24.86	23.556	1.06	297	0.36	0.303	12.623	0.2613670064861401	0.6364033205022636
GLIS3 (MA0737.1)	ACCCCCCACRAMG	GRYCMCCCAYRNWG	KACCCCCCACRAMG	14	115	523	21.99	20.88	1.05	138	0.17	0.17	13.009	0.28661536924079395	0.6959527888471212
FLI1::FOXI1 (MA1950.2)	ACAGGA	HMDACAGGAWR	HMAACAGGAWR	11	189	523	36.14	34.891	1.04	385	0.46	0.359	10.774	0.2936985224343576	0.7111873311840231
PAX2 (MA0067.3)	AVYSRWGCGTGAC	KYRSYCAWGCRTGRMV	BYAVYSRWGCGTGACS	16	33	523	6.31	5.69	1.11	36	0.04	0.038	8.672	0.3008621050034554	0.7258813165896574
ZBTB11 (MA2329.1)	ACTTCCGG	CRCTTCCKG	CACTTCCGG	9	71	523	13.58	12.719	1.07	79	0.09	0.092	9.584	0.3014182941470136	0.7258813165896574
BACH2 (MA1101.3)	ATGASTCAT	VATGASYCAYY	MATGASTCATS	11	67	523	12.81	11.985	1.07	90	0.11	0.135	12.911	0.30396711533869564	0.728187322212891
RFX7 (MA1554.2)	GTTRC	SGTTGCTR	SGTTRCYR	8	80	523	15.3	14.409	1.06	108	0.13	0.106	8.756	0.3040327044961672	0.728187322212891
REST (MA0138.3)	CAGSACCWYGGACAG	AARGMASCCTGGACAGSTCC	YCAGSACCWYGGACAGMKSY	20	111	523	21.22	20.275	1.05	129	0.15	0.163	10.421	0.3152614537622384	0.753029396350564
Ebf4 (MA2122.1)	CCCAGGGGA	KYCCCWGGGGM	KYCCCAGGGGA	11	145	523	27.72	26.738	1.04	364	0.44	0.293	11.569	0.3245545694425155	0.7731259255825775
JUNB (MA0490.3)	TGASTCA	RTGAYTCAT	RTGASTCAY	9	102	523	19.5	18.654	1.05	133	0.16	0.202	11.29	0.32993310422539895	0.7838140503084479
MZF1 (MA0056.3)	ATCCCC	WATCCCCR	MATCCCCW	8	147	523	28.11	27.189	1.03	223	0.27	0.26	10.077	0.33795112603227745	0.80069822043766
FOSB::JUNB (MA1135.2)	TGASTCA	RTGAKTCAT	RTGASTCAY	9	100	523	19.12	18.348	1.04	129	0.15	0.193	10.608	0.3448989666564371	0.8127779938096735
DMRTA1 (MA1707.2)	GWTACA	WTGHTACWKT	WYGWTACAWH	10	168	523	32.12	31.205	1.03	254	0.3	0.319	9.77	0.34436001184031617	0.8127779938096735
Foxl2 (MA1607.2)	GTAAACA	WRTGTAAAMA	WWWGTAAACA	10	225	523	43.02	42.126	1.02	442	0.53	0.483	11.518	0.3582804308454488	0.8420548093934479
Hnf1A (MA1991.2)	CTTTGAT	YCTTTGATSW	SCTTTGATSY	10	199	523	38.05	37.247	1.02	361	0.43	0.402	10.25	0.37088753948336256	0.8693603925490018
ZNF610 (MA1713.2)	GCCGCTCC	VHGCCGCTCC	SVGCCGCTCC	10	18	523	3.44	3.128	1.1	18	0.02	0.021	10.075	0.37854176683332624	0.8849420559747174
FOSL1 (MA0477.3)	TGACTCA	RTGAYTCAT	RTGACTCAY	9	102	523	19.5	18.906	1.03	132	0.16	0.198	11.078	0.38417662173457473	0.8933630965732572
FOSL1::JUNB (MA1137.2)	TGASTMA	RTGAYTCAT	RTGASTMAY	9	101	523	19.31	18.715	1.03	131	0.16	0.184	9.867	0.38371641479220187	0.8933630965732572
BHLHE41 (MA0636.1)	KCACGTGA	RTCMCGKGAY	RKCACGTGAY	10	14	523	2.68	2.409	1.11	23	0.03	0.025	6.695	0.3876602682067039	0.8990854241522236
TCFL5 (MA0632.3)	CRCGCGC	YCACGCGC	KCRCGCGC	8	6	523	1.15	0.987	1.16	6	0.01	0.006	9.529	0.4185223980835644	0.9681083892511924
Arnt (MA0004.1)	CACGTG	CACGTG	CACGTG	6	31	523	5.93	5.69	1.04	62	0.07	0.075	7.871	0.4368690545772897	0.9974231142167211
MAX (MA0058.4)	CACGTG	CACGTG	CACGTG	6	31	523	5.93	5.69	1.04	62	0.07	0.075	8.161	0.4368690545772897	0.9974231142167211
MNT (MA0825.2)	CACGTG	CACGTG	CACGTG	6	31	523	5.93	5.69	1.04	62	0.07	0.075	8.124	0.4368690545772897	0.9974231142167211
Mlxip (MA0622.2)	CACGTG	CACGTG	CACGTG	6	31	523	5.93	5.69	1.04	62	0.07	0.075	8.314	0.4368690545772897	0.9974231142167211
SP5 (MA1965.2)	CCTCCC	CCTCCC	CCTCCC	6	225	523	43.02	42.562	1.01	418	0.5	0.518	8.267	0.43446893814851434	0.9974231142167211
ZNF324 (MA1977.2)	GHYARGGATGGYT	RKDMAARGAYRGYK	RGHYARGGATGGYT	14	186	523	35.56	35.174	1.01	335	0.4	0.359	12.719	0.444080609441287	1.0
ZNF320 (MA1976.2)	GKRGGRBCMRGGGG	SKRGGRHMWGRGGKMHWKBY	GKRGGRBCMRGGGGMMWRKG	20	120	523	22.94	22.654	1.01	140	0.17	0.196	11.307	0.4557021338750235	1.0
Prdm14 (MA1998.2)	GTCTCTA	GGTCTGTA	GGTCTCTA	8	103	523	19.69	19.595	1.01	138	0.17	0.156	10.073	0.49580185726400716	1.0
MEF2C (MA0497.2)	YWAAAATA	WTMAAAATARR	MYWAAAATAGM	11	257	523	49.14	48.994	1.0	624	0.75	0.72	11.047	0.4916798402797781	1.0
PROP1 (MA0715.1)	TAATYWAATTA	TAAWYWWATTW	TAATYWAATTA	11	221	523	42.26	42.226	1.0	463	0.55	0.733	12.017	0.5116027984193614	1.0
Foxj3 (MA0851.2)	RTAAACA	GTAAACAWR	RTAAACAAW	9	216	523	41.3	41.499	1.0	300	0.36	0.471	10.857	0.5530655729533429	1.0
Crx (MA0467.3)	GGATTA	GGATTA	GGATTA	6	207	523	39.58	39.48	1.0	333	0.4	0.5	8.157	0.49882128281275595	1.0
GSC (MA0648.2)	TAAT	TAATCC	TAATCY	6	207	523	39.58	39.48	1.0	333	0.4	0.5	7.673	0.49882128281275595	1.0
GSC2 (MA0891.2)	TAAT	TAATCC	TAATCY	6	207	523	39.58	39.48	1.0	333	0.4	0.5	7.254	0.49882128281275595	1.0
OTX1 (MA0711.2)	TAATC	TAATCC	TAATCS	6	207	523	39.58	39.48	1.0	333	0.4	0.5	7.608	0.49882128281275595	1.0
PITX1 (MA0682.3)	TAATCC	TAATCC	TAATCC	6	207	523	39.58	39.48	1.0	333	0.4	0.5	8.128	0.49882128281275595	1.0
PITX3 (MA0714.2)	TAATCC	TAATCC	TAATCC	6	207	523	39.58	39.48	1.0	333	0.4	0.5	7.63	0.49882128281275595	1.0
RHOXF1 (MA0719.2)	TRAKCC	TAATCC	TRAKCC	6	207	523	39.58	39.48	1.0	333	0.4	0.5	6.675	0.49882128281275595	1.0
ZNF184 (MA2120.1)	GAAAG	WRGAAAGWVKMAW	KRGAAAGDBGMRK	13	191	523	36.52	36.459	1.0	345	0.41	0.379	11.195	0.5055658012517339	1.0
Stat6 (MA0520.2)	TTCYWSRGAA	TTMYWSWGAA	TTCYWSRGAA	10	186	523	35.56	35.48	1.0	268	0.32	0.467	11.425	0.5011973211907789	1.0
ZSCAN21 (MA2336.1)	AGCACT	AAGCACT	MAGCACT	7	127	523	24.28	24.298	1.0	160	0.19	0.204	8.802	0.520643590027057	1.0
GSX2 (MA0893.3)	ATTA	GTAATTA	SYMATTA	7	104	523	19.89	19.901	1.0	161	0.19	0.177	7.441	0.5215740184850804	1.0
HOXA3 (MA2119.1)	TMATTA	GTAATTA	STMATTA	7	104	523	19.89	19.901	1.0	161	0.19	0.177	8.102	0.5215740184850804	1.0
HOXA6 (MA1497.2)	ATWA	GTAATTA	SYMATWA	7	104	523	19.89	19.901	1.0	161	0.19	0.177	7.348	0.5215740184850804	1.0
HOXB1 (MA2093.1)	TMATTR	GTAATTA	STMATTR	7	104	523	19.89	19.901	1.0	161	0.19	0.177	8.204	0.5215740184850804	1.0
HOXB7 (MA1501.2)	GYAATTA	GTAATTA	GYAATTA	7	104	523	19.89	19.901	1.0	161	0.19	0.177	8.627	0.5215740184850804	1.0
LHX5 (MA1519.2)	YAATTA	GTAATTA	SYAATTA	7	104	523	19.89	19.901	1.0	161	0.19	0.177	8.43	0.5215740184850804	1.0
MEOX2 (MA0706.2)	ATYA	GTAATTA	STMATYA	7	104	523	19.89	19.901	1.0	161	0.19	0.177	7.626	0.5215740184850804	1.0
FLI1 (MA0475.3)	CCGGAA	ACMGGAART	ACCGGAARY	9	55	523	10.52	10.501	1.0	65	0.08	0.076	10.738	0.517489661706916	1.0
Atf1 (MA0604.1)	TGACG	RTGACGYR	RTGACGYR	8	23	523	4.4	4.405	1.0	23	0.03	0.029	7.916	0.5345184071660753	1.0
Nfat5 (MA0606.3)	TGGAAAA	MWGGAAAA	ATGGAAAA	8	249	523	47.61	47.901	0.99	719	0.86	0.652	10.182	0.5692676225227133	1.0
ZNF652 (MA1657.2)	AAGRGTTA	AARAGTTAR	AAGRGTTAM	9	234	523	44.74	45.185	0.99	554	0.66	0.557	11.196	0.5961533931365206	1.0
TCF7L1 (MA1421.1)	AGATCAAAG	WRAKAKCAAAGR	WAAGATCAAAGR	12	227	523	43.4	43.893	0.99	381	0.46	0.528	12.019	0.6043101824572066	1.0
ZNF766 (MA2098.1)	AAKAAACC	RRKAAACCW	AAKAAACCY	9	208	523	39.77	40.015	0.99	314	0.38	0.468	10.414	0.5615038067572005	1.0
Rarb (MA0857.1)	AGGTCAAAAGGTCA	RYRGGTVAWMAGGBYA	WAAGGTCAAAAGGTCA	16	202	523	38.62	38.837	0.99	279	0.33	0.42	6.916	0.5561366740829505	1.0
RORA (MA0072.2)	AWBTAGGTCA	AATSTAGGTMA	WAWBTAGGTCA	11	171	523	32.7	33.033	0.99	202	0.24	0.325	10.677	0.5804706957408694	1.0
ETV5::FOXI1 (MA1946.2)	GKMAACMGGAWG	RKMARYAGGAAG	GKMAACMGGAWG	12	140	523	26.77	26.967	0.99	191	0.23	0.246	11.502	0.557145432480659	1.0
THAP1 (MA0597.3)	AGGGCA	MCAGGGCA	SSAGGGCA	8	137	523	26.2	26.409	0.99	192	0.23	0.23	9.813	0.5605351339775613	1.0
TCF7 (MA0769.3)	CTTTGA	CTTTGAT	CTTTGAW	7	133	523	25.43	25.79	0.99	179	0.21	0.228	8.875	0.5901905287273593	1.0
ZNF770 (MA2099.1)	CRGCCTC	YRGCCTCM	CRGCCTCM	8	93	523	17.78	17.981	0.99	123	0.15	0.137	9.918	0.5647576148929074	1.0
CLOCK (MA0819.3)	CACGTG	ACACGTG	MCACGTG	7	14	523	2.68	2.692	0.99	14	0.02	0.02	8.844	0.5474413604192051	1.0
Arid3a (MA0151.1)	ATYAAW	ATTAAA	ATYAAW	6	314	523	60.04	61.438	0.98	1297	1.55	1.422	7.431	0.7555587435694395	1.0
HNF1A (MA0046.3)	TWAATVATTAAC	RTWAAWDWTTRAM	RTWAATVATTAAC	13	184	523	35.18	35.87	0.98	417	0.5	0.544	12.136	0.6423808788970962	1.0
HNF1B (MA0153.2)	GTTAATVATTAA	KTWAAWHATTRAY	GTTAATVATTAAY	13	172	523	32.89	33.537	0.98	365	0.44	0.481	11.197	0.6375193825101662	1.0
ZNF274 (MA1592.2)	TGAGTYCTC	YRKGWSTTCTYR	YRTGAGTYCTCR	12	139	523	26.58	27.197	0.98	207	0.25	0.247	13.026	0.6391653351221236	1.0
TAL1::TCF3 (MA0091.2)	AMCAKMTG	WMCAGCTGKW	AMCAKMTGKT	10	117	523	22.37	22.876	0.98	252	0.3	0.255	11.335	0.6234874872772879	1.0
MYOG (MA0500.3)	CAGCTG	SCAGCTGS	RCAGCTGY	8	61	523	11.66	11.885	0.98	136	0.16	0.17	9.512	0.5820610034099287	1.0
KLF7 (MA1959.2)	GGGCGKKG	GGGYGGGG	GGGCGKKG	8	53	523	10.13	10.356	0.98	60	0.07	0.071	10.059	0.5868665494008241	1.0
EBF3 (MA1637.2)	CCCMRGGG	CCCMWGGGM	CCCMRGGGA	9	145	523	27.72	28.719	0.97	355	0.43	0.308	11.159	0.7045906106199635	1.0
PRDM1 (MA0508.4)	CTTTCTC	CTTTCTC	CTTTCTC	7	135	523	25.81	26.639	0.97	274	0.33	0.235	9.267	0.6786362861827241	1.0
TWIST1 (MA1123.3)	CAGATG	VCAGATGY	MCAGATGK	8	109	523	20.84	21.507	0.97	133	0.16	0.176	10.039	0.658972040043514	1.0
NR1H4::RXRA (MA1146.2)	GKTCRWT	AGGYCAYTGRCCT	RGKTCRWTGACCY	13	105	523	20.08	20.673	0.97	131	0.16	0.207	9.991	0.6469152647225781	1.0
HOXD12 (MA0873.2)	TCGTAAA	RVTCATAAAA	RRTCGTAAAW	10	92	523	17.59	18.203	0.97	128	0.15	0.144	11.859	0.656925663410979	1.0
NFIX (MA1528.2)	TGGCDBBDTGCCA	TKGGCASWSTGCCM	HTGGCDBBDTGCCA	14	85	523	16.25	16.811	0.97	145	0.17	0.183	11.06	0.6495922038707811	1.0
NFIA (MA0670.2)	TGCCAA	TGCCAA	TGCCAA	6	264	523	50.48	52.696	0.96	694	0.83	0.784	8.318	0.8509998744972471	1.0
NFIX (MA0671.2)	GCCA	TGCCAA	HGCCAR	6	264	523	50.48	52.696	0.96	694	0.83	0.784	7.062	0.8509998744972471	1.0
PHOX2B (MA0681.3)	AATYAAATTA	WWATMWAATTWW	WAATYAAATTAW	12	232	523	44.36	46.356	0.96	558	0.67	0.793	10.643	0.8269972038779938	1.0
FOXP2 (MA0593.2)	GTAAACA	TGTAAACAW	WGTAAACAR	9	216	523	41.3	43.075	0.96	303	0.36	0.494	10.384	0.8018289618107816	1.0
ZNF667 (MA1984.2)	TAMRAGCWCA	TTRWRAGCHCA	KTAMRAGCWCA	11	160	523	30.59	31.771	0.96	254	0.3	0.303	10.209	0.7297359539591202	1.0
HOXC13 (MA0907.2)	CTCGTAAA	CTMRTAAAM	CTCGTAAAW	9	158	523	30.21	31.403	0.96	243	0.29	0.302	9.981	0.7328093706470005	1.0
OSR2 (MA1646.2)	CAGAAGC	MCAGAAGY	VCAGAAGC	8	129	523	24.67	25.637	0.96	156	0.19	0.224	9.778	0.7070439715432535	1.0
FOSL1::JUN (MA1128.2)	TGACTCA	RTGAYTCAT	RTGACTCAY	9	103	523	19.69	20.512	0.96	114	0.14	0.174	10.782	0.6923320352946978	1.0
ZNF135 (MA1587.1)	CTCGACCTCC	RCYMRRCCTCCDRR	YCTCGACCTCCYRR	14	102	523	19.5	20.321	0.96	127	0.15	0.164	10.391	0.6929387105166334	1.0
BHLHE40 (MA0464.3)	CACGTG	ACACGTGC	KCACGTGM	8	14	523	2.68	2.799	0.96	16	0.02	0.031	9.444	0.6045810391065537	1.0
TCF7L2 (MA0523.2)	WTCAAAG	WSWTSAAAG	RSWTCAAAG	9	207	523	39.58	41.774	0.95	369	0.44	0.481	10.645	0.8517132593195043	1.0
Rarg (MA0859.2)	RGGTCAAAAGGTCA	YRGGWMAAAAGGKYA	RRGGTCAAAAGGTCA	15	171	523	32.7	34.279	0.95	208	0.25	0.343	5.944	0.7862824911496367	1.0
ZNF707 (MA1715.1)	CCCCACTYCTGGT	SCYYACWCCTGSTMD	CCCCACTYCTGGTMM	15	140	523	26.77	28.031	0.95	207	0.25	0.252	12.754	0.7506038718086743	1.0
Ptf1A (MA1618.2)	CAGATG	RCAGATGKD	MCAGATGKB	9	113	523	21.61	22.677	0.95	138	0.17	0.193	9.373	0.7328821418951084	1.0
FOS::JUND (MA1141.2)	TGAGTCA	ATGARTCAY	RTGAGTCAY	9	102	523	19.5	20.566	0.95	127	0.15	0.189	11.033	0.7387704796001939	1.0
ETV6 (MA0645.2)	GGAAGT	SWGGAAGTG	SMGGAAGTR	9	74	523	14.15	14.853	0.95	81	0.1	0.109	10.135	0.690250757179496	1.0
ETV3 (MA0763.2)	CGGAART	ACCGGAART	RCCGGAART	9	57	523	10.9	11.511	0.95	65	0.08	0.083	9.72	0.6870979072609593	1.0
MAX::MYC (MA0059.2)	CACGTGG	RSCAYGTGGH	RSCACGTGGY	10	37	523	7.07	7.442	0.95	50	0.06	0.063	10.665	0.6480202649285729	1.0
Msgn1 (MA1524.3)	CAAATGG	RMCAAAWGGT	RMCAAATGGY	10	159	523	30.4	32.459	0.94	252	0.3	0.314	11.56	0.8494415517463384	1.0
HOXD11 (MA0908.2)	TCGTAAA	RTCRTAAAR	RTCGTAAAW	9	129	523	24.67	26.18	0.94	200	0.24	0.229	10.645	0.7942842068131933	1.0
E2F7 (MA0758.1)	TTTCCCGCCAAAW	KYTTCCCDCVAAAA	WTTTCCCGCCAAAW	14	108	523	20.65	22.05	0.94	123	0.15	0.189	13.035	0.7905642214465605	1.0
MEF2A (MA0052.5)	AAAATA	HTAAAAATAR	YTAAAAATAR	10	228	523	43.59	46.792	0.93	505	0.6	0.667	11.968	0.9309738692798731	1.0
Pou5f1::Sox2 (MA0142.1)	TTSWHATGCARA	HWTTDWWATGYWWRT	YWTTSWHATGCARAK	15	212	523	40.54	43.587	0.93	495	0.59	0.54	12.904	0.9232918495047061	1.0
FOXO1::ELK3 (MA1955.2)	MAACAGGAA	RWAAACARGAARW	RWMAACAGGAAGY	13	159	523	30.4	32.642	0.93	222	0.27	0.316	12.032	0.868946553296524	1.0
PAX4 (MA0068.2)	AATT	YTAATTAV	YKAATTMR	8	89	523	17.02	18.325	0.93	138	0.17	0.256	9.098	0.7918483333540736	1.0
BHLHE22 (MA0818.2)	AMCATATG	AMCATATGWT	AMCATATGKY	10	50	523	9.56	10.325	0.93	61	0.07	0.126	11.052	0.7346633261349464	1.0
FOXD2 (MA0847.4)	TARRYAAACA	TWAWAYAAAYW	YTARRYAAACA	11	246	523	47.04	50.883	0.92	715	0.86	0.72	12.47	0.9616624546270064	1.0
Stat4 (MA0518.2)	TTCYRRGAA	TTMYWRGAAA	TTCYRRGAAR	10	171	523	32.7	35.709	0.92	318	0.38	0.424	11.133	0.9282583348889499	1.0
Prdm4 (MA1647.3)	CTKGAAAC	MYTTGAAACWR	MCTKGAAACYS	11	169	523	32.31	35.09	0.92	194	0.23	0.361	10.795	0.9124560629424617	1.0
FOXO1::ELK1 (MA1954.2)	AACAGGAAG	MDMAAYAGGAARD	RWMAACAGGAAGY	13	164	523	31.36	33.958	0.92	236	0.28	0.35	12.026	0.9001786673137621	1.0
ETV5::FOXO1 (MA1947.2)	AACAGGA	RWAARCAGGW	RWMAACAGGA	10	156	523	29.83	32.535	0.92	214	0.26	0.319	10.763	0.9113464090178052	1.0
Esrrg (MA0643.2)	AAGGTCA	KSAAGGTCA	YSAAGGTCA	9	150	523	28.68	31.159	0.92	242	0.29	0.292	10.316	0.89478804652318	1.0
RXRA::VDR (MA0074.1)	RGGTCAWNGRGTTC	RGGTYRYKGGGTTWA	RGGTCAWNGRGTTCR	15	118	523	22.56	24.658	0.92	140	0.17	0.212	10.936	0.8741042224208342	1.0
Dmbx1 (MA0883.2)	GGATTA	AARAGGATTA	RWHMGGATTA	10	99	523	18.93	20.627	0.92	107	0.13	0.176	9.89	0.840705701677813	1.0
NFIB (MA1643.2)	TGGCWYDRWGCCA	YTKGGCASWSTGCCMAR	YYTGGCWYDRWGCCARR	17	96	523	18.36	19.977	0.92	190	0.23	0.222	12.873	0.8329116546457538	1.0
FOS::JUN (MA1126.2)	TKRCRTCA	RTBRCSTCAT	RTKRCRTCAY	10	41	523	7.84	8.566	0.92	55	0.07	0.076	9.389	0.7425823593418776	1.0
MEIS1 (MA0498.3)	TGACA	TGACA	TGACA	5	366	523	69.98	77.247	0.91	1651	1.98	2.231	6.494	0.9999315674027885	1.0
ZIM3 (MA1709.2)	AACAGAAABC	HAAMARAAAVM	MAACAGAAABC	11	216	523	41.3	45.476	0.91	351	0.42	0.557	12.658	0.973213717389929	1.0
Nfatc2 (MA0152.3)	TGGAAA	AVTGGAAA	MATGGAAA	8	174	523	33.27	36.367	0.91	269	0.32	0.405	10.087	0.9327443148008298	1.0
IKZF1 (MA1508.2)	ACAGGAA	WACAGGAA	MACAGGAA	8	166	523	31.74	34.891	0.91	289	0.35	0.359	10.097	0.9378459646067991	1.0
INSM1 (MA0155.1)	TGYMWGGGG	KKKCWGGGGYYR	TGYMWGGGGKYR	12	144	523	27.53	30.249	0.91	233	0.28	0.284	10.694	0.9163762612580227	1.0
ZBTB18 (MA0698.2)	CAGATGT	DKMCAGRTGTK	WKMCAGATGTK	11	132	523	25.24	27.671	0.91	173	0.21	0.247	11.894	0.8988162061725204	1.0
KLF14 (MA0740.2)	GGGCGKG	GGGGYGGGR	KGGGCGKGR	9	79	523	15.11	16.589	0.91	89	0.11	0.124	11.023	0.8301704073085641	1.0
ZBTB7B (MA0694.2)	CGACCMCC	MRMCCMCCVA	CGACCMCCRW	10	76	523	14.53	15.969	0.91	88	0.11	0.119	10.364	0.8266809439739355	1.0
RFX1 (MA0509.3)	GTTGCCATGGYAAC	WGKTRYYATRRYAMCW	SGTTGCCATGGYAACS	16	65	523	12.43	13.614	0.91	117	0.14	0.163	10.539	0.798763559504865	1.0
TCF21 (MA1568.2)	CATATG	AYCATATGRT	RSCATATGKY	10	59	523	11.28	12.405	0.91	115	0.14	0.127	10.558	0.796452079217266	1.0
Foxq1 (MA0040.2)	TGTTTA	MHWGTTTAKD	RWTGTTTAKW	10	205	523	39.2	43.403	0.9	448	0.54	0.521	11.097	0.9747220334031739	1.0
ONECUT3 (MA0757.2)	AAATCRATA	MAWAATCAAWAM	RAAAATCRATAW	12	177	523	33.84	37.576	0.9	229	0.27	0.421	12.973	0.9627860235779753	1.0
LMX1B (MA0703.3)	TTAATTA	YTAATTAH	TTAATTAM	8	151	523	28.87	32.076	0.9	414	0.5	0.527	10.32	0.9449448688165684	1.0
HOXC10 (MA0905.2)	TCRTWAA	RTCATWAAW	RTCRTWAAW	9	119	523	22.75	25.415	0.9	227	0.27	0.226	10.01	0.9240150506204884	1.0
ATOH7 (MA1468.1)	CATMTG	AHCATMTGKY	RVCATMTGKY	10	85	523	16.25	18.088	0.9	95	0.11	0.175	9.986	0.871298414382586	1.0
CREB3L4 (MA1474.2)	CACGT	KCCACGTCAH	KMCACGTSRY	10	23	523	4.4	4.872	0.9	25	0.03	0.032	10.278	0.7189639988326086	1.0
CREB3L4 (MA1475.2)	TSACGTSA	VTSACGTSA	RTSACGTSA	9	21	523	4.02	4.459	0.9	34	0.04	0.037	8.908	0.7159864010701111	1.0
HIC2 (MA0738.2)	TGCCM	ATGCCC	RTGCCM	6	172	523	32.89	36.948	0.89	237	0.28	0.416	6.873	0.9741812436376477	1.0
HOXD12::ELK1 (MA1958.2)	CGGAAGTYGTAAA	MGRAARTYRTRAA	CGGAAGTYGTAAA	13	121	523	23.14	25.973	0.89	144	0.17	0.228	11.985	0.9350279942097292	1.0
NRL (MA0842.3)	TGCTGAC	MTADTGCTGACM	WWWDTGCTGACR	12	110	523	21.03	23.579	0.89	127	0.15	0.2	9.543	0.9205630686848657	1.0
HOXD10 (MA1506.2)	TCGTAAA	RRTCATAAAW	RGTCGTAAAA	10	100	523	19.12	21.56	0.89	164	0.2	0.178	12.268	0.9186962018124945	1.0
RFX5 (MA0510.3)	GTTRCYATRGYAAC	GKTRYYWTRRYAMC	GTTRCYATRGYAAC	14	88	523	16.83	18.845	0.89	163	0.2	0.241	11.893	0.889248665407379	1.0
Atf3 (MA1988.2)	TGACTCA	TGACTCA	TGACTCA	7	85	523	16.25	18.302	0.89	109	0.13	0.142	9.064	0.8953258068420282	1.0
BATF (MA1634.2)	TGACTCA	TGACTCA	TGACTCA	7	85	523	16.25	18.302	0.89	109	0.13	0.142	9.04	0.8953258068420282	1.0
BATF3 (MA0835.3)	TGACTCA	TGACTCA	TGACTCA	7	85	523	16.25	18.302	0.89	109	0.13	0.142	9.177	0.8953258068420282	1.0
BATF::JUN (MA0462.3)	TGACTCA	TGASTCA	TGACTCA	7	85	523	16.25	18.302	0.89	218	0.26	0.284	9.088	0.8953258068420282	1.0
BNC2 (MA1928.2)	TGAGTCA	TGAGTCA	TGAGTCA	7	85	523	16.25	18.302	0.89	109	0.13	0.142	9.058	0.8953258068420282	1.0
SP3 (MA0746.3)	CCACGCCC	VCCMCDCCCMC	RCCACGCCCMY	11	62	523	11.85	13.346	0.89	64	0.08	0.097	11.072	0.8538102358118886	1.0
PAX5 (MA0014.4)	GCGTGAC	SCGTGACC	GCGTGACC	8	25	523	4.78	5.377	0.89	26	0.03	0.035	10.044	0.7514639391153003	1.0
PPARA::RXRA (MA1148.2)	GGKBARAGGT	AWRTRGGYRARARTYHA	WWVKRGGKBARAGGTYR	17	179	523	34.23	39.067	0.88	250	0.3	0.43	11.163	0.9889205400597354	1.0
FOXO1::FLI1 (MA1956.2)	AACAGGAAG	RWMAACARGAWRK	GWMAACAGGAAGT	13	172	523	32.89	37.461	0.88	278	0.33	0.396	12.103	0.9854460884404914	1.0
SOX18 (MA1563.2)	ACAAT	AACAATTS	RACAATDV	8	160	523	30.59	34.891	0.88	214	0.26	0.36	8.303	0.9815730753797198	1.0
ZNF684 (MA1600.2)	ACAGTCCACCCCWT	WCASTSCAYCCCTT	ACAGTCCACCCCWT	14	134	523	25.62	29.132	0.88	190	0.23	0.264	9.945	0.9640011764511165	1.0
TEAD1 (MA0090.4)	ACATTCCA	RMATTCCAS	ACATTCCAR	9	133	523	25.43	28.811	0.88	158	0.19	0.275	11.299	0.959008829973861	1.0
ETV7 (MA1708.2)	GGAAR	SWGGAAGTG	SMGGAARTR	9	78	523	14.91	16.895	0.88	84	0.1	0.127	9.409	0.8952045097215071	1.0
ZNF574 (MA1982.2)	CYAGAGMGKC	RRCYAGAGWGGCMC	KSCYAGAGMGKCSS	14	74	523	14.15	16.0	0.88	84	0.1	0.119	11.1	0.8851669052260404	1.0
Zbtb2 (MA2340.1)	CCGGAAG	ACMGGAAGYG	ACCGGAAGYS	10	38	523	7.27	8.283	0.88	41	0.05	0.057	9.63	0.8178649217561501	1.0
ARNT2 (MA1464.2)	CACGTG	GYCACGTG	RWCACGTG	8	18	523	3.44	3.931	0.88	18	0.02	0.032	8.578	0.74647427482123	1.0
Lhx3 (MA0135.2)	AATTAATTA	WAATTAAYTWWY	WAATTAATTAWY	12	198	523	37.86	43.709	0.87	418	0.5	0.818	12.995	0.9965915775757823	1.0
ZKSCAN5 (MA1652.2)	GGARGTGA	GGAAGYGAG	GGARGTGAK	9	120	523	22.94	26.333	0.87	148	0.18	0.229	11.059	0.9637506646791031	1.0
CTCFL (MA1102.3)	AGGGGGC	YAGGGGGC	SAGGGGGC	8	101	523	19.31	22.18	0.87	125	0.15	0.182	10.268	0.9474277681287738	1.0
KLF16 (MA0741.1)	CMCRCCCMC	SCCMCVCCCCC	VMCMCRCCCMC	11	92	523	17.59	20.199	0.87	130	0.16	0.169	11.324	0.9369281312856659	1.0
BARHL1 (MA0877.4)	CGTTTA	CGTTTA	CGTTTA	6	82	523	15.68	18.027	0.87	104	0.12	0.142	7.857	0.9255777090907348	1.0
BARHL2 (MA0635.2)	TAAWYG	TAAACG	TAAWYG	6	82	523	15.68	18.027	0.87	104	0.12	0.142	7.082	0.9255777090907348	1.0
NFKB1 (MA0105.4)	GGGGAWTCCCC	AGGGKWWWMCCCT	MGGGGAWTCCCCK	13	74	523	14.15	16.252	0.87	154	0.18	0.225	10.087	0.9119144078439173	1.0
ASCL1 (MA1100.3)	CASSTG	GCAGCTGS	RCASSTGY	8	57	523	10.9	12.459	0.87	81	0.1	0.149	9.047	0.871662346542884	1.0
Stat5a (MA1624.2)	TCCWRGAA	TTCYWRGAA	TTCCWRGAA	9	150	523	28.68	33.53	0.86	323	0.39	0.41	11.271	0.9913038451962517	1.0
Hmx3 (MA0898.2)	CAATTAA	RGCAATTAA	ADCAATTAA	9	149	523	28.49	32.994	0.86	219	0.26	0.332	10.984	0.9867946843710785	1.0
PITX2 (MA1547.2)	TAATCC	TTAATCCW	YTAATCCY	8	125	523	23.9	27.686	0.86	149	0.18	0.271	9.585	0.9756657512409432	1.0
PAX3 (MA0780.1)	AATYRATTA	WWATYRATWA	TAATYRATTA	10	111	523	21.22	24.688	0.86	227	0.27	0.38	11.808	0.9698467807657681	1.0
ZNF417 (MA1727.2)	GGCGCCA	GGTGCCA	GGCGCCA	7	81	523	15.49	18.103	0.86	85	0.1	0.14	9.556	0.9455984951366897	1.0
HOXA4 (MA1496.2)	YMATTA	GTCATTA	RYMATTA	7	70	523	13.38	15.533	0.86	94	0.11	0.121	7.534	0.920546648255981	1.0
KLF2 (MA1515.2)	CMCRCCC	CCMCRCCC	MCMCRCCC	8	56	523	10.71	12.459	0.86	59	0.07	0.089	9.271	0.8979612164951106	1.0
HES6 (MA1493.1)	GGCACGTGT	GGCACRTGTW	GGCACGTGTY	10	35	523	6.69	7.74	0.86	35	0.04	0.053	8.556	0.8325072496917119	1.0
NFATC3 (MA0625.3)	GGAA	TGGAAA	YGGAAM	6	263	523	50.29	59.25	0.85	976	1.17	1.122	7.065	0.9999794576656743	1.0
Nfatc1 (MA0624.3)	TGGAAA	TGGAAA	TGGAAA	6	263	523	50.29	59.25	0.85	976	1.17	1.122	8.139	0.9999794576656743	1.0
Hmx2 (MA0897.2)	CAATTAA	WRKCAATTAWRRSWK	VAVCAATTAAHVVDD	15	176	523	33.65	39.373	0.85	256	0.31	0.448	11.819	0.9964897612445109	1.0
HNF4G (MA0484.3)	CAAAGTCC	YAAAGTCCA	CAAAGTCCA	9	167	523	31.93	37.629	0.85	253	0.3	0.384	11.394	0.9966576277523607	1.0
mix-a (MA0621.2)	TAATTA	YTAATTA	YTAATTA	7	161	523	30.78	36.237	0.85	351	0.42	0.566	9.247	0.9955986449784311	1.0
Rarb (MA0858.1)	AGGTCAHVYWRAGGTCA	WGSTSAWVBRRRGSTCW	AGGTCAHVYWRAGGTCA	17	134	523	25.62	30.226	0.85	195	0.23	0.287	6.38	0.990071380518401	1.0
LMX1A (MA0702.3)	TAATTA	TTAATTA	YTAATTA	7	132	523	25.24	29.606	0.85	247	0.3	0.349	9.198	0.9869185327594419	1.0
NKX6-1 (MA0674.2)	YMATTA	TAATTAA	YMATTAW	7	132	523	25.24	29.606	0.85	247	0.3	0.349	8.213	0.9869185327594419	1.0
Mafb (MA0117.3)	GCTGA	MWATTGCTGAC	WWWDYGCTGAS	11	112	523	21.41	25.262	0.85	128	0.15	0.218	9.392	0.9806812504468233	1.0
LHX6 (MA0658.2)	TAATTA	YTAATTAR	YTAATTAR	8	103	523	19.69	23.266	0.85	230	0.28	0.406	9.354	0.9761121842431222	1.0
Gli2 (MA0734.4)	GACCACCCA	GMCCACCCW	GACCACCCA	9	101	523	19.31	22.845	0.85	122	0.15	0.189	11.525	0.975682664619243	1.0
MLX (MA0663.1)	TCACGTGA	RKSACGTGRY	RTCACGTGAY	10	15	523	2.87	3.373	0.85	16	0.02	0.03	7.885	0.7695150619017671	1.0
YY2 (MA0748.3)	ATGGCG	ATGGCGG	ATGGCGG	7	13	523	2.49	2.929	0.85	14	0.02	0.019	9.058	0.7598440308497931	1.0
SOX10 (MA0442.3)	ACAAAG	ACAAAG	ACAAAG	6	271	523	51.82	61.667	0.84	748	0.9	1.072	8.143	0.9999970824720388	1.0
HNF4A (MA0114.5)	CAAAGTCC	YAAAGTCCA	CAAAGTCCA	9	168	523	32.12	38.417	0.84	256	0.31	0.404	11.383	0.9985658266603099	1.0
Gfi1B (MA0483.2)	AATCWSWG	AAATCASAGY	MAATCWSWGC	10	142	523	27.15	32.268	0.84	164	0.2	0.31	10.632	0.9944124521748673	1.0
Ebf2 (MA1604.2)	CCCMRGGGA	CCCMDGGGA	CCCMRGGGA	9	140	523	26.77	31.946	0.84	309	0.37	0.337	11.307	0.9949907990153694	1.0
NR1I2 (MA1533.2)	GMMCYSVDYGMAC	TGRACTSWBYRMACY	YGMMCYSVDYGMACY	15	91	523	17.4	20.62	0.84	121	0.14	0.167	11.682	0.9692819505133579	1.0
TGIF1 (MA0796.1)	TGACAGCTGTCA	TGACAKRTSTMA	TGACAGCTGTCA	12	81	523	15.49	18.486	0.84	128	0.15	0.197	7.199	0.9657017166362528	1.0
TFAP4::ETV1 (MA1966.2)	GGAWRCASSTG	SMGGAAGCAKRKG	SCGGAWRCASSTG	13	53	523	10.13	12.054	0.84	55	0.07	0.086	9.897	0.920924259032814	1.0
MYB (MA0100.4)	CAACTG	CAACTG	CAACTG	6	223	523	42.64	51.143	0.83	546	0.65	0.694	8.173	0.9999443060727871	1.0
Pparg::Rxra (MA0065.3)	GDSARAGG	RGGSCARAGGSCM	RGGDSARAGGKSA	13	165	523	31.55	37.996	0.83	204	0.24	0.42	10.441	0.9988998018855058	1.0
DUXA (MA0884.2)	TRAYTWARTYA	WTRACYWRGTYAW	YTRAYTWARTYAR	13	115	523	21.99	26.646	0.83	260	0.31	0.473	10.211	0.9930065277237002	1.0
ESX1 (MA0644.3)	AATTA	CTAATTA	YYAATTA	7	97	523	18.55	22.325	0.83	104	0.12	0.217	8.32	0.9833009659365574	1.0
GBX1 (MA0889.2)	AATTA	CTAATTA	SYAATTA	7	97	523	18.55	22.325	0.83	104	0.12	0.217	8.291	0.9833009659365574	1.0
LBX1 (MA0618.2)	TAAYWRG	TAATTAG	TAAYWRG	7	97	523	18.55	22.325	0.83	104	0.12	0.217	8.507	0.9833009659365574	1.0
MEOX1 (MA0661.2)	TMATTA	CTAATTA	STMATTA	7	97	523	18.55	22.325	0.83	104	0.12	0.217	8.254	0.9833009659365574	1.0
NOTO (MA0710.2)	MATTA	CTAATTA	YWMATTA	7	97	523	18.55	22.325	0.83	104	0.12	0.217	8.215	0.9833009659365574	1.0
PRRX2 (MA0075.4)	AATTA	CTAATTA	YYAATTA	7	97	523	18.55	22.325	0.83	104	0.12	0.217	8.752	0.9833009659365574	1.0
VAX1 (MA0722.2)	AAT	CTAATTA	YYAATKR	7	97	523	18.55	22.325	0.83	104	0.12	0.217	7.496	0.9833009659365574	1.0
VSX1 (MA0725.2)	AATT	CTAATTA	YYAATTR	7	97	523	18.55	22.325	0.83	104	0.12	0.217	8.107	0.9833009659365574	1.0
VSX2 (MA0726.2)	AATTA	CTAATTA	YTAATTA	7	97	523	18.55	22.325	0.83	104	0.12	0.217	8.546	0.9833009659365574	1.0
RFX2 (MA0600.3)	GTTRCCATGGYAAC	GTTRYYATRRYAMC	GTTRCCATGGYAAC	14	69	523	13.19	15.855	0.83	140	0.17	0.218	13.404	0.9578711595643923	1.0
PHOX2A (MA0713.1)	AAYYYAATTA	WWABYTAATTW	WAAYYYAATTA	11	173	523	33.08	40.199	0.82	340	0.41	0.591	11.692	0.9995809839575265	1.0
FOXO1::ELF1 (MA1953.2)	AACAGGAA	RDMAACARGAARH	RWMAACAGGAARY	13	154	523	29.45	35.924	0.82	251	0.3	0.373	11.823	0.9990938986020529	1.0
ONECUT1 (MA0679.3)	AATCAAT	ARATCAATR	WAATCAATA	9	139	523	26.58	32.344	0.82	228	0.27	0.327	11.393	0.9978717132036878	1.0
ARGFX (MA1463.2)	TAATTA	DTAATTAA	YTAATTAR	8	134	523	25.62	31.12	0.82	292	0.35	0.474	9.85	0.9970875148257057	1.0
Rarg (MA0860.1)	AAGGTCAMSRRAGGTCA	AAGGTCARKWRARGTCM	AAGGTCAMSRRAGGTCA	17	119	523	22.75	27.824	0.82	157	0.19	0.256	8.252	0.9958149639536392	1.0
Wt1 (MA1627.2)	CTCCCCC	CCTCCCCCWS	MCTCCCCCRC	10	92	523	17.59	21.453	0.82	99	0.12	0.174	12.201	0.9864206272685863	1.0
CEBPA (MA0102.5)	TTKCACAA	ATTGCAMAAW	RTTKCACAAY	10	145	523	27.72	34.05	0.81	206	0.25	0.349	10.315	0.9989998468657845	1.0
Nr5A2 (MA0505.3)	GRCCTTGA	TGRCCTTGR	WGRCCTTGA	9	141	523	26.96	33.117	0.81	212	0.25	0.323	10.153	0.9987840831134823	1.0
Six4 (MA2001.2)	AACCTGA	AACCTGA	AACCTGA	7	108	523	20.65	25.423	0.81	152	0.18	0.224	8.816	0.9947907319787119	1.0
Hic1 (MA0739.2)	TGCCA	GTGCCAMC	RTGCCARS	8	84	523	16.06	19.839	0.81	97	0.12	0.16	9.047	0.9871428619814063	1.0
NFIC (MA1527.2)	TGGCDBVVTGCCA	TKGGCWVHBTGCMAR	YTGGCDBVVTGCCAR	15	83	523	15.87	19.61	0.81	136	0.16	0.206	10.731	0.9867363976625013	1.0
Vdr (MA0693.4)	AGTTCA	GAGTTCA	RAGTTCA	7	78	523	14.91	18.44	0.81	105	0.13	0.146	8.816	0.9840263699655614	1.0
MSANTD3 (MA1523.2)	ACTC	CACTCAC	YACTCAM	7	64	523	12.24	15.082	0.81	71	0.09	0.111	8.243	0.9704195073484029	1.0
NR6A1 (MA1541.2)	AAGKTCAAG	RAWKKTCAAKKWYW	SAAGKTCAAGKKYR	14	138	523	26.39	33.132	0.8	212	0.25	0.334	10.423	0.9995559627624258	1.0
TBX3 (MA1566.3)	AGGTGTSA	AGGTGYKAA	AGGTGTSAA	9	135	523	25.81	32.321	0.8	175	0.21	0.306	9.467	0.999380820093679	1.0
ATF2 (MA1632.2)	ATGABGTCA	ATGAKGTCWT	ATGABGTCAY	10	76	523	14.53	18.103	0.8	94	0.11	0.153	11.656	0.9857513077518184	1.0
XBP1 (MA0844.2)	CACGTCA	KHCACGTCABK	KMCACGTCAKY	11	17	523	3.25	4.054	0.8	17	0.02	0.026	8.919	0.8493733452806734	1.0
ALX3 (MA0634.2)	ATTA	TAATTA	YAATTA	6	166	523	31.74	40.298	0.79	630	0.75	0.971	6.926	0.9999703543551516	1.0
DRGX (MA1481.2)	AATTA	TAATTA	YAATTA	6	166	523	31.74	40.298	0.79	630	0.75	0.971	7.367	0.9999703543551516	1.0
EMX1 (MA0612.3)	TAATTA	TAATTA	TAATTA	6	166	523	31.74	40.298	0.79	630	0.75	0.971	7.83	0.9999703543551516	1.0
EMX2 (MA0886.2)	TAATTA	TAATTA	TAATTA	6	166	523	31.74	40.298	0.79	630	0.75	0.971	7.791	0.9999703543551516	1.0
EN1 (MA0027.3)	AATTA	TAATTA	YAATTA	6	166	523	31.74	40.298	0.79	630	0.75	0.971	7.326	0.9999703543551516	1.0
EVX1 (MA0887.2)	ATTA	TAATTA	YVATTA	6	166	523	31.74	40.298	0.79	630	0.75	0.971	6.931	0.9999703543551516	1.0
EVX2 (MA0888.2)	ATTA	TAATTA	YVATTA	6	166	523	31.74	40.298	0.79	630	0.75	0.971	6.982	0.9999703543551516	1.0
GSX1 (MA0892.2)	ATTA	TAATTA	YMATTA	6	166	523	31.74	40.298	0.79	630	0.75	0.971	6.5	0.9999703543551516	1.0
HOXA1 (MA1495.2)	TMATKA	TAATTA	TMATKA	6	166	523	31.74	40.298	0.79	630	0.75	0.971	7.17	0.9999703543551516	1.0
HOXA2 (MA0900.3)	TMATTA	TAATTA	TMATTA	6	166	523	31.74	40.298	0.79	630	0.75	0.971	7.854	0.9999703543551516	1.0
HOXB2 (MA0902.3)	ATTA	TAATTA	YMATTA	6	166	523	31.74	40.298	0.79	630	0.75	0.971	7.119	0.9999703543551516	1.0
HOXB3 (MA0903.2)	ATTA	TAATTA	YMATTA	6	166	523	31.74	40.298	0.79	630	0.75	0.971	6.783	0.9999703543551516	1.0
HOXB5 (MA0904.3)	TMATKA	TAATTA	TMATKA	6	166	523	31.74	40.298	0.79	630	0.75	0.971	7.392	0.9999703543551516	1.0
HOXC8 (MA1505.2)	YMATKR	TAATTA	YMATKR	6	166	523	31.74	40.298	0.79	630	0.75	0.971	6.835	0.9999703543551516	1.0
ISX (MA0654.2)	AATTA	TAATTA	YAATTA	6	166	523	31.74	40.298	0.79	630	0.75	0.971	7.562	0.9999703543551516	1.0
Lhx4 (MA0704.2)	ATTA	TAATTA	YMATTA	6	166	523	31.74	40.298	0.79	630	0.75	0.971	7.324	0.9999703543551516	1.0
Lhx8 (MA0705.2)	YRATYR	TAATTA	YRATYR	6	166	523	31.74	40.298	0.79	630	0.75	0.971	7.003	0.9999703543551516	1.0
MIXL1 (MA0662.2)	AATTA	TAATTA	YAATTA	6	166	523	31.74	40.298	0.79	630	0.75	0.971	6.89	0.9999703543551516	1.0
MNX1 (MA0707.3)	YRATTA	TAATTA	YRATTA	6	166	523	31.74	40.298	0.79	630	0.75	0.971	6.914	0.9999703543551516	1.0
NKX6-2 (MA0675.2)	ATTA	TAATTA	YMATTA	6	166	523	31.74	40.298	0.79	630	0.75	0.971	6.576	0.9999703543551516	1.0
PDX1 (MA0132.3)	ATTA	TAATTA	YMATTA	6	166	523	31.74	40.298	0.79	630	0.75	0.971	7.422	0.9999703543551516	1.0
POU6F1 (MA0628.2)	TAATTA	TAATTA	TAATTA	6	166	523	31.74	40.298	0.79	630	0.75	0.971	7.882	0.9999703543551516	1.0
PRRX1 (MA0716.2)	AATTA	TAATTA	YAATTA	6	166	523	31.74	40.298	0.79	630	0.75	0.971	7.119	0.9999703543551516	1.0
Shox2 (MA0720.2)	AATTA	TAATTA	YAATTA	6	166	523	31.74	40.298	0.79	630	0.75	0.971	7.293	0.9999703543551516	1.0
TLX2 (MA1577.2)	AATTA	TAATTA	YAATTA	6	166	523	31.74	40.298	0.79	630	0.75	0.971	7.488	0.9999703543551516	1.0
UNCX (MA0721.2)	ATTA	TAATTA	YAATTA	6	166	523	31.74	40.298	0.79	630	0.75	0.971	6.834	0.9999703543551516	1.0
VAX2 (MA0723.3)	ATTA	TAATTA	YMATTA	6	166	523	31.74	40.298	0.79	630	0.75	0.971	6.633	0.9999703543551516	1.0
ZNF582 (MA1983.2)	TTACTTGCAGCYVA	YYWMYTRCTWGCWGCYDAM	YYYBTTACTTGCAGCYVAA	19	150	523	28.68	36.099	0.79	213	0.26	0.371	13.487	0.9998222058213635	1.0
MEIS2 (MA1640.2)	GATTTAT	TGATTWATR	WGATTTATK	9	129	523	24.67	31.35	0.79	157	0.19	0.318	10.998	0.9995960180911801	1.0
ZSCAN4 (MA1155.1)	GCACACMCTGWAA	YRCACACMCWBWHAM	YGCACACMCTGWAAR	15	103	523	19.69	24.811	0.79	138	0.17	0.209	9.305	0.9972271704905051	1.0
NR3C2 (MA0727.2)	GWACAYDRTGTWC	KGAACWHWRTGTKCC	RGWACAYDRTGTWCY	15	57	523	10.9	13.751	0.79	88	0.11	0.173	10.031	0.9757651088814532	1.0
GCM1 (MA0646.2)	TGCGGGT	RTRCKGGYAC	ATGCGGGTRS	10	48	523	9.18	11.663	0.79	53	0.06	0.084	10.471	0.9682060706379493	1.0
SOX4 (MA0867.3)	ACAAWG	RACAAAGR	RACAAWGR	8	176	523	33.65	43.205	0.78	286	0.34	0.506	9.264	0.9999951445209343	1.0
Lhx1 (MA1518.3)	TAATTA	KKTAATTARR	KYTAATTARM	10	81	523	15.49	19.962	0.78	144	0.17	0.319	9.863	0.9958604509052809	1.0
Bach1::Mafk (MA0591.2)	TGACTCAGCA	RRWGASWCAGCW	SRTGACTCAGCA	12	78	523	14.91	19.075	0.78	86	0.1	0.155	7.984	0.9937920439338053	1.0
SP1 (MA0079.5)	GGGGMGGRG	GGGGMGGRR	GGGGMGGRG	9	60	523	11.47	14.616	0.78	72	0.09	0.109	11.41	0.9828498076684147	1.0
RFX3 (MA0798.3)	GTTRCCATGGCAAC	WGKTRYYATRRYAMCW	SGTTRCCATGGCAACS	16	53	523	10.13	12.941	0.78	91	0.11	0.139	9.83	0.9770768766462353	1.0
E2F3 (MA0469.4)	WTTTGGCGCCAAAW	WWWTGGYRCCAWWW	WTTTGGCGCCAAAW	14	33	523	6.31	8.076	0.78	71	0.09	0.104	9.511	0.9424211968386669	1.0
ISL2 (MA0914.2)	CAMTTA	CACTTA	CAMTTA	6	202	523	38.62	49.889	0.77	310	0.37	0.702	7.003	0.9999998476766354	1.0
Sox11 (MA0869.3)	ACAAAG	RAACAAAG	GAACAAAG	8	163	523	31.17	40.444	0.77	274	0.33	0.436	10.217	0.9999932758968426	1.0
VENTX (MA0724.1)	CRATTA	ARCAATTAR	WVCRATTAR	9	108	523	20.65	26.677	0.77	134	0.16	0.24	9.464	0.9992833732479	1.0
Ptf1A (MA1620.2)	CACCTG	ACACCTGK	RCACCTGY	8	95	523	18.16	23.48	0.77	113	0.14	0.212	9.87	0.9983854618004697	1.0
Nfe2l2 (MA0150.3)	TGASTCAGCA	RTKAYTCWGSA	RTGASTCAGCA	11	92	523	17.59	22.73	0.77	121	0.14	0.188	11.62	0.9980287392945821	1.0
SP8 (MA0747.2)	CACKCCC	CCMCBCCCMCH	MCACKCCCMYY	11	85	523	16.25	21.017	0.77	129	0.15	0.177	10.737	0.99706804052917	1.0
MAFK (MA0496.4)	TGACTCAGC	HWGACTCAGS	MTGACTCAGC	10	80	523	15.3	19.74	0.77	98	0.12	0.173	9.102	0.9957868562197555	1.0
SPIC (MA0687.2)	AWSMGGAAG	RAAARRGRAARWH	RAAWSMGGAAGWM	13	145	523	27.72	36.375	0.76	214	0.26	0.382	11.157	0.9999842912310825	1.0
TEAD4 (MA0809.3)	CATTCCA	AMATTCCA	ACATTCCA	8	119	523	22.75	29.767	0.76	147	0.18	0.285	10.173	0.999827073234971	1.0
KLF10 (MA1511.2)	GGGGCGKGG	GGGGYGGGG	GGGGCGKGG	9	64	523	12.24	16.061	0.76	72	0.09	0.12	11.453	0.9933337924700344	1.0
Nr2e3 (MA0164.2)	AAGCTT	AAGCTT	AAGCTT	6	176	523	33.65	44.719	0.75	742	0.89	1.097	8.12	0.9999998300612465	1.0
Zic1::Zic2 (MA1628.2)	CAGCAGG	CAGCAGG	CAGCAGG	7	73	523	13.96	18.493	0.75	87	0.1	0.141	9.314	0.9971685902197392	1.0
Zic3 (MA0697.3)	CAGCAGG	CAGCAGG	CAGCAGG	7	73	523	13.96	18.493	0.75	87	0.1	0.141	9.169	0.9971685902197392	1.0
HOXA5 (MA0158.2)	YMATTA	STAATTAS	SYMATTAS	8	67	523	12.81	17.185	0.75	134	0.16	0.191	8.657	0.997061630403047	1.0
POU4F2 (MA0683.2)	TGMATAATTAAT	WSMATWWTTAAWKWH	TGMATAATTAATKAR	15	148	523	28.3	38.402	0.74	228	0.27	0.465	10.632	0.9999992272941822	1.0
BARX2 (MA1471.2)	WAAYMRTTA	AAAYMRTTA	WAAYMRTTA	9	147	523	28.11	38.126	0.74	211	0.25	0.43	9.718	0.9999990943620798	1.0
TBR1 (MA0802.2)	ARGTGTGA	AGGTGYKAW	ARGTGTGAW	9	126	523	24.09	32.673	0.74	170	0.2	0.309	9.545	0.9999899194754099	1.0
MAFF (MA0495.4)	TCAGCA	GTCAGCAWTWK	STCAGCAWWWW	11	118	523	22.56	30.585	0.74	154	0.18	0.289	10.942	0.9999762245652933	1.0
ETV5::DRGX (MA1944.2)	GGAWGYRRT	AGGMWGYARTKR	MGGAWGYRRTYA	12	88	523	16.83	22.776	0.74	112	0.13	0.195	10.693	0.9995899262184983	1.0
PKNOX2 (MA0783.1)	TGACAGSTGTCA	TGRBAKSTGWCA	TGACAGSTGTCA	12	83	523	15.87	21.369	0.74	102	0.12	0.205	8.369	0.9992331308387156	1.0
SP4 (MA0685.2)	GGGMGGRG	RGGGMGKRG	KGGGMGGRG	9	76	523	14.53	19.618	0.74	85	0.1	0.154	11.209	0.9987881481858574	1.0
Atoh1 (MA0461.3)	CATATG	RMCATATG	RMCATATG	8	57	523	10.9	14.723	0.74	67	0.08	0.14	9.433	0.9950029239356732	1.0
SP2 (MA0516.3)	GGGCGGG	GGGGMGGRR	GGGGCGGGR	9	51	523	9.75	13.163	0.74	58	0.07	0.097	11.239	0.9921504424690133	1.0
ZNF418 (MA1980.1)	GWRGCYAMAAGCA	MRRWRRMHWAAAGMA	MRGWRGCYAMAAGCA	15	157	523	30.02	41.247	0.73	205	0.25	0.47	10.277	0.9999999273267864	1.0
HOXD9 (MA0913.3)	GYMATAAA	RYMATAAAA	GYMATAAAM	9	151	523	28.87	39.319	0.73	245	0.29	0.443	10.67	0.9999996142182264	1.0
NR5A1 (MA1540.3)	TCAAGGYCA	WSKYCAAGGYCA	WRYTCAAGGYCA	12	132	523	25.24	34.608	0.73	190	0.23	0.344	10.669	0.9999976856316158	1.0
RORB (MA1150.2)	AWDKRGGTCA	AWWTRGGYCA	AWDKRGGTCA	10	125	523	23.9	32.681	0.73	142	0.17	0.322	9.958	0.9999936116837101	1.0
Smad4 (MA1153.2)	GTCTRG	TGTCTRG	YGTCTRG	7	114	523	21.8	29.698	0.73	137	0.16	0.276	8.64	0.9999738098787908	1.0
BCL6 (MA0463.3)	CTKTCKAGGAA	RMTKTCTWRGAAW	GCTKTCKAGGAAH	13	105	523	20.08	27.35	0.73	133	0.16	0.249	11.451	0.9999353870455692	1.0
NFIC::TLX1 (MA0119.1)	TGGCASSRHGCCAA	KKGCASWBWGCCMA	TGGCASSRHGCCAA	14	81	523	15.49	21.285	0.73	133	0.16	0.209	9.486	0.999596970614574	1.0
ZSCAN31 (MA1722.2)	CATAAYTGCCCTGC	RYATWAWRGSYCTGCWWM	KCATAAYTGCCCTGCKDC	18	72	523	13.77	18.853	0.73	89	0.11	0.15	7.873	0.9989854782703277	1.0
TFAP4 (MA1570.1)	CAYRTG	AYCATATGRT	RHCAYRTGKY	10	60	523	11.47	15.725	0.73	125	0.15	0.206	9.499	0.9973343178318094	1.0
TGIF2LX (MA1571.1)	GACASSTGTC	TGASAYRTSTCA	TGACASSTGTCA	12	41	523	7.84	10.784	0.73	82	0.1	0.143	10.072	0.9889837985862526	1.0
HES7 (MA0822.1)	GGCACGTGCC	HGSCACKTGCYV	YGGCACGTGCCR	12	14	523	2.68	3.648	0.73	23	0.03	0.034	5.997	0.9057684332607868	1.0
FIGLA (MA0820.2)	CACCTG	CACCTG	CACCTG	6	172	523	32.89	45.644	0.72	255	0.31	0.553	7.729	0.9999999977934118	1.0
ZEB1 (MA0103.4)	CACCTG	CACCTG	CACCTG	6	172	523	32.89	45.644	0.72	255	0.31	0.553	8.12	0.9999999977934118	1.0
Pgr (MA2323.1)	GRACADWDTGTYC	MWRAAMWWMHTGTKYYD	VRGRACADWDTGTYCTB	17	130	523	24.86	34.394	0.72	231	0.28	0.491	10.937	0.9999985231612256	1.0
MAFG::NFE2L1 (MA0089.3)	ATGACTCAGCA	AWGACTCWGSW	ATGACTCAGCA	11	84	523	16.06	22.463	0.72	101	0.12	0.189	11.625	0.9998574194884232	1.0
PAX6 (MA0069.1)	TYACGCWTSA	TYCAYGCATSRBTK	TTYACGCWTSAVTK	14	84	523	16.06	22.294	0.72	100	0.12	0.189	10.26	0.9998007526655245	1.0
CREM (MA0609.3)	TGACGTCA	RTGACSTCAY	RTGACGTCAY	10	21	523	4.02	5.583	0.72	39	0.05	0.073	8.149	0.9545200787670245	1.0
SIX2 (MA1119.2)	GWAACCTGA	KGAAACYTSAT	WGWAACCTGAK	11	125	523	23.9	33.614	0.71	181	0.22	0.342	11.08	0.9999991937985214	1.0
Alx1 (MA0854.2)	TAATTA	WTAATTAW	YTAATTAR	8	119	523	22.75	31.969	0.71	322	0.39	0.65	9.549	0.9999980784468671	1.0
Nr2F6 (MA0728.1)	AGGTCAARAGGTCA	MRGGTHAMRAGGKCA	RAGGTCAARAGGTCA	15	119	523	22.75	31.962	0.71	141	0.17	0.312	9.85	0.999998045077136	1.0
HOXC12 (MA0906.2)	TCGTAAA	RRTMRTAAAA	RRTCGTAAAA	10	101	523	19.31	27.059	0.71	135	0.16	0.238	12.188	0.9999794721097032	1.0
ZNF410 (MA0752.2)	CATCCCATAATA	MCWKSCCAKAAWARYM	MCATCCCATAATAHYM	16	101	523	19.31	27.151	0.71	128	0.15	0.257	9.703	0.9999831024020414	1.0
ZNF143 (MA0088.2)	CCCAYRATGCA	YWMCCAKRATHCMWSY	YWCCCAYRATGCAYYR	16	91	523	17.4	24.39	0.71	101	0.12	0.212	6.799	0.999938891901719	1.0
MEIS3 (MA0775.2)	TGACA	TTGACAG	DTGACAB	7	86	523	16.44	23.258	0.71	92	0.11	0.192	8.061	0.9999319451667804	1.0
TFAP4::FLI1 (MA1967.2)	CGGAAACAGCTG	DVMVKAARCAGCTG	RSCGGAAACAGCTG	14	78	523	14.91	21.025	0.71	86	0.1	0.177	7.503	0.9998122665704445	1.0
PGR (MA2327.1)	ACABDVTGT	ACAKWMTGT	ACABDVTGT	9	66	523	12.62	17.782	0.71	137	0.16	0.246	8.521	0.9993527734829029	1.0
ONECUT2 (MA0756.3)	GATCRATA	GATCRATA	GATCRATA	8	60	523	11.47	16.184	0.71	73	0.09	0.125	9.998	0.998879453268678	1.0
OLIG2 (MA0678.1)	CATATG	AWCATATGKT	AMCATATGKY	10	58	523	11.09	15.61	0.71	71	0.09	0.182	11.216	0.9985484654571424	1.0
LHX9 (MA0701.3)	YAATTA	CYAATTA	YYAATTA	7	133	523	25.43	36.512	0.7	207	0.25	0.431	8.758	0.999999957396981	1.0
ESRRA (MA0592.4)	CAAGGTCA	YCAAKGKCA	YCAAGGTCA	9	118	523	22.56	32.161	0.7	216	0.26	0.309	10.502	0.999999236106947	1.0
ZNF75D (MA1601.2)	GTGGGAAABCCT	GKGGRAAAVCYT	GTGGGAAABCCT	12	117	523	22.37	32.069	0.7	160	0.19	0.313	10.264	0.9999994236982058	1.0
ZNF140 (MA1589.2)	GAGYRGAATTGC	BKGRSYKGAAKTGYWGSVW	RKGAGYRGAATTGCTRRRB	19	100	523	19.12	27.159	0.7	118	0.14	0.243	10.992	0.9999895239149186	1.0
KLF1 (MA0493.3)	GGGYGKGG	GGGWGKGG	GGGYGKGG	8	75	523	14.34	20.436	0.7	84	0.1	0.162	9.929	0.9998356817048009	1.0
HOXB4 (MA1499.2)	TMATTA	TCATTA	TMATTA	6	169	523	32.31	46.73	0.69	323	0.39	0.658	7.536	0.9999999999817423	1.0
HOXC4 (MA1504.2)	YMATTA	TCATTA	YMATTA	6	169	523	32.31	46.73	0.69	323	0.39	0.658	7.313	0.9999999999817423	1.0
HOXD4 (MA1507.2)	YMATTA	TCATTA	YMATTA	6	169	523	32.31	46.73	0.69	323	0.39	0.658	7.309	0.9999999999817423	1.0
POU4F1 (MA0790.2)	TRMATWATTDA	TNMATWWTTWAT	TRMATWATTDAT	12	145	523	27.72	39.931	0.69	236	0.28	0.562	10.913	0.9999999960661522	1.0
NFATC4 (MA1525.3)	GGAAA	WTGGAAAMW	RYGGAAAMW	9	132	523	25.24	36.512	0.69	193	0.23	0.4	9.753	0.9999999749260371	1.0
ERF::SREBF2 (MA1939.2)	CGGAWRTCACGTGA	MWGGAARTVASSTGWY	SCGGAWRTCACGTGAY	16	42	523	8.03	11.694	0.69	50	0.06	0.085	9.01	0.9970757831818993	1.0
TGIF2LY (MA1572.1)	GACASSTGTC	TGASAYRTSTCA	YGACASSTGTCR	12	38	523	7.27	10.501	0.69	78	0.09	0.139	9.575	0.99473001418405	1.0
NKX2-5 (MA0063.3)	CACTCAA	CACTCAA	CACTCAA	7	141	523	26.96	40.038	0.67	186	0.22	0.438	9.011	0.9999999997001984	1.0
SOX21 (MA0866.1)	AACAATKKYAKTGTT	ARCAAWKDYMYTGTT	AACAATKKYAKTGTT	15	128	523	24.47	36.788	0.67	214	0.26	0.421	8.655	0.9999999987147089	1.0
Mafg (MA0659.4)	TGASTCAGC	GMWGASTCAGCW	GMTGASTCAGCW	12	66	523	12.62	18.7	0.67	84	0.1	0.168	9.752	0.9999034088978371	1.0
ZNF16 (MA1654.2)	GGGAGCCAYKGRRGG	AVKAGGGAGYCAWRRARRGWK	AVKRGGGAGCCAYKGRRGGYK	21	100	523	19.12	28.78	0.66	127	0.15	0.265	12.166	0.9999997622334158	1.0
Nkx3-1 (MA0124.3)	CACTTA	CCACTTA	SCACTTA	7	76	523	14.53	21.889	0.66	81	0.1	0.183	8.939	0.9999888428572593	1.0
SRF (MA0083.3)	CCATATAWGG	TKHCYATRYATRGDMW	WKMCCATATAWGGKMW	16	69	523	13.19	19.969	0.66	116	0.14	0.221	11.968	0.99997466597601	1.0
MYBL2 (MA0777.1)	CCGTTWAAC	ADMMGKTAAACWBYT	RRCCGTTWAACBGYY	15	38	523	7.27	11.067	0.66	45	0.05	0.109	9.153	0.9983915704214616	1.0
SRY (MA0084.2)	ACAA	AAACAAT	WWACAAW	7	121	523	23.14	35.686	0.65	144	0.17	0.364	7.894	0.9999999995688061	1.0
MAF::NFE2 (MA0501.2)	TGACTCAGCA	RTGACWCWGSA	RTGACTCAGCA	11	73	523	13.96	21.369	0.65	79	0.09	0.177	11.825	0.9999921414989247	1.0
ZNF784 (MA1717.2)	ACYTACC	ACCTACCW	ACYTACCK	8	73	523	13.96	21.568	0.65	75	0.09	0.178	9.23	0.999995110318684	1.0
ETV2::DRGX (MA1940.2)	CGGAWRYRATTA	RGGAAMYWATTW	CGGAWRYRATTA	12	70	523	13.38	20.505	0.65	89	0.11	0.171	10.877	0.999987680274354	1.0
ELK1::HOXB13 (MA1932.2)	CCGGAAGTHRTWA	RCMGGAARWYVTRRR	RCCGGAAGTHRTWAM	15	51	523	9.75	14.99	0.65	61	0.07	0.113	8.056	0.9998017583943268	1.0
TBXT (MA0009.2)	TMRCACVTABGTGYKA	TMDCAMSTWSKTGHDA	TMRCACVTABGTGYKA	16	44	523	8.41	12.994	0.65	75	0.09	0.165	10.77	0.9995217332514189	1.0
Zfp961 (MA2126.1)	GGGCGCCA	GGGTGCCA	GGGCGCCA	8	25	523	4.78	7.335	0.65	27	0.03	0.051	8.549	0.9921225492464589	1.0
Arntl (MA0603.2)	CACGTG	MKCACGTG	RTCACGTG	8	14	523	2.68	4.107	0.65	14	0.02	0.034	8.338	0.9656425494228603	1.0
FOXD3 (MA0041.3)	AAAYAA	WRWRWAAAYAAAHW	WRNRHAAAYAAWCW	14	176	523	33.65	52.505	0.64	366	0.44	0.876	12.46	1.0	1.0
DMRTC2 (MA1479.2)	GMTACA	WWTTGMYACAK	WWWTGMTACAW	11	102	523	19.5	30.639	0.64	175	0.21	0.298	10.492	0.9999999942381643	1.0
SREBF1 (MA0829.3)	TCACSTGA	RTSACCTSAY	RTCACSTGAY	10	54	523	10.33	16.061	0.64	59	0.07	0.153	8.95	0.9999177986654196	1.0
KLF11 (MA1512.2)	CACRCCC	CCMCRCCCMC	MCACRCCCMC	10	47	523	8.99	13.981	0.64	50	0.06	0.102	11.596	0.9997556589358182	1.0
FOSL1::JUND (MA1142.2)	TGASKMA	ATGAYTCA	RTGASKMA	8	65	523	12.43	19.793	0.63	75	0.09	0.173	8.52	0.9999955549519745	1.0
ZBTB12 (MA1649.2)	CTRGAAC	CTGGAAC	CTRGAAC	7	62	523	11.85	18.707	0.63	65	0.08	0.148	8.729	0.9999881313512058	1.0
TBX19 (MA0804.2)	TMRCACVTRBGTGYKA	TMDCAMVTASKTGHKAR	TMRCACVTRBGTGYKAH	17	50	523	9.56	15.243	0.63	79	0.09	0.176	10.697	0.9999355242420044	1.0
KLF3 (MA1516.2)	CCRCGCCC	BRCCACRCCC	RRCCRCGCCC	10	35	523	6.69	10.631	0.63	37	0.04	0.075	10.5	0.9991071959865211	1.0
Runx1 (MA0002.3)	TGTGG	BTGTGGTYW	YTGTGGYYW	9	108	523	20.65	33.178	0.62	158	0.19	0.327	10.059	0.999999999822368	1.0
RUNX3 (MA0684.3)	ACCWCA	AACCTCAW	RACCWCAR	8	107	523	20.46	33.247	0.62	120	0.14	0.329	9.597	0.9999999999245363	1.0
BCL6B (MA0731.1)	TGCTTTCTAGGAATT	TVYTKTCYAGBRWTYVM	TGCTTTCTAGGAATTMM	17	101	523	19.31	31.35	0.62	122	0.15	0.306	2.287	0.9999999995880775	1.0
NR2C2 (MA0504.2)	GGTCARAGGKCR	GRKGKSAGAGKKBA	RRGGTCARAGGKCR	14	94	523	17.97	28.895	0.62	115	0.14	0.267	9.909	0.999999994617408	1.0
ZSCAN16 (MA2100.1)	AKTGTTAACAGAGCCTC	HWDWKTYRMCARAGYMTS	VAKTGTTAACAGAGCCTC	18	88	523	16.83	27.098	0.62	105	0.13	0.242	-0.407	0.9999999810121992	1.0
IRF6 (MA1509.1)	CCGAAACT	ACSRAAACW	RCCGAAACT	9	36	523	6.88	11.021	0.62	37	0.04	0.078	9.738	0.9993794722683222	1.0
DUX4 (MA0468.1)	AAYYYAATCA	HAAMYKMATCA	WAAYYYAATCA	11	116	523	22.18	36.482	0.61	151	0.18	0.397	10.821	0.9999999999985107	1.0
PPARG (MA0066.2)	TRGGTCANBDTSACCYA	WRGKTSAHWBKBWMYHMDW	TRGGTCANBDTSACCYANW	19	89	523	17.02	27.962	0.61	143	0.17	0.295	9.849	0.999999996810781	1.0
KLF5 (MA0599.1)	CCMCRCCC	SCCMCRCCCM	BCCMCRCCCH	10	74	523	14.15	23.228	0.61	82	0.1	0.19	10.774	0.9999998733728286	1.0
JUN (MA0488.2)	ATGAKGTMA	MTGAKGHMAY	ATGAKGTMAT	10	59	523	11.28	18.57	0.61	74	0.09	0.154	12.206	0.9999970276509037	1.0
TBX20 (MA0689.1)	AGGTGTGA	WRGGTGTRAWR	WAGGTGTGAWR	11	115	523	21.99	36.436	0.6	158	0.19	0.363	10.523	0.9999999999991427	1.0
ZNF76 (MA1716.2)	CCCAYMATGCMHYRC	WCCCAVARTYCMRCWSS	WCCCAYMATGCMHYRCR	17	65	523	12.43	20.788	0.6	74	0.09	0.171	9.741	0.9999996609909665	1.0
RUNX2 (MA0511.2)	ACCRCA	AAACCACAM	WRACCRCAR	9	63	523	12.05	20.0	0.6	71	0.09	0.16	10.418	0.9999991964850654	1.0
OSR1 (MA1542.2)	GCTACYG	RCTACTGT	GCTACYGT	8	49	523	9.37	15.663	0.6	57	0.07	0.119	9.967	0.9999873000559271	1.0
ZNF343 (MA1711.2)	GCTTCMCSDCGG	MYGCTTCMYCRMGRSA	VYGCTTCMCSDCGGYM	16	44	523	8.41	14.027	0.6	44	0.05	0.104	7.566	0.9999595523202024	1.0
KLF12 (MA0742.2)	GGGCGKGG	DGGGMGGGG	KGGGCGKGG	9	35	523	6.69	11.113	0.6	35	0.04	0.079	11.551	0.9997195276813469	1.0
ZNF214 (MA1975.2)	ATYAABRKCCT	WCAKYAABRWSCT	WMATYAABRKCCT	13	99	523	18.93	32.314	0.59	129	0.15	0.325	11.11	0.9999999999943782	1.0
ZNF75A (MA2097.1)	TTTTCCCAC	DMTTYTCMCACW	KMTTTTCCCACM	12	98	523	18.74	31.832	0.59	123	0.15	0.306	11.488	0.9999999999873159	1.0
ZNF528 (MA1597.1)	AGGGAAGYCATTYC	BHMWGGDARGVMATTKM	YBMAGGGAAGYCATTYC	17	88	523	16.83	28.283	0.59	108	0.13	0.272	9.47	0.999999999346595	1.0
Isl1 (MA1608.2)	CCATTA	CCATTAG	CCATTAR	7	57	523	10.9	18.547	0.59	60	0.07	0.148	8.834	0.999999080128641	1.0
ERF::FIGLA (MA1934.2)	MGGAWRCASSTG	SWGGAWSMASSTK	SMGGAWRCASSTG	13	48	523	9.18	15.449	0.59	54	0.06	0.116	8.696	0.9999880068399284	1.0
ZBTB17 (MA2102.1)	ATCGAT	MATCRATK	RATCGATY	8	36	523	6.88	11.641	0.59	60	0.07	0.099	8.051	0.9998639617162409	1.0
TBX21 (MA0690.3)	TCACACCT	WTCACACCTD	TTCACACCTY	10	96	523	18.36	31.426	0.58	110	0.13	0.287	10.635	0.9999999999889447	1.0
RARA::RXRA (MA0159.1)	RGKTCABVVRSVGKKSA	RGSTSAWVVRSAGKTYW	RGKTCABVVRSVGKKSA	17	83	523	15.87	27.472	0.58	101	0.12	0.247	10.273	0.9999999997561368	1.0
KLF4 (MA0039.5)	CCCCACCC	CCCCRCCC	CCCCACCC	8	69	523	13.19	22.899	0.58	76	0.09	0.189	10.107	0.9999999873967621	1.0
SIX1 (MA1118.2)	AACCTGA	RWAACCTGA	GWAACCTGA	9	97	523	18.55	32.512	0.57	115	0.14	0.32	10.797	0.9999999999993113	1.0
ZNF675 (MA1714.2)	GRGGMYARAAYG	DDDHHRRGWKGMMWAAAWG	KGVHYVRGRGGMYARAAYG	19	97	523	18.55	32.818	0.57	121	0.14	0.326	11.886	0.9999999999997511	1.0
SCRT2 (MA0744.3)	CAACAGGT	KCAACAGGTT	KCAACAGGTK	10	89	523	17.02	29.767	0.57	104	0.12	0.271	10.759	0.9999999999860458	1.0
EN2 (MA0642.3)	YMATTA	CCAATTA	SYMATTA	7	73	523	13.96	24.314	0.57	103	0.12	0.214	7.998	0.9999999969161961	1.0
ATF7 (MA0834.2)	ATGACGTCAY	ATGACGTSAY	ATGACGTCAY	10	17	523	3.25	5.69	0.57	23	0.03	0.059	7.58	0.9959870381155477	1.0
Npas4 (MA1995.2)	CGTGAC	TCGTGAC	TCGTGAC	7	7	523	1.34	2.356	0.57	7	0.01	0.015	8.736	0.9614888643695929	1.0
Prdm5 (MA1999.2)	TCTCC	KTTCTCMMTCT	GYTCTCCAKYY	11	80	523	15.3	27.426	0.56	87	0.1	0.248	9.282	0.9999999999672996	1.0
GATA1::TAL1 (MA0140.3)	TATCWBBVHVVHVCA	YTATCWRWVWWWWVCAS	TTATCWBBVHVVHVCAS	17	76	523	14.53	25.897	0.56	83	0.1	0.234	10.971	0.999999999786753	1.0
ZKSCAN1 (MA1585.2)	AGTAGG	HYAGTAGGY	AYAGTAGGY	9	74	523	14.15	25.117	0.56	96	0.11	0.221	9.207	0.9999999994420284	1.0
TGIF2 (MA0797.1)	TGACAGSTGTCA	TGASAKSTGTCA	TGACAGSTGTCA	12	51	523	9.75	17.377	0.56	69	0.08	0.19	9.248	0.9999995481049693	1.0
CREB3 (MA0638.2)	CACGTCA	DKMCACGTCABN	YKMCACGTCAYH	12	15	523	2.87	5.086	0.56	15	0.02	0.033	9.727	0.9946886287656846	1.0
JUNB (MA1140.3)	ATGACGTCA	RTGACGTSATY	ATGACGTCAYS	11	15	523	2.87	5.086	0.56	21	0.03	0.047	8.021	0.9946886287656846	1.0
FOSL1::JUN (MA1129.1)	TKACGTMA	RTSACGTCAT	RTKACGTMAY	10	14	523	2.68	4.818	0.56	28	0.03	0.059	9.092	0.9944544756079702	1.0
RARA (MA0730.1)	AGGTCAHBYWRAGGTCA	RGGYCAWHYRMRGKTYA	AGGTCAHBYWRAGGTCA	17	85	523	16.25	29.637	0.55	101	0.12	0.276	8.726	0.9999999999989271	1.0
SNAI3 (MA1559.2)	CAGGTG	RCAGGTGHR	RCAGGTGYR	9	73	523	13.96	25.468	0.55	78	0.09	0.216	10.822	0.9999999999097554	1.0
RELB (MA1117.2)	ATTCCCC	ATTCCCC	ATTCCCC	7	51	523	9.75	17.859	0.55	58	0.07	0.146	8.974	0.9999998869207413	1.0
NKX6-3 (MA1530.2)	YCATTA	GTCATTAA	SYCATTAW	8	78	523	14.91	27.434	0.54	108	0.13	0.261	8.777	0.9999999999929073	1.0
ZNF85 (MA1720.2)	AGATTMCWKC	RAGATTVCWRYR	RAGATTMCWKCA	12	75	523	14.34	26.707	0.54	95	0.11	0.245	12.737	0.9999999999924032	1.0
CUX2 (MA0755.2)	ATCRAT	WRATCRATW	WRATCRATH	9	48	523	9.18	17.01	0.54	58	0.07	0.139	10.495	0.999999840269109	1.0
HOXB2::ELK1 (MA1957.1)	CGGAAGTMRT	MCCRGAAGTHRTYW	RSCGGAAGTMRTYA	14	44	523	8.41	15.511	0.54	48	0.06	0.119	10.92	0.9999992759661042	1.0
Creb5 (MA0840.2)	ATGACGTCA	ATGACRTCAY	ATGACGTCAY	10	20	523	3.82	7.021	0.54	26	0.03	0.073	9.287	0.9991630846366595	1.0
FOS (MA1951.2)	TGACGTCAT	DRTGAYRTSATHV	BRTGACGTCATMR	13	19	523	3.63	6.7	0.54	25	0.03	0.058	8.478	0.9989890142797436	1.0
FOSL2::JUNB (MA1139.2)	TGACGTCA	RTGACGTCAY	RTGACGTCAY	10	16	523	3.06	5.614	0.54	34	0.04	0.074	9.633	0.9975061781355004	1.0
E2F1 (MA0024.3)	GGCGCC	YWDGSCGCCHAD	WWWGGCGCCMWW	12	11	523	2.1	3.878	0.54	14	0.02	0.044	8.843	0.9909000094608121	1.0
MLXIPL (MA0664.2)	CACGTG	RGCACGTG	RKCACGTG	8	11	523	2.1	3.931	0.54	11	0.01	0.032	8.662	0.9922048175108286	1.0
POU6F2 (MA0793.2)	CTMATTA	BMCTMATTA	DSCTMATTA	9	80	523	15.3	28.627	0.53	90	0.11	0.283	9.79	0.9999999999993632	1.0
SNAI2 (MA0745.3)	CACCTGT	WCACCTGT	RCACCTGT	8	67	523	12.81	24.291	0.53	71	0.09	0.199	10.233	0.9999999999593682	1.0
ZNF331 (MA1726.2)	GCWGAGC	RGCAGAGCCT	WGCWGAGCMH	10	59	523	11.28	21.453	0.53	69	0.08	0.171	10.868	0.9999999992578699	1.0
TEF (MA0843.2)	TTACRTAA	ATTAYATAAT	RTTACRTAAY	10	40	523	7.65	14.554	0.53	61	0.07	0.148	9.127	0.9999993439500271	1.0
DBP (MA0639.2)	TTAYRTAA	ATTAYATAAT	RTTAYRTAAY	10	35	523	6.69	12.734	0.53	67	0.08	0.162	9.443	0.9999965072170975	1.0
SCRT1 (MA0743.3)	CAACAGGT	KCWACAGGTK	KCAACAGGTK	10	84	523	16.06	30.815	0.52	97	0.12	0.28	9.815	0.9999999999999919	1.0
CEBPG (MA1636.2)	TGATGCAA	RTKATGMAAY	RTGATGCAAT	10	74	523	14.15	27.419	0.52	81	0.1	0.255	11.107	0.9999999999996905	1.0
HINFP (MA0131.3)	CGTCCGC	MSGTCCGC	RCGTCCGC	8	7	523	1.34	2.577	0.52	7	0.01	0.016	9.882	0.9803874602775544	1.0
MYOD1 (MA0499.3)	CASCTGT	KCASCTGTY	SCASCTGTY	9	67	523	12.81	25.109	0.51	77	0.09	0.214	10.036	0.9999999999973345	1.0
FOSB::JUNB (MA1136.1)	TKACGTCA	RTSACGTCAT	RTKACGTCAY	10	15	523	2.87	5.591	0.51	28	0.03	0.058	9.368	0.998726226076225	1.0
RARA (MA0729.1)	RAGGTCAWAAGGTCA	WARRWSAWAAGGTCAMKY	RAGGTCAWAAGGTCAWKK	18	85	523	16.25	32.558	0.5	96	0.11	0.324	7.099	1.0	1.0
Rfx6 (MA1724.2)	CMTAGCAA	CMTAGCARC	CMTAGCAAC	9	68	523	13.0	25.843	0.5	81	0.1	0.226	9.407	0.9999999999995096	1.0
HSF4 (MA0771.1)	TCYRGAABVTTC	TWCTRGMAYATTC	WTCYRGAABVTTC	13	56	523	10.71	21.56	0.5	59	0.07	0.189	10.006	0.9999999999524608	1.0
KLF6 (MA1517.2)	ACRCCC	CCMCRCCCM	MMACRCCCH	9	36	523	6.88	13.813	0.5	37	0.04	0.1	10.231	0.9999997085363279	1.0
RFX4 (MA0799.3)	GTTGCYWRGCAAC	GTYKCYWAGSAAC	GTTGCYWRGCAAC	13	34	523	6.5	12.91	0.5	47	0.06	0.174	6.288	0.9999990293623352	1.0
ATF6 (MA1466.2)	TGACGTGGC	VMRTGACGTGDMW	YKRTGACGTGGCR	13	16	523	3.06	6.149	0.5	16	0.02	0.041	7.152	0.9994721555676389	1.0
Gmeb1 (MA0615.2)	RCGY	TACGTA	KRCGYM	6	15	523	2.87	5.683	0.5	30	0.04	0.076	6.506	0.9990294829621552	1.0
TFE3 (MA0831.3)	TCACGTGA	RBCACGTGVY	RTCACGTGAY	10	11	523	2.1	4.245	0.5	22	0.03	0.055	7.784	0.9969501690649369	1.0
FOXH1 (MA0479.2)	AATMCACA	AATMCACA	AATMCACA	8	91	523	17.4	35.556	0.49	104	0.12	0.367	10.324	1.0	1.0
NR2F1 (MA0017.3)	RGGTCA	WAAGGTCAVWYK	WRRGGTCAHVVG	12	79	523	15.11	30.631	0.49	105	0.13	0.282	10.465	0.9999999999999999	1.0
Alx4 (MA0853.2)	TAATTA	YBTYTTAATTAR	VSHDYTAATTAR	12	71	523	13.58	27.694	0.49	99	0.12	0.402	10.522	0.9999999999999911	1.0
Ar (MA0007.4)	RGWACAYVRTGTWC	RRGRACWNWRWGTKCC	RRGWACAYVRTGTWCY	16	36	523	6.88	14.149	0.49	56	0.07	0.151	9.446	0.9999998985563763	1.0
FOSL2::JUN (MA1131.2)	TGACGTMA	RTGACRTMAK	RTGACGTMAY	10	27	523	5.16	10.486	0.49	32	0.04	0.092	9.615	0.999993547682029	1.0
TBX2 (MA0688.2)	GTGTBA	AGGTGTKAH	RRGTGTBAW	9	82	523	15.68	32.421	0.48	93	0.11	0.306	9.36	1.0	1.0
ESRRB (MA0141.4)	CAAGGTCA	YCAAGGKCAW	TCAAGGTCAW	10	79	523	15.11	31.526	0.48	97	0.12	0.298	11.154	1.0	1.0
ZNF547 (MA2334.1)	GCTAATGCWRC	TGCTWATGCWRCW	TGCTAATGCWRCM	13	68	523	13.0	27.25	0.48	77	0.09	0.242	10.59	0.999999999999997	1.0
ZBTB6 (MA1581.2)	CTKGAGCC	VCTTGAGCM	SCTKGAGCC	9	62	523	11.85	24.788	0.48	75	0.09	0.218	10.264	0.9999999999998874	1.0
CUX1 (MA0754.3)	AATCRAT	WRATCRATA	YAATCRATA	9	44	523	8.41	17.392	0.48	49	0.06	0.14	11.075	0.9999999978400956	1.0
RXRG (MA1556.1)	GGTCAYGACC	RAGGTCAYRMNCTY	RRGGTCAYGACCYY	14	39	523	7.46	15.541	0.48	44	0.05	0.134	9.186	0.9999999861121901	1.0
CDX2 (MA0465.3)	CAATAAA	KCAATAAA	GCAATAAA	8	100	523	19.12	40.941	0.47	139	0.17	0.481	10.146	1.0	1.0
Hoxd13 (MA0909.4)	CAATAA	CAATAAA	CAATAAM	7	79	523	15.11	32.467	0.47	93	0.11	0.32	9.281	1.0	1.0
DPRX (MA1480.2)	TMATC	AGMTWATCY	VGMTMATCY	9	49	523	9.37	19.732	0.47	58	0.07	0.174	9.468	0.9999999999397039	1.0
CEBPB (MA0466.4)	TTGCGCAA	RTTRYRYAAY	RTTGCGCAAY	10	19	523	3.63	7.74	0.47	38	0.05	0.101	6.403	0.9999540497596846	1.0
RARA::RXRG (MA1149.2)	GGTCAHNBDVRGG	RGGYYAWHHRVRGKYYW	RGGTCAHNBDVRGGKYR	17	63	523	12.05	26.287	0.46	69	0.08	0.235	9.663	0.999999999999999	1.0
SOX13 (MA1120.2)	ACAATG	ACAATGG	ACAATGR	7	49	523	9.37	20.367	0.46	54	0.06	0.164	8.767	0.9999999999933759	1.0
SOX2 (MA0143.5)	ACAATG	ACAATGG	ACAATGR	7	49	523	9.37	20.367	0.46	54	0.06	0.164	8.789	0.9999999999933759	1.0
Sox3 (MA0514.3)	ACAATG	ACAATGG	ACAATGR	7	49	523	9.37	20.367	0.46	54	0.06	0.164	8.827	0.9999999999933759	1.0
NR4A2::RXRA (MA1147.2)	GGYCRWTGACC	RGGYCWWTSAMCY	RGGYCRWTGACCY	13	47	523	8.99	19.503	0.46	62	0.07	0.193	10.069	0.9999999999772882	1.0
FLI1::DRGX (MA1949.2)	CGGAWRYMAT	RYAGGAASYAATTM	RYCGGAWRYMATYR	14	44	523	8.41	18.447	0.46	53	0.06	0.147	10.675	0.9999999999395929	1.0
FOSL1::JUND (MA1143.2)	TGAC	ATGACDWMA	RTGACKYMW	9	30	523	5.74	12.444	0.46	31	0.04	0.09	8.371	0.9999998417990803	1.0
Nkx3-2 (MA0122.4)	CACTTA	WDMCACTTAW	WWMCACTTAW	10	83	523	15.87	35.136	0.45	92	0.11	0.366	11.198	1.0	1.0
RORA (MA0071.1)	AGGTCA	WAVDRGGTCA	WWVDAGGTCA	10	76	523	14.53	32.489	0.45	85	0.1	0.32	10.405	1.0	1.0
Dux (MA0611.3)	GATTBAATCA	DGATTBAATCW	WGATTBAATCA	11	61	523	11.66	25.721	0.45	91	0.11	0.348	10.337	0.9999999999999987	1.0
Sox5 (MA0087.3)	AACAATG	AACAAWGS	AACAATGS	8	86	523	16.44	37.553	0.44	106	0.13	0.402	10.102	1.0	1.0
NFYA (MA0060.4)	CCAATCA	CCAATCAS	CCAATCAS	8	56	523	10.71	24.413	0.44	61	0.07	0.213	10.035	0.9999999999999984	1.0
DMRT3 (MA0610.2)	TGTAWC	TGTATCM	TGTAWCM	7	54	523	10.33	23.411	0.44	60	0.07	0.201	8.691	0.9999999999999896	1.0
HSF1 (MA0486.2)	TTCYMGAAYVTTC	YTMYVGAAWWTTC	TTCYMGAAYVTTC	13	54	523	10.33	23.549	0.44	57	0.07	0.216	8.545	0.9999999999999939	1.0
NFYC (MA1644.2)	CCAATCA	CCAATCA	CCAATCA	7	46	523	8.8	20.199	0.44	49	0.06	0.165	9.012	0.9999999999992669	1.0
CREB3L1 (MA0839.2)	GCCACGTCA	TGCCACGTSMDSW	YGCCACGTCABCR	13	17	523	3.25	7.434	0.44	17	0.02	0.051	8.916	0.9999788133237717	1.0
RORC (MA1151.2)	AWBTRGGKCA	AWWTRGGYCA	AWBTRGGKCA	10	70	523	13.38	31.013	0.43	74	0.09	0.298	9.828	1.0	1.0
FERD3L (MA1485.1)	GYRMCAGCTGYYRC	RHRSCASCTGHKRC	GYRMCAGCTGYYRC	14	27	523	5.16	11.946	0.43	31	0.04	0.113	8.937	0.9999999438849847	1.0
FOXF2 (MA0030.2)	RTAAACA	MRTAAACAD	SRTAAACAW	9	74	523	14.15	33.843	0.42	80	0.1	0.334	10.699	1.0	1.0
TBX18 (MA1565.2)	GGTGKGA	AGGTGTGAH	RGGTGKGAR	9	66	523	12.62	30.103	0.42	74	0.09	0.273	9.632	1.0	1.0
Sox1 (MA0870.1)	ACAATWVCATTGT	VMCAAWDVYAKTGHH	MACAATWVCATTGTY	15	62	523	11.85	28.184	0.42	81	0.1	0.314	10.246	1.0	1.0
THRA (MA1969.2)	TGWCCTCABDTGACCT	VTGWCCTSAHVTRRCCTB	STGWCCTCABDTGACCTY	18	55	523	10.52	25.124	0.42	61	0.07	0.225	13.709	1.0	1.0
JUND (MA0492.2)	ATGAYGTMA	RATGABSYMAY	RATGAYGTMAT	11	40	523	7.65	18.05	0.42	49	0.06	0.162	12.305	0.9999999999942342	1.0
ETV2::FIGLA (MA1941.2)	GGAARCAGSTG	VMGGAWRMAGSTG	SCGGAARCAGSTG	13	33	523	6.31	15.013	0.42	35	0.04	0.111	9.863	0.999999999628832	1.0
NR3C1 (MA0113.4)	GWACAYDRTGTWC	RRRACAHWDWGTYYY	RGWACAYDRTGTWCY	15	30	523	5.74	13.614	0.42	51	0.06	0.172	8.781	0.9999999970624908	1.0
BHLHA15 (MA0607.2)	CATATG	RMCAKMTGKY	RMCATATGKY	10	24	523	4.59	11.304	0.41	50	0.06	0.163	10.835	0.9999999707847369	1.0
BACH1 (MA1633.2)	ATGACTCA	WTGAHTCAT	ATGACTCAY	9	42	523	8.03	20.084	0.4	57	0.07	0.172	11.558	0.9999999999999801	1.0
CEBPE (MA0837.3)	TTGCGCAA	RTTRYRYAAY	RTTGCGCAAY	10	19	523	3.63	9.423	0.39	38	0.05	0.131	7.392	0.9999998487134723	1.0
Foxn1 (MA1684.1)	GAMGC	GGACGC	RGAMGC	6	16	523	3.06	7.908	0.39	16	0.02	0.055	7.027	0.9999984563867863	1.0
SOX8 (MA0868.3)	ACAAT	AACAATG	RACAATR	7	50	523	9.56	25.346	0.38	56	0.07	0.222	8.405	1.0	1.0
CEBPG (MA0838.1)	TTRCGCAA	ATTACVCAAY	RTTRCGCAAY	10	27	523	5.16	13.507	0.38	28	0.03	0.122	8.924	0.9999999997940086	1.0
MAFA (MA1521.2)	GCTGMSKCAGC	WGCTBMSKCWGCW	YGCTGMSKCAGCR	13	22	523	4.21	11.159	0.38	44	0.05	0.141	10.601	0.9999999937439672	1.0
ZNF708 (MA1730.2)	GCTGTRCCT	KCTGTDCST	GCTGTRCCT	9	40	523	7.65	20.551	0.37	43	0.05	0.165	8.61	0.9999999999999997	1.0
THRB (MA1575.2)	TGWCCTBRHYVAGGWCA	KRDCCTSVHBVAGGHYR	TGWCCTBRHYVAGGWCA	17	29	523	5.54	14.883	0.37	56	0.07	0.2	8.618	0.9999999999904658	1.0
ZNF524 (MA2096.1)	TCGVACCC	MTCGVACCC	YTCGVACCC	9	28	523	5.35	14.394	0.37	30	0.04	0.108	10.041	0.9999999999790922	1.0
ZBTB14 (MA1650.2)	CGCGCAC	CCGCGCAS	CCGCGCAC	8	4	523	0.76	2.08	0.37	4	0.0	0.013	8.408	0.9944824047849051	1.0
POU6F1 (MA1549.2)	TAATGA	TAATGAG	TAATGAK	7	36	523	6.88	19.09	0.36	37	0.04	0.157	8.921	0.9999999999999987	1.0
JDP2 (MA0656.2)	ATGACGTCA	ATGAYRTCAY	ATGACGTCAY	10	16	523	3.06	8.581	0.36	24	0.03	0.082	9.118	0.9999998699893786	1.0
ELK1::HOXA1 (MA1931.1)	CGGAAG	HCMGGAAGKMAKWW	WSCGGAAGTMAKTW	14	27	523	5.16	14.807	0.35	28	0.03	0.114	9.093	0.9999999999986695	1.0
FOSL2::JUND (MA1145.2)	TKACGTCA	RTSACRTCAY	RTKACGTCAY	10	18	523	3.44	9.698	0.35	30	0.04	0.084	9.979	0.9999999816721343	1.0
JUN::JUNB (MA1133.2)	TKACGTCA	TRTKABGTCAK	KRTKACGTCAK	11	16	523	3.06	8.665	0.35	18	0.02	0.068	9.045	0.9999999053396819	1.0
HES1 (MA1099.3)	CRCGTG	GRCRCGTG	KKCRCGTG	8	4	523	0.76	2.21	0.35	4	0.0	0.015	9.035	0.9967011228564054	1.0
OLIG3 (MA0827.1)	CATATG	AMCATMTGKY	RMCATATGBY	10	31	523	5.93	17.277	0.34	43	0.05	0.198	10.821	0.9999999999999933	1.0
RXRB (MA1555.1)	GGTCRTGACC	BRKKTYATGAMCYH	RRGGTCRTGACCYY	14	27	523	5.16	15.182	0.34	34	0.04	0.164	8.439	0.9999999999997061	1.0
MAF (MA1520.2)	GCTKASWMAGC	TGCWKWVWMAGCA	TGCTKASWMAGCR	13	25	523	4.78	14.011	0.34	49	0.06	0.181	9.921	0.9999999999969591	1.0
FOSB::JUN (MA1127.1)	TGACGTMA	RATGACRTSAY	RRTGACGTMAY	11	16	523	3.06	9.04	0.34	27	0.03	0.078	9.204	0.9999999774359165	1.0
NKX2-4 (MA2003.2)	CACTYSA	CCACTTVA	SCACTYSA	8	47	523	8.99	27.189	0.33	49	0.06	0.243	8.726	1.0	1.0
SOX15 (MA1152.2)	TTGT	CTATTGT	YYWTTGT	7	33	523	6.31	19.296	0.33	35	0.04	0.156	7.792	1.0	1.0
RARG (MA1553.2)	GKTCATGACC	AGGDYATGMCCTT	RGKTCATGACCYY	13	27	523	5.16	16.275	0.32	33	0.04	0.175	8.292	0.9999999999999969	1.0
NKX2-8 (MA0673.2)	CACTY	SCACTTVA	VCACTYSW	8	50	523	9.56	30.463	0.31	52	0.06	0.287	8.45	1.0	1.0
JUN::JUNB (MA1132.2)	TGACKMA	VTGACTCA	RTGACKMA	8	30	523	5.74	18.394	0.31	31	0.04	0.144	9.242	1.0	1.0
RARB (MA1552.2)	GGTCRTGACC	RAGKKYATRRCCT	RRGGTCRTGACCY	13	24	523	4.59	14.685	0.31	29	0.03	0.151	7.48	0.9999999999999445	1.0
OVOL1 (MA1544.2)	ACCGTTA	DWMCCGTTAK	DWACCGTTAY	10	11	523	2.1	6.784	0.31	11	0.01	0.047	10.91	0.9999996566029691	1.0
Nrf1 (MA0506.3)	GCGCMTGCG	CTGCKCMTGCCC	SYGCGCMTGCGY	12	4	523	0.76	2.44	0.31	4	0.0	0.017	7.572	0.998697818824923	1.0
Arx (MA0874.2)	TAATTA	HVTTAATTAA	MRYTAATTAR	10	49	523	9.37	31.457	0.3	81	0.1	0.466	11.134	1.0	1.0
NKX2-3 (MA0672.2)	CACTT	CCACTTRA	SCACTTRW	8	48	523	9.18	30.96	0.3	52	0.06	0.293	9.161	1.0	1.0
GATA5 (MA0766.3)	GATAA	AGATAAGA	WGATAASR	8	35	523	6.69	21.958	0.3	37	0.04	0.186	8.573	1.0	1.0
CREB1 (MA0018.5)	TGAYGTCA	TGATGTCA	TGAYGTCA	8	34	523	6.5	21.476	0.3	37	0.04	0.182	10.164	1.0	1.0
RXRB (MA0855.1)	RGGTCAAAGGTCA	DRGKTMAAAGKKYA	RRGGTCAAAGGTCA	14	55	523	10.52	36.627	0.29	64	0.08	0.381	12.816	1.0	1.0
ASCL1 (MA1631.2)	CACCTGC	VCASCTGCY	VCACCTGCY	9	35	523	6.69	22.792	0.29	50	0.06	0.19	10.031	1.0	1.0
USF1 (MA0093.4)	CAYGTGA	GKCAKGTGRM	GYCAYGTGAY	10	23	523	4.4	14.952	0.29	26	0.03	0.122	9.05	0.9999999999999953	1.0
ATF3 (MA0605.3)	TGACGTCA	MTGAYRTCAK	RTGACGTCAY	10	14	523	2.68	9.078	0.29	26	0.03	0.121	8.895	0.999999998413571	1.0
Nr2f6 (MA0677.2)	GGTCAAAGGTCA	RGKTMAAAGGKCA	RGGTCAAAGGTCA	13	49	523	9.37	33.155	0.28	53	0.06	0.328	10.367	1.0	1.0
TFEC (MA0871.3)	CACGTGAC	CAYGTGAC	CACGTGAC	8	8	523	1.53	5.461	0.28	8	0.01	0.037	7.805	0.9999986494252266	1.0
HOXA9 (MA0594.3)	CRTWA	GTCGTAA	RYCRTWA	7	5	523	0.96	3.411	0.28	5	0.01	0.022	7.266	0.9999047479432528	1.0
PPARD (MA1550.2)	GGTCAAAGGTCA	RRGKTVAAAGKKYA	RRGGTCAAAGGTCA	14	51	523	9.75	36.398	0.27	58	0.07	0.378	12.803	1.0	1.0
NEUROG2 (MA0669.1)	CATATGYY	AMCADATGKY	RMCATATGYY	10	26	523	4.97	18.493	0.27	33	0.04	0.193	10.51	1.0	1.0
SREBF2 (MA0828.3)	RTCACGTGAY	RTSACGTSAY	RTCACGTGAY	10	10	523	1.91	6.96	0.27	20	0.02	0.091	5.886	0.9999999559971827	1.0
ZBED2 (MA1971.2)	CGAAAC	CGAAACC	CGAAACY	7	7	523	1.34	5.002	0.27	7	0.01	0.033	9.019	0.9999977952026108	1.0
NR1H2::RXRA (MA0115.1)	AGGTCAAAGGTCA	MRRGKTMAAARGNYWDB	MRAGGTCAAAGGTCAAS	17	49	523	9.37	35.885	0.26	54	0.06	0.371	10.891	1.0	1.0
NR2F1 (MA1538.1)	GGTCRBTGACC	RRGGTMAHTKACCYY	RRGGTCRBTGACCYY	15	24	523	4.59	17.82	0.26	36	0.04	0.182	10.969	1.0	1.0
TEAD2 (MA1121.2)	ACATTCC	ACATTCC	ACATTCC	7	23	523	4.4	17.132	0.26	23	0.03	0.133	9.087	1.0	1.0
SNAI1 (MA1558.2)	CAGGTG	GCAGGTG	RCAGGTG	7	20	523	3.82	14.883	0.26	24	0.03	0.11	8.811	0.9999999999999999	1.0
TCF12 (MA1648.2)	CACCTGC	CACCTGC	CACCTGC	7	20	523	3.82	14.883	0.26	24	0.03	0.11	8.908	0.9999999999999999	1.0
TCF3 (MA0522.4)	CACCTGC	CACCTGC	CACCTGC	7	20	523	3.82	14.883	0.26	24	0.03	0.11	9.039	0.9999999999999999	1.0
TFEB (MA0692.2)	CACRTG	CAYRTGAY	CACRTGMY	8	15	523	2.87	10.967	0.26	15	0.02	0.081	8.484	0.999999999997864	1.0
RXRG (MA0856.1)	RGGTCAAAGGTCA	DRGKTHARAGKTYA	RRGGTCAAAGGTCA	14	48	523	9.18	36.795	0.25	55	0.07	0.379	13.065	1.0	1.0
HSF2 (MA0770.1)	TTCTRGAABDTTC	YTCYRGAADWTTC	TTCTRGAABDTTC	13	33	523	6.31	24.994	0.25	40	0.05	0.249	9.641	1.0	1.0
Nkx2-1 (MA1994.2)	CACTTGA	CACTTGA	CACTTGA	7	30	523	5.74	22.769	0.25	30	0.04	0.188	9.189	1.0	1.0
OVOL2 (MA1545.2)	CCGTTA	ACCGTTA	WCCGTTA	7	6	523	1.15	4.612	0.25	6	0.01	0.03	9.085	0.9999973948280763	1.0
Creb3l2 (MA0608.1)	KMCACGTG	KMSACGTSD	KMCACGTGD	9	5	523	0.96	3.801	0.25	7	0.01	0.029	10.013	0.9999817676814909	1.0
NEUROG1 (MA0623.2)	CATATG	VVCATATGKB	RMCATATGKY	10	15	523	2.87	12.038	0.24	29	0.03	0.144	10.395	0.9999999999999817	1.0
SOX14 (MA1562.2)	GAACAAT	BGAACAATK	YGAACAATK	9	31	523	5.93	25.514	0.23	32	0.04	0.227	9.422	1.0	1.0
TCF4 (MA0830.3)	CACCTG	NCACCTGC	SCACCTGS	8	26	523	4.97	21.43	0.23	30	0.04	0.17	9.804	1.0	1.0
E2F2 (MA0864.3)	GCGC	WWDDGGCGCHMWK	WWWWSGCGCSMWW	13	5	523	0.96	4.084	0.23	6	0.01	0.035	8.822	0.9999946606994179	1.0
Rxra (MA0512.2)	GGTCAAAGGTCA	VRGKTMAAAKKKYA	RRGGTCAAAGGTCA	14	40	523	7.65	34.746	0.22	45	0.05	0.347	12.437	1.0	1.0
NR2F1 (MA1537.2)	GGTCAAAGGTCA	RGDTBADRGGYYM	RGGTCAAAGGTCA	13	37	523	7.07	31.48	0.22	38	0.05	0.302	8.87	1.0	1.0
OTX2 (MA0712.3)	GGATTA	GGGATTA	RGGATTA	7	20	523	3.82	17.033	0.22	22	0.03	0.139	8.651	1.0	1.0
GMEB2 (MA0862.1)	ACGT	TKACGTMA	KKACGTMM	8	5	523	0.96	4.359	0.22	10	0.01	0.046	9.182	0.9999984163946628	1.0
THRB (MA1574.2)	GGTCARAGGT	RKKTYARRGGTYR	RGGTCARAGGTYR	13	34	523	6.5	32.451	0.2	39	0.05	0.313	11.951	1.0	1.0
SOX12 (MA1561.2)	CGAACAA	MMHRAACAAW	MMCGAACAAY	10	25	523	4.78	23.709	0.2	27	0.03	0.201	8.336	1.0	1.0
ZNF669 (MA1985.1)	GGSYGAYGMCC	RGGVWGATGMCBDSB	DGGSYGAYGMCCRBB	15	8	523	1.53	7.74	0.2	9	0.01	0.053	9.558	0.9999999999380728	1.0
ZBED1 (MA0749.2)	TRTCGCGACAT	TGTCRCGACABM	TRTCGCGACATR	12	3	523	0.57	2.891	0.2	5	0.01	0.023	9.463	0.9999636911838213	1.0
E2F6 (MA0471.3)	GGCGGGA	GGMGGGAR	GGCGGGAA	8	15	523	2.87	15.258	0.19	16	0.02	0.115	8.54	1.0	1.0
ZFP57 (MA1583.2)	TGCCGCA	TGCCGCA	TGCCGCA	7	3	523	0.57	3.426	0.17	3	0.0	0.022	9.195	0.999997035446294	1.0
MITF (MA0620.4)	TCACGTGA	RTCAYRTGAY	RTCACGTGAY	10	6	523	1.15	7.189	0.16	14	0.02	0.096	9.271	0.9999999999799097	1.0
E2F4 (MA0470.3)	TGGCGCS	YYTKSGCGCYYTD	WWKTGGCGCSMWW	13	3	523	0.57	3.916	0.15	3	0.0	0.032	8.851	0.9999997150968788	1.0
Nanog (MA2339.1)	GCAATCA	GCAATCA	GCAATCA	7	8	523	1.53	15.985	0.1	8	0.01	0.123	8.852	1.0	1.0
