family	motif	consensus	observed_consensus	pct_copies	pct_copies_bg_dinuc	fold_prevalence_dinuc	fdr_q_dinuc	rank_dinuc	pct_copies_bg_genomic	fold_prevalence_genomic	fdr_q_genomic	rank_genomic	rank_shift	agreement
Harlequin-int	MTF1 (MA0863.1)	TKTGCACACGKCMC	TKWGCACAYVKCAS	40.54	11.403	3.55	1.8326020450814932e-58	1	13.446	3.01	1.329155842018835e-47	2	1	both
Harlequin-int	Tfcp2l1 (MA0145.2)	CCRGYYHVRDCCRG	CCAGYVHMADCCWG	52.58	21.3	2.47	3.036077669572512e-50	2	19.488	2.7	1.218099780474656e-57	1	-1	both
Harlequin-int	ZNF460 (MA1596.1)	CTCMGCCTCCC	RYYWSMRYCTCCMRWS	39.01	15.166	2.57	1.2417521008143238e-35	3	44.765	0.87	1.0	477	474	dinuc only
Harlequin-int	TFAP2C (MA0815.1)	GCCCYBRGGGC	KSCCYYSRRGGSM	32.31	11.044	2.93	1.7658940712967212e-34	4	9.338	3.46	3.267581413837707e-43	4	0	both
Harlequin-int	TFAP2A (MA0872.1)	GCCCYBRGGGC	KSCCCYSRGGGSM	32.12	11.839	2.71	1.4322563472064189e-30	5	9.943	3.23	2.1130755623459667e-39	5	0	both
Harlequin-int	Atoh1 (MA1467.3)	CAGATG	CAGATGG	37.67	15.901	2.37	9.512380915369157e-30	6	21.033	1.79	2.5818384363309553e-16	50	44	both
Harlequin-int	NEUROG2 (MA1642.2)	CAGATG	CAGATGG	37.67	15.901	2.37	9.512380915369157e-30	7	21.033	1.79	2.5818384363309553e-16	51	44	both
Harlequin-int	TFAP2B (MA0813.1)	GCCCYBRRGGC	RSCCCYBRRGGSM	33.27	13.598	2.45	5.6878836778941445e-27	8	10.883	3.06	3.102171687121082e-38	6	-2	both
Harlequin-int	PAX8 (MA2094.1)	GTCACGCWYSR	STMCAYGCWYGGCYRA	18.55	5.499	3.37	2.8852765388529467e-22	9	6.983	2.66	2.4465980292812926e-16	49	40	both
Harlequin-int	KLF9 (MA1107.3)	CACACCCMC	SVCACACMCAC	38.43	19.663	1.95	2.5316108841958707e-20	10	32.642	1.18	0.0139708938248697	226	216	both
Harlequin-int	ZNF93 (MA1721.2)	CRGCRGCRG	RRCATMAGCAGYKG	17.21	5.216	3.3	5.532060264375026e-20	11	12.467	1.38	0.0055096208213436	205	194	both
Harlequin-int	ZNF530 (MA1981.2)	GMARGGMVAGGG	GRMRGGMMAGRGGM	46.27	26.432	1.75	1.0791703625226936e-19	12	31.228	1.48	1.4481335352237228e-11	82	70	both
Harlequin-int	ZIC1 (MA0696.1)	CCCCCYGCTGYG	BMCMCCMYRCKGTG	32.7	15.564	2.1	1.3379472133717952e-19	13	13.338	2.45	1.1749585635706543e-26	12	-1	both
Harlequin-int	SATB1 (MA1963.2)	CTAATAA	CTAATAA	45.32	25.782	1.76	2.194452217473414e-19	14	20.887	2.17	2.6637626149242344e-32	9	-5	both
Harlequin-int	TP63 (MA0525.2)	ACATGTYRKRACATGT	ARMAWGTTDWRACWTGTY	32.12	15.258	2.11	2.552896767484755e-19	15	13.751	2.34	5.7405426863247395e-24	16	1	both
Harlequin-int	NFE2 (MA0841.2)	ATGACTCAT	ATGAVYCAYY	34.03	16.711	2.04	2.604322279027128e-19	16	19.159	1.78	4.241425420322157e-14	67	51	both
Harlequin-int	NEUROD1 (MA1109.2)	CAGATGG	RCAGMTGG	40.73	22.203	1.83	6.855628560593805e-19	17	28.727	1.42	4.2664503757995116e-08	121	104	both
Harlequin-int	Neurod2 (MA0668.3)	CAGATGG	RCAGMTGG	40.73	22.203	1.83	6.855628560593805e-19	18	28.727	1.42	4.2664503757995116e-08	122	104	both
Harlequin-int	KLF17 (MA1514.2)	CCACRCWCCC	ACCACRCWYCCMYY	38.05	20.076	1.9	7.92040594617763e-19	19	23.266	1.64	1.131697377766506e-12	76	57	both
Harlequin-int	ZNF768 (MA1731.2)	TCTCTG	SYCTCTCTG	44.74	25.614	1.75	7.92040594617763e-19	20	35.985	1.24	0.000168264213123	174	154	both
Harlequin-int	ELK4 (MA0076.3)	CTTCCGG	MRYTTCCKG	26.96	11.763	2.29	8.974763172477572e-19	21	12.023	2.24	3.170444955267717e-18	38	17	both
Harlequin-int	TP53 (MA0106.3)	CATGYCYRGRCATGT	RRMRWGYYBVRRCWWKYY	30.59	14.455	2.12	1.4869998479408396e-18	22	15.541	1.97	4.592645888060751e-16	54	32	both
Harlequin-int	SMAD5 (MA1557.1)	GTCTAGAC	WGTSYRGACW	21.8	8.543	2.55	6.345653984383171e-18	23	7.465	2.92	3.3408582193808928e-22	21	-2	both
Harlequin-int	PBX3 (MA1114.2)	TGAKTGACAG	TGAGWGACWSK	43.98	25.751	1.71	3.2244072594899266e-17	24	32.076	1.37	1.1674517473662833e-07	125	101	both
Harlequin-int	GRHL1 (MA0647.2)	AACCGGTT	MAACMRGTTK	42.26	24.344	1.74	4.146907772249397e-17	25	15.281	2.77	1.6573490400897412e-44	3	-22	both
Harlequin-int	Zfx (MA0146.3)	CBVGGCCT	RSTKRGGCCT	32.12	16.337	1.97	1.087418974291284e-16	26	29.178	1.1	0.2406422716787284	297	271	dinuc only
Harlequin-int	SREBF1 (MA0595.1)	TCACSCCA	MTCASRCCAY	34.03	17.836	1.91	1.1227687879147675e-16	27	27.908	1.22	0.006579511059477	207	180	both
Harlequin-int	NR1D2 (MA1532.2)	TRGGTYAGTRGGTCA	YRKRTTASTGKGTYA	43.59	25.744	1.69	1.2676478342441318e-16	28	26.692	1.63	4.389175218052668e-15	59	31	both
Harlequin-int	MGA (MA0801.1)	GTGTGA	KGGTGTGA	44.17	26.294	1.68	1.5872484973632123e-16	29	28.612	1.54	1.131121872792624e-12	75	46	both
Harlequin-int	IRF2 (MA0051.2)	GAAAGYGAAAS	BRAAAVYRAAASMHAA	54.88	36.214	1.52	4.147001825816831e-16	30	35.388	1.55	9.524435769099645e-18	41	11	both
Harlequin-int	Ahr::Arnt (MA0006.2)	GCGTG	GCGTG	45.89	28.031	1.64	4.297452489292764e-16	31	37.499	1.22	0.0003639279353505	178	147	both
Harlequin-int	REL (MA0101.1)	GGRNWTTCC	KGGKMTTTYC	41.11	24.115	1.7	1.1306099647094705e-15	32	17.69	2.32	2.6637626149242344e-32	8	-24	both
Harlequin-int	CTCF (MA0139.2)	CCASYAGRKGGC	DCCASMAGADGGMDS	37.48	21.155	1.77	1.5536439337822252e-15	33	22.654	1.65	6.989493533055023e-13	73	40	both
Harlequin-int	IRF4 (MA1419.2)	CGAAACCGAAAC	CAAAACCAAAAYYM	44.17	26.83	1.65	1.5536439337822252e-15	34	24.474	1.8	2.3042349099473842e-20	23	-11	both
Harlequin-int	ZBTB33 (MA0527.2)	TCTCGCG	TCCCGCGATG	7.07	1.163	6.09	3.970819690320336e-15	35	1.813	3.9	2.3352589631765114e-10	90	55	both
Harlequin-int	TFCP2 (MA1968.2)	AACCGGWT	MAACYRGWT	34.99	19.434	1.8	6.7845044439304266e-15	36	12.558	2.79	1.2985764691365788e-35	7	-29	both
Harlequin-int	SREBF2 (MA0596.1)	TGGSGTGA	RTGGSSTGAY	35.37	19.786	1.79	8.104073644870909e-15	37	28.038	1.26	0.0009627707952674	188	151	both
Harlequin-int	SPDEF (MA0686.2)	AMCCGGATRT	WMCCGGAWRY	20.46	8.642	2.37	8.978926959565722e-15	38	7.388	2.77	2.6539992775547306e-19	24	-14	both
Harlequin-int	IRF7 (MA0772.2)	CGAAARYGAAA	VDAAARYVAAARW	63.67	45.736	1.39	1.0718184627356334e-14	39	45.461	1.4	2.651497016783008e-15	57	18	both
Harlequin-int	ZIC4 (MA0751.2)	CCMCCYGYDG	SMCYCCMYRCKGTG	29.25	15.082	1.94	1.5014724035403552e-14	40	11.847	2.47	9.783556281442957e-24	18	-22	both
Harlequin-int	TFAP2E (MA1569.2)	SCCYSRGGS	SCCTSAGGS	23.52	10.937	2.15	2.7340390669642612e-14	41	11.885	1.98	4.2114937857613706e-12	78	37	both
Harlequin-int	ZBTB7A (MA0750.3)	CCGGAAG	CMGGAAGSK	26.58	13.369	1.99	8.482662966949293e-14	42	14.654	1.81	3.6039092420706417e-11	83	41	both
Harlequin-int	IRF9 (MA0653.1)	AWCGAAACCGAAAC	RWMAAAAMYVAAASY	52.58	35.511	1.48	8.88678432929134e-14	43	36.88	1.43	6.672227475257543e-12	79	36	both
Harlequin-int	Arid3b (MA0601.2)	TTAAT	TATTAAT	38.43	22.883	1.68	9.269735697951125e-14	44	26.057	1.47	6.882016659085295e-09	115	71	both
Harlequin-int	ZNF816 (MA1719.2)	GGGGACMTG	WGGRGACMWKMHRRG	37.48	22.164	1.69	1.3359880740071486e-13	45	22.792	1.64	1.1879300312689597e-12	77	32	both
Harlequin-int	ETS2 (MA1484.2)	ACCGGAWG	ASMGGAWGY	22.75	10.685	2.13	1.589211398468404e-13	46	9.889	2.3	6.31504978695267e-16	55	9	both
Harlequin-int	POU2F1 (MA0785.2)	TATGYWAA	KATGYWAAW	48.57	32.138	1.51	3.135531824777886e-13	47	38.685	1.26	2.5052441803014894e-05	150	103	both
Harlequin-int	ELK1::SREBF2 (MA1933.2)	CGGAAGTSRCGTG	SVGGAWGYGWGGTGR	18.16	7.648	2.38	3.9026163362761705e-13	48	8.428	2.16	4.590462297691511e-11	84	36	both
Harlequin-int	Nr1h3::Rxra (MA0494.2)	TGMCCYVDRRTRRCC	TGDCMYRWRRTAAMYT	47.04	30.86	1.52	4.746385900355963e-13	49	31.143	1.51	9.197887590825004e-13	74	25	both
Harlequin-int	ETV5 (MA0765.4)	CCGGAAGT	MCCGGAARY	16.44	6.631	2.48	8.865044868911795e-13	50	4.122	3.99	4.2473246710157024e-24	15	-35	both
Harlequin-int	MEIS1 (MA1639.2)	ATMAATCA	YATMAATCA	41.68	26.287	1.59	1.0201982235038601e-12	51	29.071	1.43	8.888802415710904e-09	117	66	both
Harlequin-int	ELF4 (MA0641.1)	CCGGAAGT	VACCMGGAAGYD	25.62	13.285	1.93	2.3364820602603218e-12	52	13.981	1.83	5.0341791484883786e-11	85	33	both
Harlequin-int	ZNF213 (MA2121.1)	CCCAGGC	KCCCWGGCWGSM	30.02	16.757	1.79	2.898174139204701e-12	53	42.44	0.71	1.0	597	544	dinuc only
Harlequin-int	ZNF136 (MA1588.1)	ATTCTKGGYTG	MWATKCYWRGTTRRH	52.58	36.857	1.43	9.022692004214886e-12	54	33.117	1.59	5.26244042278185e-18	40	-14	both
Harlequin-int	ZBTB7C (MA0695.2)	ACCACC	RGACCACC	27.72	15.289	1.81	1.503995830920143e-11	55	14.325	1.94	8.431613722007505e-14	69	14	both
Harlequin-int	PLAG1 (MA0163.1)	GGGGCCMWMGGGGG	RWGKSYMWMRGGGR	36.33	22.394	1.62	1.7857606201892122e-11	56	28.742	1.26	0.0006709139907032	186	130	both
Harlequin-int	TFAP2C (MA0814.3)	CCTGAGG	SCCWGAGGC	32.12	18.929	1.7	2.2546138141801752e-11	57	35.549	0.9	1.0	462	405	dinuc only
Harlequin-int	ZNF257 (MA1710.2)	GAGGMRAG	GWGGMAAGRR	38.62	24.459	1.58	2.4792828465607776e-11	58	43.939	0.88	1.0	469	411	dinuc only
Harlequin-int	Ikzf3 (MA1992.2)	CAGGAAG	CAGGAASBR	45.51	30.616	1.49	2.7362792976788022e-11	59	36.642	1.24	0.0001475395314912	170	111	both
Harlequin-int	Hand1 (MA2123.1)	CAGACC	YMCAGACCH	41.11	26.707	1.54	3.123879208253686e-11	60	25.025	1.64	3.2777531256850394e-14	66	6	both
Harlequin-int	GABPA (MA0062.4)	CTTCCT	CHCTTCCTST	47.04	32.176	1.46	4.6122567894198695e-11	61	36.39	1.29	4.113019527240884e-06	141	80	both
Harlequin-int	ELK3 (MA0759.3)	CCGGAAGT	MCCGGAARY	16.06	7.021	2.29	8.137505800357637e-11	62	4.551	3.53	1.6381392808711283e-20	22	-40	both
Harlequin-int	HAND2 (MA1638.2)	CAGATG	CAGATG	54.68	39.595	1.38	8.449668757011941e-11	63	49.3	1.11	0.0319201038418165	244	181	both
Harlequin-int	ERF::NHLH1 (MA1938.2)	GCAGCTGCCGGA	RKCAGCTKSCRGRKGY	25.05	13.644	1.84	1.1380142861553908e-10	64	20.061	1.25	0.0147481183188388	227	163	both
Harlequin-int	SMAD3 (MA0795.1)	GTCTAGAC	WGTSTAGACA	24.86	13.499	1.84	1.1380142861553908e-10	65	10.853	2.29	2.4714851493303208e-17	42	-23	both
Harlequin-int	PBX1 (MA0070.2)	ATCAATCA	ATCAAKCAR	42.83	28.696	1.49	1.4563539096504576e-10	66	25.239	1.7	1.5407467497259734e-16	47	-19	both
Harlequin-int	FOXA3 (MA1683.2)	GTAAACA	GTAAACA	37.67	24.199	1.56	1.5563930757981412e-10	67	19.686	1.91	2.6539992775547306e-19	25	-42	both
Harlequin-int	FOXD1 (MA0031.2)	GTAAACA	GTAAACA	37.67	24.199	1.56	1.5563930757981412e-10	68	19.686	1.91	2.6539992775547306e-19	26	-42	both
Harlequin-int	FOXI1 (MA0042.2)	GTAAACA	GTAAACA	37.67	24.199	1.56	1.5563930757981412e-10	69	19.686	1.91	2.6539992775547306e-19	27	-42	both
Harlequin-int	FOXK1 (MA0852.3)	GTAAACA	GTAAACA	37.67	24.199	1.56	1.5563930757981412e-10	70	19.686	1.91	2.6539992775547306e-19	28	-42	both
Harlequin-int	FOXK2 (MA1103.3)	TAAACA	GTAAACA	37.67	24.199	1.56	1.5563930757981412e-10	71	19.686	1.91	2.6539992775547306e-19	29	-42	both
Harlequin-int	FOXL1 (MA0033.2)	TAAACA	GTAAACA	37.67	24.199	1.56	1.5563930757981412e-10	72	19.686	1.91	2.6539992775547306e-19	30	-42	both
Harlequin-int	FOXO4 (MA0848.1)	GTAAACA	GTAAACA	37.67	24.199	1.56	1.5563930757981412e-10	73	19.686	1.91	2.6539992775547306e-19	31	-42	both
Harlequin-int	FOXP1 (MA0481.4)	GTAAACA	GTAAACA	37.67	24.199	1.56	1.5563930757981412e-10	74	19.686	1.91	2.6539992775547306e-19	32	-42	both
Harlequin-int	FOXP3 (MA0850.1)	RYAAAYA	GTAAACA	37.67	24.199	1.56	1.5563930757981412e-10	75	19.686	1.91	2.6539992775547306e-19	33	-42	both
Harlequin-int	FOXP4 (MA2117.1)	TAAACA	GTAAACA	37.67	24.199	1.56	1.5563930757981412e-10	76	19.686	1.91	2.6539992775547306e-19	34	-42	both
Harlequin-int	Foxf1 (MA1606.2)	TAAACA	GTAAACA	37.67	24.199	1.56	1.5563930757981412e-10	77	19.686	1.91	2.6539992775547306e-19	35	-42	both
Harlequin-int	Foxo1 (MA0480.3)	GTAAACA	GTAAACA	37.67	24.199	1.56	1.5563930757981412e-10	78	19.686	1.91	2.6539992775547306e-19	36	-42	both
Harlequin-int	Foxo3 (MA0157.4)	GTAAACA	GTAAACA	37.67	24.199	1.56	1.5563930757981412e-10	79	19.686	1.91	2.6539992775547306e-19	37	-42	both
Harlequin-int	IRF5 (MA1420.1)	GAAACCRA	YCAAAACCAAAAYY	37.48	24.031	1.56	1.5563930757981412e-10	80	17.996	2.08	4.1693591352657763e-23	19	-61	both
Harlequin-int	NR4A1 (MA1112.3)	AAAGGTCA	AAAGGTYA	55.26	40.39	1.37	1.5563930757981412e-10	81	32.574	1.7	7.02403386729571e-24	17	-64	both
Harlequin-int	IRF3 (MA1418.2)	AHSGAAACSGAAAC	VRAAHVRAAAVHRAAAB	51.24	36.673	1.4	2.1906058163568728e-10	82	46.126	1.11	0.0425846749121138	250	168	both
Harlequin-int	ZNF701 (MA1987.2)	GAGMASYDDRGGGGG	GAGVRDBRRRRRGRRVR	41.3	27.717	1.49	4.579082413704336e-10	83	35.281	1.17	0.0118473508963562	222	139	both
Harlequin-int	BHLHE22 (MA1635.2)	CAGCTG	CAGCTG	42.83	29.124	1.47	4.770446003880149e-10	84	33.43	1.28	3.979445139603433e-05	155	71	both
Harlequin-int	Neurod2 (MA1993.2)	CAGCTG	CAGCTG	42.83	29.124	1.47	4.770446003880149e-10	85	33.43	1.28	3.979445139603433e-05	156	71	both
Harlequin-int	Olig2 (MA1997.2)	CAGCTG	CAGCTG	42.83	29.124	1.47	4.770446003880149e-10	86	33.43	1.28	3.979445139603433e-05	157	71	both
Harlequin-int	Tcf12 (MA0521.3)	CAGCTG	CAGCTG	42.83	29.124	1.47	4.770446003880149e-10	87	33.43	1.28	3.979445139603433e-05	158	71	both
Harlequin-int	Twist2 (MA0633.3)	CAGCTG	CAGCTG	42.83	29.124	1.47	4.770446003880149e-10	88	33.43	1.28	3.979445139603433e-05	159	71	both
Harlequin-int	ZNF263 (MA0528.3)	GGGAGGA	GGGAGGA	29.25	17.507	1.67	7.58557382359726e-10	89	26.516	1.1	0.2672041342571694	300	211	dinuc only
Harlequin-int	ZFP14 (MA1972.1)	GGAGSMHMHGGA	RGAGRSWHARGARDG	39.39	26.21	1.5	8.393265107087747e-10	90	37.338	1.05	0.5007889590021998	321	231	dinuc only
Harlequin-int	CTCF (MA1930.2)	TGCAVTDHHVVVHHHHDDCCWSYAGRKGG	YKRYAGWSSYRHBDMWWRRSCASMAGRKRGMDV	30.98	18.967	1.63	8.46513804754701e-10	91	21.407	1.45	2.43459307793592e-06	135	44	both
Harlequin-int	RREB1 (MA0073.2)	MCMCMAMMCAMCMMC	MMMCMMMMCAMMMMMMMMM	48.37	34.424	1.41	8.46513804754701e-10	92	39.373	1.23	0.0001368515963571	168	76	both
Harlequin-int	HIF1A (MA1106.2)	ACGTGC	ACGTGC	18.16	8.941	2.03	8.864301591159188e-10	93	13.346	1.36	0.0060486158810316	206	113	both
Harlequin-int	GLI3 (MA1491.3)	GACCACCCACGWHG	DGMYCMCCCABRVYK	31.74	19.625	1.62	8.864301591159188e-10	94	23.793	1.33	0.000160199487116	173	79	both
Harlequin-int	Plagl1 (MA1615.2)	GGGGCCA	KGGGGCCA	35.37	22.73	1.56	9.073810091433247e-10	95	22.126	1.6	1.0136949691770389e-10	87	-8	both
Harlequin-int	TFDP1 (MA1122.2)	GCGGGAA	YGCGGGAM	12.05	4.803	2.51	1.1146212880111222e-09	96	6.945	1.73	0.0001417231710085	169	73	both
Harlequin-int	POU5F1B (MA0792.1)	ATGYWAA	KATGYWAAW	46.85	33.239	1.41	1.7189505381600247e-09	97	40.551	1.16	0.0100178292208348	216	119	both
Harlequin-int	ETV4 (MA0764.4)	CCGGA	MCCGGAARY	17.4	8.528	2.04	1.8666918210518203e-09	98	6.34	2.74	4.2436369769317634e-16	53	-45	both
Harlequin-int	TFAP2A (MA0003.5)	CCTCAGG	SCCTCWGGS	31.93	20.107	1.59	2.838541480536532e-09	99	21.996	1.45	1.183994151109523e-06	133	34	both
Harlequin-int	Sox6 (MA0515.1)	CWTTGT	YYTTTGTYTT	55.26	41.453	1.33	2.838541480536532e-09	100	40.275	1.37	9.203916529419624e-11	86	-14	both
Harlequin-int	FOXA1 (MA0148.5)	GTAAACA	GTAAACAW	44.74	31.503	1.42	3.227220403151164e-09	101	33.576	1.33	9.073812411700374e-07	132	31	both
Harlequin-int	ELF2 (MA1483.3)	CCGGAA	WMCMGGAARY	26.58	15.709	1.69	3.2905702269532756e-09	102	15.885	1.67	6.064179645215876e-09	114	12	both
Harlequin-int	ERF::FOXO1 (MA1936.2)	ACMGGAA	RWMAMCAGGAAR	46.46	33.178	1.4	4.035109507809685e-09	103	36.994	1.26	4.861342211801284e-05	160	57	both
Harlequin-int	HOXB8 (MA1502.2)	YMATTA	GCAATTA	30.21	18.792	1.61	4.485944620420324e-09	104	14.837	2.04	4.9074755521546706e-17	43	-61	both
Harlequin-int	HOXD8 (MA0910.3)	YMATTA	GCAATTA	30.21	18.792	1.61	4.485944620420324e-09	105	14.837	2.04	4.9074755521546706e-17	44	-61	both
Harlequin-int	TP73 (MA0861.2)	CAWGTYBDRACAYG	ACATGYCWYRACWTKY	22.56	12.612	1.79	4.854964938564208e-09	106	15.113	1.49	3.883276529287783e-05	154	48	both
Harlequin-int	ELK1 (MA0028.3)	CCGGAAGT	MCCGGAARY	17.02	8.497	2.0	6.769920675023439e-09	107	6.226	2.73	1.2040520028896296e-15	56	-51	both
Harlequin-int	EWSR1-FLI1 (MA0149.1)	GGAAGGAAGGAAGGAAGG	RRRAGRRARSMARRARRR	46.27	33.185	1.39	6.769920675023439e-09	108	45.346	1.02	0.8680682769250706	359	251	dinuc only
Harlequin-int	JUND (MA0491.3)	TGASTCA	RTGAYTYAT	30.02	18.799	1.6	8.142990351136157e-09	109	21.813	1.38	6.131716784158993e-05	162	53	both
Harlequin-int	Erg (MA0474.4)	CAGGAAG	MSAGGAAGHR	44.55	31.771	1.4	1.159863179477442e-08	110	36.543	1.22	0.0006543036738992	185	75	both
Harlequin-int	FOXB1 (MA0845.1)	GTMAAYA	WRWGTMAAYAW	53.35	40.145	1.33	1.254752489279222e-08	111	50.929	1.05	0.4205130747052591	312	201	dinuc only
Harlequin-int	ETV2::HOXB13 (MA1943.2)	CGGAWMYATWA	SAGGAAMWRTWAD	28.49	17.698	1.61	1.5494847025894934e-08	112	16.436	1.73	1.1315457546518909e-10	88	-24	both
Harlequin-int	NKX2-2 (MA1645.2)	CACTCA	CCACTCMA	40.92	28.543	1.43	1.5494847025894934e-08	113	23.388	1.75	5.3626706825607746e-17	45	-68	both
Harlequin-int	IKZF2 (MA2326.1)	AGGAAG	AGGAAG	66.92	53.927	1.24	1.6116967259410974e-08	114	58.7	1.14	0.0004433689929503	180	66	both
Harlequin-int	ZNF341 (MA1655.2)	AACAGC	GAACAGCM	35.95	24.199	1.49	2.127904444007134e-08	115	21.3	1.69	5.341424736944178e-13	72	-43	both
Harlequin-int	THRB (MA1576.2)	TSACCTBRSRTGACCTYA	KGRSKYYAMMTGACCTKM	31.74	20.642	1.54	3.003309837551786e-08	116	27.442	1.16	0.0642065082100866	254	138	dinuc only
Harlequin-int	Prdm15 (MA1616.2)	AAAACCYGG	SAAARMCTGGA	48.37	35.862	1.35	4.706501248461564e-08	117	34.065	1.42	2.692540979921235e-10	91	-26	both
Harlequin-int	POU3F1 (MA0786.2)	ATGYWAAT	WWATGYWAAW	47.99	35.748	1.34	9.265943515318329e-08	118	45.706	1.05	0.4517900383654945	316	198	dinuc only
Harlequin-int	GATA2 (MA0036.4)	TTATC	CTTATCT	31.55	20.902	1.51	1.22606153675908e-07	119	18.279	1.73	7.2683095171818195e-12	80	-39	both
Harlequin-int	NFKB2 (MA0778.2)	GGGGAWTCCCC	GGGKHWDMCCC	24.67	15.197	1.62	1.760987902349168e-07	120	19.832	1.24	0.0177074149807584	232	112	both
Harlequin-int	ZNF416 (MA1979.2)	CTGGGC	WWWCTGGGCW	39.01	27.641	1.41	1.7698880166138838e-07	121	37.323	1.05	0.6191880108045289	328	207	dinuc only
Harlequin-int	TFAP2A (MA0810.2)	CCYBVRGGC	MSCCCBRGGGC	25.43	15.87	1.6	2.021687348569277e-07	122	14.256	1.78	3.4904865220363633e-10	92	-30	both
Harlequin-int	NR4A2 (MA0160.3)	AAAGGTCA	RAAGGKCA	49.14	37.262	1.32	2.731892669704478e-07	123	31.931	1.54	1.3205752204871e-14	64	-59	both
Harlequin-int	Hand1::Tcf3 (MA0092.2)	TCTGG	ATCTGGTAT	36.9	25.935	1.42	3.048614506166119e-07	124	28.061	1.32	5.896856324922345e-05	161	37	both
Harlequin-int	Stat5b (MA1625.2)	TTCCMAGAA	TTCMHRGAA	43.4	31.931	1.36	3.410573925553686e-07	125	38.065	1.14	0.0295218209526023	242	117	both
Harlequin-int	BCL11A (MA2324.1)	TGACC	CTGACCA	28.87	18.967	1.52	3.8900330392643474e-07	126	17.285	1.67	8.809970096674725e-10	112	-14	both
Harlequin-int	ERF (MA0760.2)	ACCGGAART	ACMGGAARY	18.74	10.669	1.76	4.071550386656181e-07	127	9.996	1.87	1.9760890211258476e-08	118	-9	both
Harlequin-int	RELA (MA0107.1)	GGRRTTTCC	SGGRRTTTYC	34.99	24.344	1.44	4.213945489493692e-07	128	20.489	1.71	5.079787118314223e-13	71	-57	both
Harlequin-int	HOXA10 (MA0899.2)	ATWAA	HTAATAAAA	56.79	44.933	1.26	4.362316003468784e-07	129	45.759	1.24	2.921180616177968e-06	138	9	both
Harlequin-int	ZNF677 (MA2101.1)	AAGAACAG	DRWAAGAMCAGY	50.86	39.273	1.3	6.391332827453583e-07	130	40.803	1.25	1.978393749033344e-05	149	19	both
Harlequin-int	LIN54 (MA0619.2)	TTTRAA	TTTAAAT	62.14	50.516	1.23	6.784599590656465e-07	131	51.159	1.21	2.913189658179042e-06	137	6	both
Harlequin-int	ETV1 (MA0761.3)	CAGGAAG	MCAGGAARB	43.21	32.069	1.35	7.514760842342824e-07	132	37.507	1.15	0.0187517669666809	234	102	both
Harlequin-int	MYBL1 (MA0776.1)	CGTTAAC	AMAGTTAACRKT	19.69	11.618	1.7	8.769278873376543e-07	133	5.522	3.57	9.54597827418872e-26	14	-119	both
Harlequin-int	NHLH1 (MA0048.3)	CAGCTG	MKCAGCTGM	23.9	15.036	1.59	8.771409206368643e-07	134	21.897	1.09	0.4248485679035719	313	179	dinuc only
Harlequin-int	ZNF24 (MA1124.1)	TTCATTCATT	MATWCATTCAWTY	40.34	29.484	1.37	8.973157573963106e-07	135	40.428	1.0	1.0	376	241	dinuc only
Harlequin-int	PLAGL2 (MA1548.2)	GGGCCCC	KGGCCCCC	27.72	18.294	1.52	9.8545252269109e-07	136	11.189	2.48	1.9394899211868936e-22	20	-116	both
Harlequin-int	NHLH2 (MA1529.2)	CAGCTGCG	HRRCBCAKMTGVGYCD	18.93	11.12	1.7	1.3137871123601837e-06	137	16.604	1.14	0.268208432297116	301	164	dinuc only
Harlequin-int	MEF2B (MA0660.1)	CTAWAAATAG	DMTAWWAATARV	47.42	36.275	1.31	1.3137871123601837e-06	138	47.977	0.99	1.0	386	248	dinuc only
Harlequin-int	EPAS1 (MA2325.1)	GCACGT	VGCACGTMS	6.31	2.21	2.85	1.8013224349721053e-06	139	3.671	1.72	0.0108388601111905	219	80	both
Harlequin-int	DMRTA2 (MA1478.2)	GWWACA	GTTACA	56.02	44.795	1.25	1.8013224349721053e-06	140	37.277	1.5	2.343909373083014e-16	48	-92	both
Harlequin-int	ESR1 (MA0112.4)	RGGTCAMVRTGACCT	GKGKYWMHSTGACMY	22.37	14.103	1.59	2.687817677176452e-06	141	24.489	0.91	1.0	456	315	dinuc only
Harlequin-int	Bhlha15 (MA1472.3)	CAGCTG	MCAGCTGK	22.18	13.973	1.59	2.942198530538864e-06	142	16.65	1.33	0.0036315714636125	196	54	both
Harlequin-int	FOXJ2::ELF1 (MA1952.2)	ACMGGAA	AWAMARGAARY	46.65	35.985	1.3	3.686633320017528e-06	143	37.843	1.23	0.0001727671894445	175	32	both
Harlequin-int	ZNF449 (MA1656.2)	AGCCCAAC	ARGCCCAMCC	39.96	29.751	1.34	4.241708119278192e-06	144	22.027	1.81	3.4963861242236825e-18	39	-105	both
Harlequin-int	FOXN3 (MA1489.1)	GTAAACAA	GTAAACAA	18.16	10.837	1.68	4.513817705682033e-06	145	7.174	2.53	7.612904959069969e-15	62	-83	both
Harlequin-int	GATA1 (MA0035.5)	CTWATCT	CTAATCT	29.06	19.969	1.46	4.536012046911915e-06	146	15.105	1.92	2.3477685303961825e-14	65	-81	both
Harlequin-int	Thap11 (MA1573.2)	ACTACAWBTCCC	MSTMCARBTSCCAK	34.42	24.727	1.39	4.615805434909719e-06	147	29.033	1.19	0.0188632290881962	235	88	both
Harlequin-int	CDX4 (MA1473.2)	GYMATAAA	MYMATAAAA	51.05	40.344	1.27	4.708869404894758e-06	148	41.224	1.24	3.2193866805501455e-05	151	3	both
Harlequin-int	HMBOX1 (MA0895.2)	TRGTTA	TAGTTAA	38.43	28.398	1.35	4.748244232163829e-06	149	16.543	2.32	1.356276935278891e-29	10	-139	both
Harlequin-int	PATZ1 (MA1961.2)	GGMGGGG	RSRGGWGGGGS	22.56	14.447	1.56	4.780729101056044e-06	150	27.159	0.83	1.0	541	391	dinuc only
Harlequin-int	Ddit3::Cebpa (MA0019.2)	TGCAAT	ATGMAATRSY	29.45	20.344	1.45	4.935203088923452e-06	151	23.709	1.24	0.007623849058581	212	61	both
Harlequin-int	ZNF175 (MA2332.1)	AGGAAG	ACAGGAAGB	41.49	31.273	1.33	5.149772966550647e-06	152	35.159	1.18	0.0078123798873798	213	61	both
Harlequin-int	ZBTB32 (MA1580.1)	GTACAGT	WDTACAGTWW	37.86	27.946	1.35	5.609334581703628e-06	153	28.122	1.35	9.1554866528096e-06	146	-7	both
Harlequin-int	FOXA2 (MA0047.4)	GTAAACA	WGTAAAYA	44.74	34.409	1.3	6.117410842511622e-06	154	32.153	1.39	1.9760890211258476e-08	119	-35	both
Harlequin-int	SMAD2 (MA1964.2)	CCAGAC	CCAGAC	50.67	40.122	1.26	6.345546084383556e-06	155	38.21	1.33	6.852482619408721e-08	123	-32	both
Harlequin-int	Tbx6 (MA1567.3)	GGTGTGAA	KGGTGTGAS	42.45	32.291	1.31	6.750667984662788e-06	156	33.331	1.27	6.87183803440531e-05	163	7	both
Harlequin-int	GRHL2 (MA1105.3)	AACAGGTT	ARCWGGTT	48.18	37.828	1.27	8.092488700215827e-06	157	25.101	1.92	7.482809794396563e-27	11	-146	both
Harlequin-int	FOSL2 (MA0478.2)	TGASTCA	RRTGRBTCAT	28.87	20.069	1.44	8.98350630272441e-06	158	32.704	0.88	1.0	470	312	dinuc only
Harlequin-int	ZNF281 (MA1630.3)	GGGGGMGGGG	GGRGGHKGGG	33.46	24.145	1.39	8.98350630272441e-06	159	35.273	0.95	1.0	421	262	dinuc only
Harlequin-int	ZSCAN29 (MA1602.2)	GTCTACRC	KGTCYACACRK	17.78	10.761	1.65	9.80642528312677e-06	160	9.744	1.82	1.7708624851981046e-07	126	-34	both
Harlequin-int	KLF13 (MA0657.2)	RMCACGCCCCY	KGMCASGYCCCTKKTTW	28.11	19.465	1.44	1.0670905058084354e-05	161	13.369	2.1	8.352988855684929e-17	46	-115	both
Harlequin-int	ZNF189 (MA1725.2)	CTGTTCC	KRCTGTTCY	35.37	25.973	1.36	1.1313686796635676e-05	162	29.247	1.21	0.0072934543791327	210	48	both
Harlequin-int	ETV5::FIGLA (MA1945.2)	GGAWRCAGGTG	RSMGKAAGCAGSTK	26.0	17.698	1.47	1.2507566160899552e-05	163	24.084	1.08	0.4696970193821633	318	155	dinuc only
Harlequin-int	ZNF558 (MA2335.1)	AWYTGATGAAAGACATRAAYMYACAVAT	ADDWRRWDMAAGAHADRWWDWBAMADRKD	60.42	50.264	1.2	1.5978092481035744e-05	164	62.662	0.96	1.0	412	248	dinuc only
Harlequin-int	EGR1 (MA0162.5)	CRCCCMCRC	CMRCCCMCSC	11.09	5.774	1.92	1.8963733112697025e-05	165	10.409	1.07	0.8140103702076963	356	191	dinuc only
Harlequin-int	Zfp809 (MA2125.1)	TCCCAG	TTCCCAGBM	34.23	25.163	1.36	1.9802595286006328e-05	166	44.551	0.77	1.0	574	408	dinuc only
Harlequin-int	HOXB13 (MA0901.3)	CAATAAAA	HYWATAAAA	60.42	50.424	1.2	2.198231002693345e-05	167	53.797	1.12	0.0067667497921548	208	41	both
Harlequin-int	ESR2 (MA0258.2)	GGTCASVVWG	RGGTCASDYWGMCYY	32.7	23.969	1.36	3.1624020222624926e-05	168	23.319	1.4	6.818582376267573e-06	144	-24	both
Harlequin-int	ETS1 (MA0098.4)	CCGGAW	ACMGGAARY	18.93	12.038	1.57	3.167372748124101e-05	169	11.098	1.71	1.2331809574910394e-06	134	-35	both
Harlequin-int	CTCF (MA1929.2)	GCWVYDYYHVVDDBDDMCWSHAGRKG	CWGMWSWYYHHDYDBYBRBCARHRSRDGGHR	28.3	20.138	1.41	4.034047357189071e-05	170	22.707	1.25	0.0083918492561923	215	45	both
Harlequin-int	MYF5 (MA1641.2)	CAGCTG	MCAGCTGK	23.71	16.145	1.47	4.06177554782152e-05	171	18.608	1.27	0.0102957524170885	217	46	both
Harlequin-int	Ptf1A (MA1619.2)	CAGCTG	MCAGCTGK	23.71	16.145	1.47	4.06177554782152e-05	172	18.608	1.27	0.0102957524170885	218	46	both
Harlequin-int	FOXC1 (MA0032.2)	RTMAAYA	WRWRTAAAYAW	54.88	45.231	1.21	4.590021635426611e-05	173	53.553	1.02	0.7553828956499716	339	166	dinuc only
Harlequin-int	NFIL3 (MA0025.3)	TTATGYAA	TTATRYAAH	40.15	31.067	1.29	5.18022387571886e-05	174	32.88	1.22	0.0017173512463933	191	17	both
Harlequin-int	POU3F4 (MA0789.1)	TATGCWAAT	TATGYWAAW	39.2	30.195	1.3	5.424860100812521e-05	175	39.159	1.0	1.0	377	202	dinuc only
Harlequin-int	Dlx5 (MA1476.3)	GCAATTA	GCAATTAR	35.37	26.73	1.32	6.486954691381227e-05	176	20.39	1.73	7.953684421722914e-14	68	-108	both
Harlequin-int	TFAP2B (MA0812.2)	GCCYSAGGC	SCCTVAGGS	17.59	11.197	1.57	7.18217233489888e-05	177	12.956	1.36	0.007618316098769	211	34	both
Harlequin-int	Nr2e1 (MA0676.1)	AAGTCA	WWAAGTCAW	55.64	46.325	1.2	8.662426631797314e-05	178	37.055	1.5	3.840381421747773e-16	52	-126	both
Harlequin-int	PAX1 (MA0779.2)	GTCACGCWTSAVT	STYCAYGCWTGRCYRA	14.15	8.512	1.66	9.866439997600151e-05	179	7.778	1.82	5.9644413634506895e-06	143	-36	both
Harlequin-int	ZNF282 (MA1154.2)	TTTCCCMYWACAC	MYKTCYCYYAACACW	36.9	28.352	1.3	0.0001012051259385	180	25.468	1.45	7.506512709887437e-08	124	-56	both
Harlequin-int	PROX1 (MA0794.1)	AAGACGYCTT	YAWGAYKYCTKR	22.75	15.679	1.45	0.0001059554536483	181	12.337	1.84	7.416472394020253e-10	93	-88	both
Harlequin-int	GLIS1 (MA0735.2)	GACCCCCCACGWWG	WGRCCCCCCAYDHWG	17.78	11.533	1.54	0.0001250612556166	182	6.83	2.6	3.5408707336000304e-15	58	-124	both
Harlequin-int	ZFP42 (MA1651.2)	AARATGGC	MAARATGGCWSHH	32.31	24.306	1.33	0.0001480340563579	183	26.042	1.24	0.0044319703163436	201	18	both
Harlequin-int	ZNF680 (MA1729.2)	CMAAGAAGAMT	CYARGAARAMY	53.35	44.359	1.2	0.0001542418365255	184	45.109	1.18	0.0006181063490303	182	-2	both
Harlequin-int	POU3F2 (MA0787.1)	TATGYWAAT	WKATGBWAATKH	47.04	38.203	1.23	0.000160073912274	185	47.082	1.0	1.0	374	189	dinuc only
Harlequin-int	ATF4 (MA0833.3)	TGATGYAA	WTGATGAAAT	32.5	24.528	1.33	0.0001621402005846	186	31.465	1.03	0.8005802698803016	355	169	dinuc only
Harlequin-int	HLF (MA0043.4)	TTATGYAA	TTATRYAAH	36.9	28.604	1.29	0.0001682982948099	187	27.182	1.36	7.855627315356807e-06	145	-42	both
Harlequin-int	HOXC11 (MA0651.3)	GTCGTAAAA	WRGTMRTWAAA	29.64	21.996	1.35	0.0001890836400646	188	15.273	1.94	5.5911715548407016e-15	61	-127	both
Harlequin-int	NFIC (MA0161.3)	CTTGGCA	CTTGGCA	30.02	22.363	1.34	0.0001978684089279	189	18.31	1.64	1.1927593320203504e-09	113	-76	both
Harlequin-int	BHLHE23 (MA0817.2)	AMCATATG	ACCATAAGGT	20.08	13.637	1.47	0.0002037069530036	190	17.033	1.18	0.1339049601679033	275	85	dinuc only
Harlequin-int	FOXS1 (MA2118.1)	GTAAACA	TGTAAACA	41.87	33.591	1.25	0.0003053565387782	191	32.834	1.28	7.49419915168684e-05	165	-26	both
Harlequin-int	Zic2 (MA1629.2)	CWCAGCAGG	CMCAGCAKG	30.59	23.113	1.32	0.0003271672502765	192	28.321	1.08	0.397991754692513	310	118	dinuc only
Harlequin-int	ZNF8 (MA1718.1)	TRKATRTACCACAKTTT	RWWTRKMTRWACYASAWYTW	35.95	28.069	1.28	0.0003430139507622	193	35.266	1.02	0.9521192865285903	361	168	dinuc only
Harlequin-int	Ascl2 (MA0816.1)	CAGCTG	ASCAGCTGYW	27.53	20.398	1.35	0.0003621583172644	194	25.568	1.08	0.4679611581207293	317	123	dinuc only
Harlequin-int	SPIB (MA0081.3)	CACTTCC	YCWCTTCCTSTYW	47.04	38.662	1.22	0.0003655933958605	195	43.74	1.08	0.22500500615465	291	96	dinuc only
Harlequin-int	TFAP2B (MA0811.2)	CCYBVRGGC	GCCCYRGGGCT	22.94	16.359	1.4	0.0003839139811637	196	14.05	1.63	4.380550539160106e-07	129	-67	both
Harlequin-int	ZNF382 (MA1594.1)	AKGRGAYATYACYACMGAYMCYAC	AKRDKMMADYMYYASMRAHYYMAV	34.23	26.57	1.29	0.0004127823523629	197	27.748	1.23	0.0038212409849071	200	3	both
Harlequin-int	TFAP2C (MA0524.3)	CCYBVRGG	GCCCYRGGGCT	22.75	16.252	1.4	0.0004422440691351	198	14.065	1.62	8.162932776437509e-07	131	-67	both
Harlequin-int	OLIG1 (MA0826.1)	AMCATATG	ACCWTAWGGT	21.03	14.792	1.42	0.0004837933019249	199	16.895	1.24	0.0331384295190018	245	46	both
Harlequin-int	ZNF454 (MA1712.2)	GGCTCBVGG	GGCCCYYRGMCMTGGGG	17.97	12.184	1.48	0.0004970684310519	200	15.809	1.14	0.3004383635643197	304	104	dinuc only
Harlequin-int	EGR4 (MA0733.2)	CGCCCMCGC	MMVCCCMCSCM	12.81	7.962	1.61	0.000565994026617	201	11.434	1.12	0.5012197572003327	322	121	dinuc only
Harlequin-int	SOHLH2 (MA1560.2)	CACGTG	VCACGTGS	5.16	2.264	2.28	0.0005714280700328	202	5.943	0.87	1.0	486	284	dinuc only
Harlequin-int	Hoxa13 (MA0650.4)	CAATAAA	CYAATAAA	47.99	39.893	1.2	0.0006084686926467	203	40.428	1.19	0.0016445223936301	190	-13	both
Harlequin-int	Six3 (MA0631.2)	GGGTATCA	AWRRGRKATCA	27.72	20.887	1.33	0.00070303520652	204	19.12	1.45	1.133843332176142e-05	147	-57	both
Harlequin-int	ZNF211 (MA1974.2)	ATATACCA	WMTATACCWW	26.0	19.549	1.33	0.0011145205843133	205	27.304	0.95	1.0	425	220	dinuc only
Harlequin-int	ARNT::HIF1A (MA0259.2)	ACGTG	ACGTG	38.43	31.12	1.23	0.0012800927534351	206	37.185	1.03	0.7640944871830422	341	135	dinuc only
Harlequin-int	ELF1 (MA0473.4)	AGGAAGT	CAGGAASKG	35.76	28.62	1.25	0.0013336674122355	207	35.342	1.01	1.0	370	163	dinuc only
Harlequin-int	Arid5a (MA0602.2)	AATATT	HAATATTR	34.42	27.388	1.26	0.0013851179897903	208	33.331	1.03	0.7921825272132776	353	145	dinuc only
Harlequin-int	POU2F2 (MA0507.3)	TATGCAAAT	KYATGYWAATDRB	41.68	34.394	1.21	0.0017130010409403	209	43.679	0.95	1.0	418	209	dinuc only
Harlequin-int	MAZ (MA1522.2)	CCCCTCC	CCCCTCCW	25.62	19.564	1.31	0.0023333731053445	210	25.721	1.0	1.0	380	170	dinuc only
Harlequin-int	POU1F1 (MA0784.3)	TMATTWGCATA	VKHATTWVCATMWW	44.36	37.201	1.19	0.0024779037485688	211	45.461	0.98	1.0	393	182	dinuc only
Harlequin-int	Pax7 (MA0680.3)	AATCAATT	WAATMAAWTA	45.51	38.501	1.18	0.0033306802860612	212	38.18	1.19	0.0021576368153837	194	-18	both
Harlequin-int	Yy1 (MA0095.4)	AARATGG	HAAAATGG	45.32	38.371	1.18	0.0036242159607899	213	46.7	0.97	1.0	403	190	dinuc only
Harlequin-int	STAT3 (MA0144.3)	TKCYKGGAA	TTCYKGRAA	43.79	36.925	1.19	0.0038464543277265	214	40.291	1.09	0.1867733694586815	286	72	dinuc only
Harlequin-int	Dmrt1 (MA1603.2)	ACAAWGT	HACAAAGTD	44.74	37.912	1.18	0.0041979255767264	215	33.4	1.34	5.830532515138458e-07	130	-85	both
Harlequin-int	TFAP4 (MA0691.1)	CAGCTG	WMCAGCTGKW	23.14	17.652	1.31	0.0044738598548124	216	18.983	1.22	0.0411487795423977	249	33	both
Harlequin-int	STAT1 (MA0137.4)	TTCYRGGAA	TTCYDGGAA	38.24	31.732	1.21	0.0047385814143326	217	34.348	1.11	0.1216161456704988	271	54	dinuc only
Harlequin-int	MXI1 (MA1108.3)	CACATG	CACATG	44.74	37.996	1.18	0.0047385814143326	218	48.642	0.92	1.0	447	229	dinuc only
Harlequin-int	BARX1 (MA0875.2)	ATTA	CAATTA	58.51	51.748	1.13	0.0050593501644982	219	44.237	1.32	7.416472394020253e-10	94	-125	both
Harlequin-int	BSX (MA0876.2)	ATTA	CAATTA	58.51	51.748	1.13	0.0050593501644982	220	44.237	1.32	7.416472394020253e-10	95	-125	both
Harlequin-int	DLX1 (MA0879.3)	ATTA	CAATTA	58.51	51.748	1.13	0.0050593501644982	221	44.237	1.32	7.416472394020253e-10	96	-125	both
Harlequin-int	DLX6 (MA0882.2)	AATTA	CAATTA	58.51	51.748	1.13	0.0050593501644982	222	44.237	1.32	7.416472394020253e-10	97	-125	both
Harlequin-int	Dlx3 (MA0880.2)	ATTA	CAATTA	58.51	51.748	1.13	0.0050593501644982	223	44.237	1.32	7.416472394020253e-10	98	-125	both
Harlequin-int	Dlx4 (MA0881.2)	ATTA	CAATTA	58.51	51.748	1.13	0.0050593501644982	224	44.237	1.32	7.416472394020253e-10	99	-125	both
Harlequin-int	GBX2 (MA0890.2)	AATTA	CAATTA	58.51	51.748	1.13	0.0050593501644982	225	44.237	1.32	7.416472394020253e-10	100	-125	both
Harlequin-int	HESX1 (MA0894.2)	TAATT	TAATTG	58.51	51.748	1.13	0.0050593501644982	226	44.237	1.32	7.416472394020253e-10	101	-125	both
Harlequin-int	HOXA7 (MA1498.3)	ATTA	CAATTA	58.51	51.748	1.13	0.0050593501644982	227	44.237	1.32	7.416472394020253e-10	102	-125	both
Harlequin-int	LBX2 (MA0699.2)	AATTA	CAATTA	58.51	51.748	1.13	0.0050593501644982	228	44.237	1.32	7.416472394020253e-10	103	-125	both
Harlequin-int	LHX2 (MA0700.3)	CAATTA	CAATTA	58.51	51.748	1.13	0.0050593501644982	229	44.237	1.32	7.416472394020253e-10	104	-125	both
Harlequin-int	MSX1 (MA0666.3)	AATTA	CAATTA	58.51	51.748	1.13	0.0050593501644982	230	44.237	1.32	7.416472394020253e-10	105	-125	both
Harlequin-int	MSX2 (MA0708.3)	AATTA	CAATTA	58.51	51.748	1.13	0.0050593501644982	231	44.237	1.32	7.416472394020253e-10	106	-125	both
Harlequin-int	Msx3 (MA0709.2)	AATTA	CAATTA	58.51	51.748	1.13	0.0050593501644982	232	44.237	1.32	7.416472394020253e-10	107	-125	both
Harlequin-int	Nobox (MA0125.2)	TAATT	TAATTG	58.51	51.748	1.13	0.0050593501644982	233	44.237	1.32	7.416472394020253e-10	108	-125	both
Harlequin-int	RAX (MA0718.2)	AATTA	CAATTA	58.51	51.748	1.13	0.0050593501644982	234	44.237	1.32	7.416472394020253e-10	109	-125	both
Harlequin-int	RAX2 (MA0717.2)	ATTA	CAATTA	58.51	51.748	1.13	0.0050593501644982	235	44.237	1.32	7.416472394020253e-10	110	-125	both
Harlequin-int	SHOX (MA0630.2)	TAAT	TAATTG	58.51	51.748	1.13	0.0050593501644982	236	44.237	1.32	7.416472394020253e-10	111	-125	both
Harlequin-int	STAT1::STAT2 (MA0517.2)	GTTTCDBTTYC	RSTTTYYBTTYYY	57.74	51.006	1.13	0.0052651814646132	237	55.832	1.03	0.5606223960386134	324	87	dinuc only
Harlequin-int	HOXD3 (MA0912.2)	TAATTA	YTAATTRC	32.7	26.616	1.23	0.0054211373490477	238	21.055	1.55	7.193345923360889e-09	116	-122	both
Harlequin-int	ZNF35 (MA2333.1)	AATTCTA	AATTCTA	32.12	26.08	1.23	0.00542455050493	239	25.904	1.24	0.0047163434919655	203	-36	both
Harlequin-int	Lef1 (MA0768.3)	CTTTGAT	MCTTTGAW	42.07	35.625	1.18	0.0060659231610672	240	30.524	1.38	2.1291632657403014e-07	127	-113	both
Harlequin-int	GLIS2 (MA0736.1)	ACCCCCCRCRDHG	SRCCCCCYMYRSWG	23.71	18.44	1.29	0.0067995424685026	241	10.853	2.18	4.443493165726825e-15	60	-181	both
Harlequin-int	ZKSCAN3 (MA1973.2)	AGGCTAGCCC	CMMAGGCTRGCYCV	28.49	22.837	1.25	0.0068671496128881	242	19.511	1.46	5.260243790055584e-06	142	-100	both
Harlequin-int	ZNF682 (MA1599.2)	GCYAAGCCCC	RGRBMAGCCCC	30.98	25.17	1.23	0.0070411247846353	243	17.92	1.73	1.1635637287033884e-11	81	-162	both
Harlequin-int	HEY1 (MA0823.1)	CACGTG	VVCACGTGSM	4.78	2.478	1.93	0.0077214529677035	244	7.174	0.67	1.0	636	392	dinuc only
Harlequin-int	ETV2 (MA0762.2)	ACCGGAAR	ACMGGAARY	20.08	15.258	1.32	0.0080639023787016	245	15.572	1.29	0.015924862064579	229	-16	both
Harlequin-int	Bcl11B (MA1989.2)	ACCACA	AAACCAMAA	47.8	41.484	1.15	0.0087215015281108	246	37.713	1.27	1.5221045685829642e-05	148	-98	both
Harlequin-int	Mecom (MA0029.2)	GAYAAGATAA	AGATAAGMTAA	41.49	35.335	1.17	0.0087615558323553	247	37.43	1.11	0.110260258114358	270	23	dinuc only
Harlequin-int	NR1D1 (MA1531.2)	GGTYASTRGGTCA	RKGTTASKRKGWYA	28.49	22.998	1.24	0.008830996124698	248	27.901	1.02	0.9734854527812692	362	114	dinuc only
Harlequin-int	FOXC2 (MA0846.2)	MAAYA	WRWRYAAAYAW	54.49	48.184	1.13	0.0094020895020993	249	55.281	0.99	1.0	383	134	dinuc only
Harlequin-int	Zfp335 (MA2002.2)	CAGGCA	TCAGGCA	24.86	19.702	1.26	0.0097193753236989	250	19.763	1.26	0.012142660078049	223	-27	both
Harlequin-int	ZBED4 (MA2328.1)	CGCYCCGC	CCCSCCCCVC	4.59	2.417	1.9	0.0110256973780082	251	6.516	0.7	1.0	608	357	dinuc only
Harlequin-int	IRF8 (MA0652.2)	CGAAACCGAAACT	YRAAASYRAAASY	32.89	27.273	1.21	0.011099464227868	252	26.86	1.22	0.0068843533276165	209	-43	both
Harlequin-int	Jun (MA0489.3)	TGACTCA	TGAYTCAW	26.96	21.751	1.24	0.0116012819341386	253	23.273	1.16	0.0984672950482578	269	16	dinuc only
Harlequin-int	POU2F1::SOX2 (MA1962.1)	ATTWRCATMACAA	HAYWWRMATMWYMAWDB	48.18	42.119	1.14	0.0121192956753449	254	48.673	0.99	1.0	384	130	dinuc only
Harlequin-int	ZNF354A (MA1978.2)	AAADG	WWAWWRWAAAWGDDHWAWWT	61.38	55.335	1.11	0.0121636444563072	255	66.256	0.93	1.0	436	181	dinuc only
Harlequin-int	POU5F1 (MA1115.2)	ATGCAAA	ATGYAAA	48.18	42.134	1.14	0.0122791038525118	256	45.568	1.06	0.3685186211831247	307	51	dinuc only
Harlequin-int	GATA6 (MA1104.3)	TTATC	KCTTATCT	33.08	27.686	1.19	0.0154894496697607	257	25.621	1.29	0.0005671361096582	181	-76	both
Harlequin-int	Sox17 (MA0078.3)	ACAATG	ADAACAATKG	39.39	33.744	1.17	0.0158197260496019	258	33.476	1.18	0.0124304630978086	224	-34	both
Harlequin-int	TBX5 (MA0807.1)	GTG	RGGTGTGR	33.08	27.709	1.19	0.0159032047292174	259	29.583	1.12	0.1531829738666593	280	21	dinuc only
Harlequin-int	CDX1 (MA0878.3)	GYMATAAA	KKYHATAAAA	43.21	37.468	1.15	0.0160243898727229	260	35.618	1.21	0.0012320022822993	189	-71	both
Harlequin-int	ZNF384 (MA1125.2)	AAAAAA	AAAAAAAR	68.64	63.12	1.09	0.0183222220296776	261	64.268	1.07	0.0748097352124551	257	-4	dinuc only
Harlequin-int	HOXB6 (MA1500.2)	TAATKR	TAATTRC	37.09	31.702	1.17	0.0196855197034435	262	26.226	1.41	4.1664540226012404e-07	128	-134	both
Harlequin-int	Dlx2 (MA0885.3)	GCAATTA	GCAATTAR	35.37	30.08	1.18	0.0204216989559902	263	22.226	1.59	1.4564318538539508e-10	89	-174	both
Harlequin-int	ERF::FOXI1 (MA1935.2)	GGA	RWAMAGGAAR	36.14	30.853	1.17	0.0214972458185691	264	34.424	1.05	0.6004146485173105	326	62	dinuc only
Harlequin-int	HES2 (MA0616.3)	CACGTG	KSCACGTGY	4.59	2.585	1.78	0.0226621481299256	265	6.815	0.67	1.0	637	372	dinuc only
Harlequin-int	POU2F3 (MA0627.3)	ATGCAAA	BATGYAAAT	42.26	36.864	1.15	0.0242019178483552	266	44.421	0.95	1.0	417	151	dinuc only
Harlequin-int	PAX9 (MA0781.2)	GTCACGCWTSAVTG	SKYCAYGCWTGRSYRM	11.09	7.954	1.39	0.0266723585962828	267	8.413	1.32	0.0753035469286943	258	-9	dinuc only
Harlequin-int	Npas2 (MA0626.2)	CACGTG	SCACGTGB	5.16	3.105	1.66	0.0308818274019909	268	8.474	0.61	1.0	671	403	dinuc only
Harlequin-int	HEY2 (MA0649.2)	GVCACGTG	SMCACGTGC	4.59	2.669	1.72	0.0317384510050716	269	7.25	0.63	1.0	660	391	dinuc only
Harlequin-int	PRDM9 (MA1723.2)	GGBVAVGGRGGVVRHA	RRRRGRRARRGRGGVVRRRR	33.65	28.78	1.17	0.0319855173028748	270	46.685	0.72	1.0	592	322	dinuc only
Harlequin-int	Spi1 (MA0080.7)	AGGAAG	ARAGAGGAAGWKR	48.18	43.036	1.12	0.0368054569106413	271	48.834	0.99	1.0	385	114	dinuc only
Harlequin-int	ZNF317 (MA1593.2)	ACAGCAGA	HCAGCAGA	34.61	29.828	1.16	0.0377781484671041	272	33.545	1.03	0.8002821398903625	354	82	dinuc only
Harlequin-int	FOXG1 (MA0613.1)	RTAAACA	GTAAACAW	42.83	37.82	1.13	0.0387567884425277	273	38.899	1.1	0.1279390810780002	272	-1	dinuc only
Harlequin-int	HES5 (MA0821.2)	CACGTG	RSCACGTGSY	3.44	1.866	1.84	0.0407440558235204	274	8.75	0.39	1.0	793	519	dinuc only
Harlequin-int	BACH2 (MA1470.2)	ATGACGTSAT	WDAWSAKRAMGTSMYHYYH	16.25	12.742	1.28	0.0411947992989781	275	15.511	1.05	0.8406393832726191	357	82	dinuc only
Harlequin-int	MEIS2 (MA0774.1)	TGACAG	WTGACAGS	29.45	24.979	1.18	0.0411947992989781	276	22.967	1.28	0.0021412413636678	193	-83	both
Harlequin-int	TRPS1 (MA1970.2)	TTATC	KYTTATCT	36.52	31.748	1.15	0.0411947992989781	277	30.669	1.19	0.0116537518803804	220	-57	both
Harlequin-int	PKNOX1 (MA0782.3)	GAKTGACA	TGAGTGACAK	30.4	25.935	1.17	0.0436650173748782	278	31.893	0.95	1.0	424	146	dinuc only
Harlequin-int	POU3F3 (MA0788.1)	TATGYWAAT	WWWATGBWAATWW	47.42	42.509	1.12	0.0467153306225379	279	50.233	0.94	1.0	428	149	dinuc only
Harlequin-int	Spz1 (MA0111.1)	AGGGTWWCA	AGGGTWWCAKM	29.06	24.75	1.17	0.0486115717410769	280	30.088	0.97	1.0	407	127	dinuc only
Harlequin-int	MYC (MA0147.4)	CACGTG	MCACGTGC	5.54	3.587	1.55	0.0542127749334196	281	8.964	0.62	1.0	666	385	neither
Harlequin-int	MEF2D (MA0773.1)	CTAWAAATAG	VHTAWWAATARV	43.79	39.067	1.12	0.0542127749334196	282	52.176	0.84	1.0	503	221	neither
Harlequin-int	Gli1 (MA1990.2)	GACCACCCA	RGMCCACCCW	29.64	25.43	1.17	0.0573865427507428	283	21.545	1.38	7.295750583687355e-05	164	-119	genomic only
Harlequin-int	ZNF549 (MA1728.2)	GCTGCCC	TGCWGCCY	24.67	20.757	1.19	0.0595327247918566	284	22.547	1.09	0.397991754692513	309	25	neither
Harlequin-int	TEAD3 (MA0808.1)	CATTCC	GCATTCCW	24.67	20.772	1.19	0.0605809659205103	285	23.449	1.05	0.716563660581999	338	53	neither
Harlequin-int	PBX2 (MA1113.3)	ATAAATCA	MATAAATYA	38.43	33.95	1.13	0.0606868585450873	286	41.293	0.93	1.0	441	155	neither
Harlequin-int	CEBPD (MA0836.3)	TTGCRCAA	TTRCAYAA	38.81	34.356	1.13	0.0628566302830825	287	26.784	1.45	2.259159518917628e-08	120	-167	genomic only
Harlequin-int	EOMES (MA0800.2)	ARGTGTGA	RGGTGTGAY	30.78	26.623	1.16	0.0638253107716574	288	28.314	1.09	0.3437857091360398	306	18	neither
Harlequin-int	ZNF148 (MA1653.2)	CCCCTCCC	CCCCTCCYYC	23.71	20.038	1.18	0.0746418537695927	289	26.853	0.88	1.0	473	184	neither
Harlequin-int	POU4F3 (MA0791.2)	TDMATWATTDAT	KKMATWWTTRAT	43.59	39.212	1.11	0.0760918732798337	290	47.908	0.91	1.0	453	163	neither
Harlequin-int	SOX9 (MA0077.2)	ATTGT	CMATTGWT	31.36	27.465	1.14	0.0895259244612621	291	21.744	1.44	2.43459307793592e-06	136	-155	genomic only
Harlequin-int	ELF3 (MA0640.3)	ACTTCCT	CMSTTCCTG	38.24	34.141	1.12	0.0906947678040982	292	39.992	0.96	1.0	413	121	neither
Harlequin-int	TBP (MA0108.3)	ATAWA	TATAAAA	39.39	35.289	1.12	0.0931429556239512	293	41.461	0.95	1.0	420	127	neither
Harlequin-int	GFI1 (MA0038.3)	AATCACDGC	AAATCASWGYM	32.31	28.489	1.13	0.0998175358360278	294	34.386	0.94	1.0	430	136	neither
Harlequin-int	Elf5 (MA0136.4)	AGGAAG	AAGGAARY	45.7	41.621	1.1	0.1061698793756459	295	45.698	1.0	1.0	375	80	neither
Harlequin-int	NR2F2 (MA1111.2)	AAGGTCA	AAGGTCA	29.06	25.545	1.14	0.1206835198474612	296	21.354	1.36	0.0001532032855979	171	-125	genomic only
Harlequin-int	Ppara (MA2338.1)	AAGGTC	AAGGTCA	29.06	25.545	1.14	0.1206835198474612	297	21.354	1.36	0.0001532032855979	172	-125	genomic only
Harlequin-int	Stat2 (MA1623.2)	AAASAGAAA	RAAASARAAA	60.61	56.673	1.07	0.1206835198474612	298	63.556	0.95	1.0	415	117	neither
Harlequin-int	JDP2 (MA0655.1)	ATGASTCAT	ATGASTYAT	20.27	17.285	1.17	0.1352339099550436	299	19.809	1.02	1.0	366	67	neither
Harlequin-int	ZNF157 (MA2331.1)	AGCARTAYACYT	ARRRYWSMARTAYACYWWYAV	30.59	27.182	1.13	0.1433980991813534	300	26.18	1.17	0.0525299912640031	251	-49	neither
Harlequin-int	HNF4A (MA1494.2)	GTYCAAAGGTC	RRGTMMAAAKKKYA	38.81	35.182	1.1	0.1441632305576496	301	22.822	1.7	1.1480195510052063e-14	63	-238	genomic only
Harlequin-int	SP9 (MA1564.2)	CGCCC	CCMCVCCCCC	13.38	10.967	1.22	0.1499756120317241	302	19.09	0.7	1.0	605	303	neither
Harlequin-int	Stat5a::Stat5b (MA0519.2)	TTCCMRGAA	TTCYWRGAA	35.56	32.107	1.11	0.1579453447126111	303	34.424	1.03	0.7872293857641413	352	49	neither
Harlequin-int	MYCN (MA0104.5)	CACGTG	SCACGTGS	2.87	1.79	1.6	0.1655781011262928	304	5.086	0.56	1.0	701	397	neither
Harlequin-int	GCM2 (MA0767.2)	TGCGGG	ATGGGGGT	16.63	14.057	1.18	0.1655781011262928	305	11.235	1.48	0.0008918523455524	187	-118	genomic only
Harlequin-int	ZNF692 (MA1986.2)	GGCCCA	KGGCCCAC	21.99	19.098	1.15	0.1655781011262928	306	15.549	1.41	0.0004433689929503	179	-127	genomic only
Harlequin-int	MGA::EVX1 (MA1960.2)	GTGWTAAT	ARKTGMTAAWK	34.99	31.61	1.11	0.1655781011262928	307	28.428	1.23	0.0036315714636125	197	-110	genomic only
Harlequin-int	Tcf21 (MA0832.2)	AACAGCTGTT	WMCAGCTGKW	25.05	22.08	1.13	0.1777600413446295	308	20.719	1.21	0.038805482486938	247	-61	genomic only
Harlequin-int	EHF (MA0598.4)	ACTTCCT	CMYTTCCTG	34.42	31.159	1.1	0.1824728783568582	309	35.403	0.97	1.0	404	95	neither
Harlequin-int	FOXO6 (MA0849.1)	GTAAACA	RTAAACA	44.17	40.78	1.08	0.190485323402403	310	42.141	1.05	0.518788008672025	323	13	neither
Harlequin-int	Sox7 (MA2095.1)	AACAATG	ARAWCAATRR	39.77	36.459	1.09	0.1920809920338755	311	36.566	1.09	0.225145388672919	292	-19	neither
Harlequin-int	PAX3 (MA1546.2)	GTCACGSYHRTT	TTTTATGGTTATTA	14.15	11.893	1.19	0.198729673714521	312	10.218	1.38	0.0130646398988609	225	-87	genomic only
Harlequin-int	VEZF1 (MA1578.2)	CCCCCC	CCCCCC	42.26	39.067	1.08	0.2199067961555362	313	20.581	2.05	3.812256135816763e-26	13	-300	genomic only
Harlequin-int	ZBTB26 (MA1579.2)	TCCAGA	MTCCAGAR	34.61	31.564	1.1	0.2201675412657717	314	36.099	0.96	1.0	414	100	neither
Harlequin-int	TBX1 (MA0805.1)	AGGTGTGA	RGGTGTGA	29.45	26.646	1.11	0.2417300443588041	315	26.05	1.13	0.1504702194968084	276	-39	neither
Harlequin-int	FOXE1 (MA1487.3)	TAARYAAACA	YWRWAHAAACWW	57.74	54.677	1.06	0.2514609703611679	316	59.22	0.98	1.0	391	75	neither
Harlequin-int	ETV5::HOXA2 (MA1948.2)	GGAWGTMRTYA	WGGAMRTSATKA	20.08	17.69	1.13	0.2527468035384173	317	18.119	1.11	0.397991754692513	308	-9	neither
Harlequin-int	ETV2::FOXI1 (MA1942.2)	ACAGGAWR	ADACAGGAWRY	33.65	30.799	1.09	0.2527468035384173	318	34.784	0.97	1.0	405	87	neither
Harlequin-int	Gata3 (MA0037.5)	TTATCT	KYTTATCT	37.09	34.18	1.09	0.2544806327347086	319	33.491	1.11	0.1531829738666593	281	-38	neither
Harlequin-int	TBX15 (MA0803.1)	AGGTGTGA	RGGTGTGA	29.25	26.623	1.1	0.2752799578667099	320	25.866	1.13	0.1504702194968084	277	-43	neither
Harlequin-int	TBX4 (MA0806.1)	ARGTGTKA	RGGTGTGA	29.25	26.623	1.1	0.2752799578667099	321	25.866	1.13	0.1504702194968084	278	-43	neither
Harlequin-int	ZBTB24 (MA2330.1)	CAGGAC	KCCAGGRCCC	26.77	24.252	1.1	0.2843022084765451	322	23.855	1.12	0.2148200980881111	290	-32	neither
Harlequin-int	Znf423 (MA0116.1)	SMMCCYWRGGKKKM	RSMMCCYWDGGKKBM	28.68	26.18	1.1	0.3026061503097933	323	15.151	1.89	1.3568516691752346e-13	70	-253	genomic only
Harlequin-int	FOS (MA0476.2)	TGASTCA	TKAYTCAT	23.52	21.193	1.11	0.3043081101702554	324	23.732	0.99	1.0	388	64	neither
Harlequin-int	EBF1 (MA0154.5)	CCCAGGG	KYCCCWKGGGM	28.3	25.828	1.1	0.3059924639975197	325	21.323	1.33	0.0006502022130554	184	-141	genomic only
Harlequin-int	MYF6 (MA0667.1)	AACARCTGTY	ARCARYTGYT	29.25	26.776	1.09	0.3091582414708875	326	21.828	1.34	0.0003021397183835	177	-149	genomic only
Harlequin-int	ZNF354C (MA0130.1)	CCAC	ATCCAC	38.24	35.572	1.08	0.3091582414708875	327	42.455	0.9	1.0	461	134	neither
Harlequin-int	Hmx1 (MA0896.2)	CAATTAA	DRCAATTAA	38.05	35.396	1.07	0.3107295343644408	328	27.916	1.36	3.6091846384647056e-06	140	-188	genomic only
Harlequin-int	Rhox11 (MA0629.2)	GCTGTW	TGSTGTWAA	22.94	20.704	1.11	0.3180393041675298	329	15.786	1.45	9.836906529218308e-05	166	-163	genomic only
Harlequin-int	EGR2 (MA0472.2)	CGCCCACGC	MCKYCCACGYA	5.35	4.214	1.27	0.3345978396625768	330	7.258	0.74	1.0	588	258	neither
Harlequin-int	E2F8 (MA0865.3)	CCCGCSA	YTCCCGCVA	6.31	5.094	1.24	0.3443763284272158	331	7.258	0.87	1.0	485	154	neither
Harlequin-int	GATA4 (MA0482.3)	CTTATCT	SCTTATCT	33.65	31.266	1.08	0.3547420046259495	332	29.652	1.13	0.0947265698837669	268	-64	neither
Harlequin-int	NR2C1 (MA1535.2)	GGTCA	AGGTCA	50.48	47.931	1.05	0.3547420046259495	333	48.795	1.03	0.6245749674733435	332	-1	neither
Harlequin-int	NR2C2 (MA1536.2)	GGTCR	AGGTCA	50.48	47.931	1.05	0.3547420046259495	334	48.795	1.03	0.6245749674733435	333	-1	neither
Harlequin-int	Nr1H2 (MA1996.2)	AGGTCA	AGGTCA	50.48	47.931	1.05	0.3547420046259495	335	48.795	1.03	0.6245749674733435	334	-1	neither
Harlequin-int	Nr1H4 (MA1110.3)	AGGTCA	AGGTCA	50.48	47.931	1.05	0.3547420046259495	336	48.795	1.03	0.6245749674733435	335	-1	neither
Harlequin-int	Nr1h3 (MA2337.1)	AGGKCA	AGGTCA	50.48	47.931	1.05	0.3547420046259495	337	48.795	1.03	0.6245749674733435	336	-1	neither
Harlequin-int	NFYB (MA0502.3)	ATTGGCC	YCAYTGGCC	27.34	25.17	1.09	0.3707803183669972	338	20.459	1.34	0.0006502022130554	183	-155	genomic only
Harlequin-int	EGR3 (MA0732.2)	CGCCCMCGCA	MCNCCCMCVCW	8.6	7.281	1.18	0.3800309828253629	339	9.973	0.86	1.0	491	152	neither
Harlequin-int	FEV (MA0156.4)	ACCGGAAGT	ACCGGAART	10.33	8.895	1.16	0.3830712718477702	340	5.79	1.78	0.0002685445183183	176	-164	genomic only
Harlequin-int	Hoxa11 (MA0911.2)	TCRTWAA	RTCRTAAAR	21.03	19.174	1.1	0.4084757388173041	341	18.447	1.14	0.2311788503251103	294	-47	neither
Harlequin-int	FOS::JUN (MA0099.4)	TGASTCA	ATGARTCAY	18.55	16.803	1.1	0.4170128833345825	342	19.564	0.95	1.0	427	85	neither
Harlequin-int	FOSL2::JUN (MA1130.2)	TGASTCA	RTGAWTCAY	18.36	16.635	1.1	0.4214793118880677	343	18.011	1.02	1.0	367	24	neither
Harlequin-int	Foxj2 (MA0614.1)	RTAAACA	GTAAACAW	43.79	41.545	1.05	0.4214793118880677	344	39.847	1.1	0.1283555260407018	273	-71	neither
Harlequin-int	FOSL2::JUNB (MA1138.2)	TGASTCA	RTGAKTCAT	19.12	17.4	1.1	0.4301424138017891	345	19.189	1.0	1.0	382	37	neither
Harlequin-int	NR2F6 (MA1539.1)	AGGTCABTGACCT	WAGGCCASTGGCCTW	19.69	17.989	1.09	0.442394809721944	346	14.187	1.39	0.0020359101708856	192	-154	genomic only
Harlequin-int	ZIC5 (MA1584.2)	ACCCCCCGCYGHG	KMCYCCCYRYNGDGR	16.44	14.891	1.1	0.4553790111027549	347	11.717	1.4	0.0045531946306603	202	-145	genomic only
Harlequin-int	Hmga1 (MA2124.1)	ATTTTTA	ATTTTTAW	49.71	47.595	1.04	0.4604549968418783	348	59.495	0.84	1.0	502	154	neither
Harlequin-int	MSC (MA0665.1)	ACAGCTGTT	WACAGCTGKT	28.3	26.424	1.07	0.4615487063923973	349	22.929	1.23	0.0118473508963562	221	-128	genomic only
Harlequin-int	FOS::JUNB (MA1134.2)	TGASTCA	ATGAVTCAY	19.12	17.507	1.09	0.4643806584456202	350	19.258	0.99	1.0	389	39	neither
Harlequin-int	FOSL2::JUND (MA1144.2)	TGASTCA	RTGABTCAT	19.12	17.507	1.09	0.4643806584456202	351	19.258	0.99	1.0	390	39	neither
Harlequin-int	KLF15 (MA1513.2)	CCCGCCC	YCCCGCCC	4.4	3.625	1.21	0.5169172065065241	352	9.025	0.49	1.0	734	382	neither
Harlequin-int	Irf1 (MA0050.4)	GAAASTGAAA	WRAAARWRAAA	56.6	54.738	1.03	0.5332619768064557	353	58.616	0.97	1.0	402	49	neither
Harlequin-int	HOXB9 (MA1503.2)	TCRTAAA	RTCRTAAAR	21.61	20.184	1.07	0.5662904477537243	354	19.862	1.09	0.4877236085175471	319	-35	neither
Harlequin-int	HOXC9 (MA0485.3)	TCGTAAA	RTCRTAAAR	21.61	20.184	1.07	0.5662904477537243	355	19.862	1.09	0.4877236085175471	320	-35	neither
Harlequin-int	FEZF2 (MA2341.1)	CCAGCCT	MCCAGSCT	26.96	25.43	1.06	0.567436193703324	356	47.166	0.57	1.0	692	336	neither
Harlequin-int	NR1I3 (MA1534.2)	TGAACT	TGAACTTW	34.42	32.818	1.05	0.582026701683989	357	25.56	1.35	3.7237453724432174e-05	153	-204	genomic only
Harlequin-int	RBPJ (MA1116.2)	TGGGAA	TGGGAA	54.68	53.017	1.03	0.5909905630739574	358	55.533	0.98	1.0	392	34	neither
Harlequin-int	ERF::HOXB13 (MA1937.2)	GGAWRYHRTWA	AGGAAATWRYAAA	24.47	23.09	1.06	0.6017895481845846	359	21.163	1.16	0.1309946721205697	274	-85	neither
Harlequin-int	USF2 (MA0526.5)	TCACGTGA	RYCACGKGRY	3.63	3.029	1.2	0.6065432737836431	360	5.981	0.61	1.0	672	312	neither
Harlequin-int	ZNF740 (MA0753.3)	CCCCCCCC	CCCMCCCCMY	24.86	23.556	1.06	0.6364033205022636	361	20.979	1.18	0.07021488857905	255	-106	neither
Harlequin-int	GLIS3 (MA0737.1)	ACCCCCCACRAMG	GRYCMCCCAYRNWG	21.99	20.88	1.05	0.6959527888471212	362	14.57	1.51	3.3065875494712645e-05	152	-210	genomic only
Harlequin-int	FLI1::FOXI1 (MA1950.2)	ACAGGA	HMDACAGGAWR	36.14	34.891	1.04	0.7111873311840231	363	36.359	0.99	1.0	387	24	neither
Harlequin-int	PAX2 (MA0067.3)	AVYSRWGCGTGAC	KYRSYCAWGCRTGRMV	6.31	5.69	1.11	0.7258813165896574	364	7.426	0.85	1.0	500	136	neither
Harlequin-int	ZBTB11 (MA2329.1)	ACTTCCGG	CRCTTCCKG	13.58	12.719	1.07	0.7258813165896574	365	13.989	0.97	1.0	410	45	neither
Harlequin-int	BACH2 (MA1101.3)	ATGASTCAT	VATGASYCAYY	12.81	11.985	1.07	0.728187322212891	366	15.312	0.84	1.0	537	171	neither
Harlequin-int	RFX7 (MA1554.2)	GTTRC	SGTTGCTR	15.3	14.409	1.06	0.728187322212891	367	9.453	1.62	0.0001155338137597	167	-200	genomic only
Harlequin-int	REST (MA0138.3)	CAGSACCWYGGACAG	AARGMASCCTGGACAGSTCC	21.22	20.275	1.05	0.753029396350564	368	22.539	0.94	1.0	434	66	neither
Harlequin-int	Ebf4 (MA2122.1)	CCCAGGGGA	KYCCCWGGGGM	27.72	26.738	1.04	0.7731259255825775	369	22.669	1.22	0.0177074149807584	233	-136	genomic only
Harlequin-int	JUNB (MA0490.3)	TGASTCA	RTGAYTCAT	19.5	18.654	1.05	0.7838140503084479	370	21.514	0.91	1.0	458	88	neither
Harlequin-int	MZF1 (MA0056.3)	ATCCCC	WATCCCCR	28.11	27.189	1.03	0.80069822043766	371	22.967	1.22	0.0162874086275324	230	-141	genomic only
Harlequin-int	FOSB::JUNB (MA1135.2)	TGASTCA	RTGAKTCAT	19.12	18.348	1.04	0.8127779938096735	372	19.709	0.97	1.0	409	37	neither
Harlequin-int	DMRTA1 (MA1707.2)	GWTACA	WTGHTACWKT	32.12	31.205	1.03	0.8127779938096735	373	28.925	1.11	0.1952938851586111	288	-85	neither
Harlequin-int	Foxl2 (MA1607.2)	GTAAACA	WRTGTAAAMA	43.02	42.126	1.02	0.8420548093934479	374	45.071	0.95	1.0	416	42	neither
Harlequin-int	Hnf1A (MA1991.2)	CTTTGAT	YCTTTGATSW	38.05	37.247	1.02	0.8693603925490018	375	34.44	1.1	0.1548343548103117	282	-93	neither
Harlequin-int	ZNF610 (MA1713.2)	GCCGCTCC	VHGCCGCTCC	3.44	3.128	1.1	0.8849420559747174	376	5.881	0.59	1.0	686	310	neither
Harlequin-int	FOSL1 (MA0477.3)	TGACTCA	RTGAYTCAT	19.5	18.906	1.03	0.8933630965732572	377	21.598	0.9	1.0	464	87	neither
Harlequin-int	FOSL1::JUNB (MA1137.2)	TGASTMA	RTGAYTCAT	19.31	18.715	1.03	0.8933630965732572	378	20.742	0.93	1.0	445	67	neither
Harlequin-int	BHLHE41 (MA0636.1)	KCACGTGA	RTCMCGKGAY	2.68	2.409	1.11	0.8990854241522236	379	4.604	0.58	1.0	690	311	neither
Harlequin-int	TCFL5 (MA0632.3)	CRCGCGC	YCACGCGC	1.15	0.987	1.16	0.9681083892511924	380	3.136	0.37	1.0	803	423	neither
Harlequin-int	Arnt (MA0004.1)	CACGTG	CACGTG	5.93	5.69	1.04	0.9974231142167213	381	12.214	0.49	1.0	729	348	neither
Harlequin-int	MAX (MA0058.4)	CACGTG	CACGTG	5.93	5.69	1.04	0.9974231142167213	382	12.214	0.49	1.0	730	348	neither
Harlequin-int	MNT (MA0825.2)	CACGTG	CACGTG	5.93	5.69	1.04	0.9974231142167213	383	12.214	0.49	1.0	731	348	neither
Harlequin-int	Mlxip (MA0622.2)	CACGTG	CACGTG	5.93	5.69	1.04	0.9974231142167213	384	12.214	0.49	1.0	732	348	neither
Harlequin-int	SP5 (MA1965.2)	CCTCCC	CCTCCC	43.02	42.562	1.01	0.9974231142167213	385	57.117	0.75	1.0	583	198	neither
Harlequin-int	ZNF324 (MA1977.2)	GHYARGGATGGYT	RKDMAARGAYRGYK	35.56	35.174	1.01	1.0	386	34.187	1.04	0.7097350646067129	337	-49	neither
Harlequin-int	ZNF320 (MA1976.2)	GKRGGRBCMRGGGG	SKRGGRHMWGRGGKMHWKBY	22.94	22.654	1.01	1.0	387	26.356	0.87	1.0	482	95	neither
Harlequin-int	Prdm14 (MA1998.2)	GTCTCTA	GGTCTGTA	19.69	19.595	1.01	1.0	388	28.681	0.69	1.0	610	222	neither
Harlequin-int	MEF2C (MA0497.2)	YWAAAATA	WTMAAAATARR	49.14	48.994	1.0	1.0	389	57.813	0.85	1.0	492	103	neither
Harlequin-int	PROP1 (MA0715.1)	TAATYWAATTA	TAAWYWWATTW	42.26	42.226	1.0	1.0	390	45.285	0.93	1.0	438	48	neither
Harlequin-int	Foxj3 (MA0851.2)	RTAAACA	GTAAACAWR	41.3	41.499	1.0	1.0	391	44.642	0.93	1.0	439	48	neither
Harlequin-int	Crx (MA0467.3)	GGATTA	GGATTA	39.58	39.48	1.0	1.0	392	50.195	0.79	1.0	557	165	neither
Harlequin-int	GSC (MA0648.2)	TAAT	TAATCC	39.58	39.48	1.0	1.0	393	50.195	0.79	1.0	558	165	neither
Harlequin-int	GSC2 (MA0891.2)	TAAT	TAATCC	39.58	39.48	1.0	1.0	394	50.195	0.79	1.0	559	165	neither
Harlequin-int	OTX1 (MA0711.2)	TAATC	TAATCC	39.58	39.48	1.0	1.0	395	50.195	0.79	1.0	560	165	neither
Harlequin-int	PITX1 (MA0682.3)	TAATCC	TAATCC	39.58	39.48	1.0	1.0	396	50.195	0.79	1.0	561	165	neither
Harlequin-int	PITX3 (MA0714.2)	TAATCC	TAATCC	39.58	39.48	1.0	1.0	397	50.195	0.79	1.0	562	165	neither
Harlequin-int	RHOXF1 (MA0719.2)	TRAKCC	TAATCC	39.58	39.48	1.0	1.0	398	50.195	0.79	1.0	563	165	neither
Harlequin-int	ZNF184 (MA2120.1)	GAAAG	WRGAAAGWVKMAW	36.52	36.459	1.0	1.0	399	37.346	0.98	1.0	394	-5	neither
Harlequin-int	Stat6 (MA0520.2)	TTCYWSRGAA	TTMYWSWGAA	35.56	35.48	1.0	1.0	400	37.713	0.94	1.0	429	29	neither
Harlequin-int	ZSCAN21 (MA2336.1)	AGCACT	AAGCACT	24.28	24.298	1.0	1.0	401	19.786	1.23	0.0282982560446822	241	-160	genomic only
Harlequin-int	GSX2 (MA0893.3)	ATTA	GTAATTA	19.89	19.901	1.0	1.0	402	16.558	1.2	0.0923363138913573	260	-142	neither
Harlequin-int	HOXA3 (MA2119.1)	TMATTA	GTAATTA	19.89	19.901	1.0	1.0	403	16.558	1.2	0.0923363138913573	261	-142	neither
Harlequin-int	HOXA6 (MA1497.2)	ATWA	GTAATTA	19.89	19.901	1.0	1.0	404	16.558	1.2	0.0923363138913573	262	-142	neither
Harlequin-int	HOXB1 (MA2093.1)	TMATTR	GTAATTA	19.89	19.901	1.0	1.0	405	16.558	1.2	0.0923363138913573	263	-142	neither
Harlequin-int	HOXB7 (MA1501.2)	GYAATTA	GTAATTA	19.89	19.901	1.0	1.0	406	16.558	1.2	0.0923363138913573	264	-142	neither
Harlequin-int	LHX5 (MA1519.2)	YAATTA	GTAATTA	19.89	19.901	1.0	1.0	407	16.558	1.2	0.0923363138913573	265	-142	neither
Harlequin-int	MEOX2 (MA0706.2)	ATYA	GTAATTA	19.89	19.901	1.0	1.0	408	16.558	1.2	0.0923363138913573	266	-142	neither
Harlequin-int	FLI1 (MA0475.3)	CCGGAA	ACMGGAART	10.52	10.501	1.0	1.0	409	8.482	1.24	0.1946122687999399	287	-122	neither
Harlequin-int	Atf1 (MA0604.1)	TGACG	RTGACGYR	4.4	4.405	1.0	1.0	410	5.178	0.85	1.0	501	91	neither
Harlequin-int	Nfat5 (MA0606.3)	TGGAAAA	MWGGAAAA	47.61	47.901	0.99	1.0	411	51.067	0.93	1.0	437	26	neither
Harlequin-int	ZNF652 (MA1657.2)	AAGRGTTA	AARAGTTAR	44.74	45.185	0.99	1.0	412	34.111	1.31	3.305430328425144e-06	139	-273	genomic only
Harlequin-int	TCF7L1 (MA1421.1)	AGATCAAAG	WRAKAKCAAAGR	43.4	43.893	0.99	1.0	413	38.669	1.12	0.0587001673542608	253	-160	neither
Harlequin-int	ZNF766 (MA2098.1)	AAKAAACC	RRKAAACCW	39.77	40.015	0.99	1.0	414	36.321	1.09	0.1847118033082302	285	-129	neither
Harlequin-int	Rarb (MA0857.1)	AGGTCAAAAGGTCA	RYRGGTVAWMAGGBYA	38.62	38.837	0.99	1.0	415	38.103	1.01	1.0	369	-46	neither
Harlequin-int	RORA (MA0072.2)	AWBTAGGTCA	AATSTAGGTMA	32.7	33.033	0.99	1.0	416	26.524	1.23	0.0054110277545796	204	-212	genomic only
Harlequin-int	ETV5::FOXI1 (MA1946.2)	GKMAACMGGAWG	RKMARYAGGAAG	26.77	26.967	0.99	1.0	417	29.989	0.89	1.0	467	50	neither
Harlequin-int	THAP1 (MA0597.3)	AGGGCA	MCAGGGCA	26.2	26.409	0.99	1.0	418	26.241	1.0	1.0	379	-39	neither
Harlequin-int	TCF7 (MA0769.3)	CTTTGA	CTTTGAT	25.43	25.79	0.99	1.0	419	21.04	1.21	0.0369287385463764	246	-173	genomic only
Harlequin-int	ZNF770 (MA2099.1)	CRGCCTC	YRGCCTCM	17.78	17.981	0.99	1.0	420	42.134	0.42	1.0	770	350	neither
Harlequin-int	CLOCK (MA0819.3)	CACGTG	ACACGTG	2.68	2.692	0.99	1.0	421	5.667	0.47	1.0	744	323	neither
Harlequin-int	Arid3a (MA0151.1)	ATYAAW	ATTAAA	60.04	61.438	0.98	1.0	422	62.18	0.97	1.0	401	-21	neither
Harlequin-int	HNF1A (MA0046.3)	TWAATVATTAAC	RTWAAWDWTTRAM	35.18	35.87	0.98	1.0	423	38.73	0.91	1.0	454	31	neither
Harlequin-int	HNF1B (MA0153.2)	GTTAATVATTAA	KTWAAWHATTRAY	32.89	33.537	0.98	1.0	424	33.4	0.98	1.0	395	-29	neither
Harlequin-int	ZNF274 (MA1592.2)	TGAGTYCTC	YRKGWSTTCTYR	26.58	27.197	0.98	1.0	425	27.143	0.98	1.0	397	-28	neither
Harlequin-int	TAL1::TCF3 (MA0091.2)	AMCAKMTG	WMCAGCTGKW	22.37	22.876	0.98	1.0	426	24.482	0.91	1.0	457	31	neither
Harlequin-int	MYOG (MA0500.3)	CAGCTG	SCAGCTGS	11.66	11.885	0.98	1.0	427	17.3	0.67	1.0	634	207	neither
Harlequin-int	KLF7 (MA1959.2)	GGGCGKKG	GGGYGGGG	10.13	10.356	0.98	1.0	428	21.56	0.47	1.0	741	313	neither
Harlequin-int	EBF3 (MA1637.2)	CCCMRGGG	CCCMWGGGM	27.72	28.719	0.97	1.0	429	22.776	1.22	0.0205557130407551	237	-192	genomic only
Harlequin-int	PRDM1 (MA0508.4)	CTTTCTC	CTTTCTC	25.81	26.639	0.97	1.0	430	32.359	0.8	1.0	553	123	neither
Harlequin-int	TWIST1 (MA1123.3)	CAGATG	VCAGATGY	20.84	21.507	0.97	1.0	431	26.539	0.79	1.0	565	134	neither
Harlequin-int	NR1H4::RXRA (MA1146.2)	GKTCRWT	AGGYCAYTGRCCT	20.08	20.673	0.97	1.0	432	15.212	1.32	0.0083918492561923	214	-218	genomic only
Harlequin-int	HOXD12 (MA0873.2)	TCGTAAA	RVTCATAAAA	17.59	18.203	0.97	1.0	433	16.199	1.09	0.580462668844049	325	-108	neither
Harlequin-int	NFIX (MA1528.2)	TGGCDBBDTGCCA	TKGGCASWSTGCCM	16.25	16.811	0.97	1.0	434	15.549	1.05	0.8598492316888083	358	-76	neither
Harlequin-int	NFIA (MA0670.2)	TGCCAA	TGCCAA	50.48	52.696	0.96	1.0	435	43.411	1.16	0.0037461386536886	198	-237	genomic only
Harlequin-int	NFIX (MA0671.2)	GCCA	TGCCAA	50.48	52.696	0.96	1.0	436	43.411	1.16	0.0037461386536886	199	-237	genomic only
Harlequin-int	PHOX2B (MA0681.3)	AATYAAATTA	WWATMWAATTWW	44.36	46.356	0.96	1.0	437	52.482	0.85	1.0	493	56	neither
Harlequin-int	FOXP2 (MA0593.2)	GTAAACA	TGTAAACAW	41.3	43.075	0.96	1.0	438	43.35	0.95	1.0	419	-19	neither
Harlequin-int	ZNF667 (MA1984.2)	TAMRAGCWCA	TTRWRAGCHCA	30.59	31.771	0.96	1.0	439	25.767	1.19	0.0309078528001582	243	-196	genomic only
Harlequin-int	HOXC13 (MA0907.2)	CTCGTAAA	CTMRTAAAM	30.21	31.403	0.96	1.0	440	24.948	1.21	0.0164870610357161	231	-209	genomic only
Harlequin-int	OSR2 (MA1646.2)	CAGAAGC	MCAGAAGY	24.67	25.637	0.96	1.0	441	29.973	0.82	1.0	545	104	neither
Harlequin-int	FOSL1::JUN (MA1128.2)	TGACTCA	RTGAYTCAT	19.69	20.512	0.96	1.0	442	22.157	0.89	1.0	468	26	neither
Harlequin-int	ZNF135 (MA1587.1)	CTCGACCTCC	RCYMRRCCTCCDRR	19.5	20.321	0.96	1.0	443	43.901	0.44	1.0	755	312	neither
Harlequin-int	BHLHE40 (MA0464.3)	CACGTG	ACACGTGC	2.68	2.799	0.96	1.0	444	6.042	0.44	1.0	765	321	neither
Harlequin-int	TCF7L2 (MA0523.2)	WTCAAAG	WSWTSAAAG	39.58	41.774	0.95	1.0	445	36.65	1.08	0.2741220119650189	303	-142	neither
Harlequin-int	Rarg (MA0859.2)	RGGTCAAAAGGTCA	YRGGWMAAAAGGKYA	32.7	34.279	0.95	1.0	446	35.916	0.91	1.0	455	9	neither
Harlequin-int	ZNF707 (MA1715.1)	CCCCACTYCTGGT	SCYYACWCCTGSTMD	26.77	28.031	0.95	1.0	447	27.258	0.98	1.0	396	-51	neither
Harlequin-int	Ptf1A (MA1618.2)	CAGATG	RCAGATGKD	21.61	22.677	0.95	1.0	448	29.652	0.73	1.0	591	143	neither
Harlequin-int	FOS::JUND (MA1141.2)	TGAGTCA	ATGARTCAY	19.5	20.566	0.95	1.0	449	22.103	0.88	1.0	474	25	neither
Harlequin-int	ETV6 (MA0645.2)	GGAAGT	SWGGAAGTG	14.15	14.853	0.95	1.0	450	14.486	0.98	1.0	400	-50	neither
Harlequin-int	ETV3 (MA0763.2)	CGGAART	ACCGGAART	10.9	11.511	0.95	1.0	451	8.742	1.25	0.1710893597949985	283	-168	neither
Harlequin-int	MAX::MYC (MA0059.2)	CACGTGG	RSCAYGTGGH	7.07	7.442	0.95	1.0	452	11.342	0.62	1.0	665	213	neither
Harlequin-int	Msgn1 (MA1524.3)	CAAATGG	RMCAAAWGGT	30.4	32.459	0.94	1.0	453	30.509	1.0	1.0	378	-75	neither
Harlequin-int	HOXD11 (MA0908.2)	TCGTAAA	RTCRTAAAR	24.67	26.18	0.94	1.0	454	23.22	1.06	0.6245749674733435	331	-123	neither
Harlequin-int	E2F7 (MA0758.1)	TTTCCCGCCAAAW	KYTTCCCDCVAAAA	20.65	22.05	0.94	1.0	455	18.08	1.14	0.2310964529809248	293	-162	neither
Harlequin-int	MEF2A (MA0052.5)	AAAATA	HTAAAAATAR	43.59	46.792	0.93	1.0	456	56.849	0.77	1.0	573	117	neither
Harlequin-int	Pou5f1::Sox2 (MA0142.1)	TTSWHATGCARA	HWTTDWWATGYWWRT	40.54	43.587	0.93	1.0	457	49.407	0.82	1.0	544	87	neither
Harlequin-int	FOXO1::ELK3 (MA1955.2)	MAACAGGAA	RWAAACARGAARW	30.4	32.642	0.93	1.0	458	32.076	0.95	1.0	423	-35	neither
Harlequin-int	PAX4 (MA0068.2)	AATT	YTAATTAV	17.02	18.325	0.93	1.0	459	12.795	1.33	0.0148160524714713	228	-231	genomic only
Harlequin-int	BHLHE22 (MA0818.2)	AMCATATG	AMCATATGWT	9.56	10.325	0.93	1.0	460	14.47	0.66	1.0	642	182	neither
Harlequin-int	FOXD2 (MA0847.4)	TARRYAAACA	TWAWAYAAAYW	47.04	50.883	0.92	1.0	461	54.034	0.87	1.0	476	15	neither
Harlequin-int	Stat4 (MA0518.2)	TTCYRRGAA	TTMYWRGAAA	32.7	35.709	0.92	1.0	462	38.998	0.84	1.0	505	43	neither
Harlequin-int	Prdm4 (MA1647.3)	CTKGAAAC	MYTTGAAACWR	32.31	35.09	0.92	1.0	463	30.18	1.07	0.4473118481667044	315	-148	neither
Harlequin-int	FOXO1::ELK1 (MA1954.2)	AACAGGAAG	MDMAAYAGGAARD	31.36	33.958	0.92	1.0	464	36.176	0.87	1.0	479	15	neither
Harlequin-int	ETV5::FOXO1 (MA1947.2)	AACAGGA	RWAARCAGGW	29.83	32.535	0.92	1.0	465	32.558	0.92	1.0	448	-17	neither
Harlequin-int	Esrrg (MA0643.2)	AAGGTCA	KSAAGGTCA	28.68	31.159	0.92	1.0	466	25.813	1.11	0.236305965786965	295	-171	neither
Harlequin-int	RXRA::VDR (MA0074.1)	RGGTCAWNGRGTTC	RGGTYRYKGGGTTWA	22.56	24.658	0.92	1.0	467	18.86	1.2	0.0732349768730239	256	-211	neither
Harlequin-int	Dmbx1 (MA0883.2)	GGATTA	AARAGGATTA	18.93	20.627	0.92	1.0	468	19.969	0.95	1.0	426	-42	neither
Harlequin-int	NFIB (MA1643.2)	TGGCWYDRWGCCA	YTKGGCASWSTGCCMAR	18.36	19.977	0.92	1.0	469	27.771	0.66	1.0	640	171	neither
Harlequin-int	FOS::JUN (MA1126.2)	TKRCRTCA	RTBRCSTCAT	7.84	8.566	0.92	1.0	470	12.084	0.65	1.0	652	182	neither
Harlequin-int	MEIS1 (MA0498.3)	TGACA	TGACA	69.98	77.247	0.91	1.0	471	76.352	0.92	1.0	446	-25	neither
Harlequin-int	ZIM3 (MA1709.2)	AACAGAAABC	HAAMARAAAVM	41.3	45.476	0.91	1.0	472	49.514	0.83	1.0	538	66	neither
Harlequin-int	Nfatc2 (MA0152.3)	TGGAAA	AVTGGAAA	33.27	36.367	0.91	1.0	473	41.109	0.81	1.0	548	75	neither
Harlequin-int	IKZF1 (MA1508.2)	ACAGGAA	WACAGGAA	31.74	34.891	0.91	1.0	474	38.463	0.83	1.0	539	65	neither
Harlequin-int	INSM1 (MA0155.1)	TGYMWGGGG	KKKCWGGGGYYR	27.53	30.249	0.91	1.0	475	22.662	1.21	0.0226124018650071	238	-237	genomic only
Harlequin-int	ZBTB18 (MA0698.2)	CAGATGT	DKMCAGRTGTK	25.24	27.671	0.91	1.0	476	35.939	0.7	1.0	603	127	neither
Harlequin-int	KLF14 (MA0740.2)	GGGCGKG	GGGGYGGGR	15.11	16.589	0.91	1.0	477	26.792	0.56	1.0	700	223	neither
Harlequin-int	ZBTB7B (MA0694.2)	CGACCMCC	MRMCCMCCVA	14.53	15.969	0.91	1.0	478	11.319	1.28	0.0568905636472602	252	-226	neither
Harlequin-int	RFX1 (MA0509.3)	GTTGCCATGGYAAC	WGKTRYYATRRYAMCW	12.43	13.614	0.91	1.0	479	11.327	1.1	0.6245749674733435	330	-149	neither
Harlequin-int	TCF21 (MA1568.2)	CATATG	AYCATATGRT	11.28	12.405	0.91	1.0	480	16.298	0.69	1.0	617	137	neither
Harlequin-int	Foxq1 (MA0040.2)	TGTTTA	MHWGTTTAKD	39.2	43.403	0.9	1.0	481	42.272	0.93	1.0	440	-41	neither
Harlequin-int	ONECUT3 (MA0757.2)	AAATCRATA	MAWAATCAAWAM	33.84	37.576	0.9	1.0	482	42.057	0.8	1.0	552	70	neither
Harlequin-int	LMX1B (MA0703.3)	TTAATTA	YTAATTAH	28.87	32.076	0.9	1.0	483	28.482	1.01	1.0	371	-112	neither
Harlequin-int	HOXC10 (MA0905.2)	TCRTWAA	RTCATWAAW	22.75	25.415	0.9	1.0	484	24.184	0.94	1.0	433	-51	neither
Harlequin-int	ATOH7 (MA1468.1)	CATMTG	AHCATMTGKY	16.25	18.088	0.9	1.0	485	21.109	0.77	1.0	577	92	neither
Harlequin-int	CREB3L4 (MA1474.2)	CACGT	KCCACGTCAH	4.4	4.872	0.9	1.0	486	6.96	0.63	1.0	661	175	neither
Harlequin-int	CREB3L4 (MA1475.2)	TSACGTSA	VTSACGTSA	4.02	4.459	0.9	1.0	487	6.004	0.67	1.0	638	151	neither
Harlequin-int	HIC2 (MA0738.2)	TGCCM	ATGCCC	32.89	36.948	0.89	1.0	488	37.836	0.87	1.0	478	-10	neither
Harlequin-int	HOXD12::ELK1 (MA1958.2)	CGGAAGTYGTAAA	MGRAARTYRTRAA	23.14	25.973	0.89	1.0	489	23.075	1.0	1.0	381	-108	neither
Harlequin-int	NRL (MA0842.3)	TGCTGAC	MTADTGCTGACM	21.03	23.579	0.89	1.0	490	25.086	0.84	1.0	535	45	neither
Harlequin-int	HOXD10 (MA1506.2)	TCGTAAA	RRTCATAAAW	19.12	21.56	0.89	1.0	491	18.937	1.01	1.0	373	-118	neither
Harlequin-int	RFX5 (MA0510.3)	GTTRCYATRGYAAC	GKTRYYWTRRYAMC	16.83	18.845	0.89	1.0	492	14.616	1.15	0.2685141401368519	302	-190	neither
Harlequin-int	Atf3 (MA1988.2)	TGACTCA	TGACTCA	16.25	18.302	0.89	1.0	493	19.059	0.85	1.0	495	2	neither
Harlequin-int	BATF (MA1634.2)	TGACTCA	TGACTCA	16.25	18.302	0.89	1.0	494	19.059	0.85	1.0	496	2	neither
Harlequin-int	BATF3 (MA0835.3)	TGACTCA	TGACTCA	16.25	18.302	0.89	1.0	495	19.059	0.85	1.0	497	2	neither
Harlequin-int	BATF::JUN (MA0462.3)	TGACTCA	TGASTCA	16.25	18.302	0.89	1.0	496	19.059	0.85	1.0	498	2	neither
Harlequin-int	BNC2 (MA1928.2)	TGAGTCA	TGAGTCA	16.25	18.302	0.89	1.0	497	19.059	0.85	1.0	499	2	neither
Harlequin-int	SP3 (MA0746.3)	CCACGCCC	VCCMCDCCCMC	11.85	13.346	0.89	1.0	498	23.449	0.51	1.0	717	219	neither
Harlequin-int	PAX5 (MA0014.4)	GCGTGAC	SCGTGACC	4.78	5.377	0.89	1.0	499	6.05	0.79	1.0	568	69	neither
Harlequin-int	PPARA::RXRA (MA1148.2)	GGKBARAGGT	AWRTRGGYRARARTYHA	34.23	39.067	0.88	1.0	500	29.981	1.14	0.0756016209687552	259	-241	neither
Harlequin-int	FOXO1::FLI1 (MA1956.2)	AACAGGAAG	RWMAACARGAWRK	32.89	37.461	0.88	1.0	501	38.44	0.86	1.0	487	-14	neither
Harlequin-int	SOX18 (MA1563.2)	ACAAT	AACAATTS	30.59	34.891	0.88	1.0	502	26.662	1.15	0.0923363138913573	267	-235	neither
Harlequin-int	ZNF684 (MA1600.2)	ACAGTCCACCCCWT	WCASTSCAYCCCTT	25.62	29.132	0.88	1.0	503	25.086	1.02	0.9877805910936756	363	-140	neither
Harlequin-int	TEAD1 (MA0090.4)	ACATTCCA	RMATTCCAS	25.43	28.811	0.88	1.0	504	32.971	0.77	1.0	575	71	neither
Harlequin-int	ETV7 (MA1708.2)	GGAAR	SWGGAAGTG	14.91	16.895	0.88	1.0	505	17.392	0.86	1.0	489	-16	neither
Harlequin-int	ZNF574 (MA1982.2)	CYAGAGMGKC	RRCYAGAGWGGCMC	14.15	16.0	0.88	1.0	506	16.153	0.88	1.0	475	-31	neither
Harlequin-int	Zbtb2 (MA2340.1)	CCGGAAG	ACMGGAAGYG	7.27	8.283	0.88	1.0	507	6.402	1.14	0.6245749674733435	329	-178	neither
Harlequin-int	ARNT2 (MA1464.2)	CACGTG	GYCACGTG	3.44	3.931	0.88	1.0	508	8.765	0.39	1.0	792	284	neither
Harlequin-int	Lhx3 (MA0135.2)	AATTAATTA	WAATTAAYTWWY	37.86	43.709	0.87	1.0	509	46.914	0.81	1.0	547	38	neither
Harlequin-int	ZKSCAN5 (MA1652.2)	GGARGTGA	GGAAGYGAG	22.94	26.333	0.87	1.0	510	33.966	0.68	1.0	619	109	neither
Harlequin-int	CTCFL (MA1102.3)	AGGGGGC	YAGGGGGC	19.31	22.18	0.87	1.0	511	15.013	1.29	0.0197924894800618	236	-275	genomic only
Harlequin-int	KLF16 (MA0741.1)	CMCRCCCMC	SCCMCVCCCCC	17.59	20.199	0.87	1.0	512	22.746	0.77	1.0	576	64	neither
Harlequin-int	BARHL1 (MA0877.4)	CGTTTA	CGTTTA	15.68	18.027	0.87	1.0	513	11.885	1.32	0.0247927941641516	239	-274	genomic only
Harlequin-int	BARHL2 (MA0635.2)	TAAWYG	TAAACG	15.68	18.027	0.87	1.0	514	11.885	1.32	0.0247927941641516	240	-274	genomic only
Harlequin-int	NFKB1 (MA0105.4)	GGGGAWTCCCC	AGGGKWWWMCCCT	14.15	16.252	0.87	1.0	515	21.392	0.66	1.0	641	126	neither
Harlequin-int	ASCL1 (MA1100.3)	CASSTG	GCAGCTGS	10.9	12.459	0.87	1.0	516	18.639	0.58	1.0	689	173	neither
Harlequin-int	Stat5a (MA1624.2)	TCCWRGAA	TTCYWRGAA	28.68	33.53	0.86	1.0	517	34.034	0.84	1.0	533	16	neither
Harlequin-int	Hmx3 (MA0898.2)	CAATTAA	RGCAATTAA	28.49	32.994	0.86	1.0	518	25.468	1.12	0.2061399097344872	289	-229	neither
Harlequin-int	PITX2 (MA1547.2)	TAATCC	TTAATCCW	23.9	27.686	0.86	1.0	519	27.136	0.88	1.0	472	-47	neither
Harlequin-int	PAX3 (MA0780.1)	AATYRATTA	WWATYRATWA	21.22	24.688	0.86	1.0	520	22.776	0.93	1.0	444	-76	neither
Harlequin-int	ZNF417 (MA1727.2)	GGCGCCA	GGTGCCA	15.49	18.103	0.86	1.0	521	15.847	0.98	1.0	399	-122	neither
Harlequin-int	HOXA4 (MA1496.2)	YMATTA	GTCATTA	13.38	15.533	0.86	1.0	522	15.633	0.86	1.0	490	-32	neither
Harlequin-int	KLF2 (MA1515.2)	CMCRCCC	CCMCRCCC	10.71	12.459	0.86	1.0	523	27.021	0.4	1.0	785	262	neither
Harlequin-int	HES6 (MA1493.1)	GGCACGTGT	GGCACRTGTW	6.69	7.74	0.86	1.0	524	14.738	0.45	1.0	752	228	neither
Harlequin-int	NFATC3 (MA0625.3)	GGAA	TGGAAA	50.29	59.25	0.85	1.0	525	62.914	0.8	1.0	550	25	neither
Harlequin-int	Nfatc1 (MA0624.3)	TGGAAA	TGGAAA	50.29	59.25	0.85	1.0	526	62.914	0.8	1.0	551	25	neither
Harlequin-int	Hmx2 (MA0897.2)	CAATTAA	WRKCAATTAWRRSWK	33.65	39.373	0.85	1.0	527	34.761	0.97	1.0	406	-121	neither
Harlequin-int	HNF4G (MA0484.3)	CAAAGTCC	YAAAGTCCA	31.93	37.629	0.85	1.0	528	29.683	1.08	0.4128458662748793	311	-217	neither
Harlequin-int	mix-a (MA0621.2)	TAATTA	YTAATTA	30.78	36.237	0.85	1.0	529	32.367	0.95	1.0	422	-107	neither
Harlequin-int	Rarb (MA0858.1)	AGGTCAHVYWRAGGTCA	WGSTSAWVBRRRGSTCW	25.62	30.226	0.85	1.0	530	21.262	1.21	0.0390435877087652	248	-282	genomic only
Harlequin-int	LMX1A (MA0702.3)	TAATTA	TTAATTA	25.24	29.606	0.85	1.0	531	26.822	0.94	1.0	431	-100	neither
Harlequin-int	NKX6-1 (MA0674.2)	YMATTA	TAATTAA	25.24	29.606	0.85	1.0	532	26.822	0.94	1.0	432	-100	neither
Harlequin-int	Mafb (MA0117.3)	GCTGA	MWATTGCTGAC	21.41	25.262	0.85	1.0	533	28.168	0.76	1.0	581	48	neither
Harlequin-int	LHX6 (MA0658.2)	TAATTA	YTAATTAR	19.69	23.266	0.85	1.0	534	17.836	1.1	0.4251574046511361	314	-220	neither
Harlequin-int	Gli2 (MA0734.4)	GACCACCCA	GMCCACCCW	19.31	22.845	0.85	1.0	535	30.486	0.63	1.0	658	123	neither
Harlequin-int	MLX (MA0663.1)	TCACGTGA	RKSACGTGRY	2.87	3.373	0.85	1.0	536	6.08	0.47	1.0	743	207	neither
Harlequin-int	YY2 (MA0748.3)	ATGGCG	ATGGCGG	2.49	2.929	0.85	1.0	537	3.786	0.66	1.0	643	106	neither
Harlequin-int	SOX10 (MA0442.3)	ACAAAG	ACAAAG	51.82	61.667	0.84	1.0	538	56.765	0.91	1.0	452	-86	neither
Harlequin-int	HNF4A (MA0114.5)	CAAAGTCC	YAAAGTCCA	32.12	38.417	0.84	1.0	539	30.99	1.04	0.7872293857641413	351	-188	neither
Harlequin-int	Gfi1B (MA0483.2)	AATCWSWG	AAATCASAGY	27.15	32.268	0.84	1.0	540	39.985	0.68	1.0	618	78	neither
Harlequin-int	Ebf2 (MA1604.2)	CCCMRGGGA	CCCMDGGGA	26.77	31.946	0.84	1.0	541	25.231	1.06	0.6130219335787631	327	-214	neither
Harlequin-int	NR1I2 (MA1533.2)	GMMCYSVDYGMAC	TGRACTSWBYRMACY	17.4	20.62	0.84	1.0	542	15.335	1.13	0.3233461041335346	305	-237	neither
Harlequin-int	TGIF1 (MA0796.1)	TGACAGCTGTCA	TGACAKRTSTMA	15.49	18.486	0.84	1.0	543	25.851	0.6	1.0	677	134	neither
Harlequin-int	TFAP4::ETV1 (MA1966.2)	GGAWRCASSTG	SMGGAAGCAKRKG	10.13	12.054	0.84	1.0	544	18.593	0.55	1.0	705	161	neither
Harlequin-int	MYB (MA0100.4)	CAACTG	CAACTG	42.64	51.143	0.83	1.0	545	39.541	1.08	0.249977652472562	299	-246	neither
Harlequin-int	Pparg::Rxra (MA0065.3)	GDSARAGG	RGGSCARAGGSCM	31.55	37.996	0.83	1.0	546	36.818	0.86	1.0	488	-58	neither
Harlequin-int	DUXA (MA0884.2)	TRAYTWARTYA	WTRACYWRGTYAW	21.99	26.646	0.83	1.0	547	23.686	0.93	1.0	443	-104	neither
Harlequin-int	ESX1 (MA0644.3)	AATTA	CTAATTA	18.55	22.325	0.83	1.0	548	17.644	1.05	0.7872293857641413	342	-206	neither
Harlequin-int	GBX1 (MA0889.2)	AATTA	CTAATTA	18.55	22.325	0.83	1.0	549	17.644	1.05	0.7872293857641413	343	-206	neither
Harlequin-int	LBX1 (MA0618.2)	TAAYWRG	TAATTAG	18.55	22.325	0.83	1.0	550	17.644	1.05	0.7872293857641413	344	-206	neither
Harlequin-int	MEOX1 (MA0661.2)	TMATTA	CTAATTA	18.55	22.325	0.83	1.0	551	17.644	1.05	0.7872293857641413	345	-206	neither
Harlequin-int	NOTO (MA0710.2)	MATTA	CTAATTA	18.55	22.325	0.83	1.0	552	17.644	1.05	0.7872293857641413	346	-206	neither
Harlequin-int	PRRX2 (MA0075.4)	AATTA	CTAATTA	18.55	22.325	0.83	1.0	553	17.644	1.05	0.7872293857641413	347	-206	neither
Harlequin-int	VAX1 (MA0722.2)	AAT	CTAATTA	18.55	22.325	0.83	1.0	554	17.644	1.05	0.7872293857641413	348	-206	neither
Harlequin-int	VSX1 (MA0725.2)	AATT	CTAATTA	18.55	22.325	0.83	1.0	555	17.644	1.05	0.7872293857641413	349	-206	neither
Harlequin-int	VSX2 (MA0726.2)	AATTA	CTAATTA	18.55	22.325	0.83	1.0	556	17.644	1.05	0.7872293857641413	350	-206	neither
Harlequin-int	RFX2 (MA0600.3)	GTTRCCATGGYAAC	GTTRYYATRRYAMC	13.19	15.855	0.83	1.0	557	14.547	0.91	1.0	459	-98	neither
Harlequin-int	PHOX2A (MA0713.1)	AAYYYAATTA	WWABYTAATTW	33.08	40.199	0.82	1.0	558	39.358	0.84	1.0	504	-54	neither
Harlequin-int	FOXO1::ELF1 (MA1953.2)	AACAGGAA	RDMAACARGAARH	29.45	35.924	0.82	1.0	559	37.583	0.78	1.0	569	10	neither
Harlequin-int	ONECUT1 (MA0679.3)	AATCAAT	ARATCAATR	26.58	32.344	0.82	1.0	560	38.317	0.69	1.0	609	49	neither
Harlequin-int	ARGFX (MA1463.2)	TAATTA	DTAATTAA	25.62	31.12	0.82	1.0	561	27.755	0.92	1.0	449	-112	neither
Harlequin-int	Rarg (MA0860.1)	AAGGTCAMSRRAGGTCA	AAGGTCARKWRARGTCM	22.75	27.824	0.82	1.0	562	27.694	0.82	1.0	546	-16	neither
Harlequin-int	Wt1 (MA1627.2)	CTCCCCC	CCTCCCCCWS	17.59	21.453	0.82	1.0	563	27.373	0.64	1.0	654	91	neither
Harlequin-int	CEBPA (MA0102.5)	TTKCACAA	ATTGCAMAAW	27.72	34.05	0.81	1.0	564	34.998	0.79	1.0	564	0	neither
Harlequin-int	Nr5A2 (MA0505.3)	GRCCTTGA	TGRCCTTGR	26.96	33.117	0.81	1.0	565	26.662	1.01	1.0	372	-193	neither
Harlequin-int	Six4 (MA2001.2)	AACCTGA	AACCTGA	20.65	25.423	0.81	1.0	566	17.69	1.17	0.1531829738666593	279	-287	neither
Harlequin-int	Hic1 (MA0739.2)	TGCCA	GTGCCAMC	16.06	19.839	0.81	1.0	567	23.403	0.69	1.0	614	47	neither
Harlequin-int	NFIC (MA1527.2)	TGGCDBVVTGCCA	TKGGCWVHBTGCMAR	15.87	19.61	0.81	1.0	568	23.021	0.69	1.0	615	47	neither
Harlequin-int	Vdr (MA0693.4)	AGTTCA	GAGTTCA	14.91	18.44	0.81	1.0	569	25.904	0.58	1.0	688	119	neither
Harlequin-int	MSANTD3 (MA1523.2)	ACTC	CACTCAC	12.24	15.082	0.81	1.0	570	16.597	0.74	1.0	587	17	neither
Harlequin-int	NR6A1 (MA1541.2)	AAGKTCAAG	RAWKKTCAAKKWYW	26.39	33.132	0.8	1.0	571	31.618	0.83	1.0	540	-31	neither
Harlequin-int	TBX3 (MA1566.3)	AGGTGTSA	AGGTGYKAA	25.81	32.321	0.8	1.0	572	29.698	0.87	1.0	481	-91	neither
Harlequin-int	ATF2 (MA1632.2)	ATGABGTCA	ATGAKGTCWT	14.53	18.103	0.8	1.0	573	29.614	0.49	1.0	723	150	neither
Harlequin-int	XBP1 (MA0844.2)	CACGTCA	KHCACGTCABK	3.25	4.054	0.8	1.0	574	5.101	0.64	1.0	657	83	neither
Harlequin-int	ALX3 (MA0634.2)	ATTA	TAATTA	31.74	40.298	0.79	1.0	575	37.828	0.84	1.0	506	-69	neither
Harlequin-int	DRGX (MA1481.2)	AATTA	TAATTA	31.74	40.298	0.79	1.0	576	37.828	0.84	1.0	507	-69	neither
Harlequin-int	EMX1 (MA0612.3)	TAATTA	TAATTA	31.74	40.298	0.79	1.0	577	37.828	0.84	1.0	508	-69	neither
Harlequin-int	EMX2 (MA0886.2)	TAATTA	TAATTA	31.74	40.298	0.79	1.0	578	37.828	0.84	1.0	509	-69	neither
Harlequin-int	EN1 (MA0027.3)	AATTA	TAATTA	31.74	40.298	0.79	1.0	579	37.828	0.84	1.0	510	-69	neither
Harlequin-int	EVX1 (MA0887.2)	ATTA	TAATTA	31.74	40.298	0.79	1.0	580	37.828	0.84	1.0	511	-69	neither
Harlequin-int	EVX2 (MA0888.2)	ATTA	TAATTA	31.74	40.298	0.79	1.0	581	37.828	0.84	1.0	512	-69	neither
Harlequin-int	GSX1 (MA0892.2)	ATTA	TAATTA	31.74	40.298	0.79	1.0	582	37.828	0.84	1.0	513	-69	neither
Harlequin-int	HOXA1 (MA1495.2)	TMATKA	TAATTA	31.74	40.298	0.79	1.0	583	37.828	0.84	1.0	514	-69	neither
Harlequin-int	HOXA2 (MA0900.3)	TMATTA	TAATTA	31.74	40.298	0.79	1.0	584	37.828	0.84	1.0	515	-69	neither
Harlequin-int	HOXB2 (MA0902.3)	ATTA	TAATTA	31.74	40.298	0.79	1.0	585	37.828	0.84	1.0	516	-69	neither
Harlequin-int	HOXB3 (MA0903.2)	ATTA	TAATTA	31.74	40.298	0.79	1.0	586	37.828	0.84	1.0	517	-69	neither
Harlequin-int	HOXB5 (MA0904.3)	TMATKA	TAATTA	31.74	40.298	0.79	1.0	587	37.828	0.84	1.0	518	-69	neither
Harlequin-int	HOXC8 (MA1505.2)	YMATKR	TAATTA	31.74	40.298	0.79	1.0	588	37.828	0.84	1.0	519	-69	neither
Harlequin-int	ISX (MA0654.2)	AATTA	TAATTA	31.74	40.298	0.79	1.0	589	37.828	0.84	1.0	520	-69	neither
Harlequin-int	Lhx4 (MA0704.2)	ATTA	TAATTA	31.74	40.298	0.79	1.0	590	37.828	0.84	1.0	521	-69	neither
Harlequin-int	Lhx8 (MA0705.2)	YRATYR	TAATTA	31.74	40.298	0.79	1.0	591	37.828	0.84	1.0	522	-69	neither
Harlequin-int	MIXL1 (MA0662.2)	AATTA	TAATTA	31.74	40.298	0.79	1.0	592	37.828	0.84	1.0	523	-69	neither
Harlequin-int	MNX1 (MA0707.3)	YRATTA	TAATTA	31.74	40.298	0.79	1.0	593	37.828	0.84	1.0	524	-69	neither
Harlequin-int	NKX6-2 (MA0675.2)	ATTA	TAATTA	31.74	40.298	0.79	1.0	594	37.828	0.84	1.0	525	-69	neither
Harlequin-int	PDX1 (MA0132.3)	ATTA	TAATTA	31.74	40.298	0.79	1.0	595	37.828	0.84	1.0	526	-69	neither
Harlequin-int	POU6F1 (MA0628.2)	TAATTA	TAATTA	31.74	40.298	0.79	1.0	596	37.828	0.84	1.0	527	-69	neither
Harlequin-int	PRRX1 (MA0716.2)	AATTA	TAATTA	31.74	40.298	0.79	1.0	597	37.828	0.84	1.0	528	-69	neither
Harlequin-int	Shox2 (MA0720.2)	AATTA	TAATTA	31.74	40.298	0.79	1.0	598	37.828	0.84	1.0	529	-69	neither
Harlequin-int	TLX2 (MA1577.2)	AATTA	TAATTA	31.74	40.298	0.79	1.0	599	37.828	0.84	1.0	530	-69	neither
Harlequin-int	UNCX (MA0721.2)	ATTA	TAATTA	31.74	40.298	0.79	1.0	600	37.828	0.84	1.0	531	-69	neither
Harlequin-int	VAX2 (MA0723.3)	ATTA	TAATTA	31.74	40.298	0.79	1.0	601	37.828	0.84	1.0	532	-69	neither
Harlequin-int	ZNF582 (MA1983.2)	TTACTTGCAGCYVA	YYWMYTRCTWGCWGCYDAM	28.68	36.099	0.79	1.0	602	32.421	0.88	1.0	471	-131	neither
Harlequin-int	MEIS2 (MA1640.2)	GATTTAT	TGATTWATR	24.67	31.35	0.79	1.0	603	34.08	0.72	1.0	594	-9	neither
Harlequin-int	ZSCAN4 (MA1155.1)	GCACACMCTGWAA	YRCACACMCWBWHAM	19.69	24.811	0.79	1.0	604	30.73	0.64	1.0	653	49	neither
Harlequin-int	NR3C2 (MA0727.2)	GWACAYDRTGTWC	KGAACWHWRTGTKCC	10.9	13.751	0.79	1.0	605	12.069	0.9	1.0	466	-139	neither
Harlequin-int	GCM1 (MA0646.2)	TGCGGGT	RTRCKGGYAC	9.18	11.663	0.79	1.0	606	10.998	0.83	1.0	542	-64	neither
Harlequin-int	SOX4 (MA0867.3)	ACAAWG	RACAAAGR	33.65	43.205	0.78	1.0	607	39.702	0.85	1.0	494	-113	neither
Harlequin-int	Lhx1 (MA1518.3)	TAATTA	KKTAATTARR	15.49	19.962	0.78	1.0	608	15.143	1.02	1.0	368	-240	neither
Harlequin-int	Bach1::Mafk (MA0591.2)	TGACTCAGCA	RRWGASWCAGCW	14.91	19.075	0.78	1.0	609	24.665	0.6	1.0	678	69	neither
Harlequin-int	SP1 (MA0079.5)	GGGGMGGRG	GGGGMGGRR	11.47	14.616	0.78	1.0	610	22.891	0.5	1.0	721	111	neither
Harlequin-int	RFX3 (MA0798.3)	GTTRCCATGGCAAC	WGKTRYYATRRYAMCW	10.13	12.941	0.78	1.0	611	10.822	0.94	1.0	435	-176	neither
Harlequin-int	E2F3 (MA0469.4)	WTTTGGCGCCAAAW	WWWTGGYRCCAWWW	6.31	8.076	0.78	1.0	612	3.335	1.89	0.0027680583510552	195	-417	genomic only
Harlequin-int	ISL2 (MA0914.2)	CAMTTA	CACTTA	38.62	49.889	0.77	1.0	613	42.784	0.9	1.0	460	-153	neither
Harlequin-int	Sox11 (MA0869.3)	ACAAAG	RAACAAAG	31.17	40.444	0.77	1.0	614	35.709	0.87	1.0	480	-134	neither
Harlequin-int	VENTX (MA0724.1)	CRATTA	ARCAATTAR	20.65	26.677	0.77	1.0	615	18.126	1.14	0.2406300808700435	296	-319	neither
Harlequin-int	Ptf1A (MA1620.2)	CACCTG	ACACCTGK	18.16	23.48	0.77	1.0	616	31.793	0.57	1.0	693	77	neither
Harlequin-int	Nfe2l2 (MA0150.3)	TGASTCAGCA	RTKAYTCWGSA	17.59	22.73	0.77	1.0	617	26.952	0.65	1.0	647	30	neither
Harlequin-int	SP8 (MA0747.2)	CACKCCC	CCMCBCCCMCH	16.25	21.017	0.77	1.0	618	26.96	0.6	1.0	676	58	neither
Harlequin-int	MAFK (MA0496.4)	TGACTCAGC	HWGACTCAGS	15.3	19.74	0.77	1.0	619	34.945	0.44	1.0	757	138	neither
Harlequin-int	SPIC (MA0687.2)	AWSMGGAAG	RAAARRGRAARWH	27.72	36.375	0.76	1.0	620	39.312	0.71	1.0	599	-21	neither
Harlequin-int	TEAD4 (MA0809.3)	CATTCCA	AMATTCCA	22.75	29.767	0.76	1.0	621	33.66	0.68	1.0	620	-1	neither
Harlequin-int	KLF10 (MA1511.2)	GGGGCGKGG	GGGGYGGGG	12.24	16.061	0.76	1.0	622	26.646	0.46	1.0	745	123	neither
Harlequin-int	Nr2e3 (MA0164.2)	AAGCTT	AAGCTT	33.65	44.719	0.75	1.0	623	30.287	1.11	0.1753258418683047	284	-339	neither
Harlequin-int	Zic1::Zic2 (MA1628.2)	CAGCAGG	CAGCAGG	13.96	18.493	0.75	1.0	624	21.637	0.65	1.0	648	24	neither
Harlequin-int	Zic3 (MA0697.3)	CAGCAGG	CAGCAGG	13.96	18.493	0.75	1.0	625	21.637	0.65	1.0	649	24	neither
Harlequin-int	HOXA5 (MA0158.2)	YMATTA	STAATTAS	12.81	17.185	0.75	1.0	626	13.262	0.97	1.0	411	-215	neither
Harlequin-int	POU4F2 (MA0683.2)	TGMATAATTAAT	WSMATWWTTAAWKWH	28.3	38.402	0.74	1.0	627	45.851	0.62	1.0	662	35	neither
Harlequin-int	BARX2 (MA1471.2)	WAAYMRTTA	AAAYMRTTA	28.11	38.126	0.74	1.0	628	35.839	0.78	1.0	570	-58	neither
Harlequin-int	TBR1 (MA0802.2)	ARGTGTGA	AGGTGYKAW	24.09	32.673	0.74	1.0	629	30.929	0.78	1.0	571	-58	neither
Harlequin-int	MAFF (MA0495.4)	TCAGCA	GTCAGCAWTWK	22.56	30.585	0.74	1.0	630	33.621	0.67	1.0	630	0	neither
Harlequin-int	ETV5::DRGX (MA1944.2)	GGAWGYRRT	AGGMWGYARTKR	16.83	22.776	0.74	1.0	631	24.107	0.7	1.0	604	-27	neither
Harlequin-int	PKNOX2 (MA0783.1)	TGACAGSTGTCA	TGRBAKSTGWCA	15.87	21.369	0.74	1.0	632	30.004	0.53	1.0	712	80	neither
Harlequin-int	SP4 (MA0685.2)	GGGMGGRG	RGGGMGKRG	14.53	19.618	0.74	1.0	633	30.914	0.47	1.0	740	107	neither
Harlequin-int	Atoh1 (MA0461.3)	CATATG	RMCATATG	10.9	14.723	0.74	1.0	634	21.293	0.51	1.0	718	84	neither
Harlequin-int	SP2 (MA0516.3)	GGGCGGG	GGGGMGGRR	9.75	13.163	0.74	1.0	635	28.275	0.34	1.0	809	174	neither
Harlequin-int	ZNF418 (MA1980.1)	GWRGCYAMAAGCA	MRRWRRMHWAAAGMA	30.02	41.247	0.73	1.0	636	42.356	0.71	1.0	598	-38	neither
Harlequin-int	HOXD9 (MA0913.3)	GYMATAAA	RYMATAAAA	28.87	39.319	0.73	1.0	637	39.832	0.72	1.0	593	-44	neither
Harlequin-int	NR5A1 (MA1540.3)	TCAAGGYCA	WSKYCAAGGYCA	25.24	34.608	0.73	1.0	638	34.677	0.73	1.0	589	-49	neither
Harlequin-int	RORB (MA1150.2)	AWDKRGGTCA	AWWTRGGYCA	23.9	32.681	0.73	1.0	639	24.727	0.97	1.0	408	-231	neither
Harlequin-int	Smad4 (MA1153.2)	GTCTRG	TGTCTRG	21.8	29.698	0.73	1.0	640	28.574	0.76	1.0	580	-60	neither
Harlequin-int	BCL6 (MA0463.3)	CTKTCKAGGAA	RMTKTCTWRGAAW	20.08	27.35	0.73	1.0	641	22.975	0.87	1.0	483	-158	neither
Harlequin-int	NFIC::TLX1 (MA0119.1)	TGGCASSRHGCCAA	KKGCASWBWGCCMA	15.49	21.285	0.73	1.0	642	24.987	0.62	1.0	664	22	neither
Harlequin-int	ZSCAN31 (MA1722.2)	CATAAYTGCCCTGC	RYATWAWRGSYCTGCWWM	13.77	18.853	0.73	1.0	643	17.652	0.78	1.0	572	-71	neither
Harlequin-int	TFAP4 (MA1570.1)	CAYRTG	AYCATATGRT	11.47	15.725	0.73	1.0	644	19.365	0.59	1.0	685	41	neither
Harlequin-int	TGIF2LX (MA1571.1)	GACASSTGTC	TGASAYRTSTCA	7.84	10.784	0.73	1.0	645	13.836	0.57	1.0	697	52	neither
Harlequin-int	HES7 (MA0822.1)	GGCACGTGCC	HGSCACKTGCYV	2.68	3.648	0.73	1.0	646	11.893	0.23	1.0	853	207	neither
Harlequin-int	FIGLA (MA0820.2)	CACCTG	CACCTG	32.89	45.644	0.72	1.0	647	50.815	0.65	1.0	644	-3	neither
Harlequin-int	ZEB1 (MA0103.4)	CACCTG	CACCTG	32.89	45.644	0.72	1.0	648	50.815	0.65	1.0	645	-3	neither
Harlequin-int	Pgr (MA2323.1)	GRACADWDTGTYC	MWRAAMWWMHTGTKYYD	24.86	34.394	0.72	1.0	649	32.543	0.76	1.0	579	-70	neither
Harlequin-int	MAFG::NFE2L1 (MA0089.3)	ATGACTCAGCA	AWGACTCWGSW	16.06	22.463	0.72	1.0	650	27.35	0.59	1.0	682	32	neither
Harlequin-int	PAX6 (MA0069.1)	TYACGCWTSA	TYCAYGCATSRBTK	16.06	22.294	0.72	1.0	651	19.182	0.84	1.0	536	-115	neither
Harlequin-int	CREM (MA0609.3)	TGACGTCA	RTGACSTCAY	4.02	5.583	0.72	1.0	652	8.229	0.49	1.0	735	83	neither
Harlequin-int	SIX2 (MA1119.2)	GWAACCTGA	KGAAACYTSAT	23.9	33.614	0.71	1.0	653	31.939	0.75	1.0	585	-68	neither
Harlequin-int	Alx1 (MA0854.2)	TAATTA	WTAATTAW	22.75	31.969	0.71	1.0	654	28.62	0.8	1.0	554	-100	neither
Harlequin-int	Nr2F6 (MA0728.1)	AGGTCAARAGGTCA	MRGGTHAMRAGGKCA	22.75	31.962	0.71	1.0	655	37.384	0.61	1.0	667	12	neither
Harlequin-int	HOXC12 (MA0906.2)	TCGTAAA	RRTMRTAAAA	19.31	27.059	0.71	1.0	656	18.7	1.03	0.9286860513050508	360	-296	neither
Harlequin-int	ZNF410 (MA0752.2)	CATCCCATAATA	MCWKSCCAKAAWARYM	19.31	27.151	0.71	1.0	657	27.212	0.71	1.0	600	-57	neither
Harlequin-int	ZNF143 (MA0088.2)	CCCAYRATGCA	YWMCCAKRATHCMWSY	17.4	24.39	0.71	1.0	658	25.813	0.67	1.0	632	-26	neither
Harlequin-int	MEIS3 (MA0775.2)	TGACA	TTGACAG	16.44	23.258	0.71	1.0	659	16.78	0.98	1.0	398	-261	neither
Harlequin-int	TFAP4::FLI1 (MA1967.2)	CGGAAACAGCTG	DVMVKAARCAGCTG	14.91	21.025	0.71	1.0	660	23.189	0.64	1.0	655	-5	neither
Harlequin-int	PGR (MA2327.1)	ACABDVTGT	ACAKWMTGT	12.62	17.782	0.71	1.0	661	20.138	0.63	1.0	659	-2	neither
Harlequin-int	ONECUT2 (MA0756.3)	GATCRATA	GATCRATA	11.47	16.184	0.71	1.0	662	16.329	0.7	1.0	607	-55	neither
Harlequin-int	OLIG2 (MA0678.1)	CATATG	AWCATATGKT	11.09	15.61	0.71	1.0	663	20.39	0.54	1.0	711	48	neither
Harlequin-int	LHX9 (MA0701.3)	YAATTA	CYAATTA	25.43	36.512	0.7	1.0	664	27.426	0.93	1.0	442	-222	neither
Harlequin-int	ESRRA (MA0592.4)	CAAGGTCA	YCAAKGKCA	22.56	32.161	0.7	1.0	665	27.908	0.81	1.0	549	-116	neither
Harlequin-int	ZNF75D (MA1601.2)	GTGGGAAABCCT	GKGGRAAAVCYT	22.37	32.069	0.7	1.0	666	26.776	0.84	1.0	534	-132	neither
Harlequin-int	ZNF140 (MA1589.2)	GAGYRGAATTGC	BKGRSYKGAAKTGYWGSVW	19.12	27.159	0.7	1.0	667	32.581	0.59	1.0	681	14	neither
Harlequin-int	KLF1 (MA0493.3)	GGGYGKGG	GGGWGKGG	14.34	20.436	0.7	1.0	668	33.767	0.42	1.0	771	103	neither
Harlequin-int	HOXB4 (MA1499.2)	TMATTA	TCATTA	32.31	46.73	0.69	1.0	669	48.436	0.67	1.0	626	-43	neither
Harlequin-int	HOXC4 (MA1504.2)	YMATTA	TCATTA	32.31	46.73	0.69	1.0	670	48.436	0.67	1.0	627	-43	neither
Harlequin-int	HOXD4 (MA1507.2)	YMATTA	TCATTA	32.31	46.73	0.69	1.0	671	48.436	0.67	1.0	628	-43	neither
Harlequin-int	POU4F1 (MA0790.2)	TRMATWATTDA	TNMATWWTTWAT	27.72	39.931	0.69	1.0	672	49.331	0.56	1.0	698	26	neither
Harlequin-int	NFATC4 (MA1525.3)	GGAAA	WTGGAAAMW	25.24	36.512	0.69	1.0	673	37.82	0.67	1.0	629	-44	neither
Harlequin-int	ERF::SREBF2 (MA1939.2)	CGGAWRTCACGTGA	MWGGAARTVASSTGWY	8.03	11.694	0.69	1.0	674	12.061	0.67	1.0	635	-39	neither
Harlequin-int	TGIF2LY (MA1572.1)	GACASSTGTC	TGASAYRTSTCA	7.27	10.501	0.69	1.0	675	13.293	0.55	1.0	707	32	neither
Harlequin-int	NKX2-5 (MA0063.3)	CACTCAA	CACTCAA	26.96	40.038	0.67	1.0	676	30.103	0.9	1.0	463	-213	neither
Harlequin-int	SOX21 (MA0866.1)	AACAATKKYAKTGTT	ARCAAWKDYMYTGTT	24.47	36.788	0.67	1.0	677	32.78	0.75	1.0	584	-93	neither
Harlequin-int	Mafg (MA0659.4)	TGASTCAGC	GMWGASTCAGCW	12.62	18.7	0.67	1.0	678	32.88	0.38	1.0	794	116	neither
Harlequin-int	ZNF16 (MA1654.2)	GGGAGCCAYKGRRGG	AVKAGGGAGYCAWRRARRGWK	19.12	28.78	0.66	1.0	679	28.91	0.66	1.0	639	-40	neither
Harlequin-int	Nkx3-1 (MA0124.3)	CACTTA	CCACTTA	14.53	21.889	0.66	1.0	680	15.839	0.92	1.0	450	-230	neither
Harlequin-int	SRF (MA0083.3)	CCATATAWGG	TKHCYATRYATRGDMW	13.19	19.969	0.66	1.0	681	16.482	0.8	1.0	556	-125	neither
Harlequin-int	MYBL2 (MA0777.1)	CCGTTWAAC	ADMMGKTAAACWBYT	7.27	11.067	0.66	1.0	682	5.706	1.27	0.2455060323340145	298	-384	neither
Harlequin-int	SRY (MA0084.2)	ACAA	AAACAAT	23.14	35.686	0.65	1.0	683	31.725	0.73	1.0	590	-93	neither
Harlequin-int	MAF::NFE2 (MA0501.2)	TGACTCAGCA	RTGACWCWGSA	13.96	21.369	0.65	1.0	684	25.935	0.54	1.0	710	26	neither
Harlequin-int	ZNF784 (MA1717.2)	ACYTACC	ACCTACCW	13.96	21.568	0.65	1.0	685	13.063	1.07	0.7621175940521036	340	-345	neither
Harlequin-int	ETV2::DRGX (MA1940.2)	CGGAWRYRATTA	RGGAAMYWATTW	13.38	20.505	0.65	1.0	686	19.855	0.67	1.0	633	-53	neither
Harlequin-int	ELK1::HOXB13 (MA1932.2)	CCGGAAGTHRTWA	RCMGGAARWYVTRRR	9.75	14.99	0.65	1.0	687	12.589	0.77	1.0	578	-109	neither
Harlequin-int	TBXT (MA0009.2)	TMRCACVTABGTGYKA	TMDCAMSTWSKTGHDA	8.41	12.994	0.65	1.0	688	15.403	0.55	1.0	706	18	neither
Harlequin-int	Zfp961 (MA2126.1)	GGGCGCCA	GGGTGCCA	4.78	7.335	0.65	1.0	689	6.294	0.76	1.0	582	-107	neither
Harlequin-int	Arntl (MA0603.2)	CACGTG	MKCACGTG	2.68	4.107	0.65	1.0	690	8.145	0.33	1.0	818	128	neither
Harlequin-int	FOXD3 (MA0041.3)	AAAYAA	WRWRWAAAYAAAHW	33.65	52.505	0.64	1.0	691	61.346	0.55	1.0	702	11	neither
Harlequin-int	DMRTC2 (MA1479.2)	GMTACA	WWTTGMYACAK	19.5	30.639	0.64	1.0	692	33.315	0.59	1.0	680	-12	neither
Harlequin-int	SREBF1 (MA0829.3)	TCACSTGA	RTSACCTSAY	10.33	16.061	0.64	1.0	693	23.457	0.44	1.0	761	68	neither
Harlequin-int	KLF11 (MA1512.2)	CACRCCC	CCMCRCCCMC	8.99	13.981	0.64	1.0	694	22.241	0.4	1.0	788	94	neither
Harlequin-int	FOSL1::JUND (MA1142.2)	TGASKMA	ATGAYTCA	12.43	19.793	0.63	1.0	695	21.683	0.57	1.0	695	0	neither
Harlequin-int	ZBTB12 (MA1649.2)	CTRGAAC	CTGGAAC	11.85	18.707	0.63	1.0	696	17.163	0.69	1.0	616	-80	neither
Harlequin-int	TBX19 (MA0804.2)	TMRCACVTRBGTGYKA	TMDCAMVTASKTGHKAR	9.56	15.243	0.63	1.0	697	16.65	0.57	1.0	696	-1	neither
Harlequin-int	KLF3 (MA1516.2)	CCRCGCCC	BRCCACRCCC	6.69	10.631	0.63	1.0	698	21.247	0.31	1.0	831	133	neither
Harlequin-int	Runx1 (MA0002.3)	TGTGG	BTGTGGTYW	20.65	33.178	0.62	1.0	699	33.621	0.61	1.0	668	-31	neither
Harlequin-int	RUNX3 (MA0684.3)	ACCWCA	AACCTCAW	20.46	33.247	0.62	1.0	700	30.646	0.67	1.0	631	-69	neither
Harlequin-int	BCL6B (MA0731.1)	TGCTTTCTAGGAATT	TVYTKTCYAGBRWTYVM	19.31	31.35	0.62	1.0	701	28.168	0.69	1.0	611	-90	neither
Harlequin-int	NR2C2 (MA0504.2)	GGTCARAGGKCR	GRKGKSAGAGKKBA	17.97	28.895	0.62	1.0	702	27.786	0.65	1.0	646	-56	neither
Harlequin-int	ZSCAN16 (MA2100.1)	AKTGTTAACAGAGCCTC	HWDWKTYRMCARAGYMTS	16.83	27.098	0.62	1.0	703	22.6	0.74	1.0	586	-117	neither
Harlequin-int	IRF6 (MA1509.1)	CCGAAACT	ACSRAAACW	6.88	11.021	0.62	1.0	704	6.685	1.03	1.0	364	-340	neither
Harlequin-int	DUX4 (MA0468.1)	AAYYYAATCA	HAAMYKMATCA	22.18	36.482	0.61	1.0	705	37.124	0.6	1.0	673	-32	neither
Harlequin-int	PPARG (MA0066.2)	TRGGTCANBDTSACCYA	WRGKTSAHWBKBWMYHMDW	17.02	27.962	0.61	1.0	706	21.614	0.79	1.0	566	-140	neither
Harlequin-int	KLF5 (MA0599.1)	CCMCRCCC	SCCMCRCCCM	14.15	23.228	0.61	1.0	707	33.576	0.42	1.0	772	65	neither
Harlequin-int	JUN (MA0488.2)	ATGAKGTMA	MTGAKGHMAY	11.28	18.57	0.61	1.0	708	28.818	0.39	1.0	789	81	neither
Harlequin-int	TBX20 (MA0689.1)	AGGTGTGA	WRGGTGTRAWR	21.99	36.436	0.6	1.0	709	30.7	0.72	1.0	595	-114	neither
Harlequin-int	ZNF76 (MA1716.2)	CCCAYMATGCMHYRC	WCCCAVARTYCMRCWSS	12.43	20.788	0.6	1.0	710	23.457	0.53	1.0	714	4	neither
Harlequin-int	RUNX2 (MA0511.2)	ACCRCA	AAACCACAM	12.05	20.0	0.6	1.0	711	17.201	0.7	1.0	606	-105	neither
Harlequin-int	OSR1 (MA1542.2)	GCTACYG	RCTACTGT	9.37	15.663	0.6	1.0	712	14.547	0.64	1.0	656	-56	neither
Harlequin-int	ZNF343 (MA1711.2)	GCTTCMCSDCGG	MYGCTTCMYCRMGRSA	8.41	14.027	0.6	1.0	713	16.551	0.51	1.0	720	7	neither
Harlequin-int	KLF12 (MA0742.2)	GGGCGKGG	DGGGMGGGG	6.69	11.113	0.6	1.0	714	21.04	0.32	1.0	822	108	neither
Harlequin-int	ZNF214 (MA1975.2)	ATYAABRKCCT	WCAKYAABRWSCT	18.93	32.314	0.59	1.0	715	27.969	0.68	1.0	621	-94	neither
Harlequin-int	ZNF75A (MA2097.1)	TTTTCCCAC	DMTTYTCMCACW	18.74	31.832	0.59	1.0	716	31.319	0.6	1.0	674	-42	neither
Harlequin-int	ZNF528 (MA1597.1)	AGGGAAGYCATTYC	BHMWGGDARGVMATTKM	16.83	28.283	0.59	1.0	717	30.83	0.55	1.0	704	-13	neither
Harlequin-int	Isl1 (MA1608.2)	CCATTA	CCATTAG	10.9	18.547	0.59	1.0	718	12.046	0.9	1.0	465	-253	neither
Harlequin-int	ERF::FIGLA (MA1934.2)	MGGAWRCASSTG	SWGGAWSMASSTK	9.18	15.449	0.59	1.0	719	17.912	0.51	1.0	719	0	neither
Harlequin-int	ZBTB17 (MA2102.1)	ATCGAT	MATCRATK	6.88	11.641	0.59	1.0	720	9.759	0.71	1.0	601	-119	neither
Harlequin-int	TBX21 (MA0690.3)	TCACACCT	WTCACACCTD	18.36	31.426	0.58	1.0	721	30.379	0.6	1.0	675	-46	neither
Harlequin-int	RARA::RXRA (MA0159.1)	RGKTCABVVRSVGKKSA	RGSTSAWVVRSAGKTYW	15.87	27.472	0.58	1.0	722	23.495	0.68	1.0	622	-100	neither
Harlequin-int	KLF4 (MA0039.5)	CCCCACCC	CCCCRCCC	13.19	22.899	0.58	1.0	723	33.308	0.4	1.0	783	60	neither
Harlequin-int	SIX1 (MA1118.2)	AACCTGA	RWAACCTGA	18.55	32.512	0.57	1.0	724	26.983	0.69	1.0	612	-112	neither
Harlequin-int	ZNF675 (MA1714.2)	GRGGMYARAAYG	DDDHHRRGWKGMMWAAAWG	18.55	32.818	0.57	1.0	725	33.881	0.55	1.0	703	-22	neither
Harlequin-int	SCRT2 (MA0744.3)	CAACAGGT	KCAACAGGTT	17.02	29.767	0.57	1.0	726	24.635	0.69	1.0	613	-113	neither
Harlequin-int	EN2 (MA0642.3)	YMATTA	CCAATTA	13.96	24.314	0.57	1.0	727	15.212	0.92	1.0	451	-276	neither
Harlequin-int	ATF7 (MA0834.2)	ATGACGTCAY	ATGACGTSAY	3.25	5.69	0.57	1.0	728	8.444	0.38	1.0	797	69	neither
Harlequin-int	Npas4 (MA1995.2)	CGTGAC	TCGTGAC	1.34	2.356	0.57	1.0	729	2.325	0.58	1.0	691	-38	neither
Harlequin-int	Prdm5 (MA1999.2)	TCTCC	KTTCTCMMTCT	15.3	27.426	0.56	1.0	730	35.633	0.43	1.0	766	36	neither
Harlequin-int	GATA1::TAL1 (MA0140.3)	TATCWBBVHVVHVCA	YTATCWRWVWWWWVCAS	14.53	25.897	0.56	1.0	731	27.495	0.53	1.0	713	-18	neither
Harlequin-int	ZKSCAN1 (MA1585.2)	AGTAGG	HYAGTAGGY	14.15	25.117	0.56	1.0	732	17.996	0.79	1.0	567	-165	neither
Harlequin-int	TGIF2 (MA0797.1)	TGACAGSTGTCA	TGASAKSTGTCA	9.75	17.377	0.56	1.0	733	21.017	0.46	1.0	748	15	neither
Harlequin-int	CREB3 (MA0638.2)	CACGTCA	DKMCACGTCABN	2.87	5.086	0.56	1.0	734	6.356	0.45	1.0	753	19	neither
Harlequin-int	JUNB (MA1140.3)	ATGACGTCA	RTGACGTSATY	2.87	5.086	0.56	1.0	735	7.572	0.38	1.0	798	63	neither
Harlequin-int	FOSL1::JUN (MA1129.1)	TKACGTMA	RTSACGTCAT	2.68	4.818	0.56	1.0	736	7.992	0.33	1.0	819	83	neither
Harlequin-int	RARA (MA0730.1)	AGGTCAHBYWRAGGTCA	RGGYCAWHYRMRGKTYA	16.25	29.637	0.55	1.0	737	20.359	0.8	1.0	555	-182	neither
Harlequin-int	SNAI3 (MA1559.2)	CAGGTG	RCAGGTGHR	13.96	25.468	0.55	1.0	738	34.669	0.4	1.0	782	44	neither
Harlequin-int	RELB (MA1117.2)	ATTCCCC	ATTCCCC	9.75	17.859	0.55	1.0	739	13.606	0.72	1.0	596	-143	neither
Harlequin-int	NKX6-3 (MA1530.2)	YCATTA	GTCATTAA	14.91	27.434	0.54	1.0	740	25.614	0.58	1.0	687	-53	neither
Harlequin-int	ZNF85 (MA1720.2)	AGATTMCWKC	RAGATTVCWRYR	14.34	26.707	0.54	1.0	741	32.283	0.44	1.0	759	18	neither
Harlequin-int	CUX2 (MA0755.2)	ATCRAT	WRATCRATW	9.18	17.01	0.54	1.0	742	17.583	0.52	1.0	716	-26	neither
Harlequin-int	HOXB2::ELK1 (MA1957.1)	CGGAAGTMRT	MCCRGAAGTHRTYW	8.41	15.511	0.54	1.0	743	13.836	0.61	1.0	670	-73	neither
Harlequin-int	Creb5 (MA0840.2)	ATGACGTCA	ATGACRTCAY	3.82	7.021	0.54	1.0	744	10.799	0.35	1.0	808	64	neither
Harlequin-int	FOS (MA1951.2)	TGACGTCAT	DRTGAYRTSATHV	3.63	6.7	0.54	1.0	745	10.669	0.34	1.0	813	68	neither
Harlequin-int	FOSL2::JUNB (MA1139.2)	TGACGTCA	RTGACGTCAY	3.06	5.614	0.54	1.0	746	8.925	0.34	1.0	815	69	neither
Harlequin-int	E2F1 (MA0024.3)	GGCGCC	YWDGSCGCCHAD	2.1	3.878	0.54	1.0	747	2.034	1.03	1.0	365	-382	neither
Harlequin-int	MLXIPL (MA0664.2)	CACGTG	RGCACGTG	2.1	3.931	0.54	1.0	748	7.495	0.28	1.0	841	93	neither
Harlequin-int	POU6F2 (MA0793.2)	CTMATTA	BMCTMATTA	15.3	28.627	0.53	1.0	749	25.813	0.59	1.0	683	-66	neither
Harlequin-int	SNAI2 (MA0745.3)	CACCTGT	WCACCTGT	12.81	24.291	0.53	1.0	750	31.939	0.4	1.0	784	34	neither
Harlequin-int	ZNF331 (MA1726.2)	GCWGAGC	RGCAGAGCCT	11.28	21.453	0.53	1.0	751	24.298	0.46	1.0	747	-4	neither
Harlequin-int	TEF (MA0843.2)	TTACRTAA	ATTAYATAAT	7.65	14.554	0.53	1.0	752	17.308	0.44	1.0	762	10	neither
Harlequin-int	DBP (MA0639.2)	TTAYRTAA	ATTAYATAAT	6.69	12.734	0.53	1.0	753	15.105	0.44	1.0	763	10	neither
Harlequin-int	SCRT1 (MA0743.3)	CAACAGGT	KCWACAGGTK	16.06	30.815	0.52	1.0	754	25.904	0.62	1.0	663	-91	neither
Harlequin-int	CEBPG (MA1636.2)	TGATGCAA	RTKATGMAAY	14.15	27.419	0.52	1.0	755	34.577	0.41	1.0	776	21	neither
Harlequin-int	HINFP (MA0131.3)	CGTCCGC	MSGTCCGC	1.34	2.577	0.52	1.0	756	2.723	0.49	1.0	737	-19	neither
Harlequin-int	MYOD1 (MA0499.3)	CASCTGT	KCASCTGTY	12.81	25.109	0.51	1.0	757	30.6	0.42	1.0	773	16	neither
Harlequin-int	FOSB::JUNB (MA1136.1)	TKACGTCA	RTSACGTCAT	2.87	5.591	0.51	1.0	758	8.765	0.33	1.0	817	59	neither
Harlequin-int	RARA (MA0729.1)	RAGGTCAWAAGGTCA	WARRWSAWAAGGTCAMKY	16.25	32.558	0.5	1.0	759	34.906	0.47	1.0	739	-20	neither
Harlequin-int	Rfx6 (MA1724.2)	CMTAGCAA	CMTAGCARC	13.0	25.843	0.5	1.0	760	19.189	0.68	1.0	623	-137	neither
Harlequin-int	HSF4 (MA0771.1)	TCYRGAABVTTC	TWCTRGMAYATTC	10.71	21.56	0.5	1.0	761	23.556	0.45	1.0	750	-11	neither
Harlequin-int	KLF6 (MA1517.2)	ACRCCC	CCMCRCCCM	6.88	13.813	0.5	1.0	762	19.686	0.35	1.0	807	45	neither
Harlequin-int	RFX4 (MA0799.3)	GTTGCYWRGCAAC	GTYKCYWAGSAAC	6.5	12.91	0.5	1.0	763	7.503	0.87	1.0	484	-279	neither
Harlequin-int	ATF6 (MA1466.2)	TGACGTGGC	VMRTGACGTGDMW	3.06	6.149	0.5	1.0	764	7.488	0.41	1.0	780	16	neither
Harlequin-int	Gmeb1 (MA0615.2)	RCGY	TACGTA	2.87	5.683	0.5	1.0	765	6.424	0.45	1.0	754	-11	neither
Harlequin-int	TFE3 (MA0831.3)	TCACGTGA	RBCACGTGVY	2.1	4.245	0.5	1.0	766	8.428	0.25	1.0	847	81	neither
Harlequin-int	FOXH1 (MA0479.2)	AATMCACA	AATMCACA	17.4	35.556	0.49	1.0	767	39.771	0.44	1.0	756	-11	neither
Harlequin-int	NR2F1 (MA0017.3)	RGGTCA	WAAGGTCAVWYK	15.11	30.631	0.49	1.0	768	35.25	0.43	1.0	767	-1	neither
Harlequin-int	Alx4 (MA0853.2)	TAATTA	YBTYTTAATTAR	13.58	27.694	0.49	1.0	769	21.002	0.65	1.0	650	-119	neither
Harlequin-int	Ar (MA0007.4)	RGWACAYVRTGTWC	RRGRACWNWRWGTKCC	6.88	14.149	0.49	1.0	770	12.543	0.55	1.0	708	-62	neither
Harlequin-int	FOSL2::JUN (MA1131.2)	TGACGTMA	RTGACRTMAK	5.16	10.486	0.49	1.0	771	13.958	0.37	1.0	802	31	neither
Harlequin-int	TBX2 (MA0688.2)	GTGTBA	AGGTGTKAH	15.68	32.421	0.48	1.0	772	30.111	0.52	1.0	715	-57	neither
Harlequin-int	ESRRB (MA0141.4)	CAAGGTCA	YCAAGGKCAW	15.11	31.526	0.48	1.0	773	26.577	0.57	1.0	694	-79	neither
Harlequin-int	ZNF547 (MA2334.1)	GCTAATGCWRC	TGCTWATGCWRCW	13.0	27.25	0.48	1.0	774	26.417	0.49	1.0	724	-50	neither
Harlequin-int	ZBTB6 (MA1581.2)	CTKGAGCC	VCTTGAGCM	11.85	24.788	0.48	1.0	775	27.786	0.43	1.0	768	-7	neither
Harlequin-int	CUX1 (MA0754.3)	AATCRAT	WRATCRATA	8.41	17.392	0.48	1.0	776	18.516	0.45	1.0	751	-25	neither
Harlequin-int	RXRG (MA1556.1)	GGTCAYGACC	RAGGTCAYRMNCTY	7.46	15.541	0.48	1.0	777	17.851	0.42	1.0	775	-2	neither
Harlequin-int	CDX2 (MA0465.3)	CAATAAA	KCAATAAA	19.12	40.941	0.47	1.0	778	42.233	0.45	1.0	749	-29	neither
Harlequin-int	Hoxd13 (MA0909.4)	CAATAA	CAATAAA	15.11	32.467	0.47	1.0	779	34.119	0.44	1.0	758	-21	neither
Harlequin-int	DPRX (MA1480.2)	TMATC	AGMTWATCY	9.37	19.732	0.47	1.0	780	19.235	0.49	1.0	725	-55	neither
Harlequin-int	CEBPB (MA0466.4)	TTGCGCAA	RTTRYRYAAY	3.63	7.74	0.47	1.0	781	7.426	0.49	1.0	736	-45	neither
Harlequin-int	RARA::RXRG (MA1149.2)	GGTCAHNBDVRGG	RGGYYAWHHRVRGKYYW	12.05	26.287	0.46	1.0	782	17.782	0.68	1.0	624	-158	neither
Harlequin-int	SOX13 (MA1120.2)	ACAATG	ACAATGG	9.37	20.367	0.46	1.0	783	19.312	0.49	1.0	726	-57	neither
Harlequin-int	SOX2 (MA0143.5)	ACAATG	ACAATGG	9.37	20.367	0.46	1.0	784	19.312	0.49	1.0	727	-57	neither
Harlequin-int	Sox3 (MA0514.3)	ACAATG	ACAATGG	9.37	20.367	0.46	1.0	785	19.312	0.49	1.0	728	-57	neither
Harlequin-int	NR4A2::RXRA (MA1147.2)	GGYCRWTGACC	RGGYCWWTSAMCY	8.99	19.503	0.46	1.0	786	13.782	0.65	1.0	651	-135	neither
Harlequin-int	FLI1::DRGX (MA1949.2)	CGGAWRYMAT	RYAGGAASYAATTM	8.41	18.447	0.46	1.0	787	17.836	0.47	1.0	742	-45	neither
Harlequin-int	FOSL1::JUND (MA1143.2)	TGAC	ATGACDWMA	5.74	12.444	0.46	1.0	788	13.208	0.43	1.0	769	-19	neither
Harlequin-int	Nkx3-2 (MA0122.4)	CACTTA	WDMCACTTAW	15.87	35.136	0.45	1.0	789	28.207	0.56	1.0	699	-90	neither
Harlequin-int	RORA (MA0071.1)	AGGTCA	WAVDRGGTCA	14.53	32.489	0.45	1.0	790	27.029	0.54	1.0	709	-81	neither
Harlequin-int	Dux (MA0611.3)	GATTBAATCA	DGATTBAATCW	11.66	25.721	0.45	1.0	791	26.792	0.44	1.0	760	-31	neither
Harlequin-int	Sox5 (MA0087.3)	AACAATG	AACAAWGS	16.44	37.553	0.44	1.0	792	33.415	0.49	1.0	722	-70	neither
Harlequin-int	NFYA (MA0060.4)	CCAATCA	CCAATCAS	10.71	24.413	0.44	1.0	793	17.621	0.61	1.0	669	-124	neither
Harlequin-int	DMRT3 (MA0610.2)	TGTAWC	TGTATCM	10.33	23.411	0.44	1.0	794	27.511	0.38	1.0	795	1	neither
Harlequin-int	HSF1 (MA0486.2)	TTCYMGAAYVTTC	YTMYVGAAWWTTC	10.33	23.549	0.44	1.0	795	25.736	0.4	1.0	786	-9	neither
Harlequin-int	NFYC (MA1644.2)	CCAATCA	CCAATCA	8.8	20.199	0.44	1.0	796	14.554	0.6	1.0	679	-117	neither
Harlequin-int	CREB3L1 (MA0839.2)	GCCACGTCA	TGCCACGTSMDSW	3.25	7.434	0.44	1.0	797	9.468	0.34	1.0	814	17	neither
Harlequin-int	RORC (MA1151.2)	AWBTRGGKCA	AWWTRGGYCA	13.38	31.013	0.43	1.0	798	22.815	0.59	1.0	684	-114	neither
Harlequin-int	FERD3L (MA1485.1)	GYRMCAGCTGYYRC	RHRSCASCTGHKRC	5.16	11.946	0.43	1.0	799	16.107	0.32	1.0	824	25	neither
Harlequin-int	FOXF2 (MA0030.2)	RTAAACA	MRTAAACAD	14.15	33.843	0.42	1.0	800	34.317	0.41	1.0	777	-23	neither
Harlequin-int	TBX18 (MA1565.2)	GGTGKGA	AGGTGTGAH	12.62	30.103	0.42	1.0	801	37.95	0.33	1.0	816	15	neither
Harlequin-int	Sox1 (MA0870.1)	ACAATWVCATTGT	VMCAAWDVYAKTGHH	11.85	28.184	0.42	1.0	802	25.973	0.46	1.0	746	-56	neither
Harlequin-int	THRA (MA1969.2)	TGWCCTCABDTGACCT	VTGWCCTSAHVTRRCCTB	10.52	25.124	0.42	1.0	803	35.059	0.3	1.0	834	31	neither
Harlequin-int	JUND (MA0492.2)	ATGAYGTMA	RATGABSYMAY	7.65	18.05	0.42	1.0	804	26.218	0.29	1.0	835	31	neither
Harlequin-int	ETV2::FIGLA (MA1941.2)	GGAARCAGSTG	VMGGAWRMAGSTG	6.31	15.013	0.42	1.0	805	19.625	0.32	1.0	823	18	neither
Harlequin-int	NR3C1 (MA0113.4)	GWACAYDRTGTWC	RRRACAHWDWGTYYY	5.74	13.614	0.42	1.0	806	11.946	0.48	1.0	738	-68	neither
Harlequin-int	BHLHA15 (MA0607.2)	CATATG	RMCAKMTGKY	4.59	11.304	0.41	1.0	807	14.463	0.32	1.0	826	19	neither
Harlequin-int	BACH1 (MA1633.2)	ATGACTCA	WTGAHTCAT	8.03	20.084	0.4	1.0	808	22.539	0.36	1.0	805	-3	neither
Harlequin-int	CEBPE (MA0837.3)	TTGCGCAA	RTTRYRYAAY	3.63	9.423	0.39	1.0	809	10.6	0.34	1.0	812	3	neither
Harlequin-int	Foxn1 (MA1684.1)	GAMGC	GGACGC	3.06	7.908	0.39	1.0	810	7.373	0.41	1.0	781	-29	neither
Harlequin-int	SOX8 (MA0868.3)	ACAAT	AACAATG	9.56	25.346	0.38	1.0	811	23.503	0.41	1.0	778	-33	neither
Harlequin-int	CEBPG (MA0838.1)	TTRCGCAA	ATTACVCAAY	5.16	13.507	0.38	1.0	812	10.639	0.49	1.0	733	-79	neither
Harlequin-int	MAFA (MA1521.2)	GCTGMSKCAGC	WGCTBMSKCWGCW	4.21	11.159	0.38	1.0	813	13.277	0.32	1.0	827	14	neither
Harlequin-int	ZNF708 (MA1730.2)	GCTGTRCCT	KCTGTDCST	7.65	20.551	0.37	1.0	814	24.421	0.31	1.0	830	16	neither
Harlequin-int	THRB (MA1575.2)	TGWCCTBRHYVAGGWCA	KRDCCTSVHBVAGGHYR	5.54	14.883	0.37	1.0	815	12.658	0.44	1.0	764	-51	neither
Harlequin-int	ZNF524 (MA2096.1)	TCGVACCC	MTCGVACCC	5.35	14.394	0.37	1.0	816	19.013	0.28	1.0	840	24	neither
Harlequin-int	ZBTB14 (MA1650.2)	CGCGCAC	CCGCGCAS	0.76	2.08	0.37	1.0	817	7.143	0.11	1.0	877	60	neither
Harlequin-int	POU6F1 (MA1549.2)	TAATGA	TAATGAG	6.88	19.09	0.36	1.0	818	18.371	0.37	1.0	801	-17	neither
Harlequin-int	JDP2 (MA0656.2)	ATGACGTCA	ATGAYRTCAY	3.06	8.581	0.36	1.0	819	13.163	0.23	1.0	852	33	neither
Harlequin-int	ELK1::HOXA1 (MA1931.1)	CGGAAG	HCMGGAAGKMAKWW	5.16	14.807	0.35	1.0	820	12.574	0.41	1.0	779	-41	neither
Harlequin-int	FOSL2::JUND (MA1145.2)	TKACGTCA	RTSACRTCAY	3.44	9.698	0.35	1.0	821	12.994	0.26	1.0	845	24	neither
Harlequin-int	JUN::JUNB (MA1133.2)	TKACGTCA	TRTKABGTCAK	3.06	8.665	0.35	1.0	822	12.054	0.25	1.0	846	24	neither
Harlequin-int	HES1 (MA1099.3)	CRCGTG	GRCRCGTG	0.76	2.21	0.35	1.0	823	5.392	0.14	1.0	873	50	neither
Harlequin-int	OLIG3 (MA0827.1)	CATATG	AMCATMTGKY	5.93	17.277	0.34	1.0	824	21.086	0.28	1.0	838	14	neither
Harlequin-int	RXRB (MA1555.1)	GGTCRTGACC	BRKKTYATGAMCYH	5.16	15.182	0.34	1.0	825	16.505	0.31	1.0	832	7	neither
Harlequin-int	MAF (MA1520.2)	GCTKASWMAGC	TGCWKWVWMAGCA	4.78	14.011	0.34	1.0	826	15.312	0.31	1.0	833	7	neither
Harlequin-int	FOSB::JUN (MA1127.1)	TGACGTMA	RATGACRTSAY	3.06	9.04	0.34	1.0	827	12.803	0.24	1.0	849	22	neither
Harlequin-int	NKX2-4 (MA2003.2)	CACTYSA	CCACTTVA	8.99	27.189	0.33	1.0	828	21.568	0.42	1.0	774	-54	neither
Harlequin-int	SOX15 (MA1152.2)	TTGT	CTATTGT	6.31	19.296	0.33	1.0	829	18.379	0.34	1.0	810	-19	neither
Harlequin-int	RARG (MA1553.2)	GKTCATGACC	AGGDYATGMCCTT	5.16	16.275	0.32	1.0	830	16.229	0.32	1.0	825	-5	neither
Harlequin-int	NKX2-8 (MA0673.2)	CACTY	SCACTTVA	9.56	30.463	0.31	1.0	831	24.275	0.39	1.0	791	-40	neither
Harlequin-int	JUN::JUNB (MA1132.2)	TGACKMA	VTGACTCA	5.74	18.394	0.31	1.0	832	19.954	0.29	1.0	837	5	neither
Harlequin-int	RARB (MA1552.2)	GGTCRTGACC	RAGKKYATRRCCT	4.59	14.685	0.31	1.0	833	16.872	0.27	1.0	843	10	neither
Harlequin-int	OVOL1 (MA1544.2)	ACCGTTA	DWMCCGTTAK	2.1	6.784	0.31	1.0	834	2.975	0.71	1.0	602	-232	neither
Harlequin-int	Nrf1 (MA0506.3)	GCGCMTGCG	CTGCKCMTGCCC	0.76	2.44	0.31	1.0	835	6.019	0.13	1.0	874	39	neither
Harlequin-int	Arx (MA0874.2)	TAATTA	HVTTAATTAA	9.37	31.457	0.3	1.0	836	24.551	0.38	1.0	796	-40	neither
Harlequin-int	NKX2-3 (MA0672.2)	CACTT	CCACTTRA	9.18	30.96	0.3	1.0	837	23.189	0.4	1.0	787	-50	neither
Harlequin-int	GATA5 (MA0766.3)	GATAA	AGATAAGA	6.69	21.958	0.3	1.0	838	20.665	0.32	1.0	821	-17	neither
Harlequin-int	CREB1 (MA0018.5)	TGAYGTCA	TGATGTCA	6.5	21.476	0.3	1.0	839	32.65	0.2	1.0	857	18	neither
Harlequin-int	RXRB (MA0855.1)	RGGTCAAAGGTCA	DRGKTMAAAGKKYA	10.52	36.627	0.29	1.0	840	26.662	0.39	1.0	790	-50	neither
Harlequin-int	ASCL1 (MA1631.2)	CACCTGC	VCASCTGCY	6.69	22.792	0.29	1.0	841	31.289	0.21	1.0	855	14	neither
Harlequin-int	USF1 (MA0093.4)	CAYGTGA	GKCAKGTGRM	4.4	14.952	0.29	1.0	842	22.776	0.19	1.0	859	17	neither
Harlequin-int	ATF3 (MA0605.3)	TGACGTCA	MTGAYRTCAK	2.68	9.078	0.29	1.0	843	13.614	0.2	1.0	858	15	neither
Harlequin-int	Nr2f6 (MA0677.2)	GGTCAAAGGTCA	RGKTMAAAGGKCA	9.37	33.155	0.28	1.0	844	25.537	0.37	1.0	800	-44	neither
Harlequin-int	TFEC (MA0871.3)	CACGTGAC	CAYGTGAC	1.53	5.461	0.28	1.0	845	9.652	0.16	1.0	870	25	neither
Harlequin-int	HOXA9 (MA0594.3)	CRTWA	GTCGTAA	0.96	3.411	0.28	1.0	846	1.155	0.83	1.0	543	-303	neither
Harlequin-int	PPARD (MA1550.2)	GGTCAAAGGTCA	RRGKTVAAAGKKYA	9.75	36.398	0.27	1.0	847	27.503	0.35	1.0	806	-41	neither
Harlequin-int	NEUROG2 (MA0669.1)	CATATGYY	AMCADATGKY	4.97	18.493	0.27	1.0	848	20.52	0.24	1.0	848	0	neither
Harlequin-int	SREBF2 (MA0828.3)	RTCACGTGAY	RTSACGTSAY	1.91	6.96	0.27	1.0	849	15.396	0.12	1.0	875	26	neither
Harlequin-int	ZBED2 (MA1971.2)	CGAAAC	CGAAACC	1.34	5.002	0.27	1.0	850	4.245	0.32	1.0	828	-22	neither
Harlequin-int	NR1H2::RXRA (MA0115.1)	AGGTCAAAGGTCA	MRRGKTMAAARGNYWDB	9.37	35.885	0.26	1.0	851	25.078	0.37	1.0	799	-52	neither
Harlequin-int	NR2F1 (MA1538.1)	GGTCRBTGACC	RRGGTMAHTKACCYY	4.59	17.82	0.26	1.0	852	13.308	0.34	1.0	811	-41	neither
Harlequin-int	TEAD2 (MA1121.2)	ACATTCC	ACATTCC	4.4	17.132	0.26	1.0	853	19.419	0.23	1.0	851	-2	neither
Harlequin-int	SNAI1 (MA1558.2)	CAGGTG	GCAGGTG	3.82	14.883	0.26	1.0	854	20.887	0.18	1.0	863	9	neither
Harlequin-int	TCF12 (MA1648.2)	CACCTGC	CACCTGC	3.82	14.883	0.26	1.0	855	20.887	0.18	1.0	864	9	neither
Harlequin-int	TCF3 (MA0522.4)	CACCTGC	CACCTGC	3.82	14.883	0.26	1.0	856	20.887	0.18	1.0	865	9	neither
Harlequin-int	TFEB (MA0692.2)	CACRTG	CAYRTGAY	2.87	10.967	0.26	1.0	857	16.52	0.17	1.0	866	9	neither
Harlequin-int	RXRG (MA0856.1)	RGGTCAAAGGTCA	DRGKTHARAGKTYA	9.18	36.795	0.25	1.0	858	25.499	0.36	1.0	804	-54	neither
Harlequin-int	HSF2 (MA0770.1)	TTCTRGAABDTTC	YTCYRGAADWTTC	6.31	24.994	0.25	1.0	859	27.503	0.23	1.0	850	-9	neither
Harlequin-int	Nkx2-1 (MA1994.2)	CACTTGA	CACTTGA	5.74	22.769	0.25	1.0	860	26.937	0.21	1.0	856	-4	neither
Harlequin-int	OVOL2 (MA1545.2)	CCGTTA	ACCGTTA	1.15	4.612	0.25	1.0	861	1.675	0.68	1.0	625	-236	neither
Harlequin-int	Creb3l2 (MA0608.1)	KMCACGTG	KMSACGTSD	0.96	3.801	0.25	1.0	862	6.891	0.14	1.0	872	10	neither
Harlequin-int	NEUROG1 (MA0623.2)	CATATG	VVCATATGKB	2.87	12.038	0.24	1.0	863	15.442	0.19	1.0	860	-3	neither
Harlequin-int	SOX14 (MA1562.2)	GAACAAT	BGAACAATK	5.93	25.514	0.23	1.0	864	21.491	0.28	1.0	839	-25	neither
Harlequin-int	TCF4 (MA0830.3)	CACCTG	NCACCTGC	4.97	21.43	0.23	1.0	865	30.187	0.16	1.0	869	4	neither
Harlequin-int	E2F2 (MA0864.3)	GCGC	WWDDGGCGCHMWK	0.96	4.084	0.23	1.0	866	5.468	0.17	1.0	867	1	neither
Harlequin-int	Rxra (MA0512.2)	GGTCAAAGGTCA	VRGKTMAAAKKKYA	7.65	34.746	0.22	1.0	867	24.451	0.31	1.0	829	-38	neither
Harlequin-int	NR2F1 (MA1537.2)	GGTCAAAGGTCA	RGDTBADRGGYYM	7.07	31.48	0.22	1.0	868	24.413	0.29	1.0	836	-32	neither
Harlequin-int	OTX2 (MA0712.3)	GGATTA	GGGATTA	3.82	17.033	0.22	1.0	869	33.621	0.11	1.0	876	7	neither
Harlequin-int	GMEB2 (MA0862.1)	ACGT	TKACGTMA	0.96	4.359	0.22	1.0	870	2.868	0.33	1.0	820	-50	neither
Harlequin-int	THRB (MA1574.2)	GGTCARAGGT	RKKTYARRGGTYR	6.5	32.451	0.2	1.0	871	24.459	0.27	1.0	842	-29	neither
Harlequin-int	SOX12 (MA1561.2)	CGAACAA	MMHRAACAAW	4.78	23.709	0.2	1.0	872	18.08	0.26	1.0	844	-28	neither
Harlequin-int	ZNF669 (MA1985.1)	GGSYGAYGMCC	RGGVWGATGMCBDSB	1.53	7.74	0.2	1.0	873	7.931	0.19	1.0	861	-12	neither
Harlequin-int	ZBED1 (MA0749.2)	TRTCGCGACAT	TGTCRCGACABM	0.57	2.891	0.2	1.0	874	2.6	0.22	1.0	854	-20	neither
Harlequin-int	E2F6 (MA0471.3)	GGCGGGA	GGMGGGAR	2.87	15.258	0.19	1.0	875	21.231	0.14	1.0	871	-4	neither
Harlequin-int	ZFP57 (MA1583.2)	TGCCGCA	TGCCGCA	0.57	3.426	0.17	1.0	876	3.281	0.17	1.0	868	-8	neither
Harlequin-int	MITF (MA0620.4)	TCACGTGA	RTCAYRTGAY	1.15	7.189	0.16	1.0	877	11.465	0.1	1.0	879	2	neither
Harlequin-int	E2F4 (MA0470.3)	TGGCGCS	YYTKSGCGCYYTD	0.57	3.916	0.15	1.0	878	3.021	0.19	1.0	862	-16	neither
Harlequin-int	Nanog (MA2339.1)	GCAATCA	GCAATCA	1.53	15.985	0.1	1.0	879	15.258	0.1	1.0	878	-1	neither
LTR66	ZBTB6 (MA1581.2)	CTKGAGCC	YCTKGAGCC	48.4	4.938	9.8	1.382358387623049e-125	1	7.625	6.35	2.366973938219321e-96	2	1	both
LTR66	ESR2 (MA0258.2)	GGTCASVVWG	WGGTCAMCWWGTYYY	40.99	5.284	7.76	5.3506981541107964e-90	2	5.472	7.49	3.504147548395175e-88	3	1	both
LTR66	ZNF213 (MA2121.1)	CCCAGGC	GCCCAGGCTGTT	34.32	3.21	10.69	2.44316485351568e-88	3	16.217	2.12	2.6375035625577332e-17	102	99	both
LTR66	GRHL2 (MA1105.3)	AACAGGTT	AACARGTT	46.17	7.842	5.89	2.81484941208292e-86	4	6.163	7.49	2.468967992297963e-101	1	-3	both
LTR66	FEZF2 (MA2341.1)	CCAGCCT	CCCAGGCT	37.04	4.642	7.98	1.0605908140039372e-81	5	19.437	1.91	5.212466178745842e-15	104	99	both
LTR66	ZNF341 (MA1655.2)	AACAGC	CAACAGCC	38.77	5.768	6.72	5.2548156033283696e-77	6	4.928	7.87	1.7819836380341855e-85	6	0	both
LTR66	SMAD2 (MA1964.2)	CCAGAC	CCAGAC	52.1	12.375	4.21	4.833375117759673e-76	7	11.022	4.73	1.56482320758854e-84	7	0	both
LTR66	ZBTB26 (MA1579.2)	TCCAGA	CTCCAGAG	44.44	8.612	5.16	2.149681878237768e-74	8	10.588	4.2	2.973794011345776e-62	29	21	both
LTR66	MSANTD3 (MA1523.2)	ACTC	CACTCAC	32.1	3.783	8.49	2.766107670241716e-72	9	3.378	9.5	3.376421645960879e-77	8	-1	both
LTR66	ZNF558 (MA2335.1)	AWYTGATGAAAGACATRAAYMYACAVAT	AWRWRWRWAWAKAYATAYATATAYAYATW	68.64	24.83	2.76	3.3105052334153644e-71	10	28.731	2.39	7.445257213480188e-58	33	23	both
LTR66	FOXN3 (MA1489.1)	GTAAACAA	GTAAACAA	23.95	1.59	15.06	1.3818562788893536e-70	11	1.56	15.35	3.64947488255436e-71	12	1	both
LTR66	KLF9 (MA1107.3)	CACACCCMC	BACACACACAC	34.32	4.741	7.24	1.3818562788893536e-70	12	9.284	3.7	5.582029184433599e-40	55	43	both
LTR66	Vdr (MA0693.4)	AGTTCA	GAGTTCA	33.33	4.632	7.2	4.818118827560615e-68	13	6.528	5.11	8.314467372623702e-53	37	24	both
LTR66	Nr2e1 (MA0676.1)	AAGTCA	AAARGTYAA	45.68	10.232	4.46	5.2033994758148066e-68	14	11.259	4.06	2.6976269633040244e-62	28	14	both
LTR66	FOXA1 (MA0148.5)	GTAAACA	GTAAAYAW	41.98	8.553	4.91	1.119350737940051e-66	15	9.462	4.44	3.6793292942318e-61	31	16	both
LTR66	FOXA2 (MA0047.4)	GTAAACA	KGTAAAYA	40.49	7.911	5.12	3.3984907434400063e-66	16	9.353	4.33	3.1137668086895843e-57	35	19	both
LTR66	FOXB1 (MA0845.1)	GTMAAYA	TATRTATATAT	66.91	24.978	2.68	1.6072420352647425e-65	17	19.881	3.37	1.4240159235145113e-86	5	-12	both
LTR66	FOXA3 (MA1683.2)	GTAAACA	GTAAACA	32.84	4.919	6.68	7.147590260669764e-64	18	4.701	6.99	7.493191786074188e-66	14	-4	both
LTR66	FOXD1 (MA0031.2)	GTAAACA	GTAAACA	32.84	4.919	6.68	7.147590260669764e-64	19	4.701	6.99	7.493191786074188e-66	15	-4	both
LTR66	FOXI1 (MA0042.2)	GTAAACA	GTAAACA	32.84	4.919	6.68	7.147590260669764e-64	20	4.701	6.99	7.493191786074188e-66	16	-4	both
LTR66	FOXK1 (MA0852.3)	GTAAACA	GTAAACA	32.84	4.919	6.68	7.147590260669764e-64	21	4.701	6.99	7.493191786074188e-66	17	-4	both
LTR66	FOXK2 (MA1103.3)	TAAACA	GTAAACA	32.84	4.919	6.68	7.147590260669764e-64	22	4.701	6.99	7.493191786074188e-66	18	-4	both
LTR66	FOXL1 (MA0033.2)	TAAACA	GTAAACA	32.84	4.919	6.68	7.147590260669764e-64	23	4.701	6.99	7.493191786074188e-66	19	-4	both
LTR66	FOXO4 (MA0848.1)	GTAAACA	GTAAACA	32.84	4.919	6.68	7.147590260669764e-64	24	4.701	6.99	7.493191786074188e-66	20	-4	both
LTR66	FOXP1 (MA0481.4)	GTAAACA	GTAAACA	32.84	4.919	6.68	7.147590260669764e-64	25	4.701	6.99	7.493191786074188e-66	21	-4	both
LTR66	FOXP3 (MA0850.1)	RYAAAYA	GTAAACA	32.84	4.919	6.68	7.147590260669764e-64	26	4.701	6.99	7.493191786074188e-66	22	-4	both
LTR66	FOXP4 (MA2117.1)	TAAACA	GTAAACA	32.84	4.919	6.68	7.147590260669764e-64	27	4.701	6.99	7.493191786074188e-66	23	-4	both
LTR66	Foxf1 (MA1606.2)	TAAACA	GTAAACA	32.84	4.919	6.68	7.147590260669764e-64	28	4.701	6.99	7.493191786074188e-66	24	-4	both
LTR66	Foxo1 (MA0480.3)	GTAAACA	GTAAACA	32.84	4.919	6.68	7.147590260669764e-64	29	4.701	6.99	7.493191786074188e-66	25	-4	both
LTR66	Foxo3 (MA0157.4)	GTAAACA	GTAAACA	32.84	4.919	6.68	7.147590260669764e-64	30	4.701	6.99	7.493191786074188e-66	26	-4	both
LTR66	FOXS1 (MA2118.1)	GTAAACA	KGTAAAYA	40.74	8.751	4.66	1.1841249960964302e-61	31	9.432	4.32	1.6155553185112812e-57	34	3	both
LTR66	SOX9 (MA0077.2)	ATTGT	CYATTGTT	40.74	9.146	4.45	3.326778669165936e-59	32	5.432	7.5	9.617730328557148e-88	4	-28	both
LTR66	Npas4 (MA1995.2)	CGTGAC	TCGTGAC	17.78	0.899	19.78	6.767971993120979e-58	33	0.494	36.0	1.4035929445875374e-69	13	-20	both
LTR66	Zfp809 (MA2125.1)	TCCCAG	KTCCCAGWC	34.57	6.538	5.29	1.0898711162200845e-56	34	14.874	2.32	6.059059765044149e-21	95	61	both
LTR66	POU3F3 (MA0788.1)	TATGYWAAT	AATAWGYWWATKW	55.06	19.022	2.89	3.1826788714982887e-54	35	19.911	2.77	6.301129584999222e-51	38	3	both
LTR66	SRY (MA0084.2)	ACAA	AAACAAT	41.48	10.459	3.97	4.9973528693123156e-54	36	9.037	4.59	3.358738339464576e-62	30	-6	both
LTR66	ETV2::HOXB13 (MA1943.2)	CGGAWMYATWA	GAGGAAAAGTTAA	29.14	4.76	6.12	1.919552346252981e-52	37	3.852	7.56	8.170422345736727e-61	32	-5	both
LTR66	SOX13 (MA1120.2)	ACAATG	ACAATGG	33.83	7.072	4.78	9.402566220912556e-51	38	4.128	8.19	3.582226956357459e-75	9	-29	both
LTR66	SOX2 (MA0143.5)	ACAATG	ACAATGG	33.83	7.072	4.78	9.402566220912556e-51	39	4.128	8.19	3.582226956357459e-75	10	-29	both
LTR66	Sox3 (MA0514.3)	ACAATG	ACAATGG	33.83	7.072	4.78	9.402566220912556e-51	40	4.128	8.19	3.582226956357459e-75	11	-29	both
LTR66	Sox6 (MA0515.1)	CWTTGT	CYATTGTTTK	42.72	11.951	3.57	3.918499660816744e-50	41	12.721	3.36	1.3186343559489223e-46	41	0	both
LTR66	POU2F3 (MA0627.3)	ATGCAAA	TAAGCAAAT	45.19	13.975	3.23	7.61473093040664e-48	42	15.17	2.98	4.5383041518264456e-43	47	5	both
LTR66	Sox5 (MA0087.3)	AACAATG	AACAATRG	43.21	12.76	3.39	8.602795177869916e-48	43	9.778	4.42	4.202425082636802e-63	27	-16	both
LTR66	NR2F2 (MA1111.2)	AAGGTCA	AAGGTCA	28.15	4.998	5.63	2.2666597283129527e-47	44	5.136	5.48	2.5991127890238853e-46	42	-2	both
LTR66	Ppara (MA2338.1)	AAGGTC	AAGGTCA	28.15	4.998	5.63	2.2666597283129527e-47	45	5.136	5.48	2.5991127890238853e-46	43	-2	both
LTR66	HNF1B (MA0153.2)	GTTAATVATTAA	KTTAAWWWTTAAM	35.06	8.257	4.25	2.3506494308204403e-47	46	9.709	3.61	6.041372710412481e-40	56	10	both
LTR66	TFAP2B (MA0813.1)	GCCCYBRRGGC	KSCCYYWRRGGSM	19.51	1.916	10.18	2.792602514806276e-47	47	2.37	8.23	9.556676244503915e-42	51	4	both
LTR66	Nr2e3 (MA0164.2)	AAGCTT	AAGCTT	34.81	8.217	4.24	7.097989379236347e-47	48	8.454	4.12	1.546935774850059e-45	46	-2	both
LTR66	ZNF652 (MA1657.2)	AAGRGTTA	AAAAGTTAA	35.31	8.563	4.12	2.1656888691172633e-46	49	9.788	3.61	3.2448980364103243e-40	54	5	both
LTR66	POU3F2 (MA0787.1)	TATGYWAAT	ATAAGCAAATKR	47.65	15.99	2.98	2.7732829495095233e-46	50	16.998	2.8	1.6482972486351708e-42	48	-2	both
LTR66	FOXD3 (MA0041.3)	AAAYAA	WRDRWAAAYAWRYW	49.14	17.086	2.88	5.867313777104199e-46	51	27.21	1.81	3.5503548613730484e-19	99	48	both
LTR66	TFAP2A (MA0810.2)	CCYBVRGGC	CCCCTTGAGGC	20.74	2.44	8.5	1.779400514069507e-45	52	3.585	5.79	7.685452835064038e-35	69	17	both
LTR66	HNF1A (MA0046.3)	TWAATVATTAAC	KTTAAWWWTTAAM	35.8	9.175	3.9	1.4321968127180892e-44	53	12.217	2.93	1.417947827787781e-31	75	22	both
LTR66	FOXC2 (MA0846.2)	MAAYA	ARKGTAAAYAW	46.91	16.217	2.89	1.4875989092604185e-43	54	22.232	2.11	1.0496972774456207e-25	78	24	both
LTR66	FOXF2 (MA0030.2)	RTAAACA	RGTAAACAA	35.56	9.314	3.82	3.399228999143463e-43	55	9.551	3.72	5.688776245100551e-42	49	-6	both
LTR66	POU1F1 (MA0784.3)	TMATTWGCATA	DYMATTTGCTTATT	44.2	14.528	3.04	4.043555101255433e-43	56	15.763	2.8	1.5171648655473706e-38	59	3	both
LTR66	FOXG1 (MA0613.1)	RTAAACA	GTAAACAA	38.02	10.923	3.48	3.1947538721357006e-42	57	12.03	3.16	1.5323480366661186e-37	63	6	both
LTR66	Sox17 (MA0078.3)	ACAATG	MAAACAATRG	40.0	12.168	3.29	5.887349611283879e-42	58	9.491	4.21	6.2061512890497514e-55	36	-22	both
LTR66	NR4A1 (MA1112.3)	AAAGGTCA	AAAGGTCA	35.8	9.719	3.68	6.582864315328954e-42	59	8.919	4.01	7.585079596161108e-46	45	-14	both
LTR66	Rarg (MA0860.1)	AAGGTCAMSRRAGGTCA	AYGTTCAATTGAGTTCA	29.38	6.479	4.54	2.9166620086077825e-41	60	6.973	4.21	2.09044717459794e-38	60	0	both
LTR66	EWSR1-FLI1 (MA0149.1)	GGAAGGAAGGAAGGAAGG	GRAAGGGRAGAAGGRAAR	31.6	7.595	4.16	3.1415709153977555e-41	61	16.0	1.98	1.819329027931701e-13	105	44	both
LTR66	Hmga1 (MA2124.1)	ATTTTTA	ATATTTAA	42.22	13.857	3.05	8.706140137134962e-41	62	27.052	1.56	6.00022822119676e-10	121	59	both
LTR66	ZNF416 (MA1979.2)	CTGGGC	TGACTGGGCY	28.15	5.985	4.7	1.0815943294743794e-40	63	11.309	2.49	1.4284497759455404e-18	100	37	both
LTR66	Sox7 (MA2095.1)	AACAATG	MAAACAATRG	39.51	12.326	3.21	4.5543390560552446e-40	64	10.933	3.61	4.503983475061724e-46	44	-20	both
LTR66	NR2F1 (MA0017.3)	RGGTCA	AAAGGTCAACTT	29.88	6.963	4.29	6.872985221408001e-40	65	10.351	2.89	5.925099924624079e-25	79	14	both
LTR66	Arid5a (MA0602.2)	AATATT	TAATATTT	33.09	8.662	3.82	8.837746852053477e-40	66	9.965	3.32	7.73711329812913e-34	71	5	both
LTR66	NFIX (MA1528.2)	TGGCDBBDTGCCA	TKGGCMTSAKGCCM	21.73	3.378	6.43	1.0423191117620959e-39	67	3.477	6.25	8.401254104764759e-39	58	-9	both
LTR66	Foxl2 (MA1607.2)	GTAAACA	ARKGTAAAYA	42.96	14.854	2.89	6.87402079642295e-39	68	15.309	2.81	3.1180260425193337e-37	64	-4	both
LTR66	NFIB (MA1643.2)	TGGCWYDRWGCCA	YTKGGCMTSAKGCCMAR	23.21	4.089	5.68	9.954890601049274e-39	69	6.953	3.34	7.643682612801693e-23	85	16	both
LTR66	FOXC1 (MA0032.2)	RTMAAYA	WRKGTAAAYAW	44.69	16.178	2.76	2.383074688032253e-38	70	21.541	2.07	3.1789249845398233e-23	83	13	both
LTR66	SOX8 (MA0868.3)	ACAAT	AACAATG	31.36	8.326	3.77	7.840672950245228e-37	71	6.252	5.02	1.706270504557859e-48	39	-32	both
LTR66	Foxj2 (MA0614.1)	RTAAACA	GTAAACAA	39.26	13.274	2.96	8.377901489042957e-36	72	12.76	3.08	1.0784499281661418e-37	62	-10	both
LTR66	FOXO6 (MA0849.1)	GTAAACA	RTAAACA	38.02	12.553	3.03	1.4815731070226454e-35	73	13.56	2.8	6.59594974698575e-32	73	0	both
LTR66	RORA (MA0071.1)	AGGTCA	AAAAAGGTCA	30.37	8.168	3.72	5.166310425743627e-35	74	6.835	4.44	6.152156287987062e-42	50	-24	both
LTR66	ATF3 (MA0605.3)	TGACGTCA	ATGATATAAT	22.22	4.207	5.28	7.549440276821802e-35	75	2.686	8.27	5.1936401865186785e-48	40	-35	both
LTR66	NR4A2 (MA0160.3)	AAAGGTCA	AAAGGTCA	32.35	9.511	3.4	5.8011465965539156e-34	76	8.78	3.68	3.254290967124637e-37	65	-11	both
LTR66	FOXP2 (MA0593.2)	GTAAACA	RGTAAACAA	36.54	12.247	2.98	3.338744582893656e-33	77	13.847	2.64	1.0073051302022355e-27	76	-1	both
LTR66	TFAP2C (MA0815.1)	GCCCYBRGGGC	KSCCYYWRRGGSM	14.32	1.531	9.35	7.4929113948868e-33	78	2.025	7.07	1.7004542618389455e-27	77	-1	both
LTR66	NFIC (MA1527.2)	TGGCDBVVTGCCA	TGGGCCTCATGCCAA	21.23	4.138	5.13	2.148889391770429e-32	79	5.462	3.89	9.65538853911794e-25	80	1	both
LTR66	RXRB (MA0855.1)	RGGTCAAAGGTCA	GAGTTCAAATTTAA	28.64	8.0	3.58	2.136132601568728e-31	80	6.657	4.3	4.202527000633886e-38	61	-19	both
LTR66	Pgr (MA2323.1)	GRACADWDTGTYC	AARRWCAASTTGWYYTT	29.14	8.286	3.52	2.38239197923739e-31	81	8.198	3.55	1.0401995121769795e-31	74	-7	both
LTR66	SOX15 (MA1152.2)	TTGT	CTATTGT	22.47	4.889	4.6	3.566306332596642e-31	82	4.227	5.32	2.0505072828929418e-35	68	-14	both
LTR66	Foxq1 (MA0040.2)	TGTTTA	WTTGTTTRTK	35.06	11.911	2.94	5.055498468960556e-31	83	14.163	2.48	9.194078406049885e-24	82	-1	both
LTR66	Foxj3 (MA0851.2)	RTAAACA	RTAAACAAV	35.8	12.583	2.85	2.5048396476852644e-30	84	15.921	2.25	1.4425433219255982e-20	98	14	both
LTR66	POU4F2 (MA0683.2)	TGMATAATTAAT	TMAATATTWAATKTR	38.27	14.262	2.68	3.518772209236544e-30	85	16.79	2.28	7.175351330056422e-23	84	-1	both
LTR66	RARA::RXRA (MA0159.1)	RGKTCABVVRSVGKKSA	GGAACACAAAAAGGTCA	24.69	6.242	3.96	9.563943162099712e-30	86	5.728	4.31	2.0521328720686996e-32	72	-14	both
LTR66	JUND (MA0492.2)	ATGAYGTMA	AATGATATAAT	27.9	8.079	3.45	3.038003684892868e-29	87	6.133	4.55	5.1313906681986644e-39	57	-30	both
LTR66	ZNF143 (MA0088.2)	CCCAYRATGCA	SWCMCASAATRCMTTT	27.65	8.02	3.45	6.65398477095099e-29	88	6.607	4.19	1.1540078179815422e-35	67	-21	both
LTR66	POU4F1 (MA0790.2)	TRMATWATTDA	TWAATATTWAAY	41.23	16.83	2.45	1.1658470664001602e-28	89	19.24	2.14	2.487591939987832e-22	87	-2	both
LTR66	POU4F3 (MA0791.2)	TDMATWATTDAT	TWAATATTWAAY	39.75	15.99	2.49	4.93562285170445e-28	90	18.202	2.18	4.0385283305185424e-22	88	-2	both
LTR66	TFAP2B (MA0811.2)	CCYBVRGGC	CCCTTGAGGCA	15.56	2.43	6.4	5.990574212491636e-28	91	3.388	4.59	3.68381617521205e-21	94	3	both
LTR66	Rarb (MA0858.1)	AGGTCAHVYWRAGGTCA	GGAACACAAAAAGGTCA	24.94	6.765	3.69	7.409566615045104e-28	92	5.096	4.89	6.6636615124775094e-37	66	-26	both
LTR66	NFIC::TLX1 (MA0119.1)	TGGCASSRHGCCAA	KGGCMTSAKGCCMA	21.23	4.899	4.33	9.071992561728444e-28	93	6.193	3.43	1.791304319291193e-21	93	0	both
LTR66	SOX14 (MA1562.2)	GAACAAT	CAAACAATG	27.41	8.277	3.31	2.9614114436339265e-27	94	5.551	4.94	3.35233750424662e-41	53	-41	both
LTR66	TFAP2C (MA0524.3)	CCYBVRGG	SCCTTGAGGCA	15.31	2.459	6.22	6.1767638561829086e-27	95	3.328	4.6	7.446887792474014e-21	96	1	both
LTR66	TFAP2A (MA0872.1)	GCCCYBRGGGC	GCCCCTTGAGGCA	13.58	1.837	7.39	6.235613655304143e-27	96	2.153	6.31	5.519578123831556e-24	81	-15	both
LTR66	Lhx3 (MA0135.2)	AATTAATTA	AAATTWAATATT	33.58	12.247	2.74	1.2193150872056943e-26	97	17.62	1.91	2.646469550908296e-13	106	9	both
LTR66	SOX18 (MA1563.2)	ACAAT	AACAATGG	30.86	11.19	2.76	2.469371434931088e-24	98	7.2	4.29	2.914960672326094e-41	52	-46	both
LTR66	ZNF257 (MA1710.2)	GAGGMRAG	GAGGAGAGGT	20.0	4.968	4.03	3.5468845486872984e-24	99	15.368	1.3	0.047874700840346	148	49	both
LTR66	RORB (MA1150.2)	AWDKRGGTCA	AAAAAGGTCA	26.17	8.425	3.11	7.374723416967208e-24	100	6.025	4.34	7.905718966794622e-35	70	-30	both
LTR66	MEF2C (MA0497.2)	YWAAAATA	ATTGAAATAGA	31.6	12.069	2.62	4.205666362127248e-23	101	25.146	1.26	0.014383725219134	142	41	both
LTR66	ZBTB12 (MA1649.2)	CTRGAAC	CTGGAAC	16.79	3.674	4.57	7.705461485141272e-23	102	3.881	4.33	1.3126605968311701e-21	92	-10	both
LTR66	RBPJ (MA1116.2)	TGGGAA	TGGGAA	43.7	21.57	2.03	1.720083453117391e-21	103	21.442	2.04	1.014233920206065e-21	91	-12	both
LTR66	SOX4 (MA0867.3)	ACAAWG	AACAATGG	32.1	12.958	2.48	1.7368875747138393e-21	104	13.225	2.43	1.0246054163525335e-20	97	-7	both
LTR66	ARNT::HIF1A (MA0259.2)	ACGTG	ACGTG	29.14	11.536	2.53	7.956940701381142e-20	105	10.627	2.74	1.692212399149991e-22	86	-19	both
LTR66	ZNF354A (MA1978.2)	AAADG	WAWADRYAWATRWWMWWWWW	45.19	23.684	1.91	1.3696645828689285e-19	106	32.899	1.37	2.043872905519674e-06	129	23	both
LTR66	TFEC (MA0871.3)	CACGTGAC	CTCGTGAC	12.1	2.212	5.47	3.67266604349819e-19	107	2.36	5.13	4.112338567066872e-18	101	-6	both
LTR66	PRDM9 (MA1723.2)	GGBVAVGGRGGVVRHA	RDDGGGRAGRRRGRARRRRA	21.23	7.151	2.97	7.33773058168718e-18	108	16.346	1.3	0.039227233288191	147	39	both
LTR66	NR2C1 (MA1535.2)	GGTCA	AGGTCA	31.6	15.338	2.06	7.682790833115926e-15	109	17.235	1.83	2.948070034437137e-11	113	4	both
LTR66	NR2C2 (MA1536.2)	GGTCR	AGGTCA	31.6	15.338	2.06	7.682790833115926e-15	110	17.235	1.83	2.948070034437137e-11	114	4	both
LTR66	Nr1H2 (MA1996.2)	AGGTCA	AGGTCA	31.6	15.338	2.06	7.682790833115926e-15	111	17.235	1.83	2.948070034437137e-11	115	4	both
LTR66	Nr1H4 (MA1110.3)	AGGTCA	AGGTCA	31.6	15.338	2.06	7.682790833115926e-15	112	17.235	1.83	2.948070034437137e-11	116	4	both
LTR66	Nr1h3 (MA2337.1)	AGGKCA	AGGTCA	31.6	15.338	2.06	7.682790833115926e-15	113	17.235	1.83	2.948070034437137e-11	117	4	both
LTR66	ZNF317 (MA1593.2)	ACAGCAGA	ACAACAGA	21.73	8.474	2.56	1.1006023345118664e-14	114	9.472	2.29	4.519140713037292e-12	111	-3	both
LTR66	Arid3a (MA0151.1)	ATYAAW	ATTAAA	41.98	24.099	1.74	5.627645755335367e-14	115	28.494	1.47	6.188019920483022e-08	127	12	both
LTR66	ZSCAN4 (MA1155.1)	GCACACMCTGWAA	YACACACACAYAMAH	18.52	7.674	2.41	3.482760794408456e-11	116	8.178	2.26	5.655278891417382e-10	120	4	both
LTR66	ZNF214 (MA1975.2)	ATYAABRKCCT	WYATSAAKKKSCT	19.51	8.375	2.33	4.3581325490707536e-11	117	7.556	2.58	3.330832179713919e-13	107	-10	both
LTR66	ZNF343 (MA1711.2)	GCTTCMCSDCGG	AAGCTTCAGYRCRGTC	10.37	2.914	3.56	7.972801344916222e-11	118	3.565	2.91	2.1425550205024313e-08	124	6	both
LTR66	NR2F6 (MA1539.1)	AGGTCABTGACCT	ARGGTYRWTWACCYT	11.6	3.664	3.17	1.7285281302887154e-10	119	3.16	3.67	1.6874170101528673e-12	108	-11	both
LTR66	TFDP1 (MA1122.2)	GCGGGAA	TGCGGGAA	6.91	1.363	5.07	2.1564373921177438e-10	120	1.412	4.9	4.505058717326333e-10	119	-1	both
LTR66	NFIA (MA0670.2)	TGCCAA	TGCCAA	34.07	20.079	1.7	6.13396250596175e-10	121	14.163	2.41	7.011660767570124e-22	89	-32	both
LTR66	NFIX (MA0671.2)	GCCA	TGCCAA	34.07	20.079	1.7	6.13396250596175e-10	122	14.163	2.41	7.011660767570124e-22	90	-32	both
LTR66	ZNF75A (MA2097.1)	TTTTCCCAC	VYDTHTCCCACA	19.75	9.156	2.16	1.0229396623931002e-09	123	8.306	2.38	1.1944431999765123e-11	112	-11	both
LTR66	DMRTA2 (MA1478.2)	GWWACA	GTTACA	24.69	13.383	1.85	1.1877776425211789e-08	124	11.398	2.17	2.082668941973876e-12	109	-15	both
LTR66	Mafg (MA0659.4)	TGASTCAGC	GCTGACTCTGGA	12.84	5.175	2.48	4.0565102304581526e-08	125	9.146	1.4	0.054675211799313	150	25	dinuc only
LTR66	NR2F1 (MA1538.1)	GGTCRBTGACC	AAGGTTRTTWACCYT	10.86	4.178	2.6	1.896781563048648e-07	126	3.22	3.37	1.2307991363971799e-10	118	-8	both
LTR66	MAFK (MA0496.4)	TGACTCAGC	CAGAGTCAGC	12.35	5.126	2.41	1.950080530033447e-07	127	10.143	1.22	0.4594068098169416	165	38	dinuc only
LTR66	POU6F1 (MA1549.2)	TAATGA	TAATGAG	11.85	4.879	2.43	2.9554784569701604e-07	128	4.425	2.68	1.7845865408133862e-08	123	-5	both
LTR66	NR4A2::RXRA (MA1147.2)	GGYCRWTGACC	AGGTTGTTTACCC	11.36	4.612	2.46	3.96090179119762e-07	129	3.062	3.71	2.199749711540466e-12	110	-19	both
LTR66	Stat4 (MA0518.2)	TTCYRRGAA	TTCAGAGAAA	17.53	9.096	1.93	9.716087516458984e-07	130	11.506	1.52	0.0018485119416689	136	6	both
LTR66	POU3F4 (MA0789.1)	TATGCWAAT	TATGTATAT	28.64	17.916	1.6	9.78001296888867e-07	131	12.593	2.27	3.994183348753025e-16	103	-28	both
LTR66	ONECUT3 (MA0757.2)	AAATCRATA	GAAAAACAATAG	20.74	12.099	1.71	6.528114637686612e-06	132	14.232	1.46	0.0018807446580379	138	6	both
LTR66	Hand1 (MA2123.1)	CAGACC	MCCAGACCA	11.85	5.551	2.14	9.62891841787191e-06	133	6.074	1.95	9.347732168608237e-05	134	1	both
LTR66	GRHL1 (MA0647.2)	AACCGGTT	RAACAKGTTB	10.12	4.415	2.29	1.1533950505170106e-05	134	3.467	2.92	2.9873941956185045e-08	125	-9	both
LTR66	PPARA::RXRA (MA1148.2)	GGKBARAGGT	AYRTGGGATAAAGGTTG	15.8	8.642	1.83	2.2960416087301255e-05	135	8.049	1.96	2.416742741154212e-06	131	-4	both
LTR66	NR1H4::RXRA (MA1146.2)	GKTCRWT	AGGTTGTTTACCC	10.86	5.077	2.14	2.5252860994294264e-05	136	3.447	3.15	8.874195953793711e-10	122	-14	both
LTR66	Stat6 (MA0520.2)	TTCYWSRGAA	TTTCWGAGAA	16.54	9.393	1.76	4.263770610780874e-05	137	12.751	1.3	0.0964168496824224	154	17	dinuc only
LTR66	DMRTC2 (MA1479.2)	GMTACA	AMWTGWTACAA	19.26	12.425	1.55	0.0005045964842277	138	9.847	1.96	1.1383317939574299e-07	128	-10	both
LTR66	FOXE1 (MA1487.3)	TAARYAAACA	TWDMAWAAACAA	23.95	16.454	1.46	0.0005754413293006	139	24.938	0.96	1.0	228	89	dinuc only
LTR66	DMRTA1 (MA1707.2)	GWTACA	WTGWTACAAW	16.54	10.281	1.61	0.0006195508838026	140	7.743	2.14	6.065889226880075e-08	126	-14	both
LTR66	POU2F2 (MA0507.3)	TATGCAAAT	ATATGTATATWTR	24.44	16.928	1.44	0.000629220465095	141	14.716	1.66	2.158141170036762e-06	130	-11	both
LTR66	ZNF148 (MA1653.2)	CCCCTCCC	CCCCTCNCRC	8.4	4.079	2.06	0.0006459533874973	142	7.526	1.12	1.0	196	54	dinuc only
LTR66	POU3F1 (MA0786.2)	ATGYWAAT	ATATGTATAT	26.17	18.933	1.38	0.0016949605191525	143	16.435	1.59	5.075645898032475e-06	132	-11	both
LTR66	ZBTB33 (MA0527.2)	TCTCGCG	TCTCGTGAGC	1.98	0.385	5.13	0.0021802848965057	144	0.336	5.88	0.0010326958238716	135	-9	both
LTR66	ZNF768 (MA1731.2)	TCTCTG	CCYWCTCTG	11.11	6.479	1.71	0.0026250221340837	145	10.598	1.05	1.0	214	69	dinuc only
LTR66	Stat5b (MA1625.2)	TTCCMAGAA	KTCYCAGAA	12.84	7.98	1.61	0.0038615836364053	146	11.447	1.12	0.9807268568974584	183	37	dinuc only
LTR66	ZNF75D (MA1601.2)	GTGGGAAABCCT	GTGGKAAAYSCD	11.6	7.002	1.66	0.0039027536970628	147	6.894	1.68	0.002998273989127	139	-8	both
LTR66	PHOX2B (MA0681.3)	AATYAAATTA	TAAKYAAATWAW	22.22	16.01	1.39	0.0048067286951459	148	21.175	1.05	1.0	212	64	dinuc only
LTR66	HAND2 (MA1638.2)	CAGATG	CAGATG	22.72	16.889	1.35	0.010707119698806	149	17.294	1.31	0.0216675120914184	145	-4	both
LTR66	RXRA::VDR (MA0074.1)	RGGTCAWNGRGTTC	WSSTCAWKGRGTTCA	8.89	5.235	1.7	0.0111180577290116	150	3.99	2.23	9.176180759038052e-05	133	-17	both
LTR66	POU5F1B (MA0792.1)	ATGYWAA	YATGTAAAT	17.28	12.158	1.42	0.0111342614235312	151	13.185	1.31	0.0688096695079612	152	1	dinuc only
LTR66	CREB3L1 (MA0839.2)	GCCACGTCA	WSCCACGTRWMYR	4.69	2.193	2.14	0.0132200447064406	152	2.084	2.25	0.008388743062106	140	-12	both
LTR66	POU2F1 (MA0785.2)	TATGYWAA	YATGYAAAT	16.54	11.664	1.42	0.0146313929573374	153	12.326	1.34	0.0505827038074728	149	-4	dinuc only
LTR66	ZNF384 (MA1125.2)	AAAAAA	AAAAAAWA	21.48	16.227	1.32	0.0218030001364049	154	30.341	0.71	1.0	281	127	dinuc only
LTR66	ZNF677 (MA2101.1)	AAGAACAG	RAMAAGAAVAGS	13.83	9.57	1.44	0.022909575991323	155	12.474	1.11	1.0	199	44	dinuc only
LTR66	POU6F2 (MA0793.2)	CTMATTA	AACTCATTA	10.62	6.933	1.53	0.0251526487498338	156	6.519	1.63	0.0095023823672988	141	-15	both
LTR66	Gmeb1 (MA0615.2)	RCGY	TACGTA	3.46	1.541	2.24	0.0314266269907961	157	1.57	2.2	0.039227233288191	146	-11	both
LTR66	HES5 (MA0821.2)	CACGTG	GMCACGTGKC	1.73	0.514	3.37	0.0379859619935115	158	1.896	0.91	1.0	244	86	dinuc only
LTR66	HEY2 (MA0649.2)	GVCACGTG	GMCACGTGK	2.22	0.81	2.74	0.0428207614265821	159	1.58	1.41	0.9541068519828972	178	19	dinuc only
LTR66	Ikzf3 (MA1992.2)	CAGGAAG	CAGGAAGSD	11.11	7.674	1.45	0.0513700465889695	160	10.469	1.06	1.0	210	50	neither
LTR66	CLOCK (MA0819.3)	CACGTG	ACACGTG	2.47	1.037	2.38	0.0675625814705573	161	1.314	1.88	0.2591646413674481	158	-3	neither
LTR66	IKZF2 (MA2326.1)	AGGAAG	AGGAAG	21.23	16.79	1.26	0.0682969304012598	162	24.385	0.87	1.0	251	89	neither
LTR66	MYCN (MA0104.5)	CACGTG	MCACGTGK	1.73	0.593	2.92	0.072323946226272	163	0.978	1.77	0.5583059964711601	168	5	neither
LTR66	HES1 (MA1099.3)	CRCGTG	GACACGTG	1.98	0.751	2.63	0.0775376220524078	164	1.304	1.52	0.8128999436839043	176	12	neither
LTR66	ZNF85 (MA1720.2)	AGATTMCWKC	GAGATTTCTCCA	10.12	7.21	1.4	0.1058822889346749	165	8.82	1.15	0.9567050469834504	179	14	neither
LTR66	EGR2 (MA0472.2)	CGCCCACGC	ASGCCCACKCA	2.47	1.146	2.16	0.1164520875825374	166	1.462	1.69	0.4259005087370055	164	-2	neither
LTR66	ZNF454 (MA1712.2)	GGCTCBVGG	GGYYCTRGGMCMYKSKG	3.46	1.847	1.87	0.1164520875825374	167	3.793	0.91	1.0	243	76	neither
LTR66	PAX9 (MA0781.2)	GTCACGCWTSAVTG	GTGCACGGATGRGTGG	4.2	2.489	1.69	0.1523652090573549	168	1.521	2.76	0.0018807446580379	137	-31	genomic only
LTR66	Ahr::Arnt (MA0006.2)	GCGTG	GCGTG	12.35	9.462	1.3	0.1762734157810669	169	12.602	0.98	1.0	226	57	neither
LTR66	ZNF24 (MA1124.1)	TTCATTCATT	SAYKCATYCAKYB	13.58	10.568	1.29	0.1762734157810669	170	12.889	1.05	1.0	213	43	neither
LTR66	Arntl (MA0603.2)	CACGTG	SWCACGTG	2.72	1.432	1.9	0.1867212477387723	171	1.936	1.4	0.8222833034286618	177	6	neither
LTR66	GMEB2 (MA0862.1)	ACGT	TKACGTMA	1.73	0.751	2.3	0.1951917284961975	172	0.8	2.16	0.2750913510597104	159	-13	neither
LTR66	HEY1 (MA0823.1)	CACGTG	GMCACGTGKC	1.73	0.76	2.27	0.2050234143980856	173	1.58	1.09	1.0	204	31	neither
LTR66	Pparg::Rxra (MA0065.3)	GDSARAGG	RGGRKARAGGKHW	12.1	9.432	1.28	0.2279539394959692	174	10.815	1.12	1.0	195	21	neither
LTR66	ZNF76 (MA1716.2)	CCCAYMATGCMHYRC	TCCCMKMMTGCAYYKMM	7.9	5.778	1.37	0.2452440366691191	175	5.807	1.36	0.2829573426747023	160	-15	neither
LTR66	HES2 (MA0616.3)	CACGTG	GMCACGTGK	1.73	0.8	2.16	0.2485200273778066	176	1.6	1.08	1.0	205	29	neither
LTR66	ELF4 (MA0641.1)	CCGGAAGT	GACCMGGAAGYA	4.44	2.914	1.53	0.2729499762718501	177	2.765	1.61	0.2091733320295263	156	-21	neither
LTR66	USF2 (MA0526.5)	TCACGTGA	VMCACGTGKB	2.22	1.195	1.86	0.2958542515644776	178	1.363	1.63	0.5583059964711601	170	-8	neither
LTR66	FERD3L (MA1485.1)	GYRMCAGCTGYYRC	GYSCCAKMTGKBRC	4.69	3.16	1.48	0.2998643293156378	179	3.526	1.33	0.6649553213729325	171	-8	neither
LTR66	ZNF274 (MA1592.2)	TGAGTYCTC	VRDGAGWYCTCN	9.14	7.022	1.3	0.3126969251494798	180	7.042	1.3	0.3582073885673159	162	-18	neither
LTR66	Creb3l2 (MA0608.1)	KMCACGTG	GMCACGTGK	2.22	1.225	1.81	0.3260543419127348	181	1.363	1.63	0.5583059964711601	169	-12	neither
LTR66	ARNT2 (MA1464.2)	CACGTG	RMCACGTG	2.47	1.422	1.74	0.336103594436664	182	2.064	1.2	1.0	191	9	neither
LTR66	ZNF175 (MA2332.1)	AGGAAG	YCAGGAAGC	9.38	7.427	1.26	0.403890835436656	183	9.412	1.0	1.0	222	39	neither
LTR66	MYC (MA0147.4)	CACGTG	CCACGTGT	1.98	1.116	1.77	0.4286427753028681	184	1.956	1.01	1.0	221	37	neither
LTR66	ETV2::FIGLA (MA1941.2)	GGAARCAGSTG	CMKGAAACASGTK	4.94	3.565	1.39	0.4424919135543146	185	4.444	1.11	1.0	202	17	neither
LTR66	FOXD2 (MA0847.4)	TARRYAAACA	WTAMRYAAAYA	17.04	14.963	1.14	0.6366537920315811	186	21.235	0.8	1.0	265	79	neither
LTR66	ETV1 (MA0761.3)	CAGGAAG	BCAGGAAGY	9.88	8.267	1.19	0.6493306251868558	187	10.677	0.93	1.0	234	47	neither
LTR66	Npas2 (MA0626.2)	CACGTG	CCACGTGT	1.73	1.077	1.61	0.7065739045884004	188	1.817	0.95	1.0	232	44	neither
LTR66	ELF2 (MA1483.3)	CCGGAA	ACCAGGAAGC	4.69	3.714	1.26	0.8228993305610037	189	3.21	1.46	0.3688996094908261	163	-26	neither
LTR66	Rxra (MA0512.2)	GGTCAAAGGTCA	KRGKWYAAAGKTHA	8.89	7.644	1.16	0.8874949758683309	190	5.975	1.49	0.0764594563513209	153	-37	neither
LTR66	NR1I2 (MA1533.2)	GMMCYSVDYGMAC	TRAACTCAMYRAACH	5.19	4.237	1.22	0.9096253766035532	191	3.249	1.6	0.1567393975113759	155	-36	neither
LTR66	Arnt (MA0004.1)	CACGTG	CACGTG	2.72	2.044	1.33	0.9268495226787438	192	2.933	0.93	1.0	235	43	neither
LTR66	MAX (MA0058.4)	CACGTG	CACGTG	2.72	2.044	1.33	0.9268495226787438	193	2.933	0.93	1.0	236	43	neither
LTR66	MNT (MA0825.2)	CACGTG	CACGTG	2.72	2.044	1.33	0.9268495226787438	194	2.933	0.93	1.0	237	43	neither
LTR66	Mlxip (MA0622.2)	CACGTG	CACGTG	2.72	2.044	1.33	0.9268495226787438	195	2.933	0.93	1.0	238	43	neither
LTR66	BARHL1 (MA0877.4)	CGTTTA	CGTTTA	4.94	4.04	1.22	0.9268495226787438	196	2.41	2.05	0.0172592484367134	143	-53	genomic only
LTR66	BARHL2 (MA0635.2)	TAAWYG	TAAACG	4.94	4.04	1.22	0.9268495226787438	197	2.41	2.05	0.0172592484367134	144	-53	genomic only
LTR66	DBP (MA0639.2)	TTAYRTAA	ATTAYATAAT	5.19	4.306	1.2	0.963637454122522	198	3.437	1.51	0.2503090845844701	157	-41	neither
LTR66	HES7 (MA0822.1)	GGCACGTGCC	AGCCACGTGTCC	1.48	1.027	1.44	1.0	199	2.449	0.6	1.0	309	110	neither
LTR66	BHLHE41 (MA0636.1)	KCACGTGA	VDCACGWGAS	1.23	0.879	1.4	1.0	200	1.156	1.07	1.0	208	8	neither
LTR66	ZBTB14 (MA1650.2)	CGCGCAC	CCGCGCAS	0.74	0.533	1.39	1.0	201	1.373	0.54	1.0	342	141	neither
LTR66	EGR1 (MA0162.5)	CRCCCMCRC	CCACCCACCC	1.98	1.462	1.35	1.0	202	2.459	0.8	1.0	266	64	neither
LTR66	TFAP4::ETV1 (MA1966.2)	GGAWRCASSTG	CVGGAARCASRYG	3.46	2.765	1.25	1.0	203	4.02	0.86	1.0	255	52	neither
LTR66	Atoh1 (MA1467.3)	CAGATG	CAGATGG	5.43	4.632	1.17	1.0	204	5.057	1.07	1.0	206	2	neither
LTR66	NEUROG2 (MA1642.2)	CAGATG	CAGATGG	5.43	4.632	1.17	1.0	205	5.057	1.07	1.0	207	2	neither
LTR66	ZNF610 (MA1713.2)	GCCGCTCC	MSGCCGSTCM	0.74	0.632	1.17	1.0	206	1.274	0.58	1.0	324	118	neither
LTR66	ZNF692 (MA1986.2)	GGCCCA	RGGCCCAC	4.44	3.832	1.16	1.0	207	3.684	1.21	1.0	190	-17	neither
LTR66	EGR4 (MA0733.2)	CGCCCMCGC	CCACCCACCCC	1.98	1.699	1.16	1.0	208	2.538	0.78	1.0	271	63	neither
LTR66	PLAGL2 (MA1548.2)	GGGCCCC	GGGCCCCW	2.96	2.657	1.12	1.0	209	2.519	1.18	1.0	192	-17	neither
LTR66	ZSCAN16 (MA2100.1)	AKTGTTAACAGAGCCTC	MYRKGTTGWSWGAGCCYC	6.42	5.916	1.09	1.0	210	5.096	1.26	0.6925101648975882	173	-37	neither
LTR66	MTF1 (MA0863.1)	TKTGCACACGKCMC	KTTRSACACWGCAS	3.21	3.052	1.05	1.0	211	3.032	1.06	1.0	211	0	neither
LTR66	PROP1 (MA0715.1)	TAATYWAATTA	TAAKMWAATWA	12.1	11.585	1.04	1.0	212	16.435	0.74	1.0	275	63	neither
LTR66	ELK4 (MA0076.3)	CTTCCGG	YWYTTCCKG	2.72	2.627	1.03	1.0	213	2.42	1.12	1.0	198	-15	neither
LTR66	TFE3 (MA0831.3)	TCACGTGA	GMCACGTGKC	1.73	1.679	1.03	1.0	214	2.094	0.83	1.0	261	47	neither
LTR66	Hand1::Tcf3 (MA0092.2)	TCTGG	RTCTGGMAY	7.41	7.289	1.02	1.0	215	7.042	1.05	1.0	215	0	neither
LTR66	ZNF701 (MA1987.2)	GAGMASYDDRGGGGG	GASMWGMRHRRGGRGAR	6.91	6.765	1.02	1.0	216	10.074	0.69	1.0	283	67	neither
LTR66	PHOX2A (MA0713.1)	AAYYYAATTA	TAAKMWAATWA	11.6	11.457	1.01	1.0	217	12.928	0.9	1.0	245	28	neither
LTR66	Wt1 (MA1627.2)	CTCCCCC	YCTCCCMCAC	4.69	4.662	1.01	1.0	218	7.012	0.67	1.0	286	68	neither
LTR66	TEF (MA0843.2)	TTACRTAA	ATTAYRTAAY	5.43	5.442	1.0	1.0	219	4.0	1.36	0.5008193191433418	166	-53	neither
LTR66	POU5F1 (MA1115.2)	ATGCAAA	ATGTAAA	14.32	14.519	0.99	1.0	220	16.632	0.86	1.0	254	34	neither
LTR66	RXRB (MA1555.1)	GGTCRTGACC	VGKKKYRTGAMCCY	3.46	3.477	0.99	1.0	221	3.437	1.01	1.0	220	-1	neither
LTR66	TFAP2B (MA0812.2)	GCCYSAGGC	GCCTSAGGC	1.48	1.501	0.99	1.0	222	2.993	0.5	1.0	367	145	neither
LTR66	Nfe2l2 (MA0150.3)	TGASTCAGCA	ATGACWRRGCW	7.16	7.279	0.98	1.0	223	6.528	1.1	1.0	203	-20	neither
LTR66	Prdm14 (MA1998.2)	GTCTCTA	GGGCTCTA	3.46	3.585	0.96	1.0	224	7.881	0.44	1.0	408	184	neither
LTR66	FOXH1 (MA0479.2)	AATMCACA	AATAMACA	12.1	12.78	0.95	1.0	225	12.8	0.95	1.0	230	5	neither
LTR66	ERF::FIGLA (MA1934.2)	MGGAWRCASSTG	YRGGAAACACRTG	3.46	3.625	0.95	1.0	226	3.99	0.87	1.0	252	26	neither
LTR66	Prdm4 (MA1647.3)	CTKGAAAC	YCYTGAAACWR	7.65	8.178	0.94	1.0	227	7.348	1.04	1.0	217	-10	neither
LTR66	Gli2 (MA0734.4)	GACCACCCA	GRCCACCCA	5.19	5.511	0.94	1.0	228	8.494	0.61	1.0	304	76	neither
LTR66	Nfat5 (MA0606.3)	TGGAAAA	AWGGAAAA	13.33	14.262	0.93	1.0	229	17.679	0.75	1.0	274	45	neither
LTR66	FOSL2::JUNB (MA1139.2)	TGACGTCA	ATKAYRTMAT	2.47	2.667	0.93	1.0	230	1.679	1.47	0.7481448406386816	174	-56	neither
LTR66	IRF3 (MA1418.2)	AHSGAAACSGAAAC	DARADGGAAAWRRAWAB	7.65	8.356	0.92	1.0	231	15.21	0.5	1.0	357	126	neither
LTR66	RUNX2 (MA0511.2)	ACCRCA	AAACCACAR	3.95	4.316	0.92	1.0	232	4.01	0.99	1.0	225	-7	neither
LTR66	Gli1 (MA1990.2)	GACCACCCA	MGRCCACMCW	5.93	6.598	0.9	1.0	233	4.919	1.2	0.9645389827090544	181	-52	neither
LTR66	FOSL1::JUN (MA1129.1)	TKACGTMA	ATKAYRTMAT	2.22	2.459	0.9	1.0	234	1.343	1.65	0.5330409939771895	167	-67	neither
LTR66	IRF6 (MA1509.1)	CCGAAACT	WCCGAAACT	1.98	2.202	0.9	1.0	235	1.383	1.43	0.9645389827090544	180	-55	neither
LTR66	MYB (MA0100.4)	CAACTG	CAACTG	15.56	17.402	0.89	1.0	236	11.526	1.35	0.0561914086419987	151	-85	neither
LTR66	Spi1 (MA0080.7)	AGGAAG	VAWKARGAARWGR	9.14	10.232	0.89	1.0	237	16.0	0.57	1.0	325	88	neither
LTR66	ZNF282 (MA1154.2)	TTTCCCMYWACAC	YYTTCCCMYYACAMK	5.93	6.677	0.89	1.0	238	5.965	0.99	1.0	224	-14	neither
LTR66	Msgn1 (MA1524.3)	CAAATGG	MACAAATGRY	9.63	11.042	0.87	1.0	239	8.681	1.11	1.0	200	-39	neither
LTR66	NEUROD1 (MA1109.2)	CAGATGG	MCAGATGG	5.93	6.795	0.87	1.0	240	7.556	0.78	1.0	269	29	neither
LTR66	Neurod2 (MA0668.3)	CAGATGG	MCAGATGG	5.93	6.795	0.87	1.0	241	7.556	0.78	1.0	270	29	neither
LTR66	ATF7 (MA0834.2)	ATGACGTCAY	ATKAYRTMAT	2.22	2.568	0.87	1.0	242	1.432	1.55	0.6758899142037276	172	-70	neither
LTR66	ZNF157 (MA2331.1)	AGCARTAYACYT	TGAAAAACAATAGACAATCAC	7.16	8.365	0.86	1.0	243	6.43	1.11	1.0	201	-42	neither
LTR66	PPARD (MA1550.2)	GGTCAAAGGTCA	KRGKWYAAAGGTNA	6.67	7.743	0.86	1.0	244	7.062	0.94	1.0	233	-11	neither
LTR66	ZNF189 (MA1725.2)	CTGTTCC	RTCTGTTCC	6.17	7.368	0.84	1.0	245	7.664	0.81	1.0	262	17	neither
LTR66	TWIST1 (MA1123.3)	CAGATG	CCAGATGR	5.93	7.131	0.83	1.0	246	6.706	0.88	1.0	250	4	neither
LTR66	RARA (MA0730.1)	AGGTCAHBYWRAGGTCA	RGRWCWMRWRAAGSTCA	4.94	6.015	0.82	1.0	247	4.83	1.02	1.0	219	-28	neither
LTR66	ETV5::FIGLA (MA1945.2)	GGAWRCAGGTG	GHRGGAAACACRTG	3.46	4.237	0.82	1.0	248	5.837	0.59	1.0	314	66	neither
LTR66	KLF16 (MA0741.1)	CMCRCCCMC	SACMCWCCCMY	2.72	3.319	0.82	1.0	249	5.699	0.48	1.0	375	126	neither
LTR66	OVOL2 (MA1545.2)	CCGTTA	ACCGTTA	0.74	0.899	0.82	1.0	250	0.405	1.83	1.0	184	-66	neither
LTR66	Nkx3-1 (MA0124.3)	CACTTA	CCACTTA	2.96	3.674	0.81	1.0	251	3.328	0.89	1.0	248	-3	neither
LTR66	HES6 (MA1493.1)	GGCACGTGT	GCCACGTGTC	1.73	2.123	0.81	1.0	252	2.933	0.59	1.0	317	65	neither
LTR66	HOXB4 (MA1499.2)	TMATTA	TCATTA	16.79	21.057	0.8	1.0	253	18.173	0.92	1.0	239	-14	neither
LTR66	HOXC4 (MA1504.2)	YMATTA	TCATTA	16.79	21.057	0.8	1.0	254	18.173	0.92	1.0	240	-14	neither
LTR66	HOXD4 (MA1507.2)	YMATTA	TCATTA	16.79	21.057	0.8	1.0	255	18.173	0.92	1.0	241	-14	neither
LTR66	RXRG (MA0856.1)	RGGTCAAAGGTCA	KRGKWYAAAKKTDA	6.42	8.02	0.8	1.0	256	6.301	1.02	1.0	218	-38	neither
LTR66	YY2 (MA0748.3)	ATGGCG	ATGGCGG	0.74	0.928	0.8	1.0	257	0.691	1.07	1.0	209	-48	neither
LTR66	FOSB::JUNB (MA1136.1)	TKACGTCA	ATTATGTCAT	2.22	2.825	0.79	1.0	258	1.491	1.49	0.7801825147493576	175	-83	neither
LTR66	SOX12 (MA1561.2)	CGAACAA	RCCRAACAAH	5.19	6.657	0.78	1.0	259	4.602	1.13	1.0	194	-65	neither
LTR66	ZNF530 (MA1981.2)	GMARGGMVAGGG	RAAGRGMKAGGGYM	4.69	5.985	0.78	1.0	260	8.474	0.55	1.0	334	74	neither
LTR66	ZNF708 (MA1730.2)	GCTGTRCCT	KCTGTRSCT	3.46	4.435	0.78	1.0	261	5.827	0.59	1.0	315	54	neither
LTR66	ZBTB7A (MA0750.3)	CCGGAAG	CMGGAAGDR	2.22	2.854	0.78	1.0	262	2.904	0.77	1.0	272	10	neither
LTR66	KLF10 (MA1511.2)	GGGGCGKGG	GGGGTGGGT	2.22	2.894	0.77	1.0	263	6.973	0.32	1.0	505	242	neither
LTR66	Zfx (MA0146.3)	CBVGGCCT	KSYBRGGCCT	1.73	2.252	0.77	1.0	264	8.099	0.21	1.0	612	348	neither
LTR66	MYBL1 (MA0776.1)	CGTTAAC	MMCSTTAACBKB	1.48	1.926	0.77	1.0	265	1.057	1.4	1.0	186	-79	neither
LTR66	CEBPA (MA0102.5)	TTKCACAA	ATTGCAAAAA	9.38	12.346	0.76	1.0	266	9.472	0.99	1.0	223	-43	neither
LTR66	Creb5 (MA0840.2)	ATGACGTCA	ATKAYRTMAT	2.47	3.23	0.76	1.0	267	1.965	1.26	1.0	188	-79	neither
LTR66	E2F1 (MA0024.3)	GGCGCC	KWYRGCGCYAWM	0.49	0.652	0.76	1.0	268	0.356	1.39	1.0	187	-81	neither
LTR66	MYOD1 (MA0499.3)	CASCTGT	SCACCTGTB	4.44	5.906	0.75	1.0	269	7.714	0.58	1.0	322	53	neither
LTR66	TBX19 (MA0804.2)	TMRCACVTRBGTGYKA	TSHCAYDTAHRTGKSAW	3.46	4.583	0.75	1.0	270	3.881	0.89	1.0	247	-23	neither
LTR66	Mecom (MA0029.2)	GAYAAGATAA	WGAHAWGATAA	8.15	10.963	0.74	1.0	271	11.289	0.72	1.0	278	7	neither
LTR66	HNF4A (MA1494.2)	GTYCAAAGGTC	KRGKWYAAAGGTHA	5.43	7.299	0.74	1.0	272	5.62	0.97	1.0	227	-45	neither
LTR66	Arid3b (MA0601.2)	TTAAT	TATTAAT	4.94	6.677	0.74	1.0	273	7.704	0.64	1.0	295	22	neither
LTR66	DMRT3 (MA0610.2)	TGTAWC	TGTATCA	8.4	11.565	0.73	1.0	274	7.22	1.16	0.9645389827090544	182	-92	neither
LTR66	NKX2-3 (MA0672.2)	CACTT	CCACTTRW	5.19	7.131	0.73	1.0	275	5.63	0.92	1.0	242	-33	neither
LTR66	MAZ (MA1522.2)	CCCCTCC	CCCSTCCY	2.96	4.04	0.73	1.0	276	6.854	0.43	1.0	417	141	neither
LTR66	BHLHE40 (MA0464.3)	CACGTG	WCACGTGW	0.74	1.017	0.73	1.0	277	1.501	0.49	1.0	372	95	neither
LTR66	ERF::FOXO1 (MA1936.2)	ACMGGAA	ARMAACAGGMWR	5.93	8.267	0.72	1.0	278	9.768	0.61	1.0	302	24	neither
LTR66	TBXT (MA0009.2)	TMRCACVTABGTGYKA	TSMCAYWTAHRTGDSA	2.72	3.793	0.72	1.0	279	3.457	0.79	1.0	268	-11	neither
LTR66	KLF11 (MA1512.2)	CACRCCC	WTACRCCCAC	1.98	2.746	0.72	1.0	280	5.719	0.35	1.0	477	197	neither
LTR66	SP2 (MA0516.3)	GGGCGGG	GGGGAGGRG	1.98	2.746	0.72	1.0	281	7.615	0.26	1.0	554	273	neither
LTR66	MEF2A (MA0052.5)	AAAATA	AWWAAAATAG	8.15	11.496	0.71	1.0	282	24.267	0.34	1.0	480	198	neither
LTR66	FOSL1::JUND (MA1143.2)	TGAC	MTGACRTAA	2.96	4.178	0.71	1.0	283	2.647	1.12	1.0	197	-86	neither
LTR66	JDP2 (MA0656.2)	ATGACGTCA	ATKAYRTMAT	2.72	3.812	0.71	1.0	284	2.588	1.05	1.0	216	-68	neither
LTR66	ZBTB7C (MA0695.2)	ACCACC	MGMCCACC	2.47	3.486	0.71	1.0	285	2.825	0.87	1.0	253	-32	neither
LTR66	HIF1A (MA1106.2)	ACGTGC	ACGTGC	1.98	2.775	0.71	1.0	286	2.933	0.67	1.0	288	2	neither
LTR66	SNAI2 (MA0745.3)	CACCTGT	SCACCTGT	4.2	5.995	0.7	1.0	287	8.444	0.5	1.0	362	75	neither
LTR66	Rhox11 (MA0629.2)	GCTGTW	YGCTGTWWT	2.96	4.217	0.7	1.0	288	3.516	0.84	1.0	258	-30	neither
LTR66	STAT1::STAT2 (MA0517.2)	GTTTCDBTTYC	WSTTTYYYTTYYY	8.15	11.832	0.69	1.0	289	21.323	0.38	1.0	447	158	neither
LTR66	TFAP2C (MA0814.3)	CCTGAGG	GCCTGAGGY	2.22	3.21	0.69	1.0	290	11.674	0.19	1.0	627	337	neither
LTR66	MLXIPL (MA0664.2)	CACGTG	AWCACGTG	0.99	1.422	0.69	1.0	291	1.847	0.53	1.0	350	59	neither
LTR66	MEF2B (MA0660.1)	CTAWAAATAG	DMTATATATAKM	7.41	10.844	0.68	1.0	292	17.314	0.43	1.0	412	120	neither
LTR66	PRDM1 (MA0508.4)	CTTTCTC	CTTTCTC	2.96	4.346	0.68	1.0	293	8.711	0.34	1.0	482	189	neither
LTR66	TFAP2E (MA1569.2)	SCCYSRGGS	GCCTSAGGC	0.99	1.452	0.68	1.0	294	2.746	0.36	1.0	472	178	neither
LTR66	MEIS1 (MA1639.2)	ATMAATCA	TATCAATCT	7.65	11.417	0.67	1.0	295	7.941	0.96	1.0	229	-66	neither
LTR66	STAT1 (MA0137.4)	TTCYRGGAA	TTCYRRGAA	4.94	7.457	0.66	1.0	296	10.37	0.48	1.0	373	77	neither
LTR66	NR2C2 (MA0504.2)	GGTCARAGGKCR	GRGRTGAGRGGBMA	3.95	6.015	0.66	1.0	297	7.23	0.55	1.0	335	38	neither
LTR66	ZIC1 (MA0696.1)	CCCCCYGCTGYG	KGASCCCCGYTGTG	2.47	3.763	0.66	1.0	298	3.042	0.81	1.0	264	-34	neither
LTR66	NR1H2::RXRA (MA0115.1)	AGGTCAAAGGTCA	WRVRKTWAAAGGTMAAY	5.19	8.02	0.65	1.0	299	6.42	0.81	1.0	263	-36	neither
LTR66	Smad4 (MA1153.2)	GTCTRG	TGTCTGG	5.19	8.01	0.65	1.0	300	8.089	0.64	1.0	294	-6	neither
LTR66	FOS (MA1951.2)	TGACGTCAT	AATGAYATAATAA	2.22	3.398	0.65	1.0	301	1.886	1.18	1.0	193	-108	neither
LTR66	MAX::MYC (MA0059.2)	CACGTGG	GACACGTGGC	1.48	2.281	0.65	1.0	302	2.509	0.59	1.0	318	16	neither
LTR66	POU2F1::SOX2 (MA1962.1)	ATTWRCATMACAA	HATTTMMATRRYAAWDB	10.62	16.652	0.64	1.0	303	17.886	0.59	1.0	312	9	neither
LTR66	LIN54 (MA0619.2)	TTTRAA	TTTRAAT	9.88	15.348	0.64	1.0	304	19.516	0.51	1.0	354	50	neither
LTR66	ZNF547 (MA2334.1)	GCTAATGCWRC	GGCTCATGCAACM	4.44	6.963	0.64	1.0	305	6.953	0.64	1.0	296	-9	neither
LTR66	ZNF8 (MA1718.1)	TRKATRTACCACAKTTT	RTATRTATATAYMWYWKWTW	13.09	20.701	0.63	1.0	306	10.479	1.25	0.3058151167935483	161	-145	neither
LTR66	THRA (MA1969.2)	TGWCCTCABDTGACCT	BYSWMCTCAMYKGRMCWY	4.2	6.667	0.63	1.0	307	9.896	0.42	1.0	422	115	neither
LTR66	SNAI3 (MA1559.2)	CAGGTG	ACAGGTGSB	3.95	6.262	0.63	1.0	308	9.551	0.41	1.0	432	124	neither
LTR66	Ptf1A (MA1620.2)	CACCTG	SCACCTGT	3.7	5.877	0.63	1.0	309	8.563	0.43	1.0	415	106	neither
LTR66	EBF3 (MA1637.2)	CCCMRGGG	CYCAAGGRA	3.21	5.077	0.63	1.0	310	5.975	0.54	1.0	340	30	neither
LTR66	CTCFL (MA1102.3)	AGGGGGC	VAGGKGGC	2.47	3.931	0.63	1.0	311	3.417	0.72	1.0	279	-32	neither
LTR66	FOSB::JUN (MA1127.1)	TGACGTMA	AATGACATAAT	2.22	3.536	0.63	1.0	312	2.341	0.95	1.0	231	-81	neither
LTR66	Stat2 (MA1623.2)	AAASAGAAA	RAAAYAGAAA	10.12	16.326	0.62	1.0	313	28.909	0.35	1.0	474	161	neither
LTR66	ZNF418 (MA1980.1)	GWRGCYAMAAGCA	AWGTGGACACAAACA	5.68	9.185	0.62	1.0	314	13.462	0.42	1.0	421	107	neither
LTR66	Nr2f6 (MA0677.2)	GGTCAAAGGTCA	GGGWTAAAGGTYR	4.69	7.546	0.62	1.0	315	6.914	0.68	1.0	285	-30	neither
LTR66	SPIC (MA0687.2)	AWSMGGAAG	MSATGRGGAAGHA	4.69	7.615	0.62	1.0	316	11.378	0.41	1.0	429	113	neither
LTR66	TAL1::TCF3 (MA0091.2)	AMCAKMTG	AACATMTKTW	4.69	7.615	0.62	1.0	317	5.936	0.79	1.0	267	-50	neither
LTR66	NFYB (MA0502.3)	ATTGGCC	WSATTGGCY	4.2	6.716	0.62	1.0	318	4.731	0.89	1.0	246	-72	neither
LTR66	HOXD12 (MA0873.2)	TCGTAAA	AVTCRYAAAA	2.47	3.951	0.62	1.0	319	3.684	0.67	1.0	287	-32	neither
LTR66	SP3 (MA0746.3)	CCACGCCC	GMCACWCCYMY	1.48	2.43	0.61	1.0	320	5.728	0.26	1.0	559	239	neither
LTR66	Pou5f1::Sox2 (MA0142.1)	TTSWHATGCARA	YWTWSWWWTKSADAW	9.88	16.553	0.6	1.0	321	18.104	0.55	1.0	333	12	neither
LTR66	BARX2 (MA1471.2)	WAAYMRTTA	AWAYMRTTA	6.67	11.121	0.6	1.0	322	11.269	0.59	1.0	313	-9	neither
LTR66	Runx1 (MA0002.3)	TGTGG	YTGTGGTTT	5.19	8.642	0.6	1.0	323	9.175	0.57	1.0	326	3	neither
LTR66	Stat5a::Stat5b (MA0519.2)	TTCCMRGAA	TTCYMAGAA	4.69	7.822	0.6	1.0	324	10.193	0.46	1.0	378	54	neither
LTR66	BCL6B (MA0731.1)	TGCTTTCTAGGAATT	YKYDTTYCAGKAMYTAR	4.2	7.042	0.6	1.0	325	7.556	0.56	1.0	331	6	neither
LTR66	ZBTB24 (MA2330.1)	CAGGAC	MCCAGGMCHY	2.72	4.543	0.6	1.0	326	6.736	0.4	1.0	437	111	neither
LTR66	RXRG (MA1556.1)	GGTCAYGACC	RRGBTCAYRAMBYS	2.22	3.723	0.6	1.0	327	3.931	0.57	1.0	329	2	neither
LTR66	TFAP2A (MA0003.5)	CCTCAGG	RCCTSAGGS	1.98	3.269	0.6	1.0	328	5.511	0.36	1.0	465	137	neither
LTR66	ZNF184 (MA2120.1)	GAAAG	KRGAAAGKNGMRW	4.69	7.98	0.59	1.0	329	10.311	0.45	1.0	402	73	neither
LTR66	ZNF707 (MA1715.1)	CCCCACTYCTGGT	MMCMWCTYCTGGDMY	3.7	6.311	0.59	1.0	330	7.309	0.51	1.0	355	25	neither
LTR66	ZNF449 (MA1656.2)	AGCCCAAC	GAGCCCARSC	3.21	5.412	0.59	1.0	331	5.353	0.6	1.0	307	-24	neither
LTR66	ERF::FOXI1 (MA1935.2)	GGA	AWACAGGAAS	4.44	7.704	0.58	1.0	332	8.968	0.5	1.0	361	29	neither
LTR66	NKX6-3 (MA1530.2)	YCATTA	STCATTAA	4.44	7.704	0.58	1.0	333	7.111	0.62	1.0	299	-34	neither
LTR66	GATA4 (MA0482.3)	CTTATCT	CYTTATCT	4.2	7.269	0.58	1.0	334	7.842	0.54	1.0	339	5	neither
LTR66	TBP (MA0108.3)	ATAWA	TATAAAA	4.2	7.21	0.58	1.0	335	13.699	0.31	1.0	512	177	neither
LTR66	ETV5::DRGX (MA1944.2)	GGAWGYRRT	AGGAASHRATWR	3.21	5.58	0.58	1.0	336	5.689	0.56	1.0	332	-4	neither
LTR66	KLF6 (MA1517.2)	ACRCCC	ACACACCCA	1.73	2.983	0.58	1.0	337	4.84	0.36	1.0	466	129	neither
LTR66	PAX2 (MA0067.3)	AVYSRWGCGTGAC	YCACTAGACCGGGAAG	0.99	1.689	0.58	1.0	338	1.422	0.69	1.0	284	-54	neither
LTR66	IKZF1 (MA1508.2)	ACAGGAA	TACAGGAA	5.68	9.995	0.57	1.0	339	10.746	0.53	1.0	343	4	neither
LTR66	EHF (MA0598.4)	ACTTCCT	CAYTTCCTK	4.2	7.319	0.57	1.0	340	9.521	0.44	1.0	406	66	neither
LTR66	Nfatc2 (MA0152.3)	TGGAAA	AMTGGAAA	6.42	11.684	0.55	1.0	341	12.721	0.5	1.0	358	17	neither
LTR66	RARA (MA0729.1)	RAGGTCAWAAGGTCA	AASRYMAAAAGGTHAABT	4.44	8.02	0.55	1.0	342	9.659	0.46	1.0	379	37	neither
LTR66	Thap11 (MA1573.2)	ACTACAWBTCCC	ACTACACKYACCAG	3.21	5.886	0.55	1.0	343	7.032	0.46	1.0	381	38	neither
LTR66	FOSL2::JUND (MA1145.2)	TKACGTCA	ATTATGTCAT	2.22	4.04	0.55	1.0	344	2.499	0.89	1.0	249	-95	neither
LTR66	Zbtb2 (MA2340.1)	CCGGAAG	MCCGGAAGAG	0.99	1.807	0.55	1.0	345	1.333	0.74	1.0	276	-69	neither
LTR66	ELF3 (MA0640.3)	ACTTCCT	CMYTTCCTK	4.44	8.198	0.54	1.0	346	11.674	0.38	1.0	448	102	neither
LTR66	RORA (MA0072.2)	AWBTAGGTCA	ARWKTAGKTCA	4.2	7.842	0.54	1.0	347	6.943	0.6	1.0	306	-41	neither
LTR66	FOSL2::JUN (MA1131.2)	TGACGTMA	ATGACATAAT	2.22	4.138	0.54	1.0	348	2.627	0.85	1.0	256	-92	neither
LTR66	FOXJ2::ELF1 (MA1952.2)	ACMGGAA	MWACAGGAASA	4.69	8.879	0.53	1.0	349	10.815	0.43	1.0	413	64	neither
LTR66	FOXO1::ELK3 (MA1955.2)	MAACAGGAA	RAMAACAGRWWRW	4.44	8.425	0.53	1.0	350	8.277	0.54	1.0	338	-12	neither
LTR66	TRPS1 (MA1970.2)	TTATC	YYTTATCT	3.7	6.953	0.53	1.0	351	8.583	0.43	1.0	416	65	neither
LTR66	ZNF816 (MA1719.2)	GGGGACMTG	RRGAGACATGCRAGG	3.21	6.094	0.53	1.0	352	5.659	0.57	1.0	327	-25	neither
LTR66	JUN::JUNB (MA1133.2)	TKACGTCA	TATTATGTCAT	1.98	3.723	0.53	1.0	353	2.38	0.83	1.0	260	-93	neither
LTR66	PAX3 (MA1546.2)	GTCACGSYHRTT	CTTCATGCCAAATA	1.73	3.24	0.53	1.0	354	2.035	0.85	1.0	257	-97	neither
LTR66	ZNF382 (MA1594.1)	AKGRGAYATYACYACMGAYMCYAC	AGGGGMKMRSAMWACMSAYYCMAD	4.2	8.069	0.52	1.0	355	6.657	0.63	1.0	298	-57	neither
LTR66	PROX1 (MA0794.1)	AAGACGYCTT	YRAGACKYCTYV	1.48	2.864	0.52	1.0	356	2.598	0.57	1.0	330	-26	neither
LTR66	ATF4 (MA0833.3)	TGATGYAA	ATGATACAAT	5.43	10.588	0.51	1.0	357	8.198	0.66	1.0	289	-68	neither
LTR66	NKX2-2 (MA1645.2)	CACTCA	CCACTCAM	3.95	7.674	0.51	1.0	358	5.56	0.71	1.0	282	-76	neither
LTR66	MYF6 (MA0667.1)	AACARCTGTY	RACAMYWGTY	3.46	6.756	0.51	1.0	359	5.383	0.64	1.0	297	-62	neither
LTR66	ONECUT2 (MA0756.3)	GATCRATA	AATCAATA	2.72	5.274	0.51	1.0	360	4.178	0.65	1.0	292	-68	neither
LTR66	GLI3 (MA1491.3)	GACCACCCACGWHG	WGRCCACAMASAMNS	2.47	4.889	0.51	1.0	361	5.886	0.42	1.0	424	63	neither
LTR66	SP1 (MA0079.5)	GGGGMGGRG	GGGGAGGRR	1.48	2.884	0.51	1.0	362	6.015	0.25	1.0	565	203	neither
LTR66	MEF2D (MA0773.1)	CTAWAAATAG	WMTATATATAKW	5.93	11.743	0.5	1.0	363	20.109	0.29	1.0	528	165	neither
LTR66	FOXO1::ELF1 (MA1953.2)	AACAGGAA	RAMAACAGRMARK	5.19	10.39	0.5	1.0	364	10.44	0.5	1.0	359	-5	neither
LTR66	IRF2 (MA0051.2)	GAAAGYGAAAS	GAAAAGKKAAANRWTA	3.7	7.398	0.5	1.0	365	9.778	0.38	1.0	450	85	neither
LTR66	ZNF331 (MA1726.2)	GCWGAGC	TGAAGAGCCC	1.98	3.99	0.5	1.0	366	5.877	0.34	1.0	484	118	neither
LTR66	ZNF93 (MA1721.2)	CRGCRGCRG		0.49	0.988	0.5	1.0	367	2.756	0.18	1.0	648	281	neither
LTR66	NFIL3 (MA0025.3)	TTATGYAA	TTATRTAAT	6.17	12.523	0.49	1.0	368	9.58	0.64	1.0	293	-75	neither
LTR66	FOXO1::ELK1 (MA1954.2)	AACAGGAAG	VAMAACAGRAARK	4.69	9.491	0.49	1.0	369	9.343	0.5	1.0	360	-9	neither
LTR66	Ptf1A (MA1618.2)	CAGATG	RCAGATGKR	3.7	7.556	0.49	1.0	370	8.069	0.46	1.0	380	10	neither
LTR66	ZKSCAN3 (MA1973.2)	AGGCTAGCCC	SSMAGGYTRKMCYW	1.73	3.546	0.49	1.0	371	4.02	0.43	1.0	419	48	neither
LTR66	PATZ1 (MA1961.2)	GGMGGGG	NGRGGAGGGGK	1.23	2.528	0.49	1.0	372	7.309	0.17	1.0	653	281	neither
LTR66	CEBPG (MA1636.2)	TGATGCAA	ATGATRCAAT	5.68	11.783	0.48	1.0	373	9.333	0.61	1.0	303	-70	neither
LTR66	Gfi1B (MA0483.2)	AATCWSWG	AAAYCWCWGH	4.44	9.175	0.48	1.0	374	11.921	0.37	1.0	455	81	neither
LTR66	Erg (MA0474.4)	CAGGAAG	DCAGGAARKK	3.95	8.286	0.48	1.0	375	9.965	0.4	1.0	435	60	neither
LTR66	GATA1::TAL1 (MA0140.3)	TATCWBBVHVVHVCA	TTATCTYRWTTKWRCAW	3.46	7.17	0.48	1.0	376	6.943	0.5	1.0	363	-13	neither
LTR66	Atoh1 (MA0461.3)	CATATG	MACATATG	4.44	9.373	0.47	1.0	377	5.323	0.83	1.0	259	-118	neither
LTR66	HOXA4 (MA1496.2)	YMATTA	GTCATTA	1.98	4.237	0.47	1.0	378	4.02	0.49	1.0	370	-8	neither
LTR66	ZBED1 (MA0749.2)	TRTCGCGACAT	TRTYGCGAYWKV	0.74	1.57	0.47	1.0	379	0.444	1.67	1.0	185	-194	neither
LTR66	FOXO1::FLI1 (MA1956.2)	AACAGGAAG	RAMMACAGRAWRK	4.69	10.173	0.46	1.0	380	10.973	0.43	1.0	414	34	neither
LTR66	STAT3 (MA0144.3)	TKCYKGGAA	TTCTGRRAA	4.69	10.183	0.46	1.0	381	12.622	0.37	1.0	454	73	neither
LTR66	Gata3 (MA0037.5)	TTATCT	YYTTATCT	3.95	8.583	0.46	1.0	382	9.748	0.41	1.0	431	49	neither
LTR66	Ebf2 (MA1604.2)	CCCMRGGGA	CYCAAGGRA	2.96	6.4	0.46	1.0	383	6.588	0.45	1.0	403	20	neither
LTR66	NKX2-4 (MA2003.2)	CACTYSA	CCACTTRA	2.72	5.886	0.46	1.0	384	4.681	0.58	1.0	323	-61	neither
LTR66	ZFP14 (MA1972.1)	GGAGSMHMHGGA	KGAGRCVSRKGARDG	2.72	5.946	0.46	1.0	385	11.417	0.24	1.0	578	193	neither
LTR66	ZKSCAN5 (MA1652.2)	GGARGTGA	GGARGWGAN	2.72	5.906	0.46	1.0	386	9.432	0.29	1.0	529	143	neither
LTR66	CREB1 (MA0018.5)	TGAYGTCA	TKATGTCA	3.95	8.751	0.45	1.0	387	9.057	0.44	1.0	407	20	neither
LTR66	GABPA (MA0062.4)	CTTCCT	MMYTTCCTGH	3.7	8.306	0.45	1.0	388	9.956	0.37	1.0	456	68	neither
LTR66	OVOL1 (MA1544.2)	ACCGTTA	WTACCGTTAM	0.74	1.649	0.45	1.0	389	0.602	1.23	1.0	189	-200	neither
LTR66	NFATC3 (MA0625.3)	GGAA	TGGAAA	11.11	25.462	0.44	1.0	390	27.398	0.41	1.0	427	37	neither
LTR66	Nfatc1 (MA0624.3)	TGGAAA	TGGAAA	11.11	25.462	0.44	1.0	391	27.398	0.41	1.0	428	37	neither
LTR66	ONECUT1 (MA0679.3)	AATCAAT	AAATMAATA	5.43	12.365	0.44	1.0	392	12.138	0.45	1.0	401	9	neither
LTR66	TBX20 (MA0689.1)	AGGTGTGA	WABGTGTGARG	3.95	8.889	0.44	1.0	393	8.227	0.48	1.0	374	-19	neither
LTR66	SCRT2 (MA0744.3)	CAACAGGT	KYAACARGYK	3.21	7.279	0.44	1.0	394	6.123	0.52	1.0	353	-41	neither
LTR66	CUX2 (MA0755.2)	ATCRAT	AAATCAATA	2.72	6.183	0.44	1.0	395	4.138	0.66	1.0	290	-105	neither
LTR66	EBF1 (MA0154.5)	CCCAGGG	KSCCCAGGGSM	1.98	4.474	0.44	1.0	396	5.373	0.37	1.0	458	62	neither
LTR66	ZSCAN31 (MA1722.2)	CATAAYTGCCCTGC	TTATARCTGCACTGCCAT	1.98	4.484	0.44	1.0	397	4.049	0.49	1.0	371	-26	neither
LTR66	E2F6 (MA0471.3)	GGCGGGA	GGHGGGAA	1.48	3.398	0.44	1.0	398	5.452	0.27	1.0	546	148	neither
LTR66	ZBTB11 (MA2329.1)	ACTTCCGG	HWCTTCCBG	1.23	2.815	0.44	1.0	399	3.141	0.39	1.0	444	45	neither
LTR66	CREB3 (MA0638.2)	CACGTCA	TKMCACGTMWKH	0.74	1.669	0.44	1.0	400	1.235	0.6	1.0	310	-90	neither
LTR66	ZBED4 (MA2328.1)	CGCYCCGC		0.25	0.563	0.44	1.0	401	1.62	0.15	1.0	677	276	neither
LTR66	GFI1 (MA0038.3)	AATCACDGC	AAATCWCWRTW	3.95	9.244	0.43	1.0	402	9.56	0.41	1.0	430	28	neither
LTR66	Esrrg (MA0643.2)	AAGGTCA	TRAAGGKCA	3.21	7.486	0.43	1.0	403	6.479	0.5	1.0	365	-38	neither
LTR66	ELF1 (MA0473.4)	AGGAAGT	CAGGAARKG	2.96	6.923	0.43	1.0	404	9.709	0.31	1.0	513	109	neither
LTR66	Mafb (MA0117.3)	GCTGA	AAYWWGCTKAC	2.72	6.331	0.43	1.0	405	6.953	0.39	1.0	441	36	neither
LTR66	PGR (MA2327.1)	ACABDVTGT	ACARNCTGT	2.72	6.281	0.43	1.0	406	4.533	0.6	1.0	308	-98	neither
LTR66	ERF::HOXB13 (MA1937.2)	GGAWRYHRTWA	AGGAWATDRTAWR	2.47	5.728	0.43	1.0	407	4.889	0.51	1.0	356	-51	neither
LTR66	OSR2 (MA1646.2)	CAGAAGC	VCAGAAGC	2.22	5.205	0.43	1.0	408	8.425	0.26	1.0	552	144	neither
LTR66	KLF17 (MA1514.2)	CCACRCWCCC	GCCACCCACCCCTG	1.98	4.622	0.43	1.0	409	6.123	0.32	1.0	508	99	neither
LTR66	SOX10 (MA0442.3)	ACAAAG	ACAAAG	9.38	22.321	0.42	1.0	410	24.257	0.39	1.0	439	29	neither
LTR66	HLF (MA0043.4)	TTATGYAA	TTATATAAT	3.95	9.452	0.42	1.0	411	7.477	0.53	1.0	344	-67	neither
LTR66	Stat5a (MA1624.2)	TCCWRGAA	YTCCMRGAA	3.7	8.919	0.42	1.0	412	9.59	0.39	1.0	440	28	neither
LTR66	Dux (MA0611.3)	GATTBAATCA	WGATTSAAWYA	3.46	8.168	0.42	1.0	413	6.528	0.53	1.0	346	-67	neither
LTR66	CREB3L4 (MA1474.2)	CACGT	RCCACGTMMS	0.74	1.778	0.42	1.0	414	1.393	0.53	1.0	351	-63	neither
LTR66	Irf1 (MA0050.4)	GAAASTGAAA	DGAAAMWGARA	6.42	15.565	0.41	1.0	415	24.78	0.26	1.0	551	136	neither
LTR66	ESRRB (MA0141.4)	CAAGGTCA	TMAAGKTCAW	3.21	7.832	0.41	1.0	416	6.44	0.5	1.0	364	-52	neither
LTR66	CUX1 (MA0754.3)	AATCRAT	AAATCAATA	2.47	6.035	0.41	1.0	417	4.632	0.53	1.0	347	-70	neither
LTR66	NRL (MA0842.3)	TGCTGAC	AATTTGCTTAYK	2.47	6.074	0.41	1.0	418	5.896	0.42	1.0	425	7	neither
LTR66	Plagl1 (MA1615.2)	GGGGCCA	AGGGGCCA	1.98	4.76	0.41	1.0	419	5.294	0.37	1.0	459	40	neither
LTR66	SREBF1 (MA0829.3)	TCACSTGA	ATCACCAGAT	1.98	4.83	0.41	1.0	420	5.64	0.35	1.0	478	58	neither
LTR66	SATB1 (MA1963.2)	CTAATAA	CTAATAA	1.73	4.257	0.41	1.0	421	5.225	0.33	1.0	493	72	neither
LTR66	TP63 (MA0525.2)	ACATGTYRKRACATGT	AACAWBTTRYRAMMWKWD	1.73	4.198	0.41	1.0	422	2.825	0.61	1.0	305	-117	neither
LTR66	ZNF682 (MA1599.2)	GCYAAGCCCC	GWSTAAGCCCC	1.48	3.605	0.41	1.0	423	4.494	0.33	1.0	499	76	neither
LTR66	NR6A1 (MA1541.2)	AAGKTCAAG	YRWGTTCAADTKNR	3.21	8.01	0.4	1.0	424	8.059	0.4	1.0	436	12	neither
LTR66	NKX2-8 (MA0673.2)	CACTY	CCACTTRA	2.96	7.328	0.4	1.0	425	5.472	0.54	1.0	341	-84	neither
LTR66	GATA2 (MA0036.4)	TTATC	CTTATCT	1.48	3.723	0.4	1.0	426	4.346	0.34	1.0	486	60	neither
LTR66	NFKB1 (MA0105.4)	GGGGAWTCCCC	WGGKGAWTCMYCH	1.23	3.062	0.4	1.0	427	5.116	0.24	1.0	582	155	neither
LTR66	FLI1 (MA0475.3)	CCGGAA	DCCGGAAAB	0.99	2.449	0.4	1.0	428	1.373	0.72	1.0	280	-148	neither
LTR66	NKX2-5 (MA0063.3)	CACTCAA	CACTYAA	4.2	10.627	0.39	1.0	429	8.504	0.49	1.0	369	-60	neither
LTR66	NFYC (MA1644.2)	CCAATCA	CCAATCA	2.47	6.272	0.39	1.0	430	3.269	0.76	1.0	273	-157	neither
LTR66	Bach1::Mafk (MA0591.2)	TGACTCAGCA	CMTGACTMAGCH	1.98	5.047	0.39	1.0	431	5.57	0.35	1.0	476	45	neither
LTR66	CTCF (MA1930.2)	TGCAVTDHHVVVHHHHDDCCWSYAGRKGG	RWRHWGHKYNGNVTGDVSNMCWSWRGRGGBCWV	1.48	3.832	0.39	1.0	432	4.444	0.33	1.0	494	62	neither
LTR66	NHLH2 (MA1529.2)	CAGCTGCG	SDBCBCAGCTGBGCHB	0.99	2.509	0.39	1.0	433	3.605	0.27	1.0	548	115	neither
LTR66	PAX1 (MA0779.2)	GTCACGCWTSAVT	GKHCACKSAYGAGTGG	0.99	2.558	0.39	1.0	434	1.491	0.66	1.0	291	-143	neither
LTR66	ZIM3 (MA1709.2)	AACAGAAABC	MAACAGAAWMY	4.44	11.714	0.38	1.0	435	18.252	0.24	1.0	575	140	neither
LTR66	MAF::NFE2 (MA0501.2)	TGACTCAGCA	ATGACWMWGCM	2.72	7.072	0.38	1.0	436	6.104	0.44	1.0	409	-27	neither
LTR66	TCF4 (MA0830.3)	CACCTG	GCACCTGT	1.73	4.602	0.38	1.0	437	8.188	0.21	1.0	611	174	neither
LTR66	ZNF135 (MA1587.1)	CTCGACCTCC	MSTKGACCTCCTKS	1.48	3.862	0.38	1.0	438	17.481	0.08	1.0	773	335	neither
LTR66	MYF5 (MA1641.2)	CAGCTG	HCAGCTGD	1.23	3.249	0.38	1.0	439	4.158	0.3	1.0	520	81	neither
LTR66	Ptf1A (MA1619.2)	CAGCTG	MCAGCTGD	1.23	3.249	0.38	1.0	440	4.158	0.3	1.0	521	81	neither
LTR66	Bcl11B (MA1989.2)	ACCACA	AAACCACAR	4.2	11.496	0.37	1.0	441	11.042	0.38	1.0	449	8	neither
LTR66	NFATC4 (MA1525.3)	GGAAA	KTGGAAAMW	4.2	11.437	0.37	1.0	442	10.499	0.4	1.0	434	-8	neither
LTR66	Nkx3-2 (MA0122.4)	CACTTA	WYCCACTTAW	2.72	7.378	0.37	1.0	443	7.565	0.36	1.0	462	19	neither
LTR66	RREB1 (MA0073.2)	MCMCMAMMCAMCMMC	CMMMCAMACAMACAMWYHV	2.72	7.378	0.37	1.0	444	11.486	0.24	1.0	577	133	neither
LTR66	TFAP4 (MA1570.1)	CAYRTG	AACATATGKW	2.72	7.427	0.37	1.0	445	4.8	0.57	1.0	328	-117	neither
LTR66	Alx1 (MA0854.2)	TAATTA	TYAATTRA	2.47	6.706	0.37	1.0	446	7.753	0.32	1.0	504	58	neither
LTR66	ZKSCAN1 (MA1585.2)	AGTAGG	AGAGTAGGT	1.48	3.99	0.37	1.0	447	4.198	0.35	1.0	479	32	neither
LTR66	ETV5::FOXO1 (MA1947.2)	AACAGGA	RRAAACAGGW	3.46	9.56	0.36	1.0	448	8.168	0.42	1.0	423	-25	neither
LTR66	ZNF675 (MA1714.2)	GRGGMYARAAYG	DVWHVRRGARKANRAAAWG	3.21	8.998	0.36	1.0	449	9.452	0.34	1.0	481	32	neither
LTR66	IRF9 (MA0653.1)	AWCGAAACCGAAAC	ANKGAAAMMGAAAMK	2.72	7.595	0.36	1.0	450	10.894	0.25	1.0	562	112	neither
LTR66	ZNF669 (MA1985.1)	GGSYGAYGMCC	RGGCAGATGCCCAGR	0.74	2.084	0.36	1.0	451	1.491	0.5	1.0	368	-83	neither
LTR66	HINFP (MA0131.3)	CGTCCGC		0.25	0.681	0.36	1.0	452	0.395	0.62	1.0	301	-151	neither
LTR66	KLF15 (MA1513.2)	CCCGCCC		0.25	0.691	0.36	1.0	453	1.896	0.13	1.0	697	244	neither
LTR66	THAP1 (MA0597.3)	AGGGCA	GAAGGGCA	2.47	7.062	0.35	1.0	454	6.854	0.36	1.0	463	9	neither
LTR66	HOXC13 (MA0907.2)	CTCGTAAA	MTCRTAAAA	1.98	5.669	0.35	1.0	455	6.232	0.32	1.0	507	52	neither
LTR66	HOXD11 (MA0908.2)	TCGTAAA	ATCRTAAAA	1.98	5.709	0.35	1.0	456	5.946	0.33	1.0	492	36	neither
LTR66	Hoxa11 (MA0911.2)	TCRTWAA	MTCRTAAAA	1.48	4.257	0.35	1.0	457	4.306	0.34	1.0	487	30	neither
LTR66	ZNF263 (MA0528.3)	GGGAGGA	GGGAGGA	1.48	4.267	0.35	1.0	458	7.427	0.2	1.0	619	161	neither
LTR66	Foxn1 (MA1684.1)	GAMGC	GGACGC	0.74	2.143	0.35	1.0	459	1.669	0.44	1.0	411	-48	neither
LTR66	GLIS1 (MA0735.2)	GACCCCCCACGWWG	RGMCCCKTCACGAMK	0.74	2.094	0.35	1.0	460	1.353	0.55	1.0	337	-123	neither
LTR66	MYBL2 (MA0777.1)	CCGTTWAAC	MWCDGTTAAACTGYT	0.74	2.133	0.35	1.0	461	0.998	0.74	1.0	277	-184	neither
LTR66	XBP1 (MA0844.2)	CACGTCA		0.49	1.393	0.35	1.0	462	0.928	0.53	1.0	352	-110	neither
LTR66	IRF7 (MA0772.2)	CGAAARYGAAA	SDAAAWYGAAARD	3.46	10.084	0.34	1.0	463	15.24	0.23	1.0	587	124	neither
LTR66	THRB (MA1574.2)	GGTCARAGGT	RGKKYAAAGKTHR	2.22	6.469	0.34	1.0	464	5.857	0.38	1.0	451	-13	neither
LTR66	BHLHA15 (MA0607.2)	CATATG	WACATATGTW	1.98	5.877	0.34	1.0	465	3.16	0.62	1.0	300	-165	neither
LTR66	FOSB::JUNB (MA1135.2)	TGASTCA	ATGAYTMAK	1.98	5.827	0.34	1.0	466	4.435	0.45	1.0	404	-62	neither
LTR66	Tcf21 (MA0832.2)	AACAGCTGTT	RMCAGBTGKY	1.73	5.146	0.34	1.0	467	4.8	0.36	1.0	467	0	neither
LTR66	NHLH1 (MA0048.3)	CAGCTG	CVCAGCTGM	0.99	2.864	0.34	1.0	468	5.314	0.19	1.0	630	162	neither
LTR66	ELK3 (MA0759.3)	CCGGAAGT		0.49	1.452	0.34	1.0	469	0.84	0.59	1.0	320	-149	neither
LTR66	Elf5 (MA0136.4)	AGGAAG	AAGGAART	3.46	10.4	0.33	1.0	470	15.565	0.22	1.0	593	123	neither
LTR66	ATF2 (MA1632.2)	ATGABGTCA	ATKATGTCAT	2.47	7.546	0.33	1.0	471	7.595	0.33	1.0	491	20	neither
LTR66	Prdm5 (MA1999.2)	TCTCC	STTCYCCATST	2.47	7.516	0.33	1.0	472	10.163	0.24	1.0	579	107	neither
LTR66	ETV5::FOXI1 (MA1946.2)	GKMAACMGGAWG	VRMMACAGGAWG	2.22	6.706	0.33	1.0	473	7.151	0.31	1.0	514	41	neither
LTR66	ZNF684 (MA1600.2)	ACAGTCCACCCCWT	WCWGTCCWTCCCWT	2.22	6.716	0.33	1.0	474	6.114	0.36	1.0	464	-10	neither
LTR66	BHLHE23 (MA0817.2)	AMCATATG	WACATATGTW	1.98	6.025	0.33	1.0	475	3.714	0.53	1.0	348	-127	neither
LTR66	HOXC10 (MA0905.2)	TCRTWAA	MTCRTAAAA	1.98	5.916	0.33	1.0	476	6.123	0.32	1.0	506	30	neither
LTR66	OLIG1 (MA0826.1)	AMCATATG	WACATATGTW	1.98	5.916	0.33	1.0	477	3.615	0.55	1.0	336	-141	neither
LTR66	NR1D1 (MA1531.2)	GGTYASTRGGTCA	AGGGCTCTAGGHCA	1.73	5.205	0.33	1.0	478	6.528	0.26	1.0	556	78	neither
LTR66	BARX1 (MA0875.2)	ATTA	CAATTA	6.67	20.82	0.32	1.0	479	14.657	0.45	1.0	383	-96	neither
LTR66	BSX (MA0876.2)	ATTA	CAATTA	6.67	20.82	0.32	1.0	480	14.657	0.45	1.0	384	-96	neither
LTR66	DLX1 (MA0879.3)	ATTA	CAATTA	6.67	20.82	0.32	1.0	481	14.657	0.45	1.0	385	-96	neither
LTR66	DLX6 (MA0882.2)	AATTA	CAATTA	6.67	20.82	0.32	1.0	482	14.657	0.45	1.0	386	-96	neither
LTR66	Dlx3 (MA0880.2)	ATTA	CAATTA	6.67	20.82	0.32	1.0	483	14.657	0.45	1.0	387	-96	neither
LTR66	Dlx4 (MA0881.2)	ATTA	CAATTA	6.67	20.82	0.32	1.0	484	14.657	0.45	1.0	388	-96	neither
LTR66	GBX2 (MA0890.2)	AATTA	CAATTA	6.67	20.82	0.32	1.0	485	14.657	0.45	1.0	389	-96	neither
LTR66	HESX1 (MA0894.2)	TAATT	TAATTG	6.67	20.82	0.32	1.0	486	14.657	0.45	1.0	390	-96	neither
LTR66	HOXA7 (MA1498.3)	ATTA	CAATTA	6.67	20.82	0.32	1.0	487	14.657	0.45	1.0	391	-96	neither
LTR66	LBX2 (MA0699.2)	AATTA	CAATTA	6.67	20.82	0.32	1.0	488	14.657	0.45	1.0	392	-96	neither
LTR66	LHX2 (MA0700.3)	CAATTA	CAATTA	6.67	20.82	0.32	1.0	489	14.657	0.45	1.0	393	-96	neither
LTR66	MSX1 (MA0666.3)	AATTA	CAATTA	6.67	20.82	0.32	1.0	490	14.657	0.45	1.0	394	-96	neither
LTR66	MSX2 (MA0708.3)	AATTA	CAATTA	6.67	20.82	0.32	1.0	491	14.657	0.45	1.0	395	-96	neither
LTR66	Msx3 (MA0709.2)	AATTA	CAATTA	6.67	20.82	0.32	1.0	492	14.657	0.45	1.0	396	-96	neither
LTR66	Nobox (MA0125.2)	TAATT	TAATTG	6.67	20.82	0.32	1.0	493	14.657	0.45	1.0	397	-96	neither
LTR66	RAX (MA0718.2)	AATTA	CAATTA	6.67	20.82	0.32	1.0	494	14.657	0.45	1.0	398	-96	neither
LTR66	RAX2 (MA0717.2)	ATTA	CAATTA	6.67	20.82	0.32	1.0	495	14.657	0.45	1.0	399	-96	neither
LTR66	SHOX (MA0630.2)	TAAT	TAATTG	6.67	20.82	0.32	1.0	496	14.657	0.45	1.0	400	-96	neither
LTR66	TCF7L1 (MA1421.1)	AGATCAAAG	WRAKWTCAAAKK	3.7	11.427	0.32	1.0	497	11.269	0.33	1.0	490	-7	neither
LTR66	Prdm15 (MA1616.2)	AAAACCYGG	SAARTCCTGGA	2.96	9.195	0.32	1.0	498	8.681	0.34	1.0	483	-15	neither
LTR66	FOS::JUND (MA1141.2)	TGAGTCA	MTKARTCAT	2.22	6.963	0.32	1.0	499	5.057	0.44	1.0	410	-89	neither
LTR66	FOSL1::JUNB (MA1137.2)	TGASTMA	ATGAYTMAK	2.22	6.923	0.32	1.0	500	4.622	0.48	1.0	376	-124	neither
LTR66	SP4 (MA0685.2)	GGGMGGRG	GGGGAGGDG	1.23	3.881	0.32	1.0	501	8.593	0.14	1.0	684	183	neither
LTR66	ETV6 (MA0645.2)	GGAAGT	CMGGAAGTW	0.99	3.131	0.32	1.0	502	2.963	0.33	1.0	500	-2	neither
LTR66	MEIS1 (MA0498.3)	TGACA	TGACA	16.3	53.323	0.31	1.0	503	42.953	0.38	1.0	446	-57	neither
LTR66	ISL2 (MA0914.2)	CAMTTA	CACTTA	4.44	14.449	0.31	1.0	504	13.719	0.32	1.0	502	-2	neither
LTR66	Sox11 (MA0869.3)	ACAAAG	RMACAAAG	3.46	11.022	0.31	1.0	505	10.756	0.32	1.0	503	-2	neither
LTR66	NFYA (MA0060.4)	CCAATCA	CCAATCAY	2.47	7.881	0.31	1.0	506	4.217	0.59	1.0	316	-190	neither
LTR66	MGA (MA0801.1)	GTGTGA	WSGTGTGA	2.22	7.23	0.31	1.0	507	7.536	0.29	1.0	530	23	neither
LTR66	BHLHE22 (MA1635.2)	CAGCTG	CAGCTG	1.98	6.291	0.31	1.0	508	9.402	0.21	1.0	605	97	neither
LTR66	Neurod2 (MA1993.2)	CAGCTG	CAGCTG	1.98	6.291	0.31	1.0	509	9.402	0.21	1.0	606	97	neither
LTR66	Olig2 (MA1997.2)	CAGCTG	CAGCTG	1.98	6.291	0.31	1.0	510	9.402	0.21	1.0	607	97	neither
LTR66	Tcf12 (MA0521.3)	CAGCTG	CAGCTG	1.98	6.291	0.31	1.0	511	9.402	0.21	1.0	608	97	neither
LTR66	Twist2 (MA0633.3)	CAGCTG	CAGCTG	1.98	6.291	0.31	1.0	512	9.402	0.21	1.0	609	97	neither
LTR66	INSM1 (MA0155.1)	TGYMWGGGG	KGKMWGGGGGWR	1.73	5.541	0.31	1.0	513	5.689	0.3	1.0	519	6	neither
LTR66	MSC (MA0665.1)	ACAGCTGTT	RCCASCTGTY	1.73	5.59	0.31	1.0	514	5.412	0.32	1.0	510	-4	neither
LTR66	HOXB9 (MA1503.2)	TCRTAAA	MTCRTAAAA	1.48	4.84	0.31	1.0	515	4.77	0.31	1.0	516	1	neither
LTR66	HOXC12 (MA0906.2)	TCGTAAA	AATHRTAAAA	1.48	4.76	0.31	1.0	516	4.8	0.31	1.0	517	1	neither
LTR66	HOXC9 (MA0485.3)	TCGTAAA	MTCRTAAAA	1.48	4.84	0.31	1.0	517	4.77	0.31	1.0	518	1	neither
LTR66	ETV5 (MA0765.4)	CCGGAAGT		0.49	1.59	0.31	1.0	518	0.84	0.59	1.0	321	-197	neither
LTR66	ZNF354C (MA0130.1)	CCAC	ATCCAC	4.44	14.696	0.3	1.0	519	13.383	0.33	1.0	489	-30	neither
LTR66	JUN (MA0488.2)	ATGAKGTMA	ATKATGTMAT	2.47	8.316	0.3	1.0	520	7.052	0.35	1.0	475	-45	neither
LTR66	MAFF (MA0495.4)	TCAGCA	GTMAGCWWRTT	2.47	8.178	0.3	1.0	521	8.928	0.28	1.0	536	15	neither
LTR66	ZNF16 (MA1654.2)	GGGAGCCAYKGRRGG	RSTBGKGAGCCMMKGMNGKKK	1.98	6.519	0.3	1.0	522	7.348	0.27	1.0	543	21	neither
LTR66	BHLHE22 (MA0818.2)	AMCATATG	WACATATGTW	1.73	5.788	0.3	1.0	523	3.279	0.53	1.0	349	-174	neither
LTR66	Ebf4 (MA2122.1)	CCCAGGGGA	KSYCMAGGGGM	1.48	4.968	0.3	1.0	524	5.738	0.26	1.0	558	34	neither
LTR66	REST (MA0138.3)	CAGSACCWYGGACAG	KCAVMACMMNGGAVAGMNVY	1.48	4.879	0.3	1.0	525	5.225	0.28	1.0	539	14	neither
LTR66	ZNF281 (MA1630.3)	GGGGGMGGGG	GGRGGARGRR	1.48	4.938	0.3	1.0	526	10.914	0.14	1.0	681	155	neither
LTR66	E2F4 (MA0470.3)	TGGCGCS		0.25	0.81	0.3	1.0	527	0.415	0.6	1.0	311	-216	neither
LTR66	FIGLA (MA0820.2)	CACCTG	CACCTG	4.44	15.111	0.29	1.0	528	19.052	0.23	1.0	585	57	neither
LTR66	ZEB1 (MA0103.4)	CACCTG	CACCTG	4.44	15.111	0.29	1.0	529	19.052	0.23	1.0	586	57	neither
LTR66	CDX4 (MA1473.2)	GYMATAAA	RYMATAAAM	2.96	10.38	0.29	1.0	530	14.36	0.21	1.0	604	74	neither
LTR66	ETV2::FOXI1 (MA1942.2)	ACAGGAWR	MWACAGKAAGS	2.47	8.514	0.29	1.0	531	9.156	0.27	1.0	542	11	neither
LTR66	FOSL1::JUN (MA1128.2)	TGACTCA	ATGAYTMAK	2.22	7.605	0.29	1.0	532	5.146	0.43	1.0	418	-114	neither
LTR66	FOSL1::JUND (MA1142.2)	TGASKMA	ATGACTAA	1.98	6.854	0.29	1.0	533	5.244	0.38	1.0	452	-81	neither
LTR66	THRB (MA1576.2)	TSACCTBRSRTGACCTYA	TSWYSWGAMSKGHCCTCR	1.73	6.005	0.29	1.0	534	6.469	0.27	1.0	545	11	neither
LTR66	CTCF (MA0139.2)	CCASYAGRKGGC	ACCWCMAGRGGRVNM	1.23	4.207	0.29	1.0	535	5.56	0.22	1.0	597	62	neither
LTR66	Ar (MA0007.4)	RGWACAYVRTGTWC	RRGYMSADDHTSTDCC	0.99	3.417	0.29	1.0	536	2.756	0.36	1.0	471	-65	neither
LTR66	ERF (MA0760.2)	ACCGGAART	ACVGGAARK	0.74	2.538	0.29	1.0	537	1.738	0.43	1.0	420	-117	neither
LTR66	SPDEF (MA0686.2)	AMCCGGATRT	ACSMGGAWRY	0.74	2.558	0.29	1.0	538	1.254	0.59	1.0	319	-219	neither
LTR66	ZSCAN29 (MA1602.2)	GTCTACRC	YGTCYATGCAS	0.74	2.538	0.29	1.0	539	2.005	0.37	1.0	460	-79	neither
LTR66	MXI1 (MA1108.3)	CACATG	CACATG	6.17	22.183	0.28	1.0	540	17.156	0.36	1.0	461	-79	neither
LTR66	ZNF582 (MA1983.2)	TTACTTGCAGCYVA	TRTKTTCCTTGMRSCCARW	2.22	8.079	0.28	1.0	541	8.494	0.26	1.0	553	12	neither
LTR66	JUN::JUNB (MA1132.2)	TGACKMA	ATGACTAA	1.48	5.304	0.28	1.0	542	4.533	0.33	1.0	498	-44	neither
LTR66	Bhlha15 (MA1472.3)	CAGCTG	MCAGCTGK	0.74	2.667	0.28	1.0	543	3.407	0.22	1.0	602	59	neither
LTR66	SP5 (MA1965.2)	CCTCCC	CCTCCC	3.46	12.81	0.27	1.0	544	25.323	0.14	1.0	678	134	neither
LTR66	ZNF766 (MA2098.1)	AAKAAACC	AWGAAACCT	2.47	9.156	0.27	1.0	545	10.578	0.23	1.0	588	43	neither
LTR66	RORC (MA1151.2)	AWBTRGGKCA	AARKRGGTCA	2.22	8.296	0.27	1.0	546	5.659	0.39	1.0	443	-103	neither
LTR66	OLIG2 (MA0678.1)	CATATG	WACATATGTW	1.98	7.19	0.27	1.0	547	4.662	0.42	1.0	426	-121	neither
LTR66	OLIG3 (MA0827.1)	CATATG	WACATATGTW	1.98	7.19	0.27	1.0	548	4.879	0.4	1.0	438	-110	neither
LTR66	NEUROG1 (MA0623.2)	CATATG	WACATATGTW	1.73	6.321	0.27	1.0	549	3.457	0.5	1.0	366	-183	neither
LTR66	FOSL2::JUN (MA1130.2)	TGASTCA	RTKARTCAT	1.48	5.531	0.27	1.0	550	4.099	0.36	1.0	468	-82	neither
LTR66	HOXD12::ELK1 (MA1958.2)	CGGAAGTYGTAAA	VGGAARWNGKWAA	1.48	5.462	0.27	1.0	551	5.314	0.28	1.0	538	-13	neither
LTR66	HOXD10 (MA1506.2)	TCGTAAA	AATCRTAAAA	1.23	4.583	0.27	1.0	552	4.652	0.27	1.0	547	-5	neither
LTR66	NR3C2 (MA0727.2)	GWACAYDRTGTWC	RGNASAWVWTGTMCY	0.99	3.625	0.27	1.0	553	2.4	0.41	1.0	433	-120	neither
LTR66	CEBPE (MA0837.3)	TTGCGCAA	VTTRYRYAAB	0.74	2.756	0.27	1.0	554	2.173	0.34	1.0	488	-66	neither
LTR66	ELK1 (MA0028.3)	CCGGAAGT		0.49	1.798	0.27	1.0	555	1.077	0.46	1.0	382	-173	neither
LTR66	ELK1::SREBF2 (MA1933.2)	CGGAAGTSRCGTG		0.49	1.857	0.27	1.0	556	1.659	0.3	1.0	527	-29	neither
LTR66	SPIB (MA0081.3)	CACTTCC	TCWYTTCCYYWYY	2.47	9.343	0.26	1.0	557	12.968	0.19	1.0	626	69	neither
LTR66	ATOH7 (MA1468.1)	CATMTG	YACATATGTT	1.98	7.664	0.26	1.0	558	5.363	0.37	1.0	457	-101	neither
LTR66	NR1I3 (MA1534.2)	TGAACT	TGAACTTW	1.98	7.565	0.26	1.0	559	6.775	0.29	1.0	532	-27	neither
LTR66	GATA6 (MA1104.3)	TTATC	NCTTATCT	1.73	6.657	0.26	1.0	560	6.686	0.26	1.0	555	-5	neither
LTR66	TBX1 (MA0805.1)	AGGTGTGA	ASGTGTSA	1.73	6.765	0.26	1.0	561	6.607	0.26	1.0	557	-4	neither
LTR66	FOSL2::JUNB (MA1138.2)	TGASTCA	ATGAYTMAT	1.48	5.788	0.26	1.0	562	4.425	0.33	1.0	496	-66	neither
LTR66	Nkx2-1 (MA1994.2)	CACTTGA	CACTTGA	1.48	5.64	0.26	1.0	563	6.864	0.22	1.0	596	33	neither
LTR66	Zic2 (MA1629.2)	CWCAGCAGG	CASAGCAGG	1.48	5.709	0.26	1.0	564	7.664	0.19	1.0	628	64	neither
LTR66	ASCL1 (MA1631.2)	CACCTGC	CCACCTGTC	1.23	4.82	0.26	1.0	565	8.563	0.14	1.0	682	117	neither
LTR66	Zic1::Zic2 (MA1628.2)	CAGCAGG	CAGCAGG	0.99	3.783	0.26	1.0	566	5.205	0.19	1.0	632	66	neither
LTR66	Zic3 (MA0697.3)	CAGCAGG	CAGCAGG	0.99	3.783	0.26	1.0	567	5.205	0.19	1.0	633	66	neither
LTR66	ETV4 (MA0764.4)	CCGGA		0.49	1.896	0.26	1.0	568	1.037	0.48	1.0	377	-191	neither
LTR66	Pax7 (MA0680.3)	AATCAATT	WAMTHAATTW	2.96	12.04	0.25	1.0	569	12.207	0.24	1.0	576	7	neither
LTR66	ESRRA (MA0592.4)	CAAGGTCA	TAAAGGTCA	1.98	8.0	0.25	1.0	570	6.953	0.28	1.0	537	-33	neither
LTR66	SCRT1 (MA0743.3)	CAACAGGT	YSAACARGTB	1.98	7.783	0.25	1.0	571	6.242	0.32	1.0	509	-62	neither
LTR66	TBX21 (MA0690.3)	TCACACCT	YTCACACSTT	1.98	7.872	0.25	1.0	572	7.931	0.25	1.0	564	-8	neither
LTR66	FOS::JUNB (MA1134.2)	TGASTCA	RTKARTCAT	1.48	5.827	0.25	1.0	573	4.435	0.33	1.0	495	-78	neither
LTR66	FOSL2::JUND (MA1144.2)	TGASTCA	ATGAYTMAY	1.48	5.827	0.25	1.0	574	4.435	0.33	1.0	497	-77	neither
LTR66	PPARG (MA0066.2)	TRGGTCANBDTSACCYA	CAGGGATGGGTGACCTACT	1.48	6.025	0.25	1.0	575	5.185	0.29	1.0	533	-42	neither
LTR66	HOXB8 (MA1502.2)	YMATTA	GCAATTA	1.23	4.958	0.25	1.0	576	3.398	0.36	1.0	469	-107	neither
LTR66	HOXD8 (MA0910.3)	YMATTA	GCAATTA	1.23	4.958	0.25	1.0	577	3.398	0.36	1.0	470	-107	neither
LTR66	ETV2 (MA0762.2)	ACCGGAAR	ACAGGAAAB	0.99	4.02	0.25	1.0	578	3.279	0.3	1.0	524	-54	neither
LTR66	RARG (MA1553.2)	GKTCATGACC	AAGTTGTGACCTT	0.99	4.01	0.25	1.0	579	3.299	0.3	1.0	525	-54	neither
LTR66	ELK1::HOXA1 (MA1931.1)	CGGAAG	HCYGGAAGYHRKKS	0.74	2.943	0.25	1.0	580	2.696	0.27	1.0	550	-30	neither
LTR66	RFX7 (MA1554.2)	GTTRC	YGTTRCYA	0.74	2.983	0.25	1.0	581	1.956	0.38	1.0	453	-128	neither
LTR66	ASCL1 (MA1100.3)	CASSTG	RCAGCTGB	0.49	1.985	0.25	1.0	582	4.178	0.12	1.0	705	123	neither
LTR66	FEV (MA0156.4)	ACCGGAAGT		0.49	1.946	0.25	1.0	583	1.096	0.45	1.0	405	-178	neither
LTR66	RUNX3 (MA0684.3)	ACCWCA	AACCACAA	1.98	8.109	0.24	1.0	584	8.099	0.24	1.0	580	-4	neither
LTR66	NR1D2 (MA1532.2)	TRGGTYAGTRGGTCA	TAGGGCTCTAGGCCA	1.48	6.064	0.24	1.0	585	6.064	0.24	1.0	581	-4	neither
LTR66	ETV2::DRGX (MA1940.2)	CGGAWRYRATTA	MGGATDTAATAA	1.23	5.156	0.24	1.0	586	4.889	0.25	1.0	567	-19	neither
LTR66	TFEB (MA0692.2)	CACRTG	CACATGAC	1.23	5.057	0.24	1.0	587	4.099	0.3	1.0	523	-64	neither
LTR66	Tfcp2l1 (MA0145.2)	CCRGYYHVRDCCRG	CCAGWNKBDDCYRG	0.99	4.099	0.24	1.0	588	4.691	0.21	1.0	614	26	neither
LTR66	ZNF417 (MA1727.2)	GGCGCCA	GGTGCCA	0.99	4.188	0.24	1.0	589	3.684	0.27	1.0	549	-40	neither
LTR66	ETS1 (MA0098.4)	CCGGAW	DCMGGAARY	0.74	3.101	0.24	1.0	590	2.054	0.36	1.0	473	-117	neither
LTR66	GLIS2 (MA0736.1)	ACCCCCCRCRDHG	BRCCCCACRYDDVK	0.74	3.151	0.24	1.0	591	2.548	0.29	1.0	534	-57	neither
LTR66	RFX3 (MA0798.3)	GTTRCCATGGCAAC	VGTDGBYWTRGMAACT	0.74	3.101	0.24	1.0	592	2.242	0.33	1.0	501	-91	neither
LTR66	ZNF524 (MA2096.1)	TCGVACCC	YTTGRACCC	0.74	3.042	0.24	1.0	593	4.277	0.17	1.0	657	64	neither
LTR66	KLF12 (MA0742.2)	GGGCGKGG		0.49	2.025	0.24	1.0	594	5.294	0.09	1.0	767	173	neither
LTR66	RFX4 (MA0799.3)	GTTGCYWRGCAAC	GTTDCTNAGHAAC	0.49	2.054	0.24	1.0	595	1.254	0.39	1.0	445	-150	neither
LTR66	Sox1 (MA0870.1)	ACAATWVCATTGT	VNCAMWWVNAKTGNK	2.22	9.64	0.23	1.0	596	7.763	0.29	1.0	531	-65	neither
LTR66	Rarb (MA0857.1)	AGGTCAAAAGGTCA	KRASKYMARAAGGTYA	1.98	8.563	0.23	1.0	597	10.726	0.18	1.0	637	40	neither
LTR66	Tbx6 (MA1567.3)	GGTGTGAA	WGGTGWGAR	1.98	8.593	0.23	1.0	598	8.998	0.22	1.0	595	-3	neither
LTR66	MAFG::NFE2L1 (MA0089.3)	ATGACTCAGCA	VTGACTMAGCM	1.73	7.556	0.23	1.0	599	6.519	0.27	1.0	544	-55	neither
LTR66	MZF1 (MA0056.3)	ATCCCC	AATCCCCM	1.73	7.546	0.23	1.0	600	5.59	0.31	1.0	515	-85	neither
LTR66	FOS::JUN (MA0099.4)	TGASTCA	RTKARTCAT	1.48	6.341	0.23	1.0	601	4.375	0.34	1.0	485	-116	neither
LTR66	DUXA (MA0884.2)	TRAYTWARTYA	YTRATTNAATYAR	1.23	5.452	0.23	1.0	602	6.153	0.2	1.0	620	18	neither
LTR66	GATA5 (MA0766.3)	GATAA	AGATAASG	1.23	5.353	0.23	1.0	603	4.968	0.25	1.0	568	-35	neither
LTR66	PAX6 (MA0069.1)	TYACGCWTSA	TTYAHGSWYDAGTG	1.23	5.462	0.23	1.0	604	4.454	0.28	1.0	540	-64	neither
LTR66	RARA::RXRG (MA1149.2)	GGTCAHNBDVRGG	RGDTCAHVDHAAGGTCA	1.23	5.304	0.23	1.0	605	4.158	0.3	1.0	522	-83	neither
LTR66	HOXB2::ELK1 (MA1957.1)	CGGAAGTMRT	YSMGGAAGYWRKKK	0.74	3.2	0.23	1.0	606	3.091	0.24	1.0	583	-23	neither
LTR66	KLF14 (MA0740.2)	GGGCGKG	KGGGMGGGR	0.74	3.24	0.23	1.0	607	7.002	0.11	1.0	722	115	neither
LTR66	MYOG (MA0500.3)	CAGCTG	VCAGCTGB	0.49	2.133	0.23	1.0	608	3.911	0.13	1.0	695	87	neither
LTR66	TCF7L2 (MA0523.2)	WTCAAAG	RGATSAAAG	2.72	12.089	0.22	1.0	609	10.983	0.25	1.0	563	-46	neither
LTR66	Yy1 (MA0095.4)	AARATGG	SAAAATGG	2.72	12.514	0.22	1.0	610	15.694	0.17	1.0	650	40	neither
LTR66	PBX1 (MA0070.2)	ATCAATCA	ATCAATCWW	2.47	11.259	0.22	1.0	611	6.36	0.39	1.0	442	-169	neither
LTR66	FLI1::FOXI1 (MA1950.2)	ACAGGA	WNHACAGGAWR	2.22	9.995	0.22	1.0	612	10.074	0.22	1.0	594	-18	neither
LTR66	ZBTB18 (MA0698.2)	CAGATGT	AWSCAGWTGTW	1.98	9.106	0.22	1.0	613	10.044	0.2	1.0	616	3	neither
LTR66	ETV5::HOXA2 (MA1948.2)	GGAWGTMRTYA	GGGAAGCAACTA	0.99	4.593	0.22	1.0	614	4.444	0.22	1.0	599	-15	neither
LTR66	TFAP4::FLI1 (MA1967.2)	CGGAAACAGCTG	TSCGBAVACAGCTG	0.99	4.583	0.22	1.0	615	5.531	0.18	1.0	642	27	neither
LTR66	ZNF320 (MA1976.2)	GKRGGRBCMRGGGG	GGNGGVCYCTKGAGMCYRGG	0.99	4.395	0.22	1.0	616	7.398	0.13	1.0	693	77	neither
LTR66	ZNF211 (MA1974.2)	ATATACCA	TATATAYCMY	3.95	19.22	0.21	1.0	617	7.516	0.53	1.0	345	-272	neither
LTR66	ZNF324 (MA1977.2)	GHYARGGATGGYT	RKRCAARGATRGWT	1.48	7.151	0.21	1.0	618	8.948	0.17	1.0	651	33	neither
LTR66	TGIF1 (MA0796.1)	TGACAGCTGTCA	TGASAGSTCTCA	1.23	5.817	0.21	1.0	619	6.114	0.2	1.0	621	2	neither
LTR66	FLI1::DRGX (MA1949.2)	CGGAWRYMAT	HVMGGAWRYAATAR	0.99	4.602	0.21	1.0	620	4.0	0.25	1.0	571	-49	neither
LTR66	HSF4 (MA0771.1)	TCYRGAABVTTC	BDCTGGAAGATTC	0.99	4.79	0.21	1.0	621	5.847	0.17	1.0	655	34	neither
LTR66	Znf423 (MA0116.1)	SMMCCYWRGGKKKM	ACMMCYCADGGGKGC	0.99	4.711	0.21	1.0	622	3.328	0.3	1.0	526	-96	neither
LTR66	GCM2 (MA0767.2)	TGCGGG	ATGKGGGT	0.74	3.575	0.21	1.0	623	2.637	0.28	1.0	541	-82	neither
LTR66	OSR1 (MA1542.2)	GCTACYG		0.49	2.301	0.21	1.0	624	2.864	0.17	1.0	659	35	neither
LTR66	THRB (MA1575.2)	TGWCCTBRHYVAGGWCA	TDHCCTKBNVMAGGDHA	0.49	2.37	0.21	1.0	625	2.706	0.18	1.0	646	21	neither
LTR66	ZBED2 (MA1971.2)	CGAAAC		0.25	1.165	0.21	1.0	626	0.978	0.25	1.0	574	-52	neither
LTR66	PKNOX1 (MA0782.3)	GAKTGACA	WGAKTGACWK	1.73	8.573	0.2	1.0	627	8.109	0.21	1.0	610	-17	neither
LTR66	ZBTB32 (MA1580.1)	GTACAGT	KDTACAGTMW	1.48	7.388	0.2	1.0	628	7.338	0.2	1.0	618	-10	neither
LTR66	FOSL2 (MA0478.2)	TGASTCA	RATGAYTMAT	1.23	6.163	0.2	1.0	629	9.511	0.13	1.0	692	63	neither
LTR66	ETV7 (MA1708.2)	GGAAR	SMGGAARTD	0.74	3.714	0.2	1.0	630	3.704	0.2	1.0	623	-7	neither
LTR66	HMBOX1 (MA0895.2)	TRGTTA	TAGTTAA	0.74	3.723	0.2	1.0	631	3.98	0.19	1.0	634	3	neither
LTR66	NR3C1 (MA0113.4)	GWACAYDRTGTWC	RGNASAWNWTSTNCY	0.74	3.664	0.2	1.0	632	2.519	0.29	1.0	535	-97	neither
LTR66	NR5A1 (MA1540.3)	TCAAGGYCA	WGTTCAAGKTYA	1.73	8.919	0.19	1.0	633	9.689	0.18	1.0	638	5	neither
LTR66	TEAD1 (MA0090.4)	ACATTCCA	NYATTCCAG	1.73	9.205	0.19	1.0	634	9.709	0.18	1.0	639	5	neither
LTR66	Dlx5 (MA1476.3)	GCAATTA	GCAATTAT	1.23	6.657	0.19	1.0	635	4.879	0.25	1.0	566	-69	neither
LTR66	FOSL1 (MA0477.3)	TGACTCA	RTGAHTMAT	1.23	6.469	0.19	1.0	636	4.78	0.26	1.0	560	-76	neither
LTR66	NFIC (MA0161.3)	CTTGGCA	CTTGGCA	0.99	5.096	0.19	1.0	637	3.891	0.25	1.0	572	-65	neither
LTR66	SREBF1 (MA0595.1)	TCACSCCA	CTCACMCCAC	0.99	5.185	0.19	1.0	638	7.042	0.14	1.0	685	47	neither
LTR66	Spz1 (MA0111.1)	AGGGTWWCA	AGGGWWDCAGM	0.99	5.205	0.19	1.0	639	8.168	0.12	1.0	701	62	neither
LTR66	Ascl2 (MA0816.1)	CAGCTG	GVCAGCTGTC	0.74	3.96	0.19	1.0	640	5.936	0.12	1.0	703	63	neither
LTR66	BACH2 (MA1101.3)	ATGASTCAT	HATGACTMATG	0.74	3.901	0.19	1.0	641	3.437	0.22	1.0	601	-40	neither
LTR66	GLIS3 (MA0737.1)	ACCCCCCACRAMG	BRCCYCACAYMWRK	0.74	3.98	0.19	1.0	642	2.953	0.25	1.0	573	-69	neither
LTR66	SP8 (MA0747.2)	CACKCCC	MCACWCCYMYW	0.74	3.822	0.19	1.0	643	6.943	0.11	1.0	723	80	neither
LTR66	ZNF740 (MA0753.3)	CCCCCCCC	CCCWCCCCAW	0.74	3.852	0.19	1.0	644	5.383	0.14	1.0	688	44	neither
LTR66	ETV3 (MA0763.2)	CGGAART		0.49	2.588	0.19	1.0	645	1.56	0.32	1.0	511	-134	neither
LTR66	MAF (MA1520.2)	GCTKASWMAGC	TGHTGAWTCADCA	0.49	2.647	0.19	1.0	646	3.496	0.14	1.0	690	44	neither
LTR66	NFKB2 (MA0778.2)	GGGGAWTCCCC	GGKGAWTCMCC	0.49	2.598	0.19	1.0	647	4.978	0.1	1.0	759	112	neither
LTR66	HOXB13 (MA0901.3)	CAATAAAA	MYAWTAAAA	2.47	13.58	0.18	1.0	648	21.798	0.11	1.0	718	70	neither
LTR66	Hoxa13 (MA0650.4)	CAATAAA	VCAATAAA	1.98	10.933	0.18	1.0	649	12.919	0.15	1.0	666	17	neither
LTR66	JUNB (MA0490.3)	TGASTCA	RTGAHTMAT	1.23	6.914	0.18	1.0	650	4.849	0.25	1.0	569	-81	neither
LTR66	JUND (MA0491.3)	TGASTCA	RTGAHTMAT	1.23	6.914	0.18	1.0	651	4.968	0.25	1.0	570	-81	neither
LTR66	NR2F1 (MA1537.2)	GGTCAAAGGTCA	RSKKTAAAGGTYR	1.23	6.864	0.18	1.0	652	5.985	0.21	1.0	613	-39	neither
LTR66	Nr2F6 (MA0728.1)	AGGTCAARAGGTCA	RASWTMAAAAGGTYA	1.23	6.933	0.18	1.0	653	11.348	0.11	1.0	719	66	neither
LTR66	HOXD3 (MA0912.2)	TAATTA	CTAATTAY	0.99	5.402	0.18	1.0	654	5.323	0.19	1.0	629	-25	neither
LTR66	ETS2 (MA1484.2)	ACCGGAWG		0.49	2.706	0.18	1.0	655	1.936	0.26	1.0	561	-94	neither
LTR66	PAX5 (MA0014.4)	GCGTGAC		0.25	1.383	0.18	1.0	656	1.264	0.2	1.0	625	-31	neither
LTR66	CDX2 (MA0465.3)	CAATAAA	RCAATAAA	1.98	11.368	0.17	1.0	657	14.173	0.14	1.0	679	22	neither
LTR66	HOXA10 (MA0899.2)	ATWAA	RYMATAAAA	1.98	11.793	0.17	1.0	658	16.77	0.12	1.0	698	40	neither
LTR66	Hoxd13 (MA0909.4)	CAATAA	CAATAAA	1.48	8.543	0.17	1.0	659	10.123	0.15	1.0	667	8	neither
LTR66	Ddit3::Cebpa (MA0019.2)	TGCAAT	HTGCAATASC	1.23	7.121	0.17	1.0	660	5.669	0.22	1.0	598	-62	neither
LTR66	Nr1h3::Rxra (MA0494.2)	TGMCCYVDRRTRRCC	TGAACTCAATTGVACT	1.23	7.338	0.17	1.0	661	8.721	0.14	1.0	683	22	neither
LTR66	PKNOX2 (MA0783.1)	TGACAGSTGTCA	GGACAGGTSTCA	1.23	7.427	0.17	1.0	662	7.378	0.17	1.0	654	-8	neither
LTR66	Rarg (MA0859.2)	RGGTCAAAAGGTCA	DDGKDBVRRAGKTBA	1.23	7.447	0.17	1.0	663	10.123	0.12	1.0	700	37	neither
LTR66	TP53 (MA0106.3)	CATGYCYRGRCATGT	YNCWTGYYYRNRCAWGND	0.74	4.365	0.17	1.0	664	3.032	0.24	1.0	584	-80	neither
LTR66	GCM1 (MA0646.2)	TGCGGGT		0.49	2.943	0.17	1.0	665	2.183	0.23	1.0	591	-74	neither
LTR66	MITF (MA0620.4)	TCACGTGA	VTCATATGAB	0.49	2.904	0.17	1.0	666	2.588	0.19	1.0	635	-31	neither
LTR66	ZIC5 (MA1584.2)	ACCCCCCGCYGHG		0.49	2.983	0.17	1.0	667	2.617	0.19	1.0	636	-31	neither
LTR66	ZNF460 (MA1596.1)	CTCMGCCTCCC		0.49	2.835	0.17	1.0	668	18.153	0.03	1.0	825	157	neither
LTR66	CDX1 (MA0878.3)	GYMATAAA	DGYWATAAAV	1.48	9.175	0.16	1.0	669	11.18	0.13	1.0	691	22	neither
LTR66	MGA::EVX1 (MA1960.2)	GTGWTAAT	KRGTGATAAWT	1.48	9.086	0.16	1.0	670	7.417	0.2	1.0	617	-53	neither
LTR66	Dlx2 (MA0885.3)	GCAATTA	GCAATTAT	1.23	7.654	0.16	1.0	671	5.432	0.23	1.0	589	-82	neither
LTR66	PBX3 (MA1114.2)	TGAKTGACAG	TGAGTGACHGR	1.23	7.911	0.16	1.0	672	8.168	0.15	1.0	671	-1	neither
LTR66	TBX2 (MA0688.2)	GTGTBA	AGGTGWSAW	1.23	7.753	0.16	1.0	673	8.049	0.15	1.0	672	-1	neither
LTR66	TBX3 (MA1566.3)	AGGTGTSA	AGGTGWSAW	1.23	7.644	0.16	1.0	674	7.901	0.16	1.0	662	-12	neither
LTR66	Lhx1 (MA1518.3)	TAATTA	KMTAATTAKM	0.49	3.101	0.16	1.0	675	3.259	0.15	1.0	675	0	neither
LTR66	EGR3 (MA0732.2)	CGCCCMCGCA		0.25	1.531	0.16	1.0	676	2.36	0.1	1.0	760	84	neither
LTR66	JDP2 (MA0655.1)	ATGASTCAT	ATKANTMAT	0.99	6.459	0.15	1.0	677	4.375	0.23	1.0	590	-87	neither
LTR66	TCF7 (MA0769.3)	CTTTGA	CTTTGAT	0.99	6.756	0.15	1.0	678	5.077	0.19	1.0	631	-47	neither
LTR66	Rfx6 (MA1724.2)	CMTAGCAA	CCWAGCAMC	0.74	4.8	0.15	1.0	679	4.435	0.17	1.0	656	-23	neither
LTR66	ESR1 (MA0112.4)	RGGTCAMVRTGACCT		0.49	3.21	0.15	1.0	680	6.281	0.08	1.0	782	102	neither
LTR66	ZBTB7B (MA0694.2)	CGACCMCC		0.49	3.338	0.15	1.0	681	2.291	0.22	1.0	603	-78	neither
LTR66	ZIC4 (MA0751.2)	CCMCCYGYDG		0.49	3.19	0.15	1.0	682	2.686	0.18	1.0	647	-35	neither
LTR66	HNF4G (MA0484.3)	CAAAGTCC	CARAGTCCA	1.23	9.057	0.14	1.0	683	7.417	0.17	1.0	652	-31	neither
LTR66	HOXB6 (MA1500.2)	TAATKR	TAATTGC	1.23	8.593	0.14	1.0	684	6.835	0.18	1.0	640	-44	neither
LTR66	BACH1 (MA1633.2)	ATGACTCA	ATGAHTMAT	0.99	7.2	0.14	1.0	685	5.047	0.2	1.0	622	-63	neither
LTR66	TBX5 (MA0807.1)	GTG	AGGTGTSW	0.99	6.894	0.14	1.0	686	8.119	0.12	1.0	702	16	neither
LTR66	HSF1 (MA0486.2)	TTCYMGAAYVTTC	HWMYRGAASAWTC	0.74	5.284	0.14	1.0	687	6.815	0.11	1.0	721	34	neither
LTR66	REL (MA0101.1)	GGRNWTTCC	KGGCATTTCC	0.74	5.323	0.14	1.0	688	4.148	0.18	1.0	644	-44	neither
LTR66	TGIF2 (MA0797.1)	TGACAGSTGTCA	GGACAGSTCTCA	0.74	5.472	0.14	1.0	689	4.691	0.16	1.0	663	-26	neither
LTR66	CEBPG (MA0838.1)	TTRCGCAA		0.49	3.536	0.14	1.0	690	2.449	0.2	1.0	624	-66	neither
LTR66	HOXA5 (MA0158.2)	YMATTA		0.49	3.526	0.14	1.0	691	2.854	0.17	1.0	658	-33	neither
LTR66	HOXC11 (MA0651.3)	GTCGTAAAA		0.49	3.516	0.14	1.0	692	3.644	0.14	1.0	689	-3	neither
LTR66	Atf1 (MA0604.1)	TGACG		0.25	1.748	0.14	1.0	693	1.086	0.23	1.0	592	-101	neither
LTR66	HIC2 (MA0738.2)	TGCCM	ATGCCC	1.73	13.531	0.13	1.0	694	10.499	0.16	1.0	661	-33	neither
LTR66	DUX4 (MA0468.1)	AAYYYAATCA	TAADTSAATCT	1.48	11.17	0.13	1.0	695	10.914	0.14	1.0	680	-15	neither
LTR66	HNF4A (MA0114.5)	CAAAGTCC	CARAGTCCA	1.23	9.6	0.13	1.0	696	8.01	0.15	1.0	669	-27	neither
LTR66	Six3 (MA0631.2)	GGGTATCA	HWADGGTATCA	0.99	7.575	0.13	1.0	697	4.504	0.22	1.0	600	-97	neither
LTR66	HSF2 (MA0770.1)	TTCTRGAABDTTC	BTCTSGAASMKKY	0.74	5.788	0.13	1.0	698	7.101	0.1	1.0	755	57	neither
LTR66	RELA (MA0107.1)	GGRRTTTCC	SKSMATTTCC	0.74	5.728	0.13	1.0	699	5.027	0.15	1.0	674	-25	neither
LTR66	USF1 (MA0093.4)	CAYGTGA	GTCATGTGRG	0.74	5.56	0.13	1.0	700	5.225	0.14	1.0	687	-13	neither
LTR66	CTCF (MA1929.2)	GCWVYDYYHVVDDBDDMCWSHAGRKG		0.49	3.723	0.13	1.0	701	5.235	0.09	1.0	764	63	neither
LTR66	ESX1 (MA0644.3)	AATTA		0.49	3.773	0.13	1.0	702	3.98	0.12	1.0	707	5	neither
LTR66	FOS::JUN (MA1126.2)	TKRCRTCA		0.49	3.763	0.13	1.0	703	2.37	0.21	1.0	615	-88	neither
LTR66	GBX1 (MA0889.2)	AATTA		0.49	3.773	0.13	1.0	704	3.98	0.12	1.0	708	4	neither
LTR66	LBX1 (MA0618.2)	TAAYWRG		0.49	3.773	0.13	1.0	705	3.98	0.12	1.0	709	4	neither
LTR66	MEOX1 (MA0661.2)	TMATTA		0.49	3.773	0.13	1.0	706	3.98	0.12	1.0	710	4	neither
LTR66	NOTO (MA0710.2)	MATTA		0.49	3.773	0.13	1.0	707	3.98	0.12	1.0	712	5	neither
LTR66	PLAG1 (MA0163.1)	GGGGCCMWMGGGGG		0.49	3.793	0.13	1.0	708	8.03	0.06	1.0	810	102	neither
LTR66	PRRX2 (MA0075.4)	AATTA		0.49	3.773	0.13	1.0	709	3.98	0.12	1.0	713	4	neither
LTR66	RFX5 (MA0510.3)	GTTRCYATRGYAAC	GTWKSYATWSCWAY	0.49	3.941	0.13	1.0	710	3.111	0.16	1.0	664	-46	neither
LTR66	TFAP4 (MA0691.1)	CAGCTG	CWCAGCTGWG	0.49	3.842	0.13	1.0	711	4.257	0.12	1.0	714	3	neither
LTR66	TFCP2 (MA1968.2)	AACCGGWT	VAACYRGTT	0.49	3.852	0.13	1.0	712	2.756	0.18	1.0	645	-67	neither
LTR66	TP73 (MA0861.2)	CAWGTYBDRACAYG	VCWTGYYYRDRCAWGD	0.49	3.694	0.13	1.0	713	3.279	0.15	1.0	676	-37	neither
LTR66	VAX1 (MA0722.2)	AAT		0.49	3.773	0.13	1.0	714	3.98	0.12	1.0	715	1	neither
LTR66	VSX1 (MA0725.2)	AATT		0.49	3.773	0.13	1.0	715	3.98	0.12	1.0	716	1	neither
LTR66	VSX2 (MA0726.2)	AATTA		0.49	3.773	0.13	1.0	716	3.98	0.12	1.0	717	1	neither
LTR66	ZNF770 (MA2099.1)	CRGCCTC		0.49	3.891	0.13	1.0	717	14.844	0.03	1.0	826	109	neither
LTR66	MEIS2 (MA1640.2)	GATTTAT	AGATTKATR	1.48	12.079	0.12	1.0	718	10.104	0.15	1.0	668	-50	neither
LTR66	HOXD9 (MA0913.3)	GYMATAAA	GYAATAAAV	1.23	10.044	0.12	1.0	719	13.61	0.09	1.0	762	43	neither
LTR66	Hmx2 (MA0897.2)	CAATTAA	AHTCAATTAAACATG	1.23	10.716	0.12	1.0	720	10.084	0.12	1.0	699	-21	neither
LTR66	Lef1 (MA0768.3)	CTTTGAT	YCTTTGAT	1.23	10.123	0.12	1.0	721	8.01	0.15	1.0	670	-51	neither
LTR66	Nr5A2 (MA0505.3)	GRCCTTGA	DVACCTTGA	0.99	7.97	0.12	1.0	722	6.558	0.15	1.0	673	-49	neither
LTR66	VEZF1 (MA1578.2)	CCCCCC	CCCCCC	0.99	8.484	0.12	1.0	723	5.402	0.18	1.0	643	-80	neither
LTR66	TEAD3 (MA0808.1)	CATTCC	GCATTCCK	0.74	6.044	0.12	1.0	724	6.607	0.11	1.0	724	0	neither
LTR66	ZNF549 (MA1728.2)	GCTGCCC		0.49	4.049	0.12	1.0	725	5.817	0.08	1.0	787	62	neither
LTR66	MAFA (MA1521.2)	GCTGMSKCAGC		0.25	2.054	0.12	1.0	726	2.973	0.08	1.0	788	62	neither
LTR66	PAX8 (MA2094.1)	GTCACGCWYSR		0.25	1.975	0.12	1.0	727	1.353	0.18	1.0	649	-78	neither
LTR66	PBX2 (MA1113.3)	ATAAATCA	MATAAATMW	1.48	13.244	0.11	1.0	728	14.143	0.1	1.0	727	-1	neither
LTR66	ALX3 (MA0634.2)	ATTA	TAATTA	1.23	10.923	0.11	1.0	729	12.395	0.1	1.0	728	-1	neither
LTR66	DRGX (MA1481.2)	AATTA	TAATTA	1.23	10.923	0.11	1.0	730	12.395	0.1	1.0	729	-1	neither
LTR66	EMX1 (MA0612.3)	TAATTA	TAATTA	1.23	10.923	0.11	1.0	731	12.395	0.1	1.0	730	-1	neither
LTR66	EMX2 (MA0886.2)	TAATTA	TAATTA	1.23	10.923	0.11	1.0	732	12.395	0.1	1.0	731	-1	neither
LTR66	EN1 (MA0027.3)	AATTA	TAATTA	1.23	10.923	0.11	1.0	733	12.395	0.1	1.0	732	-1	neither
LTR66	EVX1 (MA0887.2)	ATTA	TAATTA	1.23	10.923	0.11	1.0	734	12.395	0.1	1.0	733	-1	neither
LTR66	EVX2 (MA0888.2)	ATTA	TAATTA	1.23	10.923	0.11	1.0	735	12.395	0.1	1.0	734	-1	neither
LTR66	GSX1 (MA0892.2)	ATTA	TAATTA	1.23	10.923	0.11	1.0	736	12.395	0.1	1.0	735	-1	neither
LTR66	HOXA1 (MA1495.2)	TMATKA	TAATTA	1.23	10.923	0.11	1.0	737	12.395	0.1	1.0	736	-1	neither
LTR66	HOXA2 (MA0900.3)	TMATTA	TAATTA	1.23	10.923	0.11	1.0	738	12.395	0.1	1.0	737	-1	neither
LTR66	HOXB2 (MA0902.3)	ATTA	TAATTA	1.23	10.923	0.11	1.0	739	12.395	0.1	1.0	738	-1	neither
LTR66	HOXB3 (MA0903.2)	ATTA	TAATTA	1.23	10.923	0.11	1.0	740	12.395	0.1	1.0	739	-1	neither
LTR66	HOXB5 (MA0904.3)	TMATKA	TAATTA	1.23	10.923	0.11	1.0	741	12.395	0.1	1.0	740	-1	neither
LTR66	HOXC8 (MA1505.2)	YMATKR	TAATTA	1.23	10.923	0.11	1.0	742	12.395	0.1	1.0	741	-1	neither
LTR66	ISX (MA0654.2)	AATTA	TAATTA	1.23	10.923	0.11	1.0	743	12.395	0.1	1.0	742	-1	neither
LTR66	Lhx4 (MA0704.2)	ATTA	TAATTA	1.23	10.923	0.11	1.0	744	12.395	0.1	1.0	743	-1	neither
LTR66	Lhx8 (MA0705.2)	YRATYR	TAATTA	1.23	10.923	0.11	1.0	745	12.395	0.1	1.0	744	-1	neither
LTR66	MIXL1 (MA0662.2)	AATTA	TAATTA	1.23	10.923	0.11	1.0	746	12.395	0.1	1.0	745	-1	neither
LTR66	MNX1 (MA0707.3)	YRATTA	TAATTA	1.23	10.923	0.11	1.0	747	12.395	0.1	1.0	746	-1	neither
LTR66	NKX6-2 (MA0675.2)	ATTA	TAATTA	1.23	10.923	0.11	1.0	748	12.395	0.1	1.0	747	-1	neither
LTR66	PDX1 (MA0132.3)	ATTA	TAATTA	1.23	10.923	0.11	1.0	749	12.395	0.1	1.0	748	-1	neither
LTR66	POU6F1 (MA0628.2)	TAATTA	TAATTA	1.23	10.923	0.11	1.0	750	12.395	0.1	1.0	749	-1	neither
LTR66	PRRX1 (MA0716.2)	AATTA	TAATTA	1.23	10.923	0.11	1.0	751	12.395	0.1	1.0	750	-1	neither
LTR66	Shox2 (MA0720.2)	AATTA	TAATTA	1.23	10.923	0.11	1.0	752	12.395	0.1	1.0	751	-1	neither
LTR66	TLX2 (MA1577.2)	AATTA	TAATTA	1.23	10.923	0.11	1.0	753	12.395	0.1	1.0	752	-1	neither
LTR66	UNCX (MA0721.2)	ATTA	TAATTA	1.23	10.923	0.11	1.0	754	12.395	0.1	1.0	753	-1	neither
LTR66	VAX2 (MA0723.3)	ATTA	TAATTA	1.23	10.923	0.11	1.0	755	12.395	0.1	1.0	754	-1	neither
LTR66	ZNF410 (MA0752.2)	CATCCCATAATA	MCWTCMCATMAYAAKB	1.23	11.319	0.11	1.0	756	6.933	0.18	1.0	641	-115	neither
LTR66	SREBF2 (MA0596.1)	TGGSGTGA	VTGRKSTGAD	0.74	6.509	0.11	1.0	757	7.319	0.1	1.0	757	0	neither
LTR66	ZNF528 (MA1597.1)	AGGGAAGYCATTYC	SWCHGSGMAGYMACYVC	0.74	6.696	0.11	1.0	758	8.03	0.09	1.0	763	5	neither
LTR66	ZNF667 (MA1984.2)	TAMRAGCWCA	KSAARGGCTCA	0.74	6.588	0.11	1.0	759	6.351	0.12	1.0	704	-55	neither
LTR66	KLF4 (MA0039.5)	CCCCACCC		0.49	4.385	0.11	1.0	760	9.61	0.05	1.0	816	56	neither
LTR66	ATF6 (MA1466.2)	TGACGTGGC		0.25	2.202	0.11	1.0	761	1.412	0.17	1.0	660	-101	neither
LTR66	CEBPB (MA0466.4)	TTGCGCAA		0.25	2.183	0.11	1.0	762	1.521	0.16	1.0	665	-97	neither
LTR66	ZNF680 (MA1729.2)	CMAAGAAGAMT	MCAAGAAGAWN	1.23	11.763	0.1	1.0	763	14.973	0.08	1.0	774	11	neither
LTR66	SIX2 (MA1119.2)	GWAACCTGA	TKAAACTTGAT	0.99	9.709	0.1	1.0	764	8.602	0.11	1.0	720	-44	neither
LTR66	MEIS2 (MA0774.1)	TGACAG	RTGACAGC	0.74	7.585	0.1	1.0	765	5.165	0.14	1.0	686	-79	neither
LTR66	TBX18 (MA1565.2)	GGTGKGA	AGGTGWGWA	0.74	7.299	0.1	1.0	766	11.437	0.06	1.0	809	43	neither
LTR66	BCL11A (MA2324.1)	TGACC		0.49	4.83	0.1	1.0	767	3.931	0.13	1.0	694	-73	neither
LTR66	E2F7 (MA0758.1)	TTTCCCGCCAAAW		0.49	4.721	0.1	1.0	768	4.158	0.12	1.0	706	-62	neither
LTR66	Hic1 (MA0739.2)	TGCCA		0.49	5.165	0.1	1.0	769	6.301	0.08	1.0	783	14	neither
LTR66	Zfp335 (MA2002.2)	CAGGCA		0.49	4.721	0.1	1.0	770	4.356	0.11	1.0	725	-45	neither
LTR66	ERF::NHLH1 (MA1938.2)	GCAGCTGCCGGA		0.25	2.568	0.1	1.0	771	4.77	0.05	1.0	819	48	neither
LTR66	ZNF574 (MA1982.2)	CYAGAGMGKC		0.25	2.499	0.1	1.0	772	3.417	0.07	1.0	808	36	neither
LTR66	mix-a (MA0621.2)	TAATTA	YTAATTA	0.74	7.931	0.09	1.0	773	9.452	0.08	1.0	778	5	neither
LTR66	BCL6 (MA0463.3)	CTKTCKAGGAA		0.49	5.491	0.09	1.0	774	6.005	0.08	1.0	780	6	neither
LTR66	IRF4 (MA1419.2)	CGAAACCGAAAC		0.49	5.343	0.09	1.0	775	6.015	0.08	1.0	784	9	neither
LTR66	IRF8 (MA0652.2)	CGAAACCGAAACT		0.49	5.758	0.09	1.0	776	6.825	0.07	1.0	800	24	neither
LTR66	Crx (MA0467.3)	GGATTA	GGATTA	1.23	14.983	0.08	1.0	777	18.193	0.07	1.0	791	14	neither
LTR66	GSC (MA0648.2)	TAAT	TAATCC	1.23	14.983	0.08	1.0	778	18.193	0.07	1.0	792	14	neither
LTR66	GSC2 (MA0891.2)	TAAT	TAATCC	1.23	14.983	0.08	1.0	779	18.193	0.07	1.0	793	14	neither
LTR66	OTX1 (MA0711.2)	TAATC	TAATCC	1.23	14.983	0.08	1.0	780	18.193	0.07	1.0	794	14	neither
LTR66	PITX1 (MA0682.3)	TAATCC	TAATCC	1.23	14.983	0.08	1.0	781	18.193	0.07	1.0	795	14	neither
LTR66	PITX3 (MA0714.2)	TAATCC	TAATCC	1.23	14.983	0.08	1.0	782	18.193	0.07	1.0	796	14	neither
LTR66	RHOXF1 (MA0719.2)	TRAKCC	TAATCC	1.23	14.983	0.08	1.0	783	18.193	0.07	1.0	797	14	neither
LTR66	LHX9 (MA0701.3)	YAATTA	CYAATTA	0.74	9.007	0.08	1.0	784	7.131	0.1	1.0	756	-28	neither
LTR66	TEAD4 (MA0809.3)	CATTCCA	TCATTCCA	0.74	9.659	0.08	1.0	785	10.489	0.07	1.0	798	13	neither
LTR66	ZNF136 (MA1588.1)	ATTCTKGGYTG	ABAWTYTTGKWKBAH	0.74	9.699	0.08	1.0	786	8.82	0.08	1.0	777	-9	neither
LTR66	Arx (MA0874.2)	TAATTA		0.49	6.37	0.08	1.0	787	5.995	0.08	1.0	779	-8	neither
LTR66	NFE2 (MA0841.2)	ATGACTCAT	ATGAWTCAYC	0.49	5.985	0.08	1.0	788	4.286	0.12	1.0	711	-77	neither
LTR66	TBX15 (MA0803.1)	AGGTGTGA		0.49	6.519	0.08	1.0	789	6.548	0.08	1.0	785	-4	neither
LTR66	TBX4 (MA0806.1)	ARGTGTKA		0.49	6.519	0.08	1.0	790	6.548	0.08	1.0	786	-4	neither
LTR66	ZNF140 (MA1589.2)	GAGYRGAATTGC		0.49	6.519	0.08	1.0	791	8.701	0.06	1.0	812	21	neither
LTR66	ELK1::HOXB13 (MA1932.2)	CCGGAAGTHRTWA		0.25	2.983	0.08	1.0	792	2.637	0.09	1.0	768	-24	neither
LTR66	ERF::SREBF2 (MA1939.2)	CGGAWRTCACGTGA		0.25	3.151	0.08	1.0	793	2.686	0.09	1.0	769	-24	neither
LTR66	SNAI1 (MA1558.2)	CAGGTG		0.25	2.983	0.08	1.0	794	4.948	0.05	1.0	820	26	neither
LTR66	TCF12 (MA1648.2)	CACCTGC		0.25	2.983	0.08	1.0	795	4.948	0.05	1.0	821	26	neither
LTR66	TCF3 (MA0522.4)	CACCTGC		0.25	2.983	0.08	1.0	796	4.948	0.05	1.0	822	26	neither
LTR66	ZNF784 (MA1717.2)	ACYTACC		0.25	3.002	0.08	1.0	797	3.012	0.08	1.0	790	-7	neither
LTR66	Hnf1A (MA1991.2)	CTTTGAT	MCTTTGAKSY	0.74	10.993	0.07	1.0	798	9.56	0.08	1.0	775	-23	neither
LTR66	SOX21 (MA0866.1)	AACAATKKYAKTGTT	WACAATDTBMTTGTT	0.74	11.121	0.07	1.0	799	9.343	0.08	1.0	776	-23	neither
LTR66	FOS (MA0476.2)	TGASTCA		0.49	7.328	0.07	1.0	800	5.709	0.09	1.0	765	-35	neither
LTR66	Jun (MA0489.3)	TGACTCA		0.49	7.21	0.07	1.0	801	5.215	0.09	1.0	766	-35	neither
LTR66	NEUROG2 (MA0669.1)	CATATGYY	RMYAKMTGKY	0.49	6.785	0.07	1.0	802	5.136	0.1	1.0	758	-44	neither
LTR66	SRF (MA0083.3)	CCATATAWGG		0.49	7.052	0.07	1.0	803	3.802	0.13	1.0	696	-107	neither
LTR66	ZFP42 (MA1651.2)	AARATGGC		0.49	6.696	0.07	1.0	804	6.716	0.07	1.0	802	-2	neither
LTR66	GATA1 (MA0035.5)	CTWATCT		0.25	3.536	0.07	1.0	805	3.328	0.07	1.0	805	0	neither
LTR66	KLF13 (MA0657.2)	RMCACGCCCCY		0.25	3.644	0.07	1.0	806	2.617	0.09	1.0	770	-36	neither
LTR66	RFX1 (MA0509.3)	GTTGCCATGGYAAC		0.25	3.319	0.07	1.0	807	2.222	0.11	1.0	726	-81	neither
LTR66	RFX2 (MA0600.3)	GTTRCCATGGYAAC		0.25	3.664	0.07	1.0	808	3.16	0.08	1.0	789	-19	neither
LTR66	TGIF2LX (MA1571.1)	GACASSTGTC		0.25	3.437	0.07	1.0	809	2.835	0.09	1.0	772	-37	neither
LTR66	ZBTB17 (MA2102.1)	ATCGAT		0.25	3.704	0.07	1.0	810	2.37	0.1	1.0	761	-49	neither
LTR66	EOMES (MA0800.2)	ARGTGTGA		0.49	7.96	0.06	1.0	811	6.993	0.07	1.0	799	-12	neither
LTR66	PITX2 (MA1547.2)	TAATCC		0.49	7.812	0.06	1.0	812	6.765	0.07	1.0	801	-11	neither
LTR66	TBR1 (MA0802.2)	ARGTGTGA		0.49	8.701	0.06	1.0	813	8.069	0.06	1.0	811	-2	neither
LTR66	BACH2 (MA1470.2)	ATGACGTSAT		0.25	4.237	0.06	1.0	814	3.368	0.07	1.0	803	-11	neither
LTR66	KLF1 (MA0493.3)	GGGYGKGG		0.25	3.881	0.06	1.0	815	9.995	0.02	1.0	834	19	neither
LTR66	OTX2 (MA0712.3)	GGATTA		0.25	4.395	0.06	1.0	816	10.449	0.02	1.0	835	19	neither
LTR66	CEBPD (MA0836.3)	TTGCRCAA		0.49	9.6	0.05	1.0	817	6.548	0.08	1.0	781	-36	neither
LTR66	Alx4 (MA0853.2)	TAATTA		0.25	5.037	0.05	1.0	818	5.106	0.05	1.0	817	-1	neither
LTR66	DPRX (MA1480.2)	TMATC		0.25	5.294	0.05	1.0	819	4.543	0.05	1.0	818	-1	neither
LTR66	IRF5 (MA1420.1)	GAAACCRA		0.25	4.504	0.05	1.0	820	4.385	0.06	1.0	813	-7	neither
LTR66	KLF5 (MA0599.1)	CCMCRCCC		0.25	4.78	0.05	1.0	821	9.748	0.03	1.0	829	8	neither
LTR66	RELB (MA1117.2)	ATTCCCC		0.25	4.879	0.05	1.0	822	2.805	0.09	1.0	771	-51	neither
LTR66	Six4 (MA2001.2)	AACCTGA		0.25	5.323	0.05	1.0	823	4.049	0.06	1.0	814	-9	neither
LTR66	ZNF35 (MA2333.1)	AATTCTA		0.25	4.958	0.05	1.0	824	6.558	0.04	1.0	824	0	neither
LTR66	Dmrt1 (MA1603.2)	ACAAWGT		0.49	11.486	0.04	1.0	825	10.074	0.05	1.0	815	-10	neither
LTR66	ARGFX (MA1463.2)	TAATTA		0.25	6.025	0.04	1.0	826	7.694	0.03	1.0	827	1	neither
LTR66	EN2 (MA0642.3)	YMATTA		0.25	5.59	0.04	1.0	827	3.467	0.07	1.0	804	-23	neither
LTR66	LMX1A (MA0702.3)	TAATTA		0.25	5.699	0.04	1.0	828	7.368	0.03	1.0	830	2	neither
LTR66	LMX1B (MA0703.3)	TTAATTA		0.25	6.291	0.04	1.0	829	7.941	0.03	1.0	831	2	neither
LTR66	MEIS3 (MA0775.2)	TGACA		0.25	5.896	0.04	1.0	830	3.427	0.07	1.0	806	-24	neither
LTR66	NKX6-1 (MA0674.2)	YMATTA		0.25	5.699	0.04	1.0	831	7.368	0.03	1.0	832	1	neither
LTR66	Nanog (MA2339.1)	GCAATCA		0.25	5.57	0.04	1.0	832	3.388	0.07	1.0	807	-25	neither
LTR66	PAX3 (MA0780.1)	AATYRATTA		0.25	6.449	0.04	1.0	833	6.054	0.04	1.0	823	-10	neither
LTR66	Hmx1 (MA0896.2)	CAATTAA		0.25	8.642	0.03	1.0	834	7.358	0.03	1.0	828	-6	neither
LTR66	SIX1 (MA1118.2)	AACCTGA		0.25	7.21	0.03	1.0	835	7.18	0.03	1.0	833	-2	neither
MER21C	RFX3 (MA0798.3)	GTTRCCATGGCAAC	GGTYDCCMKRRVAACC	19.43	3.901	4.98	0.0	1	3.379	5.75	0.0	1	0	both
MER21C	OSR2 (MA1646.2)	CAGAAGC	HCAGAAGC	29.45	9.211	3.2	0.0	2	11.198	2.63	2.607539836267803e-282	10	8	both
MER21C	Dux (MA0611.3)	GATTBAATCA	TGATTHAATCA	30.38	10.211	2.97	0.0	3	9.795	3.1	0.0	7	4	both
MER21C	DUXA (MA0884.2)	TRAYTWARTYA	DTGATTWAATCAH	22.97	7.027	3.27	3.907548469897945e-291	4	8.265	2.78	6.550839302265976e-231	16	12	both
MER21C	RELA (MA0107.1)	GGRRTTTCC	KGGRRTTTCC	30.48	11.756	2.59	2.833600835563095e-287	5	6.764	4.51	0.0	3	-2	both
MER21C	PATZ1 (MA1961.2)	GGMGGGG	BRRGGWGGGGS	23.72	7.729	3.07	2.838101517128044e-277	6	10.804	2.2	4.1361400218463375e-156	28	22	both
MER21C	REL (MA0101.1)	GGRNWTTCC	KGGRRTTTCC	28.3	10.744	2.63	8.10181683790328e-270	7	5.716	4.95	0.0	2	-5	both
MER21C	POU1F1 (MA0784.3)	TMATTWGCATA	YTHATTARCATAMW	26.71	10.009	2.67	2.1199168089316586e-257	8	21.599	1.24	1.9527062984183904e-18	202	194	both
MER21C	POU6F1 (MA1549.2)	TAATGA	TAATGAG	21.66	7.126	3.04	5.97828030626501e-247	9	6.167	3.51	4.279572762914836e-299	8	-1	both
MER21C	POU4F2 (MA0683.2)	TGMATAATTAAT	KKMATRWWWRATKAD	27.48	10.787	2.55	2.779293111040846e-246	10	22.029	1.25	1.8276613359304055e-20	190	180	both
MER21C	ZNF341 (MA1655.2)	AACAGC	GAACAGCC	22.81	7.999	2.85	3.041141109201692e-238	11	7.219	3.16	2.595756864250214e-276	11	0	both
MER21C	DUX4 (MA0468.1)	AAYYYAATCA	KRAYTYAATCW	31.52	13.943	2.26	4.777069278175436e-233	12	15.171	2.08	7.578718940985144e-195	20	8	both
MER21C	ZNF707 (MA1715.1)	CCCCACTYCTGGT	CCCCACTYCWGRYRM	31.57	14.226	2.22	5.140944258387177e-225	13	9.975	3.17	0.0	6	-7	both
MER21C	POU3F2 (MA0787.1)	TATGYWAAT	WTATGYTAATKA	26.15	10.576	2.47	1.3483029725518845e-220	14	23.101	1.13	2.7847873195349614e-07	287	273	both
MER21C	ZNF148 (MA1653.2)	CCCCTCCC	CCCCTCCYYV	27.87	11.764	2.37	7.213084202954318e-220	15	10.775	2.59	3.0840617592403308e-257	12	-3	both
MER21C	ZNF667 (MA1984.2)	TAMRAGCWCA	TTARGRGCTCA	26.35	10.746	2.45	3.140681562734973e-219	16	8.984	2.93	1.856009307822384e-293	9	-7	both
MER21C	POU2F2 (MA0507.3)	TATGCAAAT	KTATGYTAATRAR	23.92	9.366	2.55	2.1270277872032998e-210	17	20.338	1.18	3.3623616428158836e-10	248	231	both
MER21C	STAT1 (MA0137.4)	TTCYRGGAA	TKCYRGGAA	29.16	12.972	2.25	1.5779531525643345e-209	18	13.775	2.12	1.6675762494699112e-184	21	3	both
MER21C	ZBTB24 (MA2330.1)	CAGGAC	YCCAGGAMCY	30.02	13.703	2.19	7.67766463034195e-206	19	9.382	3.2	0.0	5	-14	both
MER21C	PAX3 (MA0780.1)	AATYRATTA	TRATYRATYA	17.76	5.722	3.1	2.8614086513372992e-204	20	8.098	2.19	3.146423606552749e-112	51	31	both
MER21C	HNF1B (MA0153.2)	GTTAATVATTAA	KYWAATHATTRAH	20.89	7.595	2.75	3.5378536214746075e-204	21	13.503	1.55	4.571034598705375e-49	118	97	both
MER21C	PHOX2A (MA0713.1)	AAYYYAATTA	TRATTYAATYM	25.17	10.371	2.43	5.7225464391972975e-204	22	17.465	1.44	1.0578084161428157e-44	125	103	both
MER21C	POU3F4 (MA0789.1)	TATGCWAAT	TATGCTAAT	22.33	8.573	2.6	3.908825519496865e-201	23	17.315	1.29	1.9331999861404835e-20	191	168	both
MER21C	HOXA10 (MA0899.2)	ATWAA	RTAATAAAA	24.76	10.246	2.42	1.765018249352354e-198	24	21.748	1.14	2.345590327890073e-07	285	261	both
MER21C	POU3F3 (MA0788.1)	TATGYWAAT	WWTATGYTAATKW	25.9	11.131	2.33	6.886787776358639e-195	25	26.53	0.98	1.0	411	386	dinuc only
MER21C	KLF10 (MA1511.2)	GGGGCGKGG	RGGGWGGGG	21.23	8.142	2.61	1.71334707625809e-190	26	10.381	2.05	2.4533607936486077e-117	49	23	both
MER21C	ZNF354A (MA1978.2)	AAADG	WWAWWRTAAAKGRWHHAWHT	32.36	16.058	2.02	9.391944319874224e-188	27	42.645	0.76	1.0	605	578	dinuc only
MER21C	CDX4 (MA1473.2)	GYMATAAA	RYAATAAAW	23.54	9.849	2.39	1.839499810934017e-183	28	18.775	1.25	9.488179584093528e-18	208	180	both
MER21C	HOXD9 (MA0913.3)	GYMATAAA	RYAATAAAW	21.59	8.575	2.52	1.0295218599564675e-182	29	17.211	1.25	3.88452189825565e-16	215	186	both
MER21C	MEIS1 (MA1639.2)	ATMAATCA	MATMAATCA	27.37	12.655	2.16	3.3261318905003364e-179	30	11.079	2.47	1.991922101854004e-232	15	-15	both
MER21C	ZNF281 (MA1630.3)	GGGGGMGGGG	GGGGGWKGGG	29.86	14.482	2.06	4.159128082492518e-179	31	15.689	1.9	4.780227777928594e-147	31	0	both
MER21C	RFX1 (MA0509.3)	GTTGCCATGGYAAC	GGTTBYYMKRRVRACC	13.69	3.951	3.46	1.9592493364450568e-178	32	3.448	3.97	1.2493018388185626e-209	18	-14	both
MER21C	PBX2 (MA1113.3)	ATAAATCA	MATMAATCA	25.55	11.425	2.24	4.701254834646825e-177	33	18.558	1.38	6.493065808116347e-36	146	113	both
MER21C	POU3F1 (MA0786.2)	ATGYWAAT	WTATGYTAAT	22.77	9.624	2.37	3.0015346208075487e-173	34	22.165	1.03	0.3423602784664657	374	340	dinuc only
MER21C	KLF5 (MA0599.1)	CCMCRCCC	BCCMCWCCCY	27.66	13.102	2.11	4.189516603805925e-172	35	14.148	1.95	2.252823987554878e-143	32	-3	both
MER21C	KLF1 (MA0493.3)	GGGYGKGG	GGGWGKGG	24.79	11.055	2.24	4.829811023557902e-172	36	14.067	1.76	1.9228233044210827e-94	56	20	both
MER21C	ZNF682 (MA1599.2)	GCYAAGCCCC	KRMYMAGYCCC	22.65	9.669	2.34	7.379921403635825e-169	37	6.082	3.72	0.0	4	-33	both
MER21C	Lhx3 (MA0135.2)	AATTAATTA	DRWTTAAWYWWW	22.72	9.737	2.33	3.402502802524821e-168	38	23.399	0.97	1.0	422	384	dinuc only
MER21C	POU6F2 (MA0793.2)	CTMATTA	RYCTCATTA	22.29	9.567	2.33	4.368253958364943e-164	39	9.103	2.45	4.5878049834025074e-180	22	-17	both
MER21C	CUX2 (MA0755.2)	ATCRAT	TAATCAATY	16.08	5.609	2.87	3.210932325828432e-163	40	5.81	2.77	2.5050324750753652e-154	30	-10	both
MER21C	MEIS2 (MA1640.2)	GATTTAT	TGATTKATK	25.42	11.898	2.14	7.707606132847172e-160	41	13.81	1.84	1.8036177826517297e-110	52	11	both
MER21C	ZNF530 (MA1981.2)	GMARGGMVAGGG	GVRRGGRRWGGGGV	26.8	12.939	2.07	9.282566043937484e-159	42	12.845	2.09	3.2401173612017942e-161	26	-16	both
MER21C	PHOX2B (MA0681.3)	AATYAAATTA	KRATYWAATYWW	26.85	12.985	2.07	1.3667267103782052e-158	43	28.074	0.96	1.0	427	384	dinuc only
MER21C	CDX2 (MA0465.3)	CAATAAA	SCWATAAA	23.06	10.318	2.23	5.836260884258484e-157	44	18.886	1.22	5.912417232116274e-14	228	184	both
MER21C	Pax7 (MA0680.3)	AATCAATT	WAATYAATYA	24.15	11.138	2.17	2.064452496272897e-155	45	16.908	1.43	9.999252434299164e-41	136	91	both
MER21C	POU5F1B (MA0792.1)	ATGYWAA	TATGCTAAT	21.14	9.156	2.31	7.372164011088776e-152	46	18.032	1.17	1.1491319253501042e-08	263	217	both
MER21C	SP2 (MA0516.3)	GGGCGGG	GGGGAGGGG	16.76	6.293	2.66	7.654713424769395e-152	47	11.12	1.51	2.4325512509227712e-34	149	102	both
MER21C	PRDM9 (MA1723.2)	GGBVAVGGRGGVVRHA	RRRGGRRRRRGRGGVDRVRR	30.09	15.701	1.92	2.0806304427483722e-151	48	22.88	1.32	1.6107917903121345e-33	151	103	both
MER21C	KLF4 (MA0039.5)	CCCCACCC	CCCCWCCC	26.64	13.136	2.03	4.51256286294729e-150	49	13.727	1.94	1.8934930785259293e-134	34	-15	both
MER21C	POU2F1 (MA0785.2)	TATGYWAA	TATGCTAAT	20.36	8.726	2.33	1.8771714553224484e-148	50	16.859	1.21	5.0832633250251386e-11	241	191	both
MER21C	HOXB4 (MA1499.2)	TMATTA	TCATTA	38.57	22.753	1.7	4.4997805485312335e-147	51	23.998	1.61	1.7236053914541722e-122	40	-11	both
MER21C	HOXC4 (MA1504.2)	YMATTA	TCATTA	38.57	22.753	1.7	4.4997805485312335e-147	52	23.998	1.61	1.7236053914541722e-122	41	-11	both
MER21C	HOXD4 (MA1507.2)	YMATTA	TCATTA	38.57	22.753	1.7	4.4997805485312335e-147	53	23.998	1.61	1.7236053914541722e-122	42	-11	both
MER21C	ETV1 (MA0761.3)	CAGGAAG	YCAGGAARY	28.44	14.653	1.94	5.362601786514604e-146	54	15.153	1.88	1.6706427145759856e-133	35	-19	both
MER21C	KLF17 (MA1514.2)	CCACRCWCCC	VCCACMMHCCCMBY	23.01	10.648	2.16	8.544504565345595e-146	55	8.542	2.69	4.95712566475972e-220	17	-38	both
MER21C	KLF14 (MA0740.2)	GGGCGKG	GGGGWGGGG	19.91	8.625	2.31	8.526377649175756e-142	56	10.478	1.9	1.401806248021525e-90	59	3	both
MER21C	KLF7 (MA1959.2)	GGGCGKKG	GGGTGGGG	12.4	4.003	3.1	1.9954658029384054e-138	57	7.981	1.55	4.444047981418402e-28	164	107	both
MER21C	ZNF282 (MA1154.2)	TTTCCCMYWACAC	SWKTCCCAYRASMCT	24.03	11.641	2.06	2.059591502802972e-138	58	8.839	2.72	1.2157033324554106e-234	13	-45	both
MER21C	HAND2 (MA1638.2)	CAGATG	CAGATG	41.63	26.005	1.6	1.0360030741552613e-134	59	23.909	1.74	1.434120222328771e-177	23	-36	both
MER21C	HNF1A (MA0046.3)	TWAATVATTAAC	RTWAATDATTWAM	18.32	7.889	2.32	1.1446717335409706e-130	60	16.94	1.08	0.0109422062289347	323	263	both
MER21C	POU4F1 (MA0790.2)	TRMATWATTDA	TDMATWATWDAW	21.91	10.453	2.1	6.257205315024345e-129	61	24.807	0.88	1.0	494	433	dinuc only
MER21C	ZFP14 (MA1972.1)	GGAGSMHMHGGA	RGAGGVBMKGGARDB	26.08	13.588	1.92	1.0307111711695551e-127	62	15.932	1.64	7.297116323014568e-79	73	11	both
MER21C	Sox6 (MA0515.1)	CWTTGT	YYTTTGTYYY	26.92	14.268	1.89	7.742935014540187e-127	63	17.109	1.57	6.578257693067817e-71	90	27	both
MER21C	KLF12 (MA0742.2)	GGGCGKGG	RGGGAGGGG	13.69	5.033	2.72	3.504916350479963e-126	64	7.579	1.81	5.744305437008208e-52	115	51	both
MER21C	RFX2 (MA0600.3)	GTTRCCATGGYAAC	GTTBCYMKRRVAAC	12.9	4.595	2.81	1.2085010239414016e-124	65	4.656	2.77	6.970398659355713e-122	43	-22	both
MER21C	RFX5 (MA0510.3)	GTTRCYATRGYAAC	GTTBCYMKRGVAAC	13.94	5.242	2.66	5.459637702194343e-124	66	4.539	3.07	1.3259635502207656e-154	29	-37	both
MER21C	HOXB13 (MA0901.3)	CAATAAAA	MYAATAAAA	24.79	12.793	1.94	2.847515232470583e-123	67	28.489	0.87	1.0	509	442	dinuc only
MER21C	POU4F3 (MA0791.2)	TDMATWATTDAT	TDMATWATWRAY	21.74	10.602	2.05	2.5564019275591278e-121	68	23.823	0.91	1.0	473	405	dinuc only
MER21C	KLF2 (MA1515.2)	CMCRCCC	CCMCACCC	14.7	5.823	2.53	3.1243146413584564e-120	69	10.835	1.36	8.36010545786083e-18	206	137	both
MER21C	FOSL2 (MA0478.2)	TGASTCA	DRTGRSTCAY	21.13	10.275	2.06	3.1563091736413927e-118	70	13.312	1.59	7.157381552234628e-55	112	42	both
MER21C	CUX1 (MA0754.3)	AATCRAT	TAATCAATY	13.54	5.165	2.62	1.864682860801762e-117	71	6.326	2.14	4.0117282036186636e-79	72	1	both
MER21C	ZNF460 (MA1596.1)	CTCMGCCTCCC	VSMYCMVCCTCCMRRS	16.96	7.509	2.26	1.7981858988990398e-113	72	24.312	0.7	1.0	650	578	dinuc only
MER21C	POU2F1::SOX2 (MA1962.1)	ATTWRCATMACAA	VWTWWRMATMAHAAWRR	24.42	12.925	1.89	3.0404541187444245e-113	73	24.006	1.02	0.5567517555477404	386	313	dinuc only
MER21C	CDX1 (MA0878.3)	GYMATAAA	KGYWATAAAH	17.96	8.507	2.11	1.3533654122991864e-104	74	14.266	1.26	1.521266799886872e-13	231	157	both
MER21C	DMRT3 (MA0610.2)	TGTAWC	TGTATCC	20.14	10.192	1.98	1.0109864054837334e-101	75	10.111	1.99	1.237725961306677e-103	54	-21	both
MER21C	STAT3 (MA0144.3)	TKCYKGGAA	TKCYRGGAA	27.41	16.07	1.71	2.7355798432401392e-96	76	17.178	1.6	2.55039100087911e-76	76	0	both
MER21C	ZNF454 (MA1712.2)	GGCTCBVGG	GGCTCMBRGMMCYBRKS	12.84	5.368	2.39	4.318091037874266e-94	77	5.834	2.2	1.8764274972358232e-79	70	-7	both
MER21C	TEAD1 (MA0090.4)	ACATTCCA	AMATTCCAR	24.44	13.893	1.76	2.3229936291257748e-92	78	12.687	1.93	4.5896489505833794e-119	46	-32	both
MER21C	Stat4 (MA0518.2)	TTCYRRGAA	TKCYRGGAAV	24.78	14.192	1.75	9.191088334972681e-92	79	15.905	1.56	1.2718968724435618e-61	103	24	both
MER21C	NR2C2 (MA0504.2)	GGTCARAGGKCR	RRGGKSARRGRBSR	24.01	13.619	1.76	4.931476348241943e-91	80	10.445	2.3	6.954686517893126e-174	24	-56	both
MER21C	MAZ (MA1522.2)	CCCCTCC	CCCCTCCY	20.54	10.957	1.87	1.4884611124339003e-90	81	9.757	2.1	1.3381909714693996e-120	44	-37	both
MER21C	TCF7L1 (MA1421.1)	AGATCAAAG	AAAGWYCAAAKR	27.01	16.097	1.68	1.0058335380950768e-89	82	16.328	1.65	2.34737859971629e-85	65	-17	both
MER21C	PROP1 (MA0715.1)	TAATYWAATTA	KAATTDAATTA	18.5	9.508	1.95	8.888817843753335e-89	83	21.935	0.84	1.0	522	439	dinuc only
MER21C	NFYB (MA0502.3)	ATTGGCC	TCATTGGCC	20.57	11.089	1.86	3.144737459269654e-88	84	6.752	3.05	6.525885759886719e-234	14	-70	both
MER21C	ZNF140 (MA1589.2)	GAGYRGAATTGC	HDGARYWGAATTGYWKRRY	20.86	11.619	1.8	1.3786808483429434e-81	85	12.213	1.71	6.428572765648842e-70	91	6	both
MER21C	TWIST1 (MA1123.3)	CAGATG	CCAGATGD	20.81	11.662	1.78	7.832907051641115e-80	86	9.385	2.22	5.658141530911434e-137	33	-53	both
MER21C	SP4 (MA0685.2)	GGGMGGRG	RGGGAGGRG	19.7	10.911	1.81	1.2343818856040207e-77	87	12.278	1.6	1.0880613120131056e-52	114	27	both
MER21C	NFIX (MA1528.2)	TGGCDBBDTGCCA	BKGGCWVVBWGCCM	13.76	6.597	2.09	6.696103779905566e-76	88	5.141	2.68	2.380270138336604e-123	38	-50	both
MER21C	Pparg::Rxra (MA0065.3)	GDSARAGG	RGGRSARAGRBCA	28.3	18.124	1.56	3.2822820760062004e-73	89	15.257	1.85	1.8158502640719592e-128	36	-53	both
MER21C	REST (MA0138.3)	CAGSACCWYGGACAG	HMRGVACYMRGGAMARMRMY	17.51	9.564	1.83	7.349669526839029e-71	90	8.147	2.15	1.0422639991872074e-105	53	-37	both
MER21C	SP3 (MA0746.3)	CCACGCCC	VCCMCWCCCMY	12.74	6.114	2.08	1.0261854792571119e-69	91	8.484	1.5	4.0547544826368864e-25	175	84	both
MER21C	TBP (MA0108.3)	ATAWA	TATAAAA	12.47	5.951	2.1	4.6311628442402927e-69	92	18.387	0.68	1.0	670	578	dinuc only
MER21C	ZNF574 (MA1982.2)	CYAGAGMGKC	KSCYAGARDGGSYM	13.77	6.885	2.0	7.561306240918331e-69	93	5.304	2.6	1.711024843934127e-117	48	-45	both
MER21C	TEAD4 (MA0809.3)	CATTCCA	AMATTCCA	23.65	14.577	1.62	6.12941925979577e-68	94	13.247	1.79	8.716352537532433e-93	58	-36	both
MER21C	SP9 (MA1564.2)	CGCCC	CCMCVCCCMC	10.7	4.821	2.22	1.2791143541188162e-66	95	6.947	1.54	2.8102033475099014e-23	180	85	both
MER21C	PBX1 (MA0070.2)	ATCAATCA	ATCAATCAW	22.92	14.245	1.61	1.8725409962755404e-63	96	8.751	2.62	4.1833125782009197e-209	19	-77	both
MER21C	Ikzf3 (MA1992.2)	CAGGAAG	CAGGAASHK	24.2	15.33	1.58	4.009929630923844e-63	97	14.776	1.64	2.851931954632686e-72	88	-9	both
MER21C	Hic1 (MA0739.2)	TGCCA	RTGCCAVC	13.92	7.259	1.92	1.8467178429476898e-62	98	8.376	1.66	1.094570111159022e-40	137	39	both
MER21C	MAX::MYC (MA0059.2)	CACGTGG	ASCAYRTGGW	6.8	2.507	2.71	1.450887878475505e-60	99	3.658	1.86	2.3595057803762627e-27	167	68	both
MER21C	TFE3 (MA0831.3)	TCACGTGA	RYCAYRTGRY	5.65	1.849	3.06	1.9703425227944582e-60	100	2.506	2.26	5.9979284140255965e-36	145	45	both
MER21C	ZNF135 (MA1587.1)	CTCGACCTCC	YCYYRACCTCYHRR	16.89	9.692	1.74	1.1565824528689338e-58	101	23.084	0.73	1.0	622	521	dinuc only
MER21C	ONECUT1 (MA0679.3)	AATCAAT	WAATCAATH	19.68	11.997	1.64	5.111063620751168e-57	102	16.633	1.18	8.745067774893775e-09	260	158	both
MER21C	KLF16 (MA0741.1)	CMCRCCCMC	SMCMCDCCCMY	17.55	10.341	1.7	2.8231424834434307e-56	103	8.615	2.04	1.2344345152701228e-93	57	-46	both
MER21C	Six4 (MA2001.2)	AACCTGA	AACCTGA	16.67	9.686	1.72	1.1672012895866815e-55	104	5.756	2.9	3.0351585030720164e-172	25	-79	both
MER21C	ZNF257 (MA1710.2)	GAGGMRAG	GAGGWRRGRG	19.18	11.68	1.64	1.4403362849998767e-55	105	21.45	0.89	1.0	488	383	dinuc only
MER21C	ZNF558 (MA2335.1)	AWYTGATGAAAGACATRAAYMYACAVAT	WWHWRRKRWMARAHAYRWAYHBMHADWYH	24.33	16.034	1.52	4.052129625722323e-54	106	37.478	0.65	1.0	699	593	dinuc only
MER21C	KLF9 (MA1107.3)	CACACCCMC	SCCMCACCCMY	17.57	10.495	1.67	8.328521258634823e-54	107	13.27	1.32	1.4046625569336372e-18	201	94	both
MER21C	SP1 (MA0079.5)	GGGGMGGRG	GGGGAGGRG	14.08	7.792	1.81	1.175897140182692e-53	108	8.542	1.65	4.517590454922305e-40	140	32	both
MER21C	Arid3a (MA0151.1)	ATYAAW	ATTAAA	33.81	24.376	1.39	1.6783644395787995e-53	109	38.185	0.89	1.0	486	377	dinuc only
MER21C	ERF::HOXB13 (MA1937.2)	GGAWRYHRTWA	AGGAWATWRYAAA	11.75	6.134	1.92	4.601601420892688e-52	110	7.149	1.64	8.954027888021365e-33	153	43	both
MER21C	MYCN (MA0104.5)	CACGTG	MCACGTGK	2.61	0.497	5.26	1.2953593229257748e-51	111	1.436	1.82	2.1193045755512268e-10	245	134	both
MER21C	ARNT::HIF1A (MA0259.2)	ACGTG	ACGTG	14.08	7.898	1.78	1.5061804494050285e-51	112	15.498	0.91	1.0	474	362	dinuc only
MER21C	BACH2 (MA1101.3)	ATGASTCAT	HRTGASTCAYD	11.31	5.837	1.94	2.0393978655766872e-51	113	4.912	2.3	4.2964051599154617e-76	77	-36	both
MER21C	ATF3 (MA0605.3)	TGACGTCA	RTKAYRTMAY	8.05	3.577	2.25	4.1156834440216925e-51	114	3.913	2.06	5.775563714775325e-42	130	16	both
MER21C	ZNF384 (MA1125.2)	AAAAAA	AAAAAAMM	20.11	12.761	1.58	2.0570722677028012e-50	115	40.364	0.5	1.0	808	693	dinuc only
MER21C	PBX3 (MA1114.2)	TGAKTGACAG	TGASTGAYAGR	20.41	13.078	1.56	1.982773067085489e-49	116	11.981	1.7	1.2418819441678964e-67	94	-22	both
MER21C	MYC (MA0147.4)	CACGTG	CCACGTGB	3.4	0.879	3.86	4.057896989032735e-49	117	2.761	1.23	0.0088057007842475	322	205	both
MER21C	Rarg (MA0859.2)	RGGTCAAAAGGTCA	VRGKTYARRRGKTSA	20.89	13.505	1.55	4.7977919815516046e-49	118	14.997	1.39	2.9884156391352115e-30	160	42	both
MER21C	TFAP4 (MA1570.1)	CAYRTG	AYCAYRTGRT	11.99	6.487	1.85	3.5896010655805655e-48	119	6.52	1.84	1.7685082914576838e-47	121	2	both
MER21C	MLXIPL (MA0664.2)	CACGTG	RDCACGTG	3.27	0.849	3.86	3.1728173112883036e-47	120	2.298	1.42	1.2763293435654428e-05	295	175	both
MER21C	DBP (MA0639.2)	TTAYRTAA	RTKAYRTMAY	7.08	3.081	2.3	6.90123549423922e-47	121	4.784	1.48	3.512049069157198e-13	233	112	both
MER21C	Arnt (MA0004.1)	CACGTG	CACGTG	4.19	1.365	3.07	6.059668106285537e-45	122	3.948	1.06	0.4472429078610333	377	255	dinuc only
MER21C	MAX (MA0058.4)	CACGTG	CACGTG	4.19	1.365	3.07	6.059668106285537e-45	123	3.948	1.06	0.4472429078610333	378	255	dinuc only
MER21C	MNT (MA0825.2)	CACGTG	CACGTG	4.19	1.365	3.07	6.059668106285537e-45	124	3.948	1.06	0.4472429078610333	379	255	dinuc only
MER21C	Mlxip (MA0622.2)	CACGTG	CACGTG	4.19	1.365	3.07	6.059668106285537e-45	125	3.948	1.06	0.4472429078610333	380	255	dinuc only
MER21C	FOSL2::JUNB (MA1138.2)	TGASTCA	RTGASTCAY	13.76	8.023	1.71	1.3605129134589298e-44	126	6.317	2.18	1.5706239260715797e-83	66	-60	both
MER21C	FOS::JUNB (MA1134.2)	TGASTCA	RTGASTCAY	13.77	8.054	1.71	2.6844995372751125e-44	127	6.351	2.17	6.236831504151495e-83	67	-60	both
MER21C	FOSL2::JUND (MA1144.2)	TGASTCA	RTGASTCAY	13.77	8.054	1.71	2.6844995372751125e-44	128	6.351	2.17	6.236831504151495e-83	68	-60	both
MER21C	MXI1 (MA1108.3)	CACATG	CACATG	31.25	22.904	1.36	4.831758790794111e-44	129	23.886	1.31	4.7927463650303356e-34	150	21	both
MER21C	BCL11A (MA2324.1)	TGACC	CTGACCA	14.76	8.854	1.67	7.94637241165612e-44	130	5.77	2.56	3.4006676530856e-123	39	-91	both
MER21C	FOSL2::JUN (MA1130.2)	TGASTCA	RTGASTCAY	13.4	7.8	1.72	1.3113172938824553e-43	131	5.939	2.26	1.713668862821921e-87	63	-68	both
MER21C	Npas2 (MA0626.2)	CACGTG	SCACGTGK	2.9	0.726	3.99	1.435516114734417e-43	132	2.556	1.13	0.1564398832319293	357	225	dinuc only
MER21C	ZNF320 (MA1976.2)	GKRGGRBCMRGGGG	RKRGGKVHHRKGGGMHDSDK	19.93	13.108	1.52	3.017894835932996e-43	133	10.689	1.86	4.011758082527641e-86	64	-69	both
MER21C	SP5 (MA1965.2)	CCTCCC	CCTCCC	38.43	29.559	1.3	3.0706299929580927e-43	134	33.644	1.14	4.3952482399313534e-13	237	103	both
MER21C	ARNT2 (MA1464.2)	CACGTG	RWCACGTG	3.31	0.937	3.53	5.001702899833503e-43	135	2.637	1.26	0.0047130845755329	316	181	both
MER21C	SREBF1 (MA0829.3)	TCACSTGA	RTCACSTSAT	13.51	8.058	1.68	1.3971115778769726e-40	136	8.039	1.68	6.820287763959377e-41	134	-2	both
MER21C	ZBED1 (MA0749.2)	TRTCGCGACAT	TATYGTGATATA	2.84	0.753	3.77	4.018687511736256e-40	137	0.726	3.92	7.801871717790371e-42	131	-6	both
MER21C	ELF1 (MA0473.4)	AGGAAGT	CAGGAASTG	20.3	13.662	1.49	4.709236760020749e-40	138	13.627	1.49	1.6645473646869083e-40	138	0	both
MER21C	SOX4 (MA0867.3)	ACAAWG	RACAAAGR	22.34	15.433	1.45	1.1264543105251011e-39	139	17.213	1.3	2.057314819144705e-21	185	46	both
MER21C	SOX10 (MA0442.3)	ACAAAG	ACAAAG	36.69	28.329	1.3	1.7459762006090883e-39	140	30.838	1.19	1.5600145896507488e-19	197	57	both
MER21C	FOSL1::JUND (MA1142.2)	TGASKMA	ATGAYTCA	14.67	9.086	1.61	6.463620664988417e-39	141	7.414	1.98	1.0833567467104675e-71	89	-52	both
MER21C	FOSL1::JUN (MA1129.1)	TKACGTMA	ATKAYRTMAT	4.85	1.902	2.55	7.199288313482514e-39	142	2.275	2.13	2.359462621276613e-27	166	24	both
MER21C	FOS::JUN (MA0099.4)	TGASTCA	RTGASTCAY	13.22	7.936	1.67	7.33320364875342e-39	143	6.451	2.05	8.175484108715256e-70	92	-51	both
MER21C	FOSB::JUNB (MA1135.2)	TGASTCA	RTGASTCAY	13.51	8.243	1.64	1.5642128418818823e-37	144	6.465	2.09	1.0451293972484664e-74	86	-58	both
MER21C	Creb5 (MA0840.2)	ATGACGTCA	RTKAYRTMAY	5.51	2.386	2.31	9.604646935046595e-37	145	2.99	1.84	1.0368992115589172e-21	183	38	both
MER21C	FOXA2 (MA0047.4)	GTAAACA	RGTAAAYA	12.5	7.517	1.66	1.922638284696858e-36	146	12.638	0.99	1.0	407	261	dinuc only
MER21C	USF2 (MA0526.5)	TCACGTGA	RYCAYRTGRY	3.36	1.105	3.04	7.406746171093959e-36	147	1.74	1.93	2.3140892989670145e-15	221	74	both
MER21C	USF1 (MA0093.4)	CAYGTGA	RYCATGTGAY	12.75	7.764	1.64	1.2011884603250237e-35	148	7.491	1.7	3.124810534397217e-40	139	-9	both
MER21C	FOS (MA1951.2)	TGACGTCAT	RATGAYRTMATYR	6.21	2.895	2.14	1.8736839998398157e-35	149	3.051	2.03	1.898201920968945e-31	155	6	both
MER21C	ELF4 (MA0641.1)	CCGGAAGT	WWCCMGGAAGYK	8.03	4.178	1.92	1.981768026593772e-35	150	4.11	1.95	6.037345292563766e-37	144	-6	both
MER21C	FOSL2::JUNB (MA1139.2)	TGACGTCA	RTKAYRTMAY	5.24	2.297	2.28	3.895941670629524e-34	151	2.579	2.03	1.5430088797656346e-26	170	19	both
MER21C	Vdr (MA0693.4)	AGTTCA	GAGTTCA	12.29	7.561	1.63	5.272468880178447e-33	152	9.248	1.33	4.1167423348208445e-13	236	84	both
MER21C	HNF4G (MA0484.3)	CAAAGTCC	CAAAGWCCA	21.4	15.191	1.41	6.663587950219672e-33	153	10.628	2.01	6.316716899883689e-114	50	-103	both
MER21C	Hmga1 (MA2124.1)	ATTTTTA	ATWTTTAW	16.26	10.822	1.5	9.161742471506815e-33	154	35.299	0.46	1.0	824	670	dinuc only
MER21C	FOXF2 (MA0030.2)	RTAAACA	RRTAAACAH	12.93	8.094	1.6	9.604984430892771e-33	155	13.475	0.96	1.0	428	273	dinuc only
MER21C	POU2F3 (MA0627.3)	ATGCAAA	TATGCWAAT	16.33	10.897	1.5	1.4355099423301504e-32	156	20.581	0.79	1.0	584	428	dinuc only
MER21C	MEF2B (MA0660.1)	CTAWAAATAG	RCTAWWAATWRV	11.84	7.236	1.64	1.558175184708189e-32	157	23.621	0.5	1.0	810	653	dinuc only
MER21C	FOSL1::JUNB (MA1137.2)	TGASTMA	RTGASTCAY	13.61	8.661	1.57	1.7309310838322406e-32	158	6.903	1.97	1.3354105781120813e-65	97	-61	both
MER21C	FOSB::JUNB (MA1136.1)	TKACGTCA	ATKAYRTMAT	5.04	2.228	2.26	2.345983819714059e-32	159	2.484	2.03	1.6212845904076334e-25	172	13	both
MER21C	FOXA1 (MA0148.5)	GTAAACA	GTAAACAY	12.04	7.426	1.62	5.221301028370813e-32	160	13.336	0.9	1.0	479	319	dinuc only
MER21C	JDP2 (MA0655.1)	ATGASTCAT	RTGASTCAY	12.54	7.835	1.6	6.817716795873266e-32	161	6.582	1.91	5.8309438697459126e-55	111	-50	both
MER21C	FOXD3 (MA0041.3)	AAAYAA	WRWRHAAAYAAAYW	18.1	12.457	1.45	8.909189858791612e-32	162	35.964	0.5	1.0	809	647	dinuc only
MER21C	ERF::FIGLA (MA1934.2)	MGGAWRCASSTG	MAGGAWMCASVTG	10.59	6.31	1.68	1.4251397007702236e-31	163	5.736	1.85	3.337025859859624e-42	129	-34	both
MER21C	Nr2F6 (MA0728.1)	AGGTCAARAGGTCA	VRGGTYMRRRGBWCA	18.98	13.245	1.43	2.5557094388243547e-31	164	15.986	1.19	9.288513296376861e-09	262	98	both
MER21C	Gmeb1 (MA0615.2)	RCGY	TACGTA	2.33	0.649	3.58	5.174890546193399e-31	165	1.833	1.27	0.0145236077301117	325	160	both
MER21C	SREBF1 (MA0595.1)	TCACSCCA	STCACCYCAY	15.12	10.009	1.51	6.0570253554079635e-31	166	10.09	1.5	7.048864769600737e-30	162	-4	both
MER21C	TEF (MA0843.2)	TTACRTAA	RTTAYATMAY	6.64	3.391	1.96	1.2926545598868654e-30	167	5.41	1.23	0.00019120054487	304	137	both
MER21C	FOS::JUN (MA1126.2)	TKRCRTCA	RTKACVTCAT	6.8	3.516	1.93	2.133088224329696e-30	168	3.52	1.93	2.7217823634963705e-30	159	-9	both
MER21C	ZNF76 (MA1716.2)	CCCAYMATGCMHYRC	WCCCAYMAKBCHVYBSH	15.35	10.245	1.5	2.133088224329696e-30	169	8.11	1.89	4.049273967348463e-67	95	-74	both
MER21C	JUN::JUNB (MA1132.2)	TGACKMA	RTGACTCA	12.93	8.272	1.56	3.641486970952459e-30	170	6.521	1.98	5.443501151775757e-63	100	-70	both
MER21C	ZNF766 (MA2098.1)	AAKAAACC	RWKAAACCW	20.02	14.257	1.4	5.013257169687869e-30	171	14.522	1.38	3.412081343523871e-27	168	-3	both
MER21C	PKNOX1 (MA0782.3)	GAKTGACA	TGAKTGAYAG	18.19	12.711	1.43	1.0440948501142122e-29	172	11.737	1.55	3.2985524334001774e-42	128	-44	both
MER21C	ZNF331 (MA1726.2)	GCWGAGC	TGCAGASCYY	12.67	8.089	1.57	1.1573952415363684e-29	173	8.534	1.48	9.293095280185508e-24	178	5	both
MER21C	Rfx6 (MA1724.2)	CMTAGCAA	CCTRGCAMC	12.97	8.347	1.55	1.5955967258464644e-29	174	6.419	2.02	4.165552386062826e-66	96	-78	both
MER21C	ZNF768 (MA1731.2)	TCTCTG	MSCTCTCTG	19.07	13.492	1.41	2.062424323669595e-29	175	14.956	1.28	7.520815346206919e-16	219	44	both
MER21C	TFAP4::ETV1 (MA1966.2)	GGAWRCASSTG	MAGGAWRCAGRKG	8.8	5.063	1.74	2.9409956671336226e-29	176	5.886	1.5	5.82538412406881e-17	210	34	both
MER21C	BCL6 (MA0463.3)	CTKTCKAGGAA	RCTHTCYAGGRRY	14.29	9.457	1.51	2.9963855008594845e-29	177	8.078	1.77	2.8699428257233874e-51	117	-60	both
MER21C	JUNB (MA0490.3)	TGASTCA	RTGASTCAY	13.95	9.201	1.52	6.584597747018276e-29	178	7.318	1.91	9.584909956794194e-62	102	-76	both
MER21C	HSF2 (MA0770.1)	TTCTRGAABDTTC	KTCTRGAABDKTY	13.97	9.231	1.51	1.018673033700795e-28	179	9.801	1.43	7.789088744896881e-22	182	3	both
MER21C	JUND (MA0491.3)	TGASTCA	RTGASTCAY	13.83	9.12	1.52	1.2741047374783743e-28	180	7.479	1.85	3.213806205166962e-56	108	-72	both
MER21C	ZNF770 (MA2099.1)	CRGCCTC	CAGCCTCM	11.99	7.621	1.57	1.696441838819392e-28	181	20.119	0.6	1.0	744	563	dinuc only
MER21C	NFE2 (MA0841.2)	ATGACTCAT	RTGASTCAYD	13.4	8.779	1.53	1.9268646539907918e-28	182	6.216	2.16	2.0666249653734095e-79	71	-111	both
MER21C	Lhx1 (MA1518.3)	TAATTA	KYTMATTARM	7.32	4.002	1.83	3.5338706498943406e-28	183	4.807	1.52	3.158687707447552e-15	222	39	both
MER21C	ELF2 (MA1483.3)	CCGGAA	WYCMGGAARY	8.53	4.931	1.73	5.8420304711757885e-28	184	4.809	1.77	3.825368953715759e-30	161	-23	both
MER21C	HNF4A (MA0114.5)	CAAAGTCC	CAAAGWCCA	21.61	15.854	1.36	6.363709579702172e-28	185	11.303	1.91	3.805860631658301e-101	55	-130	both
MER21C	JDP2 (MA0656.2)	ATGACGTCA	ATKAYRTMAY	6.42	3.362	1.91	7.092183585169674e-28	186	3.791	1.69	1.1485651592727254e-19	196	10	both
MER21C	Arid5a (MA0602.2)	AATATT	YAATATTK	10.02	6.117	1.64	1.8633206001548325e-27	187	14.052	0.71	1.0	646	459	dinuc only
MER21C	Msgn1 (MA1524.3)	CAAATGG	RMCARATGGW	17.85	12.643	1.41	3.285824864340727e-27	188	11.983	1.49	5.190775279359203e-35	148	-40	both
MER21C	FOSL1 (MA0477.3)	TGACTCA	RTGASTCAY	13.9	9.318	1.49	7.562473112969394e-27	189	7.288	1.91	1.5402712304487922e-61	104	-85	both
MER21C	RREB1 (MA0073.2)	MCMCMAMMCAMCMMC	MCMCMMMMCMMCMMMMMMM	22.13	16.43	1.35	8.84555560540377e-27	190	16.391	1.35	4.177772565348543e-27	169	-21	both
MER21C	FOSL1::JUN (MA1128.2)	TGACTCA	RTGACTCAY	14.24	9.637	1.48	2.041958944699916e-26	191	7.528	1.89	8.771249211699564e-62	101	-90	both
MER21C	DMRTC2 (MA1479.2)	GMTACA	AWWKGMTACAW	14.42	9.789	1.47	2.124350694830289e-26	192	13.363	1.08	0.0340807107814298	329	137	both
MER21C	Sox11 (MA0869.3)	ACAAAG	GRACAAAG	18.01	12.874	1.4	3.189139602976506e-26	193	14.238	1.27	4.3048092437498276e-14	226	33	both
MER21C	Atf3 (MA1988.2)	TGACTCA	TGACTCA	13.36	8.943	1.49	5.906849632079056e-26	194	6.333	2.11	1.51916568174088e-75	80	-114	both
MER21C	BATF (MA1634.2)	TGACTCA	TGACTCA	13.36	8.943	1.49	5.906849632079056e-26	195	6.333	2.11	1.51916568174088e-75	81	-114	both
MER21C	BATF3 (MA0835.3)	TGACTCA	TGACTCA	13.36	8.943	1.49	5.906849632079056e-26	196	6.333	2.11	1.51916568174088e-75	82	-114	both
MER21C	BATF::JUN (MA0462.3)	TGACTCA	TGASTCA	13.36	8.943	1.49	5.906849632079056e-26	197	6.333	2.11	1.51916568174088e-75	83	-114	both
MER21C	BNC2 (MA1928.2)	TGAGTCA	TGAGTCA	13.36	8.943	1.49	5.906849632079056e-26	198	6.333	2.11	1.51916568174088e-75	84	-114	both
MER21C	FOS::JUND (MA1141.2)	TGAGTCA	RTGASTCAY	14.4	9.825	1.47	8.482645697152525e-26	199	7.527	1.91	1.8420818400222307e-64	98	-101	both
MER21C	FOS (MA0476.2)	TGASTCA	TGASTCAY	14.54	9.998	1.45	3.560236607023584e-25	200	8.132	1.79	5.914684010756261e-54	113	-87	both
MER21C	FOXA3 (MA1683.2)	GTAAACA	GTAAACA	8.41	5.003	1.68	4.077945233721132e-25	201	6.443	1.3	3.513654691743675e-08	268	67	both
MER21C	FOXD1 (MA0031.2)	GTAAACA	GTAAACA	8.41	5.003	1.68	4.077945233721132e-25	202	6.443	1.3	3.513654691743675e-08	269	67	both
MER21C	FOXI1 (MA0042.2)	GTAAACA	GTAAACA	8.41	5.003	1.68	4.077945233721132e-25	203	6.443	1.3	3.513654691743675e-08	270	67	both
MER21C	FOXK1 (MA0852.3)	GTAAACA	GTAAACA	8.41	5.003	1.68	4.077945233721132e-25	204	6.443	1.3	3.513654691743675e-08	271	67	both
MER21C	FOXK2 (MA1103.3)	TAAACA	GTAAACA	8.41	5.003	1.68	4.077945233721132e-25	205	6.443	1.3	3.513654691743675e-08	272	67	both
MER21C	FOXL1 (MA0033.2)	TAAACA	GTAAACA	8.41	5.003	1.68	4.077945233721132e-25	206	6.443	1.3	3.513654691743675e-08	273	67	both
MER21C	FOXO4 (MA0848.1)	GTAAACA	GTAAACA	8.41	5.003	1.68	4.077945233721132e-25	207	6.443	1.3	3.513654691743675e-08	274	67	both
MER21C	FOXP1 (MA0481.4)	GTAAACA	GTAAACA	8.41	5.003	1.68	4.077945233721132e-25	208	6.443	1.3	3.513654691743675e-08	275	67	both
MER21C	FOXP3 (MA0850.1)	RYAAAYA	GTAAACA	8.41	5.003	1.68	4.077945233721132e-25	209	6.443	1.3	3.513654691743675e-08	276	67	both
MER21C	FOXP4 (MA2117.1)	TAAACA	GTAAACA	8.41	5.003	1.68	4.077945233721132e-25	210	6.443	1.3	3.513654691743675e-08	277	67	both
MER21C	Foxf1 (MA1606.2)	TAAACA	GTAAACA	8.41	5.003	1.68	4.077945233721132e-25	211	6.443	1.3	3.513654691743675e-08	278	67	both
MER21C	Foxo1 (MA0480.3)	GTAAACA	GTAAACA	8.41	5.003	1.68	4.077945233721132e-25	212	6.443	1.3	3.513654691743675e-08	279	67	both
MER21C	Foxo3 (MA0157.4)	GTAAACA	GTAAACA	8.41	5.003	1.68	4.077945233721132e-25	213	6.443	1.3	3.513654691743675e-08	280	67	both
MER21C	CLOCK (MA0819.3)	CACGTG	ACACGTG	2.0	0.592	3.39	4.1050116159723957e-25	214	1.682	1.19	0.1012741153454338	351	137	dinuc only
MER21C	mix-a (MA0621.2)	TAATTA	YTAATTA	12.02	7.926	1.52	8.953213656913342e-25	215	12.698	0.95	1.0	433	218	dinuc only
MER21C	Hand1 (MA2123.1)	CAGACC	YCCAGMCCY	19.53	14.348	1.36	9.089031746064414e-25	216	8.912	2.19	1.581029656979548e-124	37	-179	both
MER21C	Creb3l2 (MA0608.1)	KMCACGTG	KMCACGTGK	2.54	0.894	2.84	9.717029346738583e-25	217	2.013	1.26	0.0122446825269627	324	107	both
MER21C	Foxj3 (MA0851.2)	RTAAACA	RTAAAYAWW	14.35	9.886	1.45	1.4348610606093604e-24	218	21.02	0.68	1.0	669	451	dinuc only
MER21C	ETV2::FIGLA (MA1941.2)	GGAARCAGSTG	MAGGAWMCAGRTG	9.52	5.912	1.61	1.4856655881269975e-24	219	6.479	1.47	5.808285570986629e-17	209	-10	both
MER21C	FOSB::JUN (MA1127.1)	TGACGTMA	RATKAHRTMAT	6.35	3.487	1.82	2.872205551144031e-24	220	3.687	1.72	1.6986362951877424e-20	188	-32	both
MER21C	FOSL2::JUN (MA1131.2)	TGACGTMA	RTGAYRTMAT	7.23	4.175	1.73	9.780315836844428e-24	221	4.082	1.77	2.5574282268373413e-25	173	-48	both
MER21C	LMX1B (MA0703.3)	TTAATTA	YTAATTAH	9.5	5.957	1.59	1.1224155879444056e-23	222	10.525	0.9	1.0	481	259	dinuc only
MER21C	Stat5b (MA1625.2)	TTCCMAGAA	TTCCMAGAA	20.5	15.319	1.34	1.175550671238476e-23	223	15.665	1.31	1.7410501506834798e-20	189	-34	both
MER21C	ZKSCAN5 (MA1652.2)	GGARGTGA	GGARGKGAG	19.43	14.397	1.35	2.1583607517093186e-23	224	13.492	1.44	6.810770569735838e-33	152	-72	both
MER21C	MITF (MA0620.4)	TCACGTGA	RYCAYRTGRY	6.4	3.596	1.78	5.90290535666284e-23	225	3.419	1.87	2.4298720492878886e-26	171	-54	both
MER21C	BACH1 (MA1633.2)	ATGACTCA	RTGACTCAB	13.43	9.274	1.45	9.705247271471158e-23	226	7.597	1.77	7.238275396147527e-48	120	-106	both
MER21C	Bhlha15 (MA1472.3)	CAGCTG	CCAGCTGG	8.07	4.894	1.65	1.3345296472318745e-22	227	5.352	1.51	4.1720866081821454e-16	216	-11	both
MER21C	SCRT1 (MA0743.3)	CAACAGGT	YCMACAGGTK	17.05	12.409	1.37	2.030666893515823e-22	228	8.978	1.9	5.4990397817287286e-76	79	-149	both
MER21C	ZBTB7A (MA0750.3)	CCGGAAG	CMGGAAGKK	8.16	4.98	1.64	2.2701269450429407e-22	229	4.509	1.81	1.8731676250053315e-30	156	-73	both
MER21C	ETV5::FIGLA (MA1945.2)	GGAWRCAGGTG	DVAGGAWRCAGVTG	11.45	7.643	1.5	2.2701269450429407e-22	230	8.43	1.36	7.772351299383377e-14	230	0	both
MER21C	Arntl (MA0603.2)	CACGTG	RKCACGTG	2.49	0.945	2.63	1.725149301338357e-21	231	2.514	0.99	1.0	409	178	dinuc only
MER21C	RBPJ (MA1116.2)	TGGGAA	TGGGAA	41.4	35.138	1.18	4.869137369061353e-21	232	29.352	1.41	1.4226887203329444e-77	75	-157	both
MER21C	TFEB (MA0692.2)	CACRTG	CACRTGAY	8.41	5.294	1.59	1.2461255239129234e-20	233	5.35	1.57	9.112000603877284e-20	195	-38	both
MER21C	Stat5a (MA1624.2)	TCCWRGAA	YTCCWRGAA	20.21	15.404	1.31	1.2802300358976551e-20	234	13.131	1.54	2.8746793438337835e-46	124	-110	both
MER21C	SP8 (MA0747.2)	CACKCCC	CCMCHCCCMYY	14.88	10.718	1.39	1.5594463862693092e-20	235	10.313	1.44	8.293139848138336e-25	177	-58	both
MER21C	Rarb (MA0857.1)	AGGTCAAAAGGTCA	DVRGGTYAARRGBTCA	19.87	15.116	1.31	1.7620200871408418e-20	236	15.674	1.27	6.196865488084655e-16	218	-18	both
MER21C	SREBF2 (MA0596.1)	TGGSGTGA	MTGRGGTGAY	15.87	11.584	1.37	2.0222329304903727e-20	237	10.092	1.57	2.2259072735718143e-38	141	-96	both
MER21C	ERF::NHLH1 (MA1938.2)	GCAGCTGCCGGA	RKYAGMTBCMRSAWRY	7.46	4.579	1.63	4.371684507178063e-20	238	6.439	1.16	0.0043565999415205	315	77	both
MER21C	Pou5f1::Sox2 (MA0142.1)	TTSWHATGCARA	YWTTBWKATKCWWAH	19.93	15.264	1.31	1.2388790529018231e-19	239	24.549	0.81	1.0	565	326	dinuc only
MER21C	ALX3 (MA0634.2)	ATTA	TAATTA	13.63	9.752	1.4	2.0267503408554961e-19	240	16.273	0.84	1.0	523	283	dinuc only
MER21C	DRGX (MA1481.2)	AATTA	TAATTA	13.63	9.752	1.4	2.0267503408554961e-19	241	16.273	0.84	1.0	524	283	dinuc only
MER21C	EMX1 (MA0612.3)	TAATTA	TAATTA	13.63	9.752	1.4	2.0267503408554961e-19	242	16.273	0.84	1.0	525	283	dinuc only
MER21C	EMX2 (MA0886.2)	TAATTA	TAATTA	13.63	9.752	1.4	2.0267503408554961e-19	243	16.273	0.84	1.0	526	283	dinuc only
MER21C	EN1 (MA0027.3)	AATTA	TAATTA	13.63	9.752	1.4	2.0267503408554961e-19	244	16.273	0.84	1.0	527	283	dinuc only
MER21C	EVX1 (MA0887.2)	ATTA	TAATTA	13.63	9.752	1.4	2.0267503408554961e-19	245	16.273	0.84	1.0	528	283	dinuc only
MER21C	EVX2 (MA0888.2)	ATTA	TAATTA	13.63	9.752	1.4	2.0267503408554961e-19	246	16.273	0.84	1.0	529	283	dinuc only
MER21C	GSX1 (MA0892.2)	ATTA	TAATTA	13.63	9.752	1.4	2.0267503408554961e-19	247	16.273	0.84	1.0	530	283	dinuc only
MER21C	HOXA1 (MA1495.2)	TMATKA	TAATTA	13.63	9.752	1.4	2.0267503408554961e-19	248	16.273	0.84	1.0	531	283	dinuc only
MER21C	HOXA2 (MA0900.3)	TMATTA	TAATTA	13.63	9.752	1.4	2.0267503408554961e-19	249	16.273	0.84	1.0	532	283	dinuc only
MER21C	HOXB2 (MA0902.3)	ATTA	TAATTA	13.63	9.752	1.4	2.0267503408554961e-19	250	16.273	0.84	1.0	533	283	dinuc only
MER21C	HOXB3 (MA0903.2)	ATTA	TAATTA	13.63	9.752	1.4	2.0267503408554961e-19	251	16.273	0.84	1.0	534	283	dinuc only
MER21C	HOXB5 (MA0904.3)	TMATKA	TAATTA	13.63	9.752	1.4	2.0267503408554961e-19	252	16.273	0.84	1.0	535	283	dinuc only
MER21C	HOXC8 (MA1505.2)	YMATKR	TAATTA	13.63	9.752	1.4	2.0267503408554961e-19	253	16.273	0.84	1.0	536	283	dinuc only
MER21C	ISX (MA0654.2)	AATTA	TAATTA	13.63	9.752	1.4	2.0267503408554961e-19	254	16.273	0.84	1.0	537	283	dinuc only
MER21C	Lhx4 (MA0704.2)	ATTA	TAATTA	13.63	9.752	1.4	2.0267503408554961e-19	255	16.273	0.84	1.0	538	283	dinuc only
MER21C	Lhx8 (MA0705.2)	YRATYR	TAATTA	13.63	9.752	1.4	2.0267503408554961e-19	256	16.273	0.84	1.0	539	283	dinuc only
MER21C	MIXL1 (MA0662.2)	AATTA	TAATTA	13.63	9.752	1.4	2.0267503408554961e-19	257	16.273	0.84	1.0	540	283	dinuc only
MER21C	MNX1 (MA0707.3)	YRATTA	TAATTA	13.63	9.752	1.4	2.0267503408554961e-19	258	16.273	0.84	1.0	541	283	dinuc only
MER21C	NKX6-2 (MA0675.2)	ATTA	TAATTA	13.63	9.752	1.4	2.0267503408554961e-19	259	16.273	0.84	1.0	542	283	dinuc only
MER21C	PDX1 (MA0132.3)	ATTA	TAATTA	13.63	9.752	1.4	2.0267503408554961e-19	260	16.273	0.84	1.0	543	283	dinuc only
MER21C	POU6F1 (MA0628.2)	TAATTA	TAATTA	13.63	9.752	1.4	2.0267503408554961e-19	261	16.273	0.84	1.0	544	283	dinuc only
MER21C	PRRX1 (MA0716.2)	AATTA	TAATTA	13.63	9.752	1.4	2.0267503408554961e-19	262	16.273	0.84	1.0	545	283	dinuc only
MER21C	Shox2 (MA0720.2)	AATTA	TAATTA	13.63	9.752	1.4	2.0267503408554961e-19	263	16.273	0.84	1.0	546	283	dinuc only
MER21C	TLX2 (MA1577.2)	AATTA	TAATTA	13.63	9.752	1.4	2.0267503408554961e-19	264	16.273	0.84	1.0	547	283	dinuc only
MER21C	UNCX (MA0721.2)	ATTA	TAATTA	13.63	9.752	1.4	2.0267503408554961e-19	265	16.273	0.84	1.0	548	283	dinuc only
MER21C	VAX2 (MA0723.3)	ATTA	TAATTA	13.63	9.752	1.4	2.0267503408554961e-19	266	16.273	0.84	1.0	549	283	dinuc only
MER21C	FOXS1 (MA2118.1)	GTAAACA	DGTAAACA	11.09	7.624	1.45	4.51129516157833e-19	267	12.874	0.86	1.0	514	247	dinuc only
MER21C	BHLHE22 (MA1635.2)	CAGCTG	CAGCTG	16.26	12.094	1.34	6.5708591352882405e-19	268	13.375	1.22	2.9437457643811373e-09	254	-14	both
MER21C	Neurod2 (MA1993.2)	CAGCTG	CAGCTG	16.26	12.094	1.34	6.5708591352882405e-19	269	13.375	1.22	2.9437457643811373e-09	255	-14	both
MER21C	Olig2 (MA1997.2)	CAGCTG	CAGCTG	16.26	12.094	1.34	6.5708591352882405e-19	270	13.375	1.22	2.9437457643811373e-09	256	-14	both
MER21C	Tcf12 (MA0521.3)	CAGCTG	CAGCTG	16.26	12.094	1.34	6.5708591352882405e-19	271	13.375	1.22	2.9437457643811373e-09	257	-14	both
MER21C	Twist2 (MA0633.3)	CAGCTG	CAGCTG	16.26	12.094	1.34	6.5708591352882405e-19	272	13.375	1.22	2.9437457643811373e-09	258	-14	both
MER21C	ZNF708 (MA1730.2)	GCTGTRCCT	KCTGTKCCT	10.91	7.495	1.46	7.782903388173284e-19	273	8.716	1.25	6.294278818169997e-08	282	9	both
MER21C	KLF11 (MA1512.2)	CACRCCC	CCMCRCCCMC	9.84	6.613	1.49	1.1278650764116391e-18	274	8.171	1.2	2.360108097094126e-05	298	24	both
MER21C	ELF3 (MA0640.3)	ACTTCCT	YASTTCCTG	20.14	15.6	1.29	1.6562564329156082e-18	275	16.533	1.22	8.622554826809132e-12	240	-35	both
MER21C	Jun (MA0489.3)	TGACTCA	TGASTCAB	14.94	11.012	1.36	3.5160455972034605e-18	276	8.105	1.84	1.4026201013347016e-60	106	-170	both
MER21C	FOXG1 (MA0613.1)	RTAAACA	RTAAACAY	13.01	9.403	1.38	1.64561167980488e-17	277	16.276	0.8	1.0	573	296	dinuc only
MER21C	Ahr::Arnt (MA0006.2)	GCGTG	GCGTG	10.04	6.916	1.45	4.760680050531432e-17	278	17.427	0.58	1.0	758	480	dinuc only
MER21C	FOSL2::JUND (MA1145.2)	TKACGTCA	ATKAYRTCAY	6.24	3.845	1.62	9.686566154850126e-17	279	3.882	1.61	4.487277377299453e-16	217	-62	both
MER21C	ZBTB17 (MA2102.1)	ATCGAT	AATCAATT	5.37	3.192	1.68	2.974502255185718e-16	280	2.916	1.84	4.256734662987135e-21	186	-94	both
MER21C	FOXO6 (MA0849.1)	GTAAACA	RTAAACA	14.62	11.023	1.33	1.5244775342075089e-15	281	18.384	0.8	1.0	572	291	dinuc only
MER21C	JUND (MA0492.2)	ATGAYGTMA	RRTGAKRTMAY	12.04	8.789	1.37	2.340583081895974e-15	282	8.867	1.36	1.5882537831368257e-14	224	-58	both
MER21C	ONECUT3 (MA0757.2)	AAATCRATA	WWWAATCAATHW	12.86	9.576	1.34	1.040871884577156e-14	283	19.542	0.66	1.0	690	407	dinuc only
MER21C	HIF1A (MA1106.2)	ACGTGC	ACGTGC	3.08	1.586	1.94	2.316549290921989e-14	284	4.132	0.74	1.0	621	337	dinuc only
MER21C	NR2F1 (MA1537.2)	GGTCAAAGGTCA	RGGKYARAGRYYR	16.69	13.021	1.28	2.3890787546672902e-14	285	8.509	1.96	1.0134231002066426e-80	69	-216	both
MER21C	ZNF189 (MA1725.2)	CTGTTCC	KKCTGTTCC	14.1	10.731	1.31	3.858594203440898e-14	286	10.863	1.3	5.440953613200357e-13	238	-48	both
MER21C	MLX (MA0663.1)	TCACGTGA	RYCACGTGRY	1.84	0.764	2.41	5.0255144653836e-14	287	1.692	1.09	0.4837113878110461	382	95	dinuc only
MER21C	MYB (MA0100.4)	CAACTG	CAACTG	31.5	26.841	1.17	5.86307548500428e-14	288	16.589	1.9	2.240350572572862e-156	27	-261	both
MER21C	TFAP4::FLI1 (MA1967.2)	CGGAAACAGCTG	DMRGRMWMCAGMTG	10.36	7.498	1.38	7.906721352102568e-14	289	7.923	1.31	5.07802357866534e-10	249	-40	both
MER21C	FOXJ2::ELF1 (MA1952.2)	ACMGGAA	AMMCAGGAARY	15.13	11.752	1.29	2.241377235564801e-13	290	15.413	0.98	1.0	412	122	dinuc only
MER21C	NKX2-4 (MA2003.2)	CACTYSA	CCACTTCA	14.19	10.918	1.3	2.8434485090526855e-13	291	7.011	2.02	4.788629807853195e-73	87	-204	both
MER21C	PPARD (MA1550.2)	GGTCAAAGGTCA	RRGKTYARRGKKYR	18.01	14.422	1.25	6.773857815529243e-13	292	9.73	1.85	1.9888379697497608e-75	85	-207	both
MER21C	TAL1::TCF3 (MA0091.2)	AMCAKMTG	AMCAKCTGKD	12.29	9.296	1.32	8.437810029183559e-13	293	8.394	1.46	1.1658107820189345e-21	184	-109	both
MER21C	HSF4 (MA0771.1)	TCYRGAABVTTC	KKCTRGAAVBWTC	10.68	7.888	1.35	8.759654234979492e-13	294	8.141	1.31	1.518178726606692e-10	244	-50	both
MER21C	ELK4 (MA0076.3)	CTTCCGG	MRYTTCCKG	5.97	3.941	1.52	1.916533551926784e-12	295	3.556	1.68	7.291279437342169e-18	205	-90	both
MER21C	LMX1A (MA0702.3)	TAATTA	TTAATTA	7.25	4.992	1.45	1.9826894273718325e-12	296	9.755	0.74	1.0	618	322	dinuc only
MER21C	NKX6-1 (MA0674.2)	YMATTA	TAATTAA	7.25	4.992	1.45	1.9826894273718325e-12	297	9.755	0.74	1.0	619	322	dinuc only
MER21C	HNF4A (MA1494.2)	GTYCAAAGGTC	RRKKHCAAAGKKYW	15.9	12.573	1.26	1.983484039439815e-12	298	7.64	2.08	2.2217306240331075e-88	62	-236	both
MER21C	HOXD3 (MA0912.2)	TAATTA	CTAATTAY	9.09	6.562	1.38	2.486553921302175e-12	299	7.174	1.27	2.860168703266126e-07	288	-11	both
MER21C	ATF7 (MA0834.2)	ATGACGTCAY	ATKAYRTMAT	3.65	2.114	1.73	2.678189631210585e-12	300	2.399	1.52	5.0532562858583366e-08	281	-19	both
MER21C	Stat5a::Stat5b (MA0519.2)	TTCCMRGAA	TTCCMRGAR	18.94	15.384	1.23	3.579412577926175e-12	301	14.112	1.34	5.777035816405343e-22	181	-120	both
MER21C	TFAP4 (MA0691.1)	CAGCTG	MMCAGCTGDD	9.27	6.736	1.38	3.845553478665872e-12	302	6.132	1.51	1.2106779963442445e-18	200	-102	both
MER21C	GMEB2 (MA0862.1)	ACGT	YTACGTAA	1.36	0.523	2.6	4.5686472743383795e-12	303	0.8	1.7	5.413633854251677e-05	300	-3	both
MER21C	ZBTB26 (MA1579.2)	TCCAGA	STCCAGAV	21.23	17.568	1.21	9.497782838549223e-12	304	14.615	1.45	5.028651340746231e-38	143	-161	both
MER21C	Rxra (MA0512.2)	GGTCAAAGGTCA	RRGKTYARAGDYCA	16.65	13.413	1.24	2.3277858936481496e-11	305	8.162	2.04	9.665910848552306e-89	61	-244	both
MER21C	GLI3 (MA1491.3)	GACCACCCACGWHG	RGMCCMCMCAVVWWD	12.72	9.891	1.29	4.060101159610144e-11	306	8.597	1.48	1.577374136684174e-23	179	-127	both
MER21C	GSX2 (MA0893.3)	ATTA	GTAATTA	5.38	3.571	1.51	4.530208230182721e-11	307	5.385	1.0	1.0	398	91	dinuc only
MER21C	HOXA3 (MA2119.1)	TMATTA	GTAATTA	5.38	3.571	1.51	4.530208230182721e-11	308	5.385	1.0	1.0	399	91	dinuc only
MER21C	HOXA6 (MA1497.2)	ATWA	GTAATTA	5.38	3.571	1.51	4.530208230182721e-11	309	5.385	1.0	1.0	400	91	dinuc only
MER21C	HOXB1 (MA2093.1)	TMATTR	GTAATTA	5.38	3.571	1.51	4.530208230182721e-11	310	5.385	1.0	1.0	401	91	dinuc only
MER21C	HOXB7 (MA1501.2)	GYAATTA	GTAATTA	5.38	3.571	1.51	4.530208230182721e-11	311	5.385	1.0	1.0	402	91	dinuc only
MER21C	LHX5 (MA1519.2)	YAATTA	GTAATTA	5.38	3.571	1.51	4.530208230182721e-11	312	5.385	1.0	1.0	403	91	dinuc only
MER21C	MEOX2 (MA0706.2)	ATYA	GTAATTA	5.38	3.571	1.51	4.530208230182721e-11	313	5.385	1.0	1.0	404	91	dinuc only
MER21C	EWSR1-FLI1 (MA0149.1)	GGAAGGAAGGAAGGAAGG	GRRRGRRRKRRRGGMDRR	17.48	14.233	1.23	6.171883279612226e-11	314	21.251	0.82	1.0	560	246	dinuc only
MER21C	SOHLH2 (MA1560.2)	CACGTG	SCACGTGS	1.18	0.452	2.61	9.713918692068677e-11	315	1.782	0.66	1.0	697	382	dinuc only
MER21C	RARA (MA0729.1)	RAGGTCAWAAGGTCA	RRGKTSMRWAGKWCARKB	16.01	12.954	1.24	1.5691885758187254e-10	316	14.119	1.13	0.0001420189435064	303	-13	both
MER21C	EGR1 (MA0162.5)	CRCCCMCRC	MCWCCCACMC	4.04	2.542	1.59	2.133626114933025e-10	317	3.54	1.14	0.0685241910156483	347	30	dinuc only
MER21C	CTCF (MA1930.2)	TGCAVTDHHVVVHHHHDDCCWSYAGRKGG	BTKYWSBBMBVBYBVHBBVMCWSBAGRKRGVRB	11.57	8.972	1.29	2.3157520836547708e-10	318	7.088	1.63	1.739331290944699e-31	154	-164	both
MER21C	JUNB (MA1140.3)	ATGACGTCA	ATGAYGTMAYY	3.17	1.864	1.7	2.5940531634112964e-10	319	2.162	1.46	3.990449586871283e-06	293	-26	both
MER21C	RXRB (MA0855.1)	RGGTCAAAGGTCA	RRGKTBARAGKYYR	17.35	14.223	1.22	2.686955590170241e-10	320	9.205	1.89	5.483732549308247e-76	78	-242	both
MER21C	ARGFX (MA1463.2)	TAATTA	HTAATTAA	7.75	5.636	1.37	3.3181483497422556e-10	321	10.192	0.76	1.0	609	288	dinuc only
MER21C	ZNF136 (MA1588.1)	ATTCTKGGYTG	RRMTTCTKGGYTGRY	17.17	14.143	1.21	8.714268952786553e-10	322	12.667	1.36	6.90526405008039e-21	187	-135	both
MER21C	KLF6 (MA1517.2)	ACRCCC	SCACRCCCM	7.92	5.84	1.36	9.295415269596763e-10	323	7.113	1.11	0.0323155333739981	328	5	both
MER21C	NFIB (MA1643.2)	TGGCWYDRWGCCA	YSTGGCWVBBWGCCMVV	10.81	8.374	1.29	1.0221032126229267e-09	324	10.273	1.05	0.2484922178345186	368	44	dinuc only
MER21C	ELK1::SREBF2 (MA1933.2)	CGGAAGTSRCGTG	MYGGAAGTSRBSKGR	4.42	2.902	1.52	1.3025005956447487e-09	325	2.265	1.95	2.4208758986244518e-20	193	-132	both
MER21C	NFYC (MA1644.2)	CCAATCA	CCAATCA	12.72	10.141	1.25	2.2836219913792914e-09	326	4.643	2.74	5.434487564560905e-118	47	-279	both
MER21C	LHX6 (MA0658.2)	TAATTA	YTAATTAR	5.87	4.127	1.42	2.4710116848298387e-09	327	5.674	1.03	0.629003453391774	389	62	dinuc only
MER21C	ESX1 (MA0644.3)	AATTA	CTAATTA	6.48	4.645	1.39	2.611935872602372e-09	328	5.773	1.12	0.0407643647849721	335	7	both
MER21C	GBX1 (MA0889.2)	AATTA	CTAATTA	6.48	4.645	1.39	2.611935872602372e-09	329	5.773	1.12	0.0407643647849721	336	7	both
MER21C	LBX1 (MA0618.2)	TAAYWRG	TAATTAG	6.48	4.645	1.39	2.611935872602372e-09	330	5.773	1.12	0.0407643647849721	337	7	both
MER21C	MEOX1 (MA0661.2)	TMATTA	CTAATTA	6.48	4.645	1.39	2.611935872602372e-09	331	5.773	1.12	0.0407643647849721	338	7	both
MER21C	NOTO (MA0710.2)	MATTA	CTAATTA	6.48	4.645	1.39	2.611935872602372e-09	332	5.773	1.12	0.0407643647849721	339	7	both
MER21C	PRRX2 (MA0075.4)	AATTA	CTAATTA	6.48	4.645	1.39	2.611935872602372e-09	333	5.773	1.12	0.0407643647849721	340	7	both
MER21C	VAX1 (MA0722.2)	AAT	CTAATTA	6.48	4.645	1.39	2.611935872602372e-09	334	5.773	1.12	0.0407643647849721	341	7	both
MER21C	VSX1 (MA0725.2)	AATT	CTAATTA	6.48	4.645	1.39	2.611935872602372e-09	335	5.773	1.12	0.0407643647849721	342	7	both
MER21C	VSX2 (MA0726.2)	AATTA	CTAATTA	6.48	4.645	1.39	2.611935872602372e-09	336	5.773	1.12	0.0407643647849721	343	7	both
MER21C	NFIC (MA1527.2)	TGGCDBVVTGCCA	VKGGCWRBBWGCCAR	9.41	7.197	1.31	2.8210183082851503e-09	337	8.052	1.17	0.0005499357000164	307	-30	both
MER21C	HES2 (MA0616.3)	CACGTG	GRCACGTGK	1.23	0.538	2.29	5.427643097351194e-09	338	2.041	0.6	1.0	750	412	dinuc only
MER21C	HEY2 (MA0649.2)	GVCACGTG	GVCACGTGS	1.23	0.538	2.29	5.427643097351194e-09	339	2.136	0.58	1.0	762	423	dinuc only
MER21C	ELK3 (MA0759.3)	CCGGAAGT	VCCGGAAGY	2.56	1.485	1.72	6.477993282287511e-09	340	1.22	2.1	2.372864011211292e-14	225	-115	both
MER21C	ZNF449 (MA1656.2)	AGCCCAAC	MAGCCCMACC	13.69	11.111	1.23	8.697044665280016e-09	341	7.85	1.74	9.71985472596737e-47	123	-218	both
MER21C	ZBED4 (MA2328.1)	CGCYCCGC	CYCKCYCCKC	1.41	0.666	2.12	1.001513037836461e-08	342	2.189	0.65	1.0	707	365	dinuc only
MER21C	ATF4 (MA0833.3)	TGATGYAA	RTGATGHAAY	12.5	10.053	1.24	1.0924164639647902e-08	343	11.929	1.05	0.2430939162980619	365	22	dinuc only
MER21C	TFEC (MA0871.3)	CACGTGAC	CAYGTGAC	3.45	2.212	1.56	1.7589066691683218e-08	344	2.983	1.16	0.065655555104806	346	2	dinuc only
MER21C	JUN::JUNB (MA1133.2)	TKACGTCA	KRTKAYRTCAT	4.92	3.448	1.43	4.0574969125824175e-08	345	3.607	1.36	1.7424254175770846e-06	291	-54	both
MER21C	HEY1 (MA0823.1)	CACGTG	BMCACGTGBV	1.16	0.522	2.23	4.1456346048171096e-08	346	2.071	0.56	1.0	776	430	dinuc only
MER21C	HES1 (MA1099.3)	CRCGTG	GRCACGTG	1.11	0.492	2.26	5.83243469441172e-08	347	1.627	0.68	1.0	681	334	dinuc only
MER21C	HES5 (MA0821.2)	CACGTG	VSCACGTGSB	0.98	0.411	2.39	5.99772532011317e-08	348	2.499	0.39	1.0	860	512	dinuc only
MER21C	HSF1 (MA0486.2)	TTCYMGAAYVTTC	KTCYRGAABHTTC	10.57	8.424	1.25	6.429503696057854e-08	349	9.336	1.13	0.0033405333185369	313	-36	both
MER21C	KLF15 (MA1513.2)	CCCGCCC	MCCCGCCC	1.68	0.889	1.89	6.49948794513058e-08	350	3.033	0.55	1.0	783	433	dinuc only
MER21C	ETV5 (MA0765.4)	CCGGAAGT	MCCGGAAGY	2.47	1.478	1.67	6.584262059024273e-08	351	1.085	2.28	2.0674796332923111e-16	211	-140	both
MER21C	CTCF (MA1929.2)	GCWVYDYYHVVDDBDDMCWSHAGRKG	BTKYWRBBHYHVHDVHDVMCWSHRGRKGKHR	11.72	9.472	1.24	7.543017187730767e-08	352	8.036	1.46	3.053016321805852e-20	194	-158	both
MER21C	ASCL1 (MA1100.3)	CASSTG	GCAGCTGS	5.15	3.679	1.4	8.994675311271914e-08	353	6.481	0.79	1.0	587	234	dinuc only
MER21C	NKX2-8 (MA0673.2)	CACTY	CCACTTCA	15.17	12.691	1.2	1.434716240474e-07	354	8.099	1.87	1.930667827814925e-64	99	-255	both
MER21C	ETV2::DRGX (MA1940.2)	CGGAWRYRATTA	RGGAARYWMTWA	7.73	5.937	1.3	1.471755486879426e-07	355	6.675	1.16	0.0037891090631931	314	-41	both
MER21C	FEZF2 (MA2341.1)	CCAGCCT	MCCAGCCT	13.45	11.13	1.21	1.9632763307698624e-07	356	25.301	0.53	1.0	791	435	dinuc only
MER21C	SATB1 (MA1963.2)	CTAATAA	CTAATAA	6.94	5.269	1.32	2.287995290431137e-07	357	7.102	0.98	1.0	418	61	dinuc only
MER21C	MEIS1 (MA0498.3)	TGACA	TGACA	65.65	62.238	1.05	2.663241236993733e-07	358	55.073	1.19	2.2419281771407418e-55	110	-248	both
MER21C	RXRG (MA0856.1)	RGGTCAAAGGTCA	RRGKTYARRGKYYR	16.82	14.279	1.18	2.7938775748129384e-07	359	8.689	1.94	1.1653775509519215e-78	74	-285	both
MER21C	NFIL3 (MA0025.3)	TTATGYAA	TTATGYAAY	11.2	9.098	1.23	2.986378374089107e-07	360	13.185	0.85	1.0	517	157	dinuc only
MER21C	CEBPG (MA1636.2)	TGATGCAA	ATGATGYAAY	12.72	10.495	1.21	3.241851460878878e-07	361	13.632	0.93	1.0	444	83	dinuc only
MER21C	NKX2-3 (MA0672.2)	CACTT	CCACTTSA	14.53	12.223	1.19	6.727944546484929e-07	362	7.779	1.87	5.842137182801289e-61	105	-257	both
MER21C	GCM2 (MA0767.2)	TGCGGG	ATGKGGGT	7.3	5.654	1.29	7.736594955629873e-07	363	3.436	2.12	7.18461674219404e-41	135	-228	both
MER21C	ATF2 (MA1632.2)	ATGABGTCA	ATGAKGTMAY	10.88	8.883	1.22	8.694869589774355e-07	364	10.843	1.0	1.0	397	33	dinuc only
MER21C	CREB3L4 (MA1474.2)	CACGT	KMCACRTSAY	2.52	1.602	1.57	1.0871818162281255e-06	365	2.08	1.21	0.0399897313442205	334	-31	both
MER21C	ERF::SREBF2 (MA1939.2)	CGGAWRTCACGTGA	SMGGWWRKCAYSTKWY	5.85	4.405	1.33	1.1920060142863829e-06	366	3.631	1.61	3.3749533703948146e-15	223	-143	both
MER21C	ZNF740 (MA0753.3)	CCCCCCCC	CCCCCCCCMM	16.06	13.722	1.17	1.3941284668945789e-06	367	7.684	2.09	3.041915186074045e-90	60	-307	both
MER21C	EGR3 (MA0732.2)	CGCCCMCGCA	MCVCCCMCVCA	4.29	3.076	1.4	1.4966084199320574e-06	368	3.359	1.28	0.0004244589361176	306	-62	both
MER21C	ZNF214 (MA1975.2)	ATYAABRKCCT	WCAKBAADRKSCT	16.19	13.878	1.17	2.111949441949803e-06	369	9.955	1.63	1.7841205365665549e-44	127	-242	both
MER21C	Thap11 (MA1573.2)	ACTACAWBTCCC	RYYMCARVTCCCAB	13.31	11.193	1.19	2.1236686579016787e-06	370	10.585	1.26	7.399755990793741e-10	250	-120	both
MER21C	MEF2D (MA0773.1)	CTAWAAATAG	DYTAWWAATARM	9.75	7.952	1.23	3.170273640070984e-06	371	26.897	0.36	1.0	861	490	dinuc only
MER21C	Sox7 (MA2095.1)	AACAATG	WGAACAAWRG	15.83	13.61	1.16	4.318049990279928e-06	372	14.94	1.06	0.0895134197505452	350	-22	dinuc only
MER21C	Alx1 (MA0854.2)	TAATTA	WTAATTAW	8.34	6.71	1.24	5.51209150750106e-06	373	10.61	0.79	1.0	585	212	dinuc only
MER21C	KLF3 (MA1516.2)	CCRCGCCC	DRCCRMRCCC	5.13	3.885	1.32	8.244878346744283e-06	374	7.723	0.66	1.0	692	318	dinuc only
MER21C	NFYA (MA0060.4)	CCAATCA	CCAATCAB	14.67	12.626	1.16	1.3087501194234754e-05	375	5.81	2.52	1.1086569724669815e-119	45	-330	both
MER21C	NR2F1 (MA0017.3)	RGGTCA	RRRGGTCADRRR	16.01	13.906	1.15	1.5737306776930216e-05	376	14.089	1.14	0.0001090438539289	302	-74	both
MER21C	ZNF582 (MA1983.2)	TTACTTGCAGCYVA	BYTSKDAYTTKCAKCYVMR	12.93	11.042	1.17	1.9661558595287227e-05	377	11.929	1.08	0.034377269478724	330	-47	both
MER21C	Hoxa13 (MA0650.4)	CAATAAA	MCAATAAA	12.54	10.776	1.16	5.728639775277328e-05	378	17.277	0.73	1.0	624	246	dinuc only
MER21C	SREBF2 (MA0828.3)	RTCACGTGAY	ATCAYRTGAT	4.24	3.211	1.32	5.989360747933683e-05	379	4.985	0.85	1.0	521	142	dinuc only
MER21C	THRB (MA1574.2)	GGTCARAGGT	RGGTYARRGKKYR	14.65	12.768	1.15	6.24885717505012e-05	380	8.496	1.72	1.3061076393882e-48	119	-261	both
MER21C	Pgr (MA2323.1)	GRACADWDTGTYC	WARAAMARWHKRTWYTY	13.15	11.359	1.16	6.513685128150302e-05	381	12.498	1.05	0.1905177361010053	362	-19	dinuc only
MER21C	MYOG (MA0500.3)	CAGCTG	SCAGCTGS	4.53	3.48	1.3	8.14371491388182e-05	382	5.761	0.79	1.0	588	206	dinuc only
MER21C	CREB1 (MA0018.5)	TGAYGTCA	TGATGTCA	11.99	10.355	1.16	0.0001531939506687	383	12.699	0.94	1.0	440	57	dinuc only
MER21C	Foxq1 (MA0040.2)	TGTTTA	VYWGTTTAKK	12.97	11.279	1.15	0.0001531939506687	384	18.805	0.69	1.0	659	275	dinuc only
MER21C	Nr2f6 (MA0677.2)	GGTCAAAGGTCA	RGGWCARAGRYCA	15.31	13.499	1.13	0.0001620666110665	385	8.865	1.73	2.8152409635406e-51	116	-269	both
MER21C	Nr2e3 (MA0164.2)	AAGCTT	AAGCTT	15.24	13.471	1.13	0.0002291138012871	386	11.273	1.35	4.2959407817771624e-18	203	-183	both
MER21C	RFX4 (MA0799.3)	GTTGCYWRGCAAC	GTWBCYWRGSRAC	4.31	3.355	1.29	0.0002406905181884	387	2.185	1.97	1.9761644598613934e-20	192	-195	both
MER21C	Foxl2 (MA1607.2)	GTAAACA	WWWGTAAACA	11.95	10.425	1.15	0.0004119544023879	388	21.023	0.57	1.0	764	376	dinuc only
MER21C	FOXP2 (MA0593.2)	GTAAACA	RRWAAACAV	13.33	11.742	1.13	0.000478701976876	389	19.393	0.69	1.0	658	269	dinuc only
MER21C	Foxn1 (MA1684.1)	GAMGC	GGACGC	2.47	1.792	1.38	0.0005318930111384	390	2.207	1.12	0.2500741034262989	371	-19	dinuc only
MER21C	ELK1 (MA0028.3)	CCGGAAGT	VCCGGAAGY	2.84	2.122	1.34	0.0006152557476487	391	1.725	1.65	1.7639577403446334e-08	266	-125	both
MER21C	Hoxd13 (MA0909.4)	CAATAA	CAATAAA	8.6	7.34	1.17	0.0006400507478659	392	13.502	0.64	1.0	710	318	dinuc only
MER21C	Zbtb2 (MA2340.1)	CCGGAAG	ACCDGAAGTG	3.09	2.343	1.32	0.0006561009133122	393	1.802	1.72	2.492013312436049e-10	246	-147	both
MER21C	BARHL1 (MA0877.4)	CGTTTA	CGTTTA	2.93	2.206	1.33	0.0006856832146186	394	3.657	0.8	1.0	577	183	dinuc only
MER21C	BARHL2 (MA0635.2)	TAAWYG	TAAACG	2.93	2.206	1.33	0.0006856832146186	395	3.657	0.8	1.0	578	183	dinuc only
MER21C	PAX4 (MA0068.2)	AATT	CTAATTAS	4.35	3.453	1.26	0.0006856832146186	396	3.888	1.12	0.1140936551038069	354	-42	dinuc only
MER21C	JUN (MA0488.2)	ATGAKGTMA	RTGAKGYMAY	10.84	9.468	1.14	0.0009035907345949	397	10.186	1.06	0.1480541393264973	356	-41	dinuc only
MER21C	Gli1 (MA1990.2)	GACCACCCA	RGACCACCCA	14.83	13.308	1.11	0.001427180329758	398	7.687	1.93	4.993383510941056e-68	93	-305	both
MER21C	FOXB1 (MA0845.1)	GTMAAYA	WRWRTAWATAW	11.66	10.313	1.13	0.0016304279828376	399	26.909	0.43	1.0	835	436	dinuc only
MER21C	HES6 (MA1493.1)	GGCACGTGT	KSCACGTGTY	2.95	2.283	1.29	0.0020598761606435	400	4.577	0.64	1.0	713	313	dinuc only
MER21C	ZBTB33 (MA0527.2)	TCTCGCG	TCYCRYGRGA	0.48	0.241	2.0	0.0022201929299241	401	0.505	0.96	1.0	432	31	dinuc only
MER21C	ZNF418 (MA1980.1)	GWRGCYAMAAGCA	VDGWRGCYRMAARYW	14.08	12.654	1.11	0.0022897311042165	402	18.153	0.78	1.0	590	188	dinuc only
MER21C	Wt1 (MA1627.2)	CTCCCCC	MCTCCCMCAY	14.42	12.99	1.11	0.0024720099317078	403	10.761	1.34	3.388547180855514e-16	214	-189	both
MER21C	HOXD12::ELK1 (MA1958.2)	CGGAAGTYGTAAA	MGGAWRTYRTWAA	7.96	6.905	1.15	0.003316245765282	404	7.669	1.04	0.4977299784575794	384	-20	dinuc only
MER21C	TBXT (MA0009.2)	TMRCACVTABGTGYKA	WVRCAYVYRKRTGYBW	5.1	4.261	1.2	0.0037414638450822	405	4.729	1.08	0.2553562059336595	372	-33	dinuc only
MER21C	XBP1 (MA0844.2)	CACGTCA	BMCACGTCABH	1.5	1.064	1.41	0.003996896064258	406	1.463	1.03	0.9388737764412236	394	-12	dinuc only
MER21C	BHLHE41 (MA0636.1)	KCACGTGA	RKCACGTGMY	0.95	0.611	1.55	0.004411723780401	407	1.405	0.67	1.0	689	282	dinuc only
MER21C	Npas4 (MA1995.2)	CGTGAC	TCGTGAC	0.98	0.641	1.53	0.0045860838406459	408	0.579	1.7	0.0006851964424407	308	-100	both
MER21C	ETV4 (MA0764.4)	CCGGA	VCCGGAAGY	2.75	2.165	1.27	0.0052184569621281	409	1.741	1.58	3.129025481755924e-07	289	-120	both
MER21C	ZNF35 (MA2333.1)	AATTCTA	AATTCTA	8.41	7.4	1.14	0.0064792832896858	410	9.36	0.9	1.0	482	72	dinuc only
MER21C	ZSCAN21 (MA2336.1)	AGCACT	AAGCACT	7.58	6.628	1.14	0.0066003915433683	411	6.611	1.15	0.0072817544871004	318	-93	both
MER21C	Gli2 (MA0734.4)	GACCACCCA	GRCCACCCA	12.97	11.772	1.1	0.0081049708554225	412	12.103	1.07	0.0705824309145765	348	-64	dinuc only
MER21C	FOSL1::JUND (MA1143.2)	TGAC	ATGACKTMA	4.67	3.938	1.19	0.0084633348143828	413	4.026	1.16	0.0279106884573423	326	-87	both
MER21C	SIX1 (MA1118.2)	AACCTGA	SWAACCTGA	13.09	11.902	1.1	0.0086414745938343	414	9.423	1.39	5.995237461074057e-18	204	-210	both
MER21C	THAP1 (MA0597.3)	AGGGCA	VSAGGGCA	13.51	12.314	1.1	0.0096593813230449	415	9.794	1.38	8.542655340322397e-18	207	-208	both
MER21C	Atf1 (MA0604.1)	TGACG	RTGACGTR	1.4	1.028	1.36	0.0135606911148532	416	1.491	0.94	1.0	443	27	dinuc only
MER21C	EGR4 (MA0733.2)	CGCCCMCGC	MCVCCCMCSCM	4.11	3.499	1.18	0.0191041417802242	417	3.878	1.06	0.4472429078610333	381	-36	dinuc only
MER21C	BHLHE40 (MA0464.3)	CACGTG	WCACGTGM	0.82	0.567	1.45	0.0241196820333973	418	1.877	0.44	1.0	834	416	dinuc only
MER21C	ZNF610 (MA1713.2)	GCCGCTCC	SHSCCGCTCY	1.11	0.812	1.37	0.0259344271451474	419	1.913	0.58	1.0	763	344	dinuc only
MER21C	TFAP2A (MA0003.5)	CCTCAGG	SCCTCAGGH	11.34	10.401	1.09	0.0281267576057553	420	7.859	1.44	1.1541375957162733e-18	199	-221	both
MER21C	EPAS1 (MA2325.1)	GCACGT	BGCACGTAS	0.68	0.458	1.48	0.0305875898217546	421	0.958	0.71	1.0	649	228	dinuc only
MER21C	ZNF416 (MA1979.2)	CTGGGC	WHWCTGGGCW	12.74	11.799	1.08	0.0379878786090769	422	15.89	0.8	1.0	574	152	dinuc only
MER21C	BACH2 (MA1470.2)	ATGACGTSAT	DDHYMATGASKTSAYYHWW	4.88	4.308	1.13	0.0457954246401044	423	4.787	1.02	0.8479988580448855	393	-30	dinuc only
MER21C	ZNF75A (MA2097.1)	TTTTCCCAC	KBKTYTCMCACM	15.24	14.314	1.06	0.0583471894764633	424	11.752	1.3	5.090808805331152e-14	227	-197	genomic only
MER21C	MTF1 (MA0863.1)	TKTGCACACGKCMC	TBTGCACACRDCMC	3.7	3.242	1.14	0.0677847329499025	425	4.269	0.87	1.0	511	86	neither
MER21C	NR1H2::RXRA (MA0115.1)	AGGTCAAAGGTCA	HRRGKWCAWAGRYCARV	14.85	13.968	1.06	0.0694069495917908	426	8.749	1.7	7.918848495345709e-47	122	-304	genomic only
MER21C	SIX2 (MA1119.2)	GWAACCTGA	TSAAACCTGAK	14.99	14.137	1.06	0.0793891583266843	427	11.712	1.28	1.289240993871929e-12	239	-188	genomic only
MER21C	ZNF143 (MA0088.2)	CCCAYRATGCA	BWCCCAYMATBCMHYB	12.45	11.672	1.07	0.0832704895095589	428	9.292	1.34	6.020516057695344e-14	229	-199	genomic only
MER21C	ZBTB18 (MA0698.2)	CAGATGT	HHCCAGATGTK	13.67	12.887	1.06	0.0959615789484421	429	14.477	0.94	1.0	437	8	neither
MER21C	TCFL5 (MA0632.3)	CRCGCGC	TCACGTGC	0.29	0.176	1.63	0.0978396924138029	430	0.92	0.31	1.0	871	441	neither
MER21C	Rhox11 (MA0629.2)	GCTGTW	DGCTGTWAW	4.87	4.394	1.11	0.1035106570772848	431	5.272	0.92	1.0	472	41	neither
MER21C	NEUROD1 (MA1109.2)	CAGATGG	MCAGATGG	11.88	11.164	1.06	0.1041501155776598	432	10.68	1.11	0.0074098091296471	319	-113	genomic only
MER21C	Neurod2 (MA0668.3)	CAGATGG	MCAGATGG	11.88	11.164	1.06	0.1041501155776598	433	10.68	1.11	0.0074098091296471	320	-113	genomic only
MER21C	CTCF (MA0139.2)	CCASYAGRKGGC	DMCWSVAGRKGGMRB	10.89	10.214	1.07	0.1077852484401579	434	8.012	1.36	2.972314849848627e-13	232	-202	genomic only
MER21C	ETV3 (MA0763.2)	CGGAART	ACCKGAAGT	3.83	3.423	1.12	0.1160806923528204	435	2.483	1.54	9.111676162984457e-09	261	-174	genomic only
MER21C	TCF21 (MA1568.2)	CATATG	RCCATATGKY	5.22	4.786	1.09	0.1461682180606641	436	5.318	0.98	1.0	419	-17	neither
MER21C	ZNF157 (MA2331.1)	AGCARTAYACYT	RRRHMARCAVTWYACYTDYHH	9.7	9.148	1.06	0.1741800275414907	437	9.108	1.06	0.174037029502933	361	-76	neither
MER21C	YY2 (MA0748.3)	ATGGCG	ATGGCGG	0.86	0.71	1.21	0.2285318882686693	438	1.067	0.8	1.0	583	145	neither
MER21C	FOXC1 (MA0032.2)	RTMAAYA	WRWRWAAAYAW	11.9	11.365	1.05	0.2285318882686693	439	28.663	0.42	1.0	847	408	neither
MER21C	NFATC4 (MA1525.3)	GGAAA	RTGGAAAMW	13.18	12.628	1.04	0.2285318882686693	440	15.732	0.84	1.0	550	110	neither
MER21C	ZBTB14 (MA1650.2)	CGCGCAC	CCGSGCAC	0.59	0.469	1.26	0.2335165236949234	441	2.094	0.28	1.0	875	434	neither
MER21C	ZBTB11 (MA2329.1)	ACTTCCGG	CACTTCCKR	5.12	4.785	1.07	0.2685703820838576	442	4.483	1.14	0.0394446706436759	333	-109	genomic only
MER21C	Spz1 (MA0111.1)	AGGGTWWCA	AGGGTWWSAGS	10.11	9.656	1.05	0.2710398768121563	443	11.337	0.89	1.0	490	47	neither
MER21C	HOXA5 (MA0158.2)	YMATTA	STAATTAS	4.85	4.53	1.07	0.2753788768428502	444	3.994	1.21	0.0030306295340704	312	-132	genomic only
MER21C	Atoh1 (MA1467.3)	CAGATG	CAGATGG	9.34	8.938	1.04	0.3111384647921448	445	7.096	1.32	1.8761305459634707e-09	252	-193	genomic only
MER21C	NEUROG2 (MA1642.2)	CAGATG	CAGATGG	9.34	8.938	1.04	0.3111384647921448	446	7.096	1.32	1.8761305459634707e-09	253	-193	genomic only
MER21C	TFCP2 (MA1968.2)	AACCGGWT	MAACYRGTT	5.49	5.186	1.06	0.3221649219705513	447	3.774	1.46	1.2448799347364704e-09	251	-196	genomic only
MER21C	TFAP2C (MA0814.3)	CCTGAGG	BCCTGAGGM	10.0	9.599	1.04	0.3239004445523004	448	15.576	0.64	1.0	709	261	neither
MER21C	ZFP42 (MA1651.2)	AARATGGC	YARRATGGCTSMY	9.7	9.307	1.04	0.3305764004341013	449	9.321	1.04	0.417623141220246	375	-74	neither
MER21C	CREB3 (MA0638.2)	CACGTCA	DKMCACGTCAYY	1.68	1.513	1.11	0.3322313482120635	450	1.885	0.89	1.0	493	43	neither
MER21C	ESR1 (MA0112.4)	RGGTCAMVRTGACCT	RGGTYMBSRKRACCY	6.44	6.134	1.05	0.3546319650030221	451	8.658	0.74	1.0	620	169	neither
MER21C	Prdm4 (MA1647.3)	CTKGAAAC	HCTKGAAACWV	13.45	13.038	1.03	0.3671171776436938	452	11.418	1.18	7.756671019864483e-06	294	-158	genomic only
MER21C	EGR2 (MA0472.2)	CGCCCACGC	MCDCCCACRCR	1.66	1.508	1.1	0.3673530341123551	453	2.318	0.72	1.0	643	190	neither
MER21C	Rarg (MA0860.1)	AAGGTCAMSRRAGGTCA	RAGGKCWDSRRRGSTCM	12.47	12.078	1.03	0.3779238855301034	454	9.935	1.26	3.933836866460626e-09	259	-195	genomic only
MER21C	TBX19 (MA0804.2)	TMRCACVTRBGTGYKA	TVRCAYMWRBRTGYKWD	5.04	4.821	1.05	0.4461549067965972	455	5.278	0.96	1.0	431	-24	neither
MER21C	Prdm5 (MA1999.2)	TCTCC	SYTCTCCAKCY	13.85	13.501	1.03	0.4524617733577254	456	14.031	0.99	1.0	406	-50	neither
MER21C	ZNF93 (MA1721.2)	CRGCRGCRG	GGNRKCRGSAGYRG	1.66	1.535	1.08	0.4536308573444497	457	4.142	0.4	1.0	857	400	neither
MER21C	HIC2 (MA0738.2)	TGCCM	ATGCCC	20.0	19.611	1.02	0.4633648919759974	458	15.735	1.27	2.5494845903081896e-16	212	-246	genomic only
MER21C	Arid3b (MA0601.2)	TTAAT	TATTAAT	4.76	4.577	1.04	0.5202372093762179	459	9.49	0.5	1.0	811	352	neither
MER21C	TFDP1 (MA1122.2)	GCGGGAA	KGCGGGAA	1.22	1.125	1.08	0.5341501838588918	460	2.148	0.57	1.0	769	309	neither
MER21C	HOXB6 (MA1500.2)	TAATKR	TAATTRC	7.91	7.702	1.03	0.5606536319753291	461	9.546	0.83	1.0	559	98	neither
MER21C	ZBTB7B (MA0694.2)	CGACCMCC	SRACCMCCVA	6.64	6.466	1.03	0.5953751573891397	462	3.399	1.95	2.078466314957547e-30	157	-305	genomic only
MER21C	Zfp961 (MA2126.1)	GGGCGCCA	GGGYGCCA	2.52	2.429	1.04	0.6477223920244098	463	1.972	1.28	0.0082465608877293	321	-142	genomic only
MER21C	E2F8 (MA0865.3)	CCCGCSA	YWCCCGCCA	1.09	1.032	1.06	0.6663839191394626	464	2.154	0.51	1.0	807	343	neither
MER21C	ZNF75D (MA1601.2)	GTGGGAAABCCT	GTGGRAARVSYY	14.22	14.055	1.01	0.6965606309942649	465	9.717	1.46	3.151211533586205e-25	174	-291	genomic only
MER21C	Foxj2 (MA0614.1)	RTAAACA	RTAAACAW	12.42	12.281	1.01	0.732184105687234	466	16.929	0.73	1.0	625	159	neither
MER21C	ZBTB12 (MA1649.2)	CTRGAAC	CTGGAAC	7.91	7.808	1.01	0.7549245431007884	467	5.7	1.39	8.591618929058283e-11	242	-225	genomic only
MER21C	HOXB9 (MA1503.2)	TCRTAAA	RTCATAAAW	4.67	4.658	1.0	0.926624385951354	468	6.859	0.68	1.0	678	210	neither
MER21C	HOXC9 (MA0485.3)	TCGTAAA	RTCATAAAW	4.67	4.658	1.0	0.926624385951354	469	6.859	0.68	1.0	679	210	neither
MER21C	E2F6 (MA0471.3)	GGCGGGA	GGWGGGAA	6.58	6.583	1.0	0.950142607639419	470	7.322	0.9	1.0	484	14	neither
MER21C	NHLH2 (MA1529.2)	CAGCTGCG	RRHMVCASCTGHGYBY	4.28	4.288	1.0	0.983907392109339	471	5.719	0.75	1.0	614	143	neither
MER21C	FIGLA (MA0820.2)	CACCTG	CACCTG	26.92	27.122	0.99	1.0	472	26.161	1.03	0.2492759269689719	369	-103	neither
MER21C	ZEB1 (MA0103.4)	CACCTG	CACCTG	26.92	27.122	0.99	1.0	473	26.161	1.03	0.2492759269689719	370	-103	neither
MER21C	Gfi1B (MA0483.2)	AATCWSWG	AAATCWSWGV	13.76	13.852	0.99	1.0	474	17.029	0.81	1.0	566	92	neither
MER21C	LHX9 (MA0701.3)	YAATTA	CYAATTA	11.63	11.789	0.99	1.0	475	10.314	1.13	0.0028103129268339	311	-164	genomic only
MER21C	Ptf1A (MA1618.2)	CAGATG	MCAGATGKD	11.2	11.308	0.99	1.0	476	10.919	1.03	0.5936882180794507	388	-88	neither
MER21C	BCL6B (MA0731.1)	TGCTTTCTAGGAATT	DKYTWKCYAGGAAYYMM	10.86	10.942	0.99	1.0	477	10.1	1.08	0.0888952042846385	349	-128	neither
MER21C	GLIS1 (MA0735.2)	GACCCCCCACGWWG	MKACCCCCCACKWYR	4.56	4.588	0.99	1.0	478	1.98	2.3	2.5146176051458708e-30	158	-320	genomic only
MER21C	ZNF684 (MA1600.2)	ACAGTCCACCCCWT	MCWBTCCWSCCCWY	14.63	14.864	0.98	1.0	479	8.884	1.65	1.1279487307297268e-41	133	-346	genomic only
MER21C	ELK1::HOXB13 (MA1932.2)	CCGGAAGTHRTWA	WCMGGAARTYRYAAR	3.49	3.558	0.98	1.0	480	3.672	0.95	1.0	436	-44	neither
MER21C	CREB3L4 (MA1475.2)	TSACGTSA	RTSACRTCA	1.56	1.594	0.98	1.0	481	1.709	0.91	1.0	477	-4	neither
MER21C	ZNF263 (MA0528.3)	GGGAGGA	GGGAGGA	9.93	10.206	0.97	1.0	482	10.096	0.98	1.0	415	-67	neither
MER21C	ZSCAN16 (MA2100.1)	AKTGTTAACAGAGCCTC	VRDDGTTDWSWGAGMMYC	9.46	9.735	0.97	1.0	483	7.335	1.29	1.7523821237424117e-08	265	-218	genomic only
MER21C	BHLHE22 (MA0818.2)	AMCATATG	WMCATATGKY	3.42	3.526	0.97	1.0	484	4.689	0.73	1.0	631	147	neither
MER21C	E2F3 (MA0469.4)	WTTTGGCGCCAAAW	WTYTGGYRCCARAW	1.48	1.536	0.97	1.0	485	0.995	1.49	0.001288582490165	309	-176	genomic only
MER21C	EHF (MA0598.4)	ACTTCCT	MMCTTCCTG	12.97	13.561	0.96	1.0	486	13.868	0.94	1.0	439	-47	neither
MER21C	ZNF184 (MA2120.1)	GAAAG	KRGAARGRDKMWK	12.59	13.055	0.96	1.0	487	15.006	0.84	1.0	551	64	neither
MER21C	ZNF175 (MA2332.1)	AGGAAG	HCAGGAAGY	12.47	13.028	0.96	1.0	488	13.498	0.92	1.0	469	-19	neither
MER21C	NHLH1 (MA0048.3)	CAGCTG	MVCAGCTGC	4.74	4.94	0.96	1.0	489	7.76	0.61	1.0	738	249	neither
MER21C	Hoxa11 (MA0911.2)	TCRTWAA	RTCATAAAW	4.11	4.298	0.96	1.0	490	6.247	0.66	1.0	693	203	neither
MER21C	ERF (MA0760.2)	ACCGGAART	RYMGGAART	3.02	3.156	0.96	1.0	491	2.858	1.06	0.5567517555477404	385	-106	neither
MER21C	INSM1 (MA0155.1)	TGYMWGGGG	KGBMWGGGGKYD	13.63	14.289	0.95	1.0	492	8.088	1.69	9.683346771869556e-42	132	-360	genomic only
MER21C	FOXC2 (MA0846.2)	MAAYA	WRWRWAAAYAW	11.52	12.068	0.95	1.0	493	29.475	0.39	1.0	859	366	neither
MER21C	Hand1::Tcf3 (MA0092.2)	TCTGG	RTCTGGMAK	11.41	12.047	0.95	1.0	494	9.7	1.18	5.548929555995417e-05	301	-193	genomic only
MER21C	Hmx2 (MA0897.2)	CAATTAA	VABCAATTAWHDVDT	9.73	10.243	0.95	1.0	495	14.065	0.69	1.0	661	166	neither
MER21C	NFKB1 (MA0105.4)	GGGGAWTCCCC	DGGGGRWYCCCMH	8.78	9.294	0.95	1.0	496	7.382	1.19	0.0002084873554145	305	-191	genomic only
MER21C	TCF4 (MA0830.3)	CACCTG	SCACCTGS	7.98	8.437	0.95	1.0	497	11.8	0.68	1.0	672	175	neither
MER21C	HOXC10 (MA0905.2)	TCRTWAA	VTCATWAAW	5.92	6.208	0.95	1.0	498	8.733	0.68	1.0	676	178	neither
MER21C	HOXD11 (MA0908.2)	TCGTAAA	RTCATAAAW	5.01	5.274	0.95	1.0	499	8.137	0.62	1.0	730	231	neither
MER21C	HOXD12 (MA0873.2)	TCGTAAA	RVTCATAAAW	3.52	3.694	0.95	1.0	500	5.33	0.66	1.0	695	195	neither
MER21C	GABPA (MA0062.4)	CTTCCT	MMYTTCCTGD	13.6	14.472	0.94	1.0	501	14.442	0.94	1.0	438	-63	neither
MER21C	GFI1 (MA0038.3)	AATCACDGC	MAATCASDRYH	11.0	11.682	0.94	1.0	502	13.081	0.84	1.0	552	50	neither
MER21C	HLF (MA0043.4)	TTATGYAA	TTATRYAAB	7.28	7.741	0.94	1.0	503	10.134	0.72	1.0	635	132	neither
MER21C	SNAI1 (MA1558.2)	CAGGTG	GCAGGTG	5.28	5.619	0.94	1.0	504	7.357	0.72	1.0	637	133	neither
MER21C	TCF12 (MA1648.2)	CACCTGC	CACCTGC	5.28	5.619	0.94	1.0	505	7.357	0.72	1.0	638	133	neither
MER21C	TCF3 (MA0522.4)	CACCTGC	CACCTGC	5.28	5.619	0.94	1.0	506	7.357	0.72	1.0	639	133	neither
MER21C	CREB3L1 (MA0839.2)	GCCACGTCA	HKCCACRTVMBYW	2.42	2.567	0.94	1.0	507	2.798	0.86	1.0	516	9	neither
MER21C	Nrf1 (MA0506.3)	GCGCMTGCG	STGCBCMTGCSC	0.55	0.592	0.94	1.0	508	1.875	0.3	1.0	873	365	neither
MER21C	ZNF382 (MA1594.1)	AKGRGAYATYACYACMGAYMCYAC	RVVDGRHRYYASMAMRRAYMCYWM	10.86	11.675	0.93	1.0	509	9.947	1.09	0.0381391017497418	332	-177	genomic only
MER21C	ZNF8 (MA1718.1)	TRKATRTACCACAKTTT	RWVTRKRYRTVCCAYWDTWY	8.23	8.864	0.93	1.0	510	14.945	0.55	1.0	779	269	neither
MER21C	ETV2::HOXB13 (MA1943.2)	CGGAWMYATWA	MAGGAAMHRTHWA	4.17	4.486	0.93	1.0	511	5.26	0.79	1.0	589	78	neither
MER21C	SPDEF (MA0686.2)	AMCCGGATRT	AMCMGGAWGY	2.92	3.142	0.93	1.0	512	2.024	1.44	2.303853487317132e-05	297	-215	genomic only
MER21C	NFIA (MA0670.2)	TGCCAA	TGCCAA	23.52	25.52	0.92	1.0	513	19.445	1.21	3.637529026378461e-13	234	-279	genomic only
MER21C	NFIX (MA0671.2)	GCCA	TGCCAA	23.52	25.52	0.92	1.0	514	19.445	1.21	3.637529026378461e-13	235	-279	genomic only
MER21C	FOXD2 (MA0847.4)	TARRYAAACA	HWARRYAAAYW	11.34	12.331	0.92	1.0	515	28.034	0.4	1.0	855	340	neither
MER21C	Tfcp2l1 (MA0145.2)	CCRGYYHVRDCCRG	CCAGYYVHWWCCWG	8.39	9.119	0.92	1.0	516	6.587	1.27	5.147913075166486e-07	290	-226	genomic only
MER21C	Bach1::Mafk (MA0591.2)	TGACTCAGCA	VMTGASTCAGSW	7.42	8.072	0.92	1.0	517	8.304	0.89	1.0	492	-25	neither
MER21C	HOXD10 (MA1506.2)	TCGTAAA	DVTCATAAAW	4.51	4.898	0.92	1.0	518	6.484	0.7	1.0	655	137	neither
MER21C	NFATC3 (MA0625.3)	GGAA	TGGAAA	31.9	35.0	0.91	1.0	519	36.803	0.87	1.0	507	-12	neither
MER21C	Nfatc1 (MA0624.3)	TGGAAA	TGGAAA	31.9	35.0	0.91	1.0	520	36.803	0.87	1.0	508	-12	neither
MER21C	IKZF2 (MA2326.1)	AGGAAG	AGGAAG	28.87	31.898	0.91	1.0	521	32.449	0.89	1.0	487	-34	neither
MER21C	Erg (MA0474.4)	CAGGAAG	HCAGGAARKK	12.92	14.204	0.91	1.0	522	14.414	0.9	1.0	478	-44	neither
MER21C	Prdm15 (MA1616.2)	AAAACCYGG	RAAMMCMTGGA	12.88	14.162	0.91	1.0	523	13.159	0.98	1.0	413	-110	neither
MER21C	STAT1::STAT2 (MA0517.2)	GTTTCDBTTYC	RSTTTYWKTTYYY	12.77	14.113	0.91	1.0	524	29.262	0.44	1.0	832	308	neither
MER21C	TBX5 (MA0807.1)	GTG	AGGTGTGR	11.77	12.99	0.91	1.0	525	11.184	1.05	0.2189837288952551	363	-162	neither
MER21C	CTCFL (MA1102.3)	AGGGGGC	VAGGKGGC	8.69	9.507	0.91	1.0	526	5.221	1.67	4.1290791762804703e-25	176	-350	genomic only
MER21C	Mafg (MA0659.4)	TGASTCAGC	SMTGASTCAGSW	7.85	8.674	0.91	1.0	527	13.119	0.6	1.0	745	218	neither
MER21C	ZNF549 (MA1728.2)	GCTGCCC	KGCTGCCC	6.58	7.247	0.91	1.0	528	8.434	0.78	1.0	595	67	neither
MER21C	FOXO1::FLI1 (MA1956.2)	AACAGGAAG	RHMAWCAGGAARY	11.14	12.371	0.9	1.0	529	15.716	0.71	1.0	645	116	neither
MER21C	NKX6-3 (MA1530.2)	YCATTA	STCATTAW	8.73	9.679	0.9	1.0	530	9.39	0.93	1.0	447	-83	neither
MER21C	ZNF213 (MA2121.1)	CCCAGGC	VCCCAGGCWRSV	6.98	7.778	0.9	1.0	531	21.85	0.32	1.0	868	337	neither
MER21C	GCM1 (MA0646.2)	TGCGGGT	ATGVKGGTRS	3.67	4.052	0.9	1.0	532	3.345	1.1	0.2459382663890329	367	-165	neither
MER21C	ZBED2 (MA1971.2)	CGAAAC	CGAAACC	0.68	0.754	0.9	1.0	533	1.234	0.55	1.0	784	251	neither
MER21C	SMAD2 (MA1964.2)	CCAGAC	CCAGAC	21.77	24.467	0.89	1.0	534	15.851	1.37	2.3911060958180906e-29	163	-371	genomic only
MER21C	Ebf4 (MA2122.1)	CCCAGGGGA	TYCCCAGRGRW	15.1	16.902	0.89	1.0	535	8.26	1.83	7.141220733139714e-60	107	-428	genomic only
MER21C	EBF1 (MA0154.5)	CCCAGGG	TYCCCAGRGRD	14.06	15.886	0.89	1.0	536	7.673	1.83	8.089768099213239e-56	109	-427	genomic only
MER21C	MGA (MA0801.1)	GTGTGA	WGGTGTGA	10.52	11.763	0.89	1.0	537	10.434	1.01	0.948994680807106	395	-142	neither
MER21C	ZNF85 (MA1720.2)	AGATTMCWKC	DWGATTMCWKCA	10.29	11.508	0.89	1.0	538	12.547	0.82	1.0	561	23	neither
MER21C	SCRT2 (MA0744.3)	CAACAGGT	KCMACAGGTK	10.21	11.457	0.89	1.0	539	8.508	1.2	2.1440322642705987e-05	296	-243	genomic only
MER21C	SNAI2 (MA0745.3)	CACCTGT	BCACCTGT	8.91	10.031	0.89	1.0	540	12.67	0.7	1.0	652	112	neither
MER21C	ZNF692 (MA1986.2)	GGCCCA	RGGCCCAS	7.91	8.873	0.89	1.0	541	5.244	1.51	8.20897575303166e-16	220	-321	genomic only
MER21C	Atoh1 (MA0461.3)	CATATG	RMCATATG	5.15	5.804	0.89	1.0	542	7.632	0.68	1.0	677	135	neither
MER21C	Bcl11B (MA1989.2)	ACCACA	MAACCACAW	13.4	15.276	0.88	1.0	543	15.312	0.88	1.0	500	-43	neither
MER21C	SOX18 (MA1563.2)	ACAAT	AACAATKS	9.66	10.947	0.88	1.0	544	9.873	0.98	1.0	416	-128	neither
MER21C	Ascl2 (MA0816.1)	CAGCTG	RSCAGCTGYH	5.96	6.731	0.88	1.0	545	8.952	0.67	1.0	686	141	neither
MER21C	IRF5 (MA1420.1)	GAAACCRA	YHGAWACCRAAHVY	4.97	5.679	0.88	1.0	546	5.914	0.84	1.0	557	11	neither
MER21C	OLIG2 (MA0678.1)	CATATG	WMCATATGKY	4.31	4.904	0.88	1.0	547	7.086	0.61	1.0	739	192	neither
MER21C	BHLHA15 (MA0607.2)	CATATG	DMCATATGKH	3.9	4.43	0.88	1.0	548	4.544	0.86	1.0	515	-33	neither
MER21C	HES7 (MA0822.1)	GGCACGTGCC	HBSCACRTGYCW	0.97	1.094	0.88	1.0	549	3.543	0.27	1.0	877	328	neither
MER21C	ZNF677 (MA2101.1)	AAGAACAG	VRHAAGAACAGH	11.32	12.993	0.87	1.0	550	17.006	0.67	1.0	683	133	neither
MER21C	ETV2::FOXI1 (MA1942.2)	ACAGGAWR	AMMCAGGAARY	9.84	11.279	0.87	1.0	551	13.594	0.72	1.0	632	81	neither
MER21C	MAFK (MA0496.4)	TGACTCAGC	MTGASTCAGS	8.07	9.309	0.87	1.0	552	14.626	0.55	1.0	780	228	neither
MER21C	MEF2C (MA0497.2)	YWAAAATA	HYWWAAATARM	10.48	12.249	0.86	1.0	553	32.947	0.32	1.0	867	314	neither
MER21C	ZBTB6 (MA1581.2)	CTKGAGCC	CCTKSAGCC	9.23	10.705	0.86	1.0	554	10.509	0.88	1.0	502	-52	neither
MER21C	NR1D2 (MA1532.2)	TRGGTYAGTRGGTCA	KRGGTYARKRKGKBR	9.18	10.668	0.86	1.0	555	9.458	0.97	1.0	423	-132	neither
MER21C	RXRA::VDR (MA0074.1)	RGGTCAWNGRGTTC	RGKTYAHDGRRTTYM	8.59	9.983	0.86	1.0	556	5.77	1.49	3.2982931799219537e-16	213	-343	genomic only
MER21C	NR4A2::RXRA (MA1147.2)	GGYCRWTGACC	DGGTCWWTGAMCY	7.25	8.399	0.86	1.0	557	3.983	1.82	1.8383686745256757e-27	165	-392	genomic only
MER21C	Arx (MA0874.2)	TAATTA	VWYTAATTAR	6.48	7.488	0.86	1.0	558	8.496	0.76	1.0	610	52	neither
MER21C	Tcf21 (MA0832.2)	AACAGCTGTT	RMCAGCTGKW	6.14	7.158	0.86	1.0	559	6.633	0.93	1.0	448	-111	neither
MER21C	FLI1 (MA0475.3)	CCGGAA	WCMGGAARY	2.45	2.852	0.86	1.0	560	2.433	1.01	1.0	396	-164	neither
MER21C	PAX2 (MA0067.3)	AVYSRWGCGTGAC	KYARTCAWSCRTGWCY	1.68	1.959	0.86	1.0	561	2.112	0.8	1.0	581	20	neither
MER21C	Stat6 (MA0520.2)	TTCYWSRGAA	TTCYWVWGAA	12.25	14.401	0.85	1.0	562	16.316	0.75	1.0	613	51	neither
MER21C	SNAI3 (MA1559.2)	CAGGTG	RCAGGTGVH	8.91	10.438	0.85	1.0	563	14.223	0.63	1.0	716	153	neither
MER21C	BARX2 (MA1471.2)	WAAYMRTTA	AAAYMATTA	8.1	9.531	0.85	1.0	564	15.062	0.54	1.0	786	222	neither
MER21C	Dlx5 (MA1476.3)	GCAATTA	GYAATTAK	5.9	6.975	0.85	1.0	565	6.696	0.88	1.0	503	-62	neither
MER21C	TP73 (MA0861.2)	CAWGTYBDRACAYG	RCADGTYHDRRCWTGY	3.43	4.049	0.85	1.0	566	4.526	0.76	1.0	612	46	neither
MER21C	MZF1 (MA0056.3)	ATCCCC	MATCCCCA	13.56	16.129	0.84	1.0	567	7.876	1.72	1.762861187024004e-44	126	-441	genomic only
MER21C	Zfp809 (MA2125.1)	TCCCAG	WTCCCAGMM	11.4	13.534	0.84	1.0	568	20.844	0.55	1.0	778	210	neither
MER21C	ZNF816 (MA1719.2)	GGGGACMTG	KGGGGACMKKVDDRK	10.2	12.104	0.84	1.0	569	8.087	1.26	7.952286931182773e-08	284	-285	genomic only
MER21C	MAFG::NFE2L1 (MA0089.3)	ATGACTCAGCA	RTGASTCAKSW	8.82	10.437	0.84	1.0	570	9.518	0.93	1.0	446	-124	neither
MER21C	ASCL1 (MA1631.2)	CACCTGC	BCACCTGCH	7.67	9.126	0.84	1.0	571	12.386	0.62	1.0	728	157	neither
MER21C	Alx4 (MA0853.2)	TAATTA	HVVDYTAATTAR	5.08	6.037	0.84	1.0	572	7.053	0.72	1.0	640	68	neither
MER21C	ZNF343 (MA1711.2)	GCTTCMCSDCGG	VHRCTTCMSBDHGKYM	4.29	5.108	0.84	1.0	573	5.295	0.81	1.0	569	-4	neither
MER21C	FEV (MA0156.4)	ACCGGAAGT	DCCGGAARY	1.84	2.193	0.84	1.0	574	1.612	1.14	0.2432518729050616	366	-208	neither
MER21C	BARX1 (MA0875.2)	ATTA	CAATTA	19.03	22.864	0.83	1.0	575	20.727	0.92	1.0	451	-124	neither
MER21C	BSX (MA0876.2)	ATTA	CAATTA	19.03	22.864	0.83	1.0	576	20.727	0.92	1.0	452	-124	neither
MER21C	DLX1 (MA0879.3)	ATTA	CAATTA	19.03	22.864	0.83	1.0	577	20.727	0.92	1.0	453	-124	neither
MER21C	DLX6 (MA0882.2)	AATTA	CAATTA	19.03	22.864	0.83	1.0	578	20.727	0.92	1.0	454	-124	neither
MER21C	Dlx3 (MA0880.2)	ATTA	CAATTA	19.03	22.864	0.83	1.0	579	20.727	0.92	1.0	455	-124	neither
MER21C	Dlx4 (MA0881.2)	ATTA	CAATTA	19.03	22.864	0.83	1.0	580	20.727	0.92	1.0	456	-124	neither
MER21C	GBX2 (MA0890.2)	AATTA	CAATTA	19.03	22.864	0.83	1.0	581	20.727	0.92	1.0	457	-124	neither
MER21C	HESX1 (MA0894.2)	TAATT	TAATTG	19.03	22.864	0.83	1.0	582	20.727	0.92	1.0	458	-124	neither
MER21C	HOXA7 (MA1498.3)	ATTA	CAATTA	19.03	22.864	0.83	1.0	583	20.727	0.92	1.0	459	-124	neither
MER21C	LBX2 (MA0699.2)	AATTA	CAATTA	19.03	22.864	0.83	1.0	584	20.727	0.92	1.0	460	-124	neither
MER21C	LHX2 (MA0700.3)	CAATTA	CAATTA	19.03	22.864	0.83	1.0	585	20.727	0.92	1.0	461	-124	neither
MER21C	MSX1 (MA0666.3)	AATTA	CAATTA	19.03	22.864	0.83	1.0	586	20.727	0.92	1.0	462	-124	neither
MER21C	MSX2 (MA0708.3)	AATTA	CAATTA	19.03	22.864	0.83	1.0	587	20.727	0.92	1.0	463	-124	neither
MER21C	Msx3 (MA0709.2)	AATTA	CAATTA	19.03	22.864	0.83	1.0	588	20.727	0.92	1.0	464	-124	neither
MER21C	Nobox (MA0125.2)	TAATT	TAATTG	19.03	22.864	0.83	1.0	589	20.727	0.92	1.0	465	-124	neither
MER21C	RAX (MA0718.2)	AATTA	CAATTA	19.03	22.864	0.83	1.0	590	20.727	0.92	1.0	466	-124	neither
MER21C	RAX2 (MA0717.2)	ATTA	CAATTA	19.03	22.864	0.83	1.0	591	20.727	0.92	1.0	467	-124	neither
MER21C	SHOX (MA0630.2)	TAAT	TAATTG	19.03	22.864	0.83	1.0	592	20.727	0.92	1.0	468	-124	neither
MER21C	Tbx6 (MA1567.3)	GGTGTGAA	WGGTGTGAR	12.49	15.047	0.83	1.0	593	12.701	0.98	1.0	414	-179	neither
MER21C	PLAGL2 (MA1548.2)	GGGCCCC	GGGCCCCY	7.53	9.098	0.83	1.0	594	3.806	1.98	1.0381902337045756e-35	147	-447	genomic only
MER21C	NFIC (MA0161.3)	CTTGGCA	CTTGGCA	6.6	7.913	0.83	1.0	595	5.845	1.13	0.0291069868331432	327	-268	genomic only
MER21C	ATOH7 (MA1468.1)	CATMTG	AVCAYMTGKY	5.76	6.95	0.83	1.0	596	7.362	0.78	1.0	597	1	neither
MER21C	CREM (MA0609.3)	TGACGTCA	RTGAYRTCAY	2.06	2.479	0.83	1.0	597	2.261	0.91	1.0	476	-121	neither
MER21C	Stat2 (MA1623.2)	AAASAGAAA	VAAACAGAAA	13.54	16.544	0.82	1.0	598	38.462	0.35	1.0	863	265	neither
MER21C	SRY (MA0084.2)	ACAA	AAACAAT	7.25	8.887	0.82	1.0	599	12.475	0.58	1.0	759	160	neither
MER21C	NRL (MA0842.3)	TGCTGAC	WWWDTGCTGAYD	6.62	8.074	0.82	1.0	600	8.594	0.77	1.0	600	0	neither
MER21C	RXRG (MA1556.1)	GGTCAYGACC	VRGGTCAYRWMMYB	6.23	7.548	0.82	1.0	601	5.666	1.1	0.1052366225227524	352	-249	neither
MER21C	ZNF417 (MA1727.2)	GGCGCCA	GGTGCCA	5.31	6.473	0.82	1.0	602	5.158	1.03	0.7051653040195968	390	-212	neither
MER21C	Spi1 (MA0080.7)	AGGAAG	RRRSAGGAASWGR	15.13	18.609	0.81	1.0	603	23.206	0.65	1.0	700	97	neither
MER21C	ZNF701 (MA1987.2)	GAGMASYDDRGGGGG	GAGMRVBDDRGGGRGRR	11.91	14.635	0.81	1.0	604	14.889	0.8	1.0	575	-29	neither
MER21C	IRF3 (MA1418.2)	AHSGAAACSGAAAC	RRRADKRAAAHHRAAAV	7.14	8.842	0.81	1.0	605	20.866	0.34	1.0	865	260	neither
MER21C	NFKB2 (MA0778.2)	GGGGAWTCCCC	GGGRDWHYCCC	6.83	8.447	0.81	1.0	606	6.72	1.02	0.8461978985365631	392	-214	neither
MER21C	ZNF547 (MA2334.1)	GCTAATGCWRC	TKCTAAWGCWRCW	6.6	8.157	0.81	1.0	607	9.632	0.69	1.0	663	56	neither
MER21C	ZBTB32 (MA1580.1)	GTACAGT	WKTACAGTWW	6.06	7.458	0.81	1.0	608	10.209	0.59	1.0	754	146	neither
MER21C	PAX9 (MA0781.2)	GTCACGCWTSAVTG	RGKCAYGSWTGAYTRM	2.59	3.213	0.81	1.0	609	2.397	1.08	0.430349997968449	376	-233	neither
MER21C	OVOL1 (MA1544.2)	ACCGTTA	DDWCCGTTAH	0.81	0.989	0.81	1.0	610	0.811	0.99	1.0	410	-200	neither
MER21C	HINFP (MA0131.3)	CGTCCGC	RSGTCCSC	0.48	0.599	0.81	1.0	611	0.736	0.66	1.0	698	87	neither
MER21C	SPIB (MA0081.3)	CACTTCC	YCWSTTCCYYWYH	14.03	17.425	0.8	1.0	612	19.189	0.73	1.0	623	11	neither
MER21C	Nfat5 (MA0606.3)	TGGAAAA	RTGGAAAA	13.81	17.29	0.8	1.0	613	25.251	0.55	1.0	777	164	neither
MER21C	NR4A1 (MA1112.3)	AAAGGTCA	AAAGGYCA	11.0	13.826	0.8	1.0	614	12.454	0.88	1.0	501	-113	neither
MER21C	ZNF317 (MA1593.2)	ACAGCAGA	MCWGCAGA	10.32	12.879	0.8	1.0	615	13.649	0.76	1.0	606	-9	neither
MER21C	SOX21 (MA0866.1)	AACAATKKYAKTGTT	WRSAATKDYAKTGTK	9.5	11.828	0.8	1.0	616	13.217	0.72	1.0	633	17	neither
MER21C	MEF2A (MA0052.5)	AAAATA	MTAAAAATAD	9.09	11.406	0.8	1.0	617	32.213	0.28	1.0	874	257	neither
MER21C	TBX1 (MA0805.1)	AGGTGTGA	ARGTGTGA	8.94	11.164	0.8	1.0	618	9.164	0.98	1.0	417	-201	neither
MER21C	Nfe2l2 (MA0150.3)	TGASTCAGCA	RTGASTSAGSW	7.92	9.897	0.8	1.0	619	9.47	0.84	1.0	555	-64	neither
MER21C	NFIC::TLX1 (MA0119.1)	TGGCASSRHGCCAA	TGGCWSBNWGCCAD	6.15	7.716	0.8	1.0	620	8.902	0.69	1.0	664	44	neither
MER21C	ETV6 (MA0645.2)	GGAAGT	BMGGAAGTR	4.42	5.527	0.8	1.0	621	4.562	0.97	1.0	426	-195	neither
MER21C	ATF6 (MA1466.2)	TGACGTGGC	DDVTGACGTGKCH	1.72	2.151	0.8	1.0	622	2.148	0.8	1.0	580	-42	neither
MER21C	PAX5 (MA0014.4)	GCGTGAC	GCRTGACC	1.41	1.777	0.8	1.0	623	1.764	0.8	1.0	582	-41	neither
MER21C	E2F4 (MA0470.3)	TGGCGCS	WKYKGGCGCCMHW	0.43	0.535	0.8	1.0	624	0.826	0.52	1.0	801	177	neither
MER21C	PPARA::RXRA (MA1148.2)	GGKBARAGGT	MWDKRGGKBARRGKKYR	11.9	15.003	0.79	1.0	625	10.964	1.09	0.0408830795186416	344	-281	genomic only
MER21C	GATA1::TAL1 (MA0140.3)	TATCWBBVHVVHVCA	YTATCWVDVVDBHVCAS	8.43	10.644	0.79	1.0	626	9.677	0.87	1.0	510	-116	neither
MER21C	DMRTA1 (MA1707.2)	GWTACA	WTGWTACAWW	7.03	8.901	0.79	1.0	627	11.206	0.63	1.0	718	91	neither
MER21C	ZKSCAN1 (MA1585.2)	AGTAGG	RYAGTAGGW	6.39	8.078	0.79	1.0	628	5.891	1.08	0.1637324200385228	358	-270	neither
MER21C	ETV5::DRGX (MA1944.2)	GGAWGYRRT	AGGAWRYRMTYR	5.81	7.319	0.79	1.0	629	8.168	0.71	1.0	647	18	neither
MER21C	FLI1::DRGX (MA1949.2)	CGGAWRYMAT	WVAGGAWRYWAYYR	4.38	5.524	0.79	1.0	630	5.599	0.78	1.0	598	-32	neither
MER21C	MYF5 (MA1641.2)	CAGCTG	MCAGCTGK	4.31	5.463	0.79	1.0	631	6.014	0.72	1.0	641	10	neither
MER21C	Ptf1A (MA1619.2)	CAGCTG	MCAGCTGK	4.31	5.463	0.79	1.0	632	6.014	0.72	1.0	642	10	neither
MER21C	BHLHE23 (MA0817.2)	AMCATATG	RMCATATGKW	3.18	4.036	0.79	1.0	633	5.518	0.58	1.0	760	127	neither
MER21C	FOXH1 (MA0479.2)	AATMCACA	AWTMMACA	11.18	14.263	0.78	1.0	634	17.199	0.65	1.0	701	67	neither
MER21C	TBX18 (MA1565.2)	GGTGKGA	AGGTGTGAR	10.13	13.047	0.78	1.0	635	16.135	0.63	1.0	715	80	neither
MER21C	TBX15 (MA0803.1)	AGGTGTGA	AGGTGTGA	8.71	11.178	0.78	1.0	636	9.034	0.96	1.0	429	-207	neither
MER21C	TBX4 (MA0806.1)	ARGTGTKA	AGGTGTGA	8.71	11.178	0.78	1.0	637	9.034	0.96	1.0	430	-207	neither
MER21C	NR2F6 (MA1539.1)	AGGTCABTGACCT	DRGGTYRBTGACCYH	6.1	7.825	0.78	1.0	638	4.186	1.46	1.134765922233344e-10	243	-395	genomic only
MER21C	IRF9 (MA0653.1)	AWCGAAACCGAAAC	WWHRAAAMYGAAASW	6.03	7.704	0.78	1.0	639	14.769	0.41	1.0	850	211	neither
MER21C	KLF13 (MA0657.2)	RMCACGCCCCY	DRMCAMDCCCMYYYHHD	5.62	7.201	0.78	1.0	640	4.251	1.32	3.759045601663094e-06	292	-348	genomic only
MER21C	RXRB (MA1555.1)	GGTCRTGACC	VRGKTYRTGAMCYB	5.49	7.081	0.78	1.0	641	4.991	1.1	0.1256058611381448	355	-286	neither
MER21C	TP63 (MA0525.2)	ACATGTYRKRACATGT	RRCAWSYYRKRACWTGYV	3.45	4.445	0.78	1.0	642	4.212	0.82	1.0	564	-78	neither
MER21C	ISL2 (MA0914.2)	CAMTTA	CACTTA	16.65	21.518	0.77	1.0	643	18.738	0.89	1.0	489	-154	neither
MER21C	DMRTA2 (MA1478.2)	GWWACA	GTTACA	12.38	16.137	0.77	1.0	644	15.344	0.81	1.0	567	-77	neither
MER21C	ESR2 (MA0258.2)	GGTCASVVWG	RGGKCASVVWRVCYY	9.52	12.281	0.77	1.0	645	7.887	1.21	2.715269227542634e-05	299	-346	genomic only
MER21C	RARA::RXRA (MA0159.1)	RGKTCABVVRSVGKKSA	RGKTSABVVRRMKKBCA	9.25	11.947	0.77	1.0	646	8.064	1.15	0.002732388929775	310	-336	genomic only
MER21C	NR1I3 (MA1534.2)	TGAACT	TGAACTYY	8.53	11.113	0.77	1.0	647	9.362	0.91	1.0	475	-172	neither
MER21C	MAF::NFE2 (MA0501.2)	TGACTCAGCA	RTGASTSAKSW	7.53	9.737	0.77	1.0	648	8.987	0.84	1.0	556	-92	neither
MER21C	TGIF1 (MA0796.1)	TGACAGCTGTCA	TGACWKSTGTMA	6.31	8.192	0.77	1.0	649	9.02	0.7	1.0	654	5	neither
MER21C	HOXC12 (MA0906.2)	TCGTAAA	RVTYRTAAAA	3.65	4.763	0.77	1.0	650	6.177	0.59	1.0	756	106	neither
MER21C	FOXE1 (MA1487.3)	TAARYAAACA	YWAWRWAAACAH	10.79	14.266	0.76	1.0	651	33.052	0.33	1.0	866	215	neither
MER21C	Mafb (MA0117.3)	GCTGA	WWWDTGCTGAS	6.8	8.967	0.76	1.0	652	9.996	0.68	1.0	675	23	neither
MER21C	MSANTD3 (MA1523.2)	ACTC	CACTCAC	5.67	7.504	0.76	1.0	653	5.418	1.05	0.4926091474050117	383	-270	neither
MER21C	ETV7 (MA1708.2)	GGAAR	BMGGAAGTG	4.81	6.331	0.76	1.0	654	5.661	0.85	1.0	519	-135	neither
MER21C	Zfx (MA0146.3)	CBVGGCCT	DSYBRGGCCT	4.76	6.26	0.76	1.0	655	11.595	0.41	1.0	852	197	neither
MER21C	ZNF524 (MA2096.1)	TCGVACCC	CTCSAACCC	3.85	5.065	0.76	1.0	656	6.559	0.59	1.0	755	99	neither
MER21C	NEUROG1 (MA0623.2)	CATATG	RMCATATGKB	3.35	4.42	0.76	1.0	657	4.956	0.67	1.0	688	31	neither
MER21C	HOXC11 (MA0651.3)	GTCGTAAAA	WRSTCRTAAAA	2.75	3.619	0.76	1.0	658	4.79	0.58	1.0	761	103	neither
MER21C	Irf1 (MA0050.4)	GAAASTGAAA	WRAAAMTGAAA	12.93	17.338	0.75	1.0	659	32.994	0.39	1.0	858	199	neither
MER21C	Nfatc2 (MA0152.3)	TGGAAA	HMTGGAAA	11.54	15.475	0.75	1.0	660	17.893	0.64	1.0	708	48	neither
MER21C	Smad4 (MA1153.2)	GTCTRG	TGTCTRG	11.25	15.044	0.75	1.0	661	10.959	1.03	0.5715532694336649	387	-274	neither
MER21C	ZIM3 (MA1709.2)	AACAGAAABC	HAACAGAAAHM	11.14	14.931	0.75	1.0	662	24.583	0.45	1.0	829	167	neither
MER21C	ZNF16 (MA1654.2)	GGGAGCCAYKGRRGG	VVKDGRGAGYYMYDGRRRRBB	10.75	14.245	0.75	1.0	663	10.814	0.99	1.0	408	-255	neither
MER21C	Nkx3-2 (MA0122.4)	CACTTA	WWMCACTTAH	8.32	11.079	0.75	1.0	664	10.579	0.79	1.0	586	-78	neither
MER21C	Dlx2 (MA0885.3)	GCAATTA	GYAATTAG	6.67	8.866	0.75	1.0	665	7.449	0.9	1.0	483	-182	neither
MER21C	OLIG1 (MA0826.1)	AMCATATG	WMCATATGKW	3.4	4.519	0.75	1.0	666	5.477	0.62	1.0	734	68	neither
MER21C	NR2C1 (MA1535.2)	GGTCA	AGGTCA	20.73	28.192	0.74	1.0	667	23.536	0.88	1.0	495	-172	neither
MER21C	NR2C2 (MA1536.2)	GGTCR	AGGTCA	20.73	28.192	0.74	1.0	668	23.536	0.88	1.0	496	-172	neither
MER21C	Nr1H2 (MA1996.2)	AGGTCA	AGGTCA	20.73	28.192	0.74	1.0	669	23.536	0.88	1.0	497	-172	neither
MER21C	Nr1H4 (MA1110.3)	AGGTCA	AGGTCA	20.73	28.192	0.74	1.0	670	23.536	0.88	1.0	498	-172	neither
MER21C	Nr1h3 (MA2337.1)	AGGKCA	AGGTCA	20.73	28.192	0.74	1.0	671	23.536	0.88	1.0	499	-172	neither
MER21C	Runx1 (MA0002.3)	TGTGG	YTGTGGKTW	10.23	13.748	0.74	1.0	672	13.186	0.78	1.0	591	-81	neither
MER21C	ZNF24 (MA1124.1)	TTCATTCATT	YWWTCATTCAWTY	9.55	12.996	0.74	1.0	673	17.956	0.53	1.0	792	119	neither
MER21C	NR6A1 (MA1541.2)	AAGKTCAAG	SAAGKTCAAGKKYW	9.21	12.405	0.74	1.0	674	11.745	0.78	1.0	592	-82	neither
MER21C	NR1D1 (MA1531.2)	GGTYASTRGGTCA	RGGKYASKRGGKSR	7.21	9.737	0.74	1.0	675	10.27	0.7	1.0	653	-22	neither
MER21C	EN2 (MA0642.3)	YMATTA	CCAATTA	5.64	7.634	0.74	1.0	676	5.02	1.12	0.057610327836548	345	-331	neither
MER21C	HOXC13 (MA0907.2)	CTCGTAAA	CTYRTAAAW	5.28	7.106	0.74	1.0	677	8.851	0.6	1.0	746	69	neither
MER21C	ZNF211 (MA1974.2)	ATATACCA	YATATACCAH	4.76	6.454	0.74	1.0	678	10.405	0.46	1.0	826	148	neither
MER21C	MAFA (MA1521.2)	GCTGMSKCAGC	YGCWGASTCWGCR	2.61	3.523	0.74	1.0	679	4.119	0.63	1.0	727	48	neither
MER21C	RFX7 (MA1554.2)	GTTRC	KGTTGCTA	2.38	3.206	0.74	1.0	680	2.741	0.87	1.0	512	-168	neither
MER21C	PAX3 (MA1546.2)	GTCACGSYHRTT	DKTYAYGSYWATBA	2.31	3.115	0.74	1.0	681	3.073	0.75	1.0	617	-64	neither
MER21C	Nr2e1 (MA0676.1)	AAGTCA	WWAAGTCAW	10.59	14.421	0.73	1.0	682	15.519	0.68	1.0	671	-11	neither
MER21C	NR4A2 (MA0160.3)	AAAGGTCA	AAAGGBCA	10.04	13.734	0.73	1.0	683	11.946	0.84	1.0	553	-130	neither
MER21C	Six3 (MA0631.2)	GGGTATCA	AWDKGRTATCA	6.96	9.523	0.73	1.0	684	6.566	1.06	0.3035196731245017	373	-311	neither
MER21C	NKX2-2 (MA1645.2)	CACTCA	MCACTCAR	10.27	14.308	0.72	1.0	685	8.227	1.25	2.5108880035996205e-07	286	-399	genomic only
MER21C	ZNF274 (MA1592.2)	TGAGTYCTC	YRKGWRTYCTYD	9.3	12.859	0.72	1.0	686	10.03	0.93	1.0	445	-241	neither
MER21C	TBX21 (MA0690.3)	TCACACCT	WTCACACCTD	8.86	12.274	0.72	1.0	687	10.858	0.82	1.0	562	-125	neither
MER21C	EOMES (MA0800.2)	ARGTGTGA	AKGTGTGAW	8.23	11.491	0.72	1.0	688	10.069	0.82	1.0	563	-125	neither
MER21C	ZNF410 (MA0752.2)	CATCCCATAATA	VYAWCCCAYAATWHHH	8.14	11.278	0.72	1.0	689	9.599	0.85	1.0	518	-171	neither
MER21C	ERF::FOXO1 (MA1936.2)	ACMGGAA	RWMWACAGGMAR	7.41	10.235	0.72	1.0	690	14.561	0.51	1.0	802	112	neither
MER21C	GLIS3 (MA0737.1)	ACCCCCCACRAMG	SACCYCMYASDWWS	7.35	10.213	0.72	1.0	691	4.535	1.62	2.1655785059439922e-19	198	-493	genomic only
MER21C	GATA6 (MA1104.3)	TTATC	TCTTATCW	7.26	10.037	0.72	1.0	692	9.296	0.78	1.0	594	-98	neither
MER21C	ZBTB7C (MA0695.2)	ACCACC	MRACCACC	4.87	6.734	0.72	1.0	693	4.376	1.11	0.1109663340683621	353	-340	neither
MER21C	RARB (MA1552.2)	GGTCRTGACC	VRGKYYRTGAMCY	4.69	6.532	0.72	1.0	694	5.325	0.88	1.0	504	-190	neither
MER21C	IRF4 (MA1419.2)	CGAAACCGAAAC	YRAAACYGAAASYD	4.03	5.566	0.72	1.0	695	8.348	0.48	1.0	821	126	neither
MER21C	RUNX3 (MA0684.3)	ACCWCA	AACCTCAD	10.18	14.275	0.71	1.0	696	11.302	0.9	1.0	480	-216	neither
MER21C	ZNF324 (MA1977.2)	GHYARGGATGGYT	WBDYARGGWWGGYK	9.98	14.094	0.71	1.0	697	13.151	0.76	1.0	607	-90	neither
MER21C	PPARG (MA0066.2)	TRGGTCANBDTSACCYA	WRGGKSAHVRKSMCCYMHW	9.12	12.917	0.71	1.0	698	7.071	1.29	3.369672340344992e-08	267	-431	genomic only
MER21C	TBX3 (MA1566.3)	AGGTGTSA	AGGTGTSAW	8.69	12.294	0.71	1.0	699	10.786	0.81	1.0	568	-131	neither
MER21C	Gata3 (MA0037.5)	TTATCT	TYTTATCW	8.41	11.918	0.71	1.0	700	13.351	0.63	1.0	717	17	neither
MER21C	NR1H4::RXRA (MA1146.2)	GKTCRWT	RGKTCANTSAMMY	6.21	8.756	0.71	1.0	701	4.561	1.36	7.228097389864722e-08	283	-418	genomic only
MER21C	NR3C2 (MA0727.2)	GWACAYDRTGTWC	RGRACWBWDWGTYCY	3.52	4.962	0.71	1.0	702	3.717	0.95	1.0	435	-267	neither
MER21C	TBX2 (MA0688.2)	GTGTBA	AGGTGTSAW	8.73	12.542	0.7	1.0	703	10.896	0.8	1.0	576	-127	neither
MER21C	MAFF (MA0495.4)	TCAGCA	STCAGCAHWWW	7.69	10.973	0.7	1.0	704	13.032	0.59	1.0	752	48	neither
MER21C	TRPS1 (MA1970.2)	TTATC	TCTTATCW	7.26	10.431	0.7	1.0	705	11.712	0.62	1.0	729	24	neither
MER21C	PKNOX2 (MA0783.1)	TGACAGSTGTCA	TGACWKSTGYSW	6.82	9.787	0.7	1.0	706	10.89	0.63	1.0	719	13	neither
MER21C	Prdm14 (MA1998.2)	GTCTCTA	GGTCYCTA	5.49	7.849	0.7	1.0	707	10.718	0.51	1.0	804	97	neither
MER21C	OLIG3 (MA0827.1)	CATATG	MMCATATGKY	3.97	5.687	0.7	1.0	708	7.292	0.54	1.0	788	80	neither
MER21C	TBR1 (MA0802.2)	ARGTGTGA	ARGTGTGAW	8.53	12.447	0.69	1.0	709	11.237	0.76	1.0	608	-101	neither
MER21C	Sox1 (MA0870.1)	ACAATWVCATTGT	HWCAATWHSAKTGWD	7.01	10.203	0.69	1.0	710	10.385	0.68	1.0	674	-36	neither
MER21C	SOX12 (MA1561.2)	CGAACAA	ACMRAACAMT	4.67	6.813	0.69	1.0	711	6.045	0.77	1.0	603	-108	neither
MER21C	IRF8 (MA0652.2)	CGAAACCGAAACT	HGAAASYGAAASY	4.45	6.427	0.69	1.0	712	9.538	0.47	1.0	823	111	neither
MER21C	NEUROG2 (MA0669.1)	CATATGYY	AMCAKATGKY	4.44	6.466	0.69	1.0	713	6.791	0.65	1.0	704	-9	neither
MER21C	Ar (MA0007.4)	RGWACAYVRTGTWC	RRGHAMRBDVTGTWCY	3.54	5.169	0.69	1.0	714	3.923	0.9	1.0	485	-229	neither
MER21C	E2F1 (MA0024.3)	GGCGCC	WYKGGCGCCMRW	0.38	0.544	0.69	1.0	715	0.613	0.61	1.0	743	28	neither
MER21C	ZNF652 (MA1657.2)	AAGRGTTA	AAGAGTTAM	9.27	13.578	0.68	1.0	716	13.45	0.69	1.0	662	-54	neither
MER21C	FOXO1::ELF1 (MA1953.2)	AACAGGAA	RDMAACAGGAARH	8.87	12.989	0.68	1.0	717	15.155	0.59	1.0	751	34	neither
MER21C	PITX2 (MA1547.2)	TAATCC	YTAATCCY	7.53	11.106	0.68	1.0	718	9.745	0.77	1.0	599	-119	neither
MER21C	ERF::FOXI1 (MA1935.2)	GGA	AWMCAGGAAR	6.98	10.318	0.68	1.0	719	13.521	0.52	1.0	795	76	neither
MER21C	THRB (MA1576.2)	TSACCTBRSRTGACCTYA	TBWYCYBVHVTGWCCTBR	6.87	10.067	0.68	1.0	720	9.551	0.72	1.0	636	-84	neither
MER21C	Hmx1 (MA0896.2)	CAATTAA	WRCAATTAA	5.83	8.621	0.68	1.0	721	10.185	0.57	1.0	766	45	neither
MER21C	RARG (MA1553.2)	GKTCATGACC	RGKTYRTGAMCYB	4.7	6.95	0.68	1.0	722	4.867	0.97	1.0	425	-297	neither
MER21C	IRF6 (MA1509.1)	CCGAAACT	MCCRAAACT	1.36	1.991	0.68	1.0	723	1.883	0.72	1.0	644	-79	neither
MER21C	E2F2 (MA0864.3)	GCGC	WKYKGGCGCCMHW	0.38	0.551	0.68	1.0	724	1.476	0.25	1.0	879	155	neither
MER21C	PLAG1 (MA0163.1)	GGGGCCMWMGGGGG	GRGGSYHWRRGGKR	8.05	12.066	0.67	1.0	725	11.169	0.72	1.0	634	-91	neither
MER21C	Ptf1A (MA1620.2)	CACCTG	MCACCTGK	6.58	9.887	0.67	1.0	726	12.582	0.52	1.0	796	70	neither
MER21C	ZSCAN4 (MA1155.1)	GCACACMCTGWAA	BRCACAYMCWSHMAD	6.06	9.02	0.67	1.0	727	11.656	0.52	1.0	797	70	neither
MER21C	ZNF784 (MA1717.2)	ACYTACC	ACYTACCW	4.47	6.682	0.67	1.0	728	4.062	1.1	0.1714091667555355	360	-368	neither
MER21C	PGR (MA2327.1)	ACABDVTGT	ACABWMTGT	4.28	6.372	0.67	1.0	729	6.665	0.64	1.0	711	-18	neither
MER21C	RUNX2 (MA0511.2)	ACCRCA	MAACCACAR	3.58	5.313	0.67	1.0	730	5.639	0.63	1.0	724	-6	neither
MER21C	FERD3L (MA1485.1)	GYRMCAGCTGYYRC	RYRHCAKMTGHYVC	3.17	4.757	0.67	1.0	731	5.058	0.63	1.0	725	-6	neither
MER21C	OSR1 (MA1542.2)	GCTACYG	GCTACTGK	2.68	4.0	0.67	1.0	732	4.42	0.61	1.0	740	8	neither
MER21C	ZSCAN29 (MA1602.2)	GTCTACRC	KGTCTAYRCWR	2.38	3.567	0.67	1.0	733	2.721	0.87	1.0	513	-220	neither
MER21C	ETS2 (MA1484.2)	ACCGGAWG	RCMGGAWGY	2.2	3.274	0.67	1.0	734	2.849	0.77	1.0	604	-130	neither
MER21C	CEBPE (MA0837.3)	TTGCGCAA	RTTRYRYAAY	1.45	2.155	0.67	1.0	735	2.967	0.49	1.0	817	82	neither
MER21C	TBX20 (MA0689.1)	AGGTGTGA	DWRGTGTGAWR	9.57	14.44	0.66	1.0	736	11.328	0.84	1.0	554	-182	neither
MER21C	Sox5 (MA0087.3)	AACAATG	AACAAWGR	9.11	13.694	0.66	1.0	737	13.05	0.7	1.0	651	-86	neither
MER21C	GRHL2 (MA1105.3)	AACAGGTT	AACWGGTT	8.32	12.66	0.66	1.0	738	8.791	0.95	1.0	434	-304	neither
MER21C	RORC (MA1151.2)	AWBTRGGKCA	AWDKRGGKCA	8.1	12.23	0.66	1.0	739	7.621	1.06	0.2325577676544791	364	-375	neither
MER21C	MSC (MA0665.1)	ACAGCTGTT	WMCAGCTGKT	5.53	8.339	0.66	1.0	740	7.574	0.73	1.0	628	-112	neither
MER21C	PAX8 (MA2094.1)	GTCACGCWYSR	VGYCAYGSHTSAHYRV	1.38	2.082	0.66	1.0	741	1.986	0.69	1.0	668	-73	neither
MER21C	Elf5 (MA0136.4)	AGGAAG	MAGGAAGD	11.65	17.896	0.65	1.0	742	21.379	0.54	1.0	785	43	neither
MER21C	Sox17 (MA0078.3)	ACAATG	WRRACAATGR	8.53	13.166	0.65	1.0	743	13.112	0.65	1.0	702	-41	neither
MER21C	Esrrg (MA0643.2)	AAGGTCA	YSRAGGTCA	8.52	13.141	0.65	1.0	744	9.025	0.94	1.0	441	-303	neither
MER21C	FOXO1::ELK1 (MA1954.2)	AACAGGAAG	RDMAMCAGGAARH	8.03	12.444	0.65	1.0	745	14.382	0.56	1.0	771	26	neither
MER21C	IRF2 (MA0051.2)	GAAAGYGAAAS	KRAAARYSAAASBRWW	5.76	8.867	0.65	1.0	746	14.112	0.41	1.0	851	105	neither
MER21C	ETV5::FOXI1 (MA1946.2)	GKMAACMGGAWG	RBMAACAGGAWR	5.64	8.734	0.65	1.0	747	10.99	0.51	1.0	803	56	neither
MER21C	SOX8 (MA0868.3)	ACAAT	AACAATG	5.28	8.067	0.65	1.0	748	8.151	0.65	1.0	703	-45	neither
MER21C	TFAP2A (MA0810.2)	CCYBVRGGC	WSCCYBSAGSC	4.33	6.671	0.65	1.0	749	4.93	0.88	1.0	505	-244	neither
MER21C	ETS1 (MA0098.4)	CCGGAW	RCMGGAARY	2.4	3.7	0.65	1.0	750	3.208	0.75	1.0	616	-134	neither
MER21C	PAX1 (MA0779.2)	GTCACGCWTSAVT	DGWCMYGSWTGAHTRM	2.18	3.363	0.65	1.0	751	2.234	0.98	1.0	421	-330	neither
MER21C	FOXN3 (MA1489.1)	GTAAACAA	GTAAACAA	0.95	1.47	0.65	1.0	752	2.073	0.46	1.0	828	76	neither
MER21C	TEAD2 (MA1121.2)	ACATTCC	ACATTCC	4.85	7.584	0.64	1.0	753	6.629	0.73	1.0	629	-124	neither
MER21C	HOXA4 (MA1496.2)	YMATTA	GTCATTA	3.13	4.91	0.64	1.0	754	4.937	0.63	1.0	726	-28	neither
MER21C	HOXB8 (MA1502.2)	YMATTA	GCAATTA	2.77	4.356	0.64	1.0	755	4.623	0.6	1.0	748	-7	neither
MER21C	HOXD8 (MA0910.3)	YMATTA	GCAATTA	2.77	4.356	0.64	1.0	756	4.623	0.6	1.0	749	-7	neither
MER21C	ZFP57 (MA1583.2)	TGCCGCA	TGCCGCA	0.39	0.611	0.64	1.0	757	0.945	0.42	1.0	849	92	neither
MER21C	TCF7L2 (MA0523.2)	WTCAAAG	RSWTSAAAG	10.5	16.603	0.63	1.0	758	15.165	0.69	1.0	660	-98	neither
MER21C	NKX2-5 (MA0063.3)	CACTCAA	CACTYAA	9.96	15.88	0.63	1.0	759	11.225	0.89	1.0	491	-268	neither
MER21C	SPIC (MA0687.2)	AWSMGGAAG	RHAWSRGKAAGWM	6.91	11.025	0.63	1.0	760	15.987	0.43	1.0	843	83	neither
MER21C	Dmrt1 (MA1603.2)	ACAAWGT	WACAAWGTD	6.51	10.296	0.63	1.0	761	13.381	0.49	1.0	815	54	neither
MER21C	SRF (MA0083.3)	CCATATAWGG	WBHCCAWATWWGKDVW	4.47	7.077	0.63	1.0	762	5.284	0.85	1.0	520	-242	neither
MER21C	TFAP2B (MA0812.2)	GCCYSAGGC	GCCYSAGGC	2.59	4.145	0.63	1.0	763	4.375	0.59	1.0	757	-6	neither
MER21C	Hnf1A (MA1991.2)	CTTTGAT	YCTTTSATSY	9.91	15.918	0.62	1.0	764	13.556	0.73	1.0	626	-138	neither
MER21C	MGA::EVX1 (MA1960.2)	GTGWTAAT	RRGTGWTAATK	7.46	12.069	0.62	1.0	765	10.27	0.73	1.0	627	-138	neither
MER21C	TEAD3 (MA0808.1)	CATTCC	RCATTCCW	5.47	8.871	0.62	1.0	766	8.175	0.67	1.0	687	-79	neither
MER21C	Hmx3 (MA0898.2)	CAATTAA	ADCAMTTAA	4.99	8.014	0.62	1.0	767	9.134	0.55	1.0	781	14	neither
MER21C	POU5F1 (MA1115.2)	ATGCAAA	ATGYAAA	7.85	12.927	0.61	1.0	768	21.971	0.36	1.0	862	94	neither
MER21C	TGIF2 (MA0797.1)	TGACAGSTGTCA	TGACAKSTGWCW	4.7	7.771	0.61	1.0	769	6.856	0.69	1.0	665	-104	neither
MER21C	TFAP2B (MA0811.2)	CCYBVRGGC	SCCYYMRGGCA	4.15	6.753	0.61	1.0	770	4.74	0.88	1.0	506	-264	neither
MER21C	OTX2 (MA0712.3)	GGATTA	GGGATTA	3.97	6.473	0.61	1.0	771	14.708	0.27	1.0	876	105	neither
MER21C	IRF7 (MA0772.2)	CGAAARYGAAA	HDAAAVYRAAAVW	5.58	9.338	0.6	1.0	772	21.235	0.26	1.0	878	106	neither
MER21C	TFAP2C (MA0524.3)	CCYBVRGG	SCCYYMRGGCA	4.03	6.74	0.6	1.0	773	4.767	0.84	1.0	558	-215	neither
MER21C	MAF (MA1520.2)	GCTKASWMAGC	TGCWKWSWMAGCA	2.52	4.195	0.6	1.0	774	4.826	0.52	1.0	799	25	neither
MER21C	ZNF669 (MA1985.1)	GGSYGAYGMCC	RGGBYGATGMCCRSD	2.29	3.795	0.6	1.0	775	2.213	1.03	0.8159084758966116	391	-384	neither
MER21C	Ebf2 (MA1604.2)	CCCMRGGGA	CCCMAGGGA	10.29	17.521	0.59	1.0	776	9.121	1.13	0.0052841629434003	317	-459	genomic only
MER21C	SOX9 (MA0077.2)	ATTGT	CYATTGWT	5.92	10.027	0.59	1.0	777	7.639	0.78	1.0	596	-181	neither
MER21C	Nanog (MA2339.1)	GCAATCA	GCAATCA	3.43	5.815	0.59	1.0	778	4.697	0.73	1.0	630	-148	neither
MER21C	TGIF2LY (MA1572.1)	GACASSTGTC	WGWCASMTGWCA	2.77	4.707	0.59	1.0	779	3.986	0.7	1.0	656	-123	neither
MER21C	PROX1 (MA0794.1)	AAGACGYCTT	BAWGACKYCTYM	2.72	4.593	0.59	1.0	780	3.612	0.75	1.0	615	-165	neither
MER21C	ZNF528 (MA1597.1)	AGGGAAGYCATTYC	VYMAGGGAAGBMAYYYH	7.87	13.656	0.58	1.0	781	11.54	0.68	1.0	673	-108	neither
MER21C	RARA::RXRG (MA1149.2)	GGTCAHNBDVRGG	RGGTSADBDDRRGKBSR	6.49	11.118	0.58	1.0	782	5.767	1.13	0.035149733921245	331	-451	genomic only
MER21C	Plagl1 (MA1615.2)	GGGGCCA	WGGGGCCA	6.12	10.526	0.58	1.0	783	7.976	0.77	1.0	602	-181	neither
MER21C	NR2F1 (MA1538.1)	GGTCRBTGACC	RRKGTCRNTGACCYH	4.58	7.915	0.58	1.0	784	4.162	1.1	0.1681014943355336	359	-425	neither
MER21C	HMBOX1 (MA0895.2)	TRGTTA	TAGTTAA	3.08	5.274	0.58	1.0	785	5.473	0.56	1.0	774	-11	neither
MER21C	IKZF1 (MA1508.2)	ACAGGAA	VACAGGAA	8.32	14.638	0.57	1.0	786	15.804	0.53	1.0	793	7	neither
MER21C	Ddit3::Cebpa (MA0019.2)	TGCAAT	RTGCAATHCY	4.22	7.389	0.57	1.0	787	8.505	0.5	1.0	812	25	neither
MER21C	THRB (MA1575.2)	TGWCCTBRHYVAGGWCA	TSWCCYYVBBRRGGWSA	3.83	6.693	0.57	1.0	788	3.842	1.0	1.0	405	-383	neither
MER21C	PAX6 (MA0069.1)	TYACGCWTSA	YTYAVGCWTSABTK	3.51	6.112	0.57	1.0	789	6.223	0.56	1.0	773	-16	neither
MER21C	GRHL1 (MA0647.2)	AACCGGTT	WAACMRGTTW	3.35	5.858	0.57	1.0	790	4.856	0.69	1.0	666	-124	neither
MER21C	ETV2 (MA0762.2)	ACCGGAAR	ACMGGAARY	2.72	4.808	0.57	1.0	791	5.014	0.54	1.0	790	-1	neither
MER21C	ELK1::HOXA1 (MA1931.1)	CGGAAG	WYMGGAAGYHWKKW	2.4	4.241	0.57	1.0	792	3.634	0.66	1.0	696	-96	neither
MER21C	CEBPA (MA0102.5)	TTKCACAA	MTTKCAYAAK	6.37	11.43	0.56	1.0	793	13.509	0.47	1.0	822	29	neither
MER21C	MYOD1 (MA0499.3)	CASCTGT	VCASCTGTB	5.46	9.82	0.56	1.0	794	11.467	0.48	1.0	819	25	neither
MER21C	PRDM1 (MA0508.4)	CTTTCTC	CTTTCTC	5.03	9.055	0.56	1.0	795	12.414	0.4	1.0	856	61	neither
MER21C	GLIS2 (MA0736.1)	ACCCCCCRCRDHG	BRCCCCCYRSVWHS	4.94	8.808	0.56	1.0	796	3.403	1.45	1.1931523821002831e-08	264	-532	genomic only
MER21C	ZIC1 (MA0696.1)	CCCCCYGCTGYG	SMMMMCCYRYTGDK	3.97	7.081	0.56	1.0	797	4.278	0.93	1.0	450	-347	neither
MER21C	HOXB2::ELK1 (MA1957.1)	CGGAAGTMRT	DSMGGAAGTHRTYW	2.58	4.618	0.56	1.0	798	4.225	0.61	1.0	741	-57	neither
MER21C	Crx (MA0467.3)	GGATTA	GGATTA	10.82	19.77	0.55	1.0	799	25.401	0.43	1.0	836	37	neither
MER21C	GSC (MA0648.2)	TAAT	TAATCC	10.82	19.77	0.55	1.0	800	25.401	0.43	1.0	837	37	neither
MER21C	GSC2 (MA0891.2)	TAAT	TAATCC	10.82	19.77	0.55	1.0	801	25.401	0.43	1.0	838	37	neither
MER21C	OTX1 (MA0711.2)	TAATC	TAATCC	10.82	19.77	0.55	1.0	802	25.401	0.43	1.0	839	37	neither
MER21C	PITX1 (MA0682.3)	TAATCC	TAATCC	10.82	19.77	0.55	1.0	803	25.401	0.43	1.0	840	37	neither
MER21C	PITX3 (MA0714.2)	TAATCC	TAATCC	10.82	19.77	0.55	1.0	804	25.401	0.43	1.0	841	37	neither
MER21C	RHOXF1 (MA0719.2)	TRAKCC	TAATCC	10.82	19.77	0.55	1.0	805	25.401	0.43	1.0	842	37	neither
MER21C	Nr1h3::Rxra (MA0494.2)	TGMCCYVDRRTRRCC	TGWCYYDHRRTDMMMY	7.25	13.1	0.55	1.0	806	11.936	0.61	1.0	737	-69	neither
MER21C	Mecom (MA0029.2)	GAYAAGATAA	WGAYAAGAYAA	6.57	12.028	0.55	1.0	807	15.442	0.43	1.0	844	37	neither
MER21C	FOXO1::ELK3 (MA1955.2)	MAACAGGAA	RHMAACAGKAARY	5.47	9.949	0.55	1.0	808	12.042	0.45	1.0	831	23	neither
MER21C	ZNF354C (MA0130.1)	CCAC	ATCCAC	12.4	22.799	0.54	1.0	809	18.453	0.67	1.0	682	-127	neither
MER21C	Znf423 (MA0116.1)	SMMCCYWRGGKKKM	RSMMCCYWRGGKKBM	6.91	12.716	0.54	1.0	810	4.898	1.41	2.6953161142651353e-10	247	-563	genomic only
MER21C	ZNF680 (MA1729.2)	CMAAGAAGAMT	MMARGAARAMW	9.5	18.004	0.53	1.0	811	20.551	0.46	1.0	825	14	neither
MER21C	THRA (MA1969.2)	TGWCCTCABDTGACCT	SWSWCCYYMBDTSRCCYB	6.73	12.603	0.53	1.0	812	14.056	0.48	1.0	818	6	neither
MER21C	VENTX (MA0724.1)	CRATTA	AVCMATTAR	3.86	7.314	0.53	1.0	813	5.83	0.66	1.0	694	-119	neither
MER21C	ZIC5 (MA1584.2)	ACCCCCCGCYGHG	SMCCMCCYRYWGHBH	3.58	6.707	0.53	1.0	814	3.801	0.94	1.0	442	-372	neither
MER21C	TFAP2E (MA1569.2)	SCCYSRGGS	SCCYSRGGS	2.54	4.837	0.53	1.0	815	4.084	0.62	1.0	735	-80	neither
MER21C	CEBPB (MA0466.4)	TTGCGCAA	RTTRYRYAAY	0.89	1.703	0.53	1.0	816	2.106	0.42	1.0	848	32	neither
MER21C	Yy1 (MA0095.4)	AARATGG	BAARATGG	7.71	14.863	0.52	1.0	817	21.723	0.35	1.0	864	47	neither
MER21C	Rarb (MA0858.1)	AGGTCAHVYWRAGGTCA	AGKTSAHVBDRRSKTCA	6.39	12.353	0.52	1.0	818	6.914	0.92	1.0	470	-348	neither
MER21C	GATA4 (MA0482.3)	CTTATCT	CYTTATCT	6.21	11.883	0.52	1.0	819	11.147	0.56	1.0	772	-47	neither
MER21C	ZKSCAN3 (MA1973.2)	AGGCTAGCCC	SYVAGGYTASCCCM	4.94	9.481	0.52	1.0	820	6.466	0.76	1.0	611	-209	neither
MER21C	SOX14 (MA1562.2)	GAACAAT	YKAACAATK	4.51	8.646	0.52	1.0	821	7.506	0.6	1.0	747	-74	neither
MER21C	Isl1 (MA1608.2)	CCATTA	CCATTAG	3.58	6.919	0.52	1.0	822	3.642	0.98	1.0	420	-402	neither
MER21C	NR5A1 (MA1540.3)	TCAAGGYCA	RRBYCAAGGHCA	7.94	15.533	0.51	1.0	823	13.827	0.57	1.0	765	-58	neither
MER21C	RORA (MA0071.1)	AGGTCA	WWVDRGGTCA	7.3	14.233	0.51	1.0	824	9.327	0.78	1.0	593	-231	neither
MER21C	ZNF675 (MA1714.2)	GRGGMYARAAYG	RRDDHDRGRGGMMWRAAWG	6.76	13.187	0.51	1.0	825	12.72	0.53	1.0	794	-31	neither
MER21C	ETV5::FOXO1 (MA1947.2)	AACAGGA	RDAMACAGGW	6.6	12.823	0.51	1.0	826	12.271	0.54	1.0	787	-39	neither
MER21C	CEBPD (MA0836.3)	TTGCRCAA	TTKCACAA	5.38	10.554	0.51	1.0	827	9.498	0.57	1.0	768	-59	neither
MER21C	Dmbx1 (MA0883.2)	GGATTA	DWVRGGATTA	3.54	6.953	0.51	1.0	828	6.941	0.51	1.0	805	-23	neither
MER21C	NR3C1 (MA0113.4)	GWACAYDRTGTWC	RGDACAHDDTGTHCY	2.52	4.942	0.51	1.0	829	3.699	0.68	1.0	680	-149	neither
MER21C	VEZF1 (MA1578.2)	CCCCCC	CCCCCC	12.24	24.421	0.5	1.0	830	7.21	1.7	4.474516955380702e-38	142	-688	genomic only
MER21C	EBF3 (MA1637.2)	CCCMRGGG	CCCMRGGGW	7.98	15.83	0.5	1.0	831	8.236	0.97	1.0	424	-407	neither
MER21C	RORB (MA1150.2)	AWDKRGGTCA	AWDKRGGTCA	6.57	13.086	0.5	1.0	832	8.569	0.77	1.0	601	-231	neither
MER21C	FLI1::FOXI1 (MA1950.2)	ACAGGA	HAMACAGGAAR	6.53	12.979	0.5	1.0	833	14.546	0.45	1.0	830	-3	neither
MER21C	RARA (MA0730.1)	AGGTCAHBYWRAGGTCA	RGGKSAHBBDRRGKYCA	6.24	12.453	0.5	1.0	834	6.763	0.92	1.0	471	-363	neither
MER21C	Zfp335 (MA2002.2)	CAGGCA	TCAGGCA	4.24	8.477	0.5	1.0	835	6.507	0.65	1.0	705	-130	neither
MER21C	GATA5 (MA0766.3)	GATAA	WGATAASR	3.86	7.768	0.5	1.0	836	6.987	0.55	1.0	782	-54	neither
MER21C	ZSCAN31 (MA1722.2)	CATAAYTGCCCTGC	DYMTWAYWKCYCTGMDBY	2.95	5.928	0.5	1.0	837	5.627	0.52	1.0	798	-39	neither
MER21C	RORA (MA0072.2)	AWBTAGGTCA	WAWKTAGGTCA	6.01	12.253	0.49	1.0	838	9.099	0.66	1.0	691	-147	neither
MER21C	SOX13 (MA1120.2)	ACAATG	ACAATGG	3.99	8.22	0.49	1.0	839	6.343	0.63	1.0	721	-118	neither
MER21C	SOX2 (MA0143.5)	ACAATG	ACAATGG	3.99	8.22	0.49	1.0	840	6.343	0.63	1.0	722	-118	neither
MER21C	Sox3 (MA0514.3)	ACAATG	ACAATGG	3.99	8.22	0.49	1.0	841	6.343	0.63	1.0	723	-118	neither
MER21C	NR1I2 (MA1533.2)	GMMCYSVDYGMAC	KGMACTSHVTRMMCY	3.72	7.557	0.49	1.0	842	4.577	0.81	1.0	570	-272	neither
MER21C	TGIF2LX (MA1571.1)	GACASSTGTC	TGWCASMTGWCA	2.34	4.761	0.49	1.0	843	4.208	0.56	1.0	775	-68	neither
MER21C	SMAD3 (MA0795.1)	GTCTAGAC	WGTCTAGACA	2.25	4.627	0.49	1.0	844	3.287	0.69	1.0	667	-177	neither
MER21C	CEBPG (MA0838.1)	TTRCGCAA	MTTRCDCAAY	1.63	3.334	0.49	1.0	845	3.121	0.52	1.0	800	-45	neither
MER21C	OVOL2 (MA1545.2)	CCGTTA	ACCGTTA	0.29	0.582	0.49	1.0	846	0.461	0.62	1.0	736	-110	neither
MER21C	LIN54 (MA0619.2)	TTTRAA	TTTRAAT	8.03	16.673	0.48	1.0	847	26.306	0.31	1.0	870	23	neither
MER21C	TCF7 (MA0769.3)	CTTTGA	CTTTGAT	4.44	9.295	0.48	1.0	848	6.993	0.63	1.0	720	-128	neither
MER21C	ONECUT2 (MA0756.3)	GATCRATA	RRTCAATA	2.56	5.323	0.48	1.0	849	5.594	0.46	1.0	827	-22	neither
MER21C	TFAP2A (MA0872.1)	GCCCYBRGGGC	WSCCYBBVRGGSW	2.52	5.245	0.48	1.0	850	3.144	0.8	1.0	579	-271	neither
MER21C	ESRRA (MA0592.4)	CAAGGTCA	YMAAGGWCA	6.78	14.561	0.47	1.0	851	10.161	0.67	1.0	684	-167	neither
MER21C	Zic2 (MA1629.2)	CWCAGCAGG	MWCAGCAGG	5.17	10.892	0.47	1.0	852	10.764	0.48	1.0	820	-32	neither
MER21C	Nkx2-1 (MA1994.2)	CACTTGA	CACTTGA	4.22	9.005	0.47	1.0	853	9.662	0.44	1.0	833	-20	neither
MER21C	E2F7 (MA0758.1)	TTTCCCGCCAAAW	WWTTCCCVCCAAWW	3.08	6.56	0.47	1.0	854	6.051	0.51	1.0	806	-48	neither
MER21C	ETV5::HOXA2 (MA1948.2)	GGAWGTMRTYA	VGGAWGTVMTYA	2.86	6.036	0.47	1.0	855	5.755	0.5	1.0	813	-42	neither
MER21C	ESRRB (MA0141.4)	CAAGGTCA	YSAAGGTCAW	6.24	13.644	0.46	1.0	856	9.321	0.67	1.0	685	-171	neither
MER21C	MYF6 (MA0667.1)	AACARCTGTY	RACARBTGTY	3.81	8.298	0.46	1.0	857	7.014	0.54	1.0	789	-68	neither
MER21C	Nkx3-1 (MA0124.3)	CACTTA	CCACTTA	3.27	7.071	0.46	1.0	858	5.02	0.65	1.0	706	-152	neither
MER21C	Lef1 (MA0768.3)	CTTTGAT	HCTTTGAT	6.69	14.788	0.45	1.0	859	11.25	0.59	1.0	753	-106	neither
MER21C	NR2F2 (MA1111.2)	AAGGTCA	AAGGTCA	4.33	9.601	0.45	1.0	860	7.007	0.62	1.0	732	-128	neither
MER21C	Ppara (MA2338.1)	AAGGTC	AAGGTCA	4.33	9.601	0.45	1.0	861	7.007	0.62	1.0	733	-128	neither
MER21C	GATA1 (MA0035.5)	CTWATCT	CTAATCT	3.02	6.761	0.45	1.0	862	4.701	0.64	1.0	712	-150	neither
MER21C	SOX15 (MA1152.2)	TTGT	CTATTGT	2.54	5.592	0.45	1.0	863	5.903	0.43	1.0	845	-18	neither
MER21C	HOXA9 (MA0594.3)	CRTWA	GTCGTAA	0.21	0.473	0.45	1.0	864	0.336	0.64	1.0	714	-150	neither
MER21C	MEIS2 (MA0774.1)	TGACAG	WTGACAGS	4.92	11.059	0.44	1.0	865	7.924	0.62	1.0	731	-134	neither
MER21C	ZIC4 (MA0751.2)	CCMCCYGYDG	KMCCMCCYRYWGDK	3.11	7.12	0.44	1.0	866	3.85	0.81	1.0	571	-295	neither
MER21C	TFAP2C (MA0815.1)	GCCCYBRGGGC	WSCCYYBVRGGSW	2.11	4.841	0.44	1.0	867	2.958	0.71	1.0	648	-219	neither
MER21C	MYBL2 (MA0777.1)	CCGTTWAAC	RDMMGTTWAWCYKYH	0.89	2.045	0.44	1.0	868	1.581	0.57	1.0	770	-98	neither
MER21C	RELB (MA1117.2)	ATTCCCC	ATTCCCC	4.06	9.372	0.43	1.0	869	4.381	0.93	1.0	449	-420	neither
MER21C	TFAP2B (MA0813.1)	GCCCYBRRGGC	WSCCYYBVRGGSW	2.43	5.974	0.41	1.0	870	3.491	0.7	1.0	657	-213	neither
MER21C	SMAD5 (MA1557.1)	GTCTAGAC	WGKCTAGMCW	1.22	2.945	0.41	1.0	871	1.979	0.61	1.0	742	-129	neither
MER21C	Zic1::Zic2 (MA1628.2)	CAGCAGG	CAGCAGG	3.11	7.842	0.4	1.0	872	7.625	0.41	1.0	853	-19	neither
MER21C	Zic3 (MA0697.3)	CAGCAGG	CAGCAGG	3.11	7.842	0.4	1.0	873	7.625	0.41	1.0	854	-19	neither
MER21C	MYBL1 (MA0776.1)	CGTTAAC	RMMGTTAACBBY	0.77	2.046	0.38	1.0	874	1.528	0.5	1.0	814	-60	neither
MER21C	Nr5A2 (MA0505.3)	GRCCTTGA	WGWCCTTGR	5.44	15.199	0.36	1.0	875	9.566	0.57	1.0	767	-108	neither
MER21C	DPRX (MA1480.2)	TMATC	WGMTMATCY	3.11	8.909	0.35	1.0	876	6.398	0.49	1.0	816	-60	neither
MER21C	TP53 (MA0106.3)	CATGYCYRGRCATGT	DRCWWGYYHDRRCWWGYH	1.48	4.605	0.32	1.0	877	4.613	0.32	1.0	869	-8	neither
MER21C	GATA2 (MA0036.4)	TTATC	CTTATCT	1.82	6.602	0.28	1.0	878	6.106	0.3	1.0	872	-6	neither
MER21C	MEIS3 (MA0775.2)	TGACA	TTGACAG	2.27	8.98	0.25	1.0	879	5.31	0.43	1.0	846	-33	neither
